student_id,full_name,gender,major,overall_average_score,overall_attendance_percentage,course_count,failed_courses,risk_low_score,risk_low_attendance,risk_failed_courses,risk_reasons
4490,Supun Ekanayake,Male,Physics,58.97,53.67,16,0,true,true,false,Low average score; Low attendance
6825,Tharushi Rajapaksha,Female,Biology,60.38,55.59,21,0,false,true,false,Low attendance
9437,Tharindu Ranatunga,Male,Mathematics,60.82,53.42,16,0,false,true,false,Low attendance
4782,Rashmi Madushanka,Female,Biology,60.91,54.81,19,0,false,true,false,Low attendance
5233,Kasun Senanayake,Male,Computer Science,60.95,54.27,24,0,false,true,false,Low attendance
5323,Piumi Peiris,Female,Biology,61.01,53.21,21,0,false,true,false,Low attendance
7796,Madhavi Peiris,Female,Computer Science,61.54,48.73,20,0,false,true,false,Low attendance
8653,Rashmi Ekanayake,Female,Computer Science,61.64,51.35,18,0,false,true,false,Low attendance
8891,Madhavi Ranatunga,Female,Physics,61.68,61.99,18,0,false,true,false,Low attendance
5637,Dinithi Peiris,Female,Physics,61.76,55.44,20,0,false,true,false,Low attendance
3177,Nadeesha Fernando,Female,Computer Science,61.79,52.23,23,0,false,true,false,Low attendance
8946,Shehan Gunawardena,Male,Physics,61.85,57.4,16,0,false,true,false,Low attendance
8086,Lahiru Rajapaksha,Male,Physics,61.87,48.03,21,1,false,true,false,Low attendance
8438,Supun Ekanayake,Male,Computer Science,62.0,51.59,19,0,false,true,false,Low attendance
3854,Kavindi Gunawardena,Female,Physics,62.0,57.7,19,0,false,true,false,Low attendance
4125,Kavindi Gunawardena,Female,Physics,62.1,57.6,23,0,false,true,false,Low attendance
6607,Naveen Ranatunga,Male,Computer Science,62.17,50.28,19,0,false,true,false,Low attendance
10465,Madhavi Silva,Female,Biology,62.18,52.88,18,0,false,true,false,Low attendance
6491,Sashini Fernando,Female,Physics,62.29,52.0,24,0,false,true,false,Low attendance
6826,Shehan Abeysekera,Male,Computer Science,62.3,56.45,20,0,false,true,false,Low attendance
6209,Nethmi Madushanka,Female,Biology,62.4,61.04,22,0,false,true,false,Low attendance
5613,Amal Abeysekera,Male,Biology,62.42,49.93,18,0,false,true,false,Low attendance
5815,Rashmi Senanayake,Female,Computer Science,62.48,54.15,19,0,false,true,false,Low attendance
6554,Ravindu Senanayake,Male,Mathematics,62.49,47.66,22,0,false,true,false,Low attendance
5285,Naveen Herath,Male,Computer Science,62.55,50.39,21,0,false,true,false,Low attendance
5771,Kasun Wijesinghe,Male,Computer Science,62.6,50.72,27,0,false,true,false,Low attendance
8114,Nadeesha Jayasinghe,Female,,62.62,54.95,28,0,false,true,false,Low attendance
3929,Kavindi Wijesinghe,Female,Mathematics,62.64,55.85,18,0,false,true,false,Low attendance
8006,Ishani Silva,Female,Mathematics,62.66,50.25,19,0,false,true,false,Low attendance
3840,Kavindi Ranatunga,Female,Mathematics,62.67,54.02,19,0,false,true,false,Low attendance
4393,Amal Herath,Male,Physics,62.71,57.18,20,0,false,true,false,Low attendance
7966,Ishani Senanayake,Female,Biology,62.86,55.07,22,0,false,true,false,Low attendance
5172,Ishani Herath,Female,Mathematics,62.87,50.16,23,0,false,true,false,Low attendance
8556,Piumi Herath,Female,Mathematics,62.91,53.58,17,0,false,true,false,Low attendance
7963,Tharushi Abeysekera,Female,Computer Science,62.93,55.15,20,0,false,true,false,Low attendance
3166,Dinithi Peiris,Female,Biology,62.94,57.83,24,0,false,true,false,Low attendance
10750,Ishara Peiris,Male,Computer Science,62.96,60.14,21,0,false,true,false,Low attendance
10071,Nimal Rajapaksha,Male,Physics,63.0,51.74,17,0,false,true,false,Low attendance
6183,Hiruni Fernando,Female,Computer Science,63.03,52.84,19,0,false,true,false,Low attendance
4124,Piumi Perera,Female,Computer Science,63.11,53.96,20,0,false,true,false,Low attendance
8977,Hiruni Gunawardena,Female,Computer Science,63.18,49.27,20,0,false,true,false,Low attendance
7672,Sachini Wijesinghe,Female,Mathematics,63.22,55.76,17,0,false,true,false,Low attendance
10279,Lahiru Senanayake,Male,Physics,63.22,61.23,22,0,false,true,false,Low attendance
10847,Sahan Ekanayake,Male,Biology,63.24,54.45,19,0,false,true,false,Low attendance
9586,Amal Silva,Male,Mathematics,63.27,55.99,18,0,false,true,false,Low attendance
4655,Nethmi Dias,Female,Physics,63.38,57.71,23,0,false,true,false,Low attendance
10520,Kasun Gunawardena,Male,Mathematics,63.39,50.22,20,0,false,true,false,Low attendance
5082,Sashini Senanayake,Female,Mathematics,63.41,56.59,18,0,false,true,false,Low attendance
5675,Shehan Ekanayake,Male,Biology,63.44,52.45,20,0,false,true,false,Low attendance
9348,Madhavi Rajapaksha,Female,Biology,63.52,55.32,19,0,false,true,false,Low attendance
4362,Hiruni Abeysekera,Female,Physics,63.6,58.05,19,0,false,true,false,Low attendance
3844,Dilini Perera,Female,Physics,63.63,51.18,23,0,false,true,false,Low attendance
9423,Nethmi Abeysekera,Female,Biology,63.64,55.38,19,0,false,true,false,Low attendance
4863,Piumi Madushanka,Female,Computer Science,63.65,59.93,23,0,false,true,false,Low attendance
10052,Kasun Perera,Male,Biology,63.74,52.01,22,0,false,true,false,Low attendance
8407,Hiruni Wijesinghe,Female,Computer Science,63.74,54.38,22,0,false,true,false,Low attendance
10539,Sachini Herath,Female,Physics,63.78,43.75,20,0,false,true,false,Low attendance
3873,Sahan Rajapaksha,Male,Physics,63.79,58.58,20,0,false,true,false,Low attendance
9827,Nethmi Senanayake,Female,Mathematics,63.82,58.92,17,0,false,true,false,Low attendance
8561,Shehan Silva,Male,Physics,63.83,57.41,21,0,false,true,false,Low attendance
7656,Dinithi Madushanka,Female,Physics,63.87,53.42,22,0,false,true,false,Low attendance
10949,Nadeesha Abeysekera,Female,Biology,63.91,53.92,22,0,false,true,false,Low attendance
7196,Nadeesha Dias,Female,Physics,63.94,49.64,22,0,false,true,false,Low attendance
8513,Chamara Jayasinghe,Male,Mathematics,63.94,52.03,17,0,false,true,false,Low attendance
10492,Naveen Fernando,Male,Biology,64.06,57.15,20,0,false,true,false,Low attendance
3723,Piumi Jayasinghe,Female,Mathematics,64.09,52.04,20,0,false,true,false,Low attendance
9772,Tharindu Dias,Male,Physics,64.09,52.43,21,0,false,true,false,Low attendance
6844,Kavindi Peiris,Female,Physics,64.1,53.46,18,0,false,true,false,Low attendance
4679,Dilan Peiris,Male,Mathematics,64.11,46.99,16,0,false,true,false,Low attendance
7025,Rashmi Madushanka,Female,Mathematics,64.16,57.06,17,0,false,true,false,Low attendance
5729,Sahan Abeysekera,Male,Computer Science,64.18,53.01,22,0,false,true,false,Low attendance
6126,Piumi Ranatunga,Female,Computer Science,64.19,57.38,25,0,false,true,false,Low attendance
10904,Amandi Senanayake,Female,Computer Science,64.21,51.32,23,0,false,true,false,Low attendance
4416,Lahiru Dias,Male,Computer Science,64.25,51.95,21,0,false,true,false,Low attendance
3970,Madhavi Herath,Female,Biology,64.25,52.41,23,0,false,true,false,Low attendance
9759,Kasun Ekanayake,Male,Mathematics,64.29,47.41,21,0,false,true,false,Low attendance
9501,Ayesh Silva,Male,Biology,64.3,55.33,23,0,false,true,false,Low attendance
5027,Piumi Fernando,Female,Biology,64.34,53.32,23,0,false,true,false,Low attendance
10667,Sahan Perera,Male,Biology,64.35,48.28,22,0,false,true,false,Low attendance
10804,Madhavi Perera,Female,Mathematics,64.35,51.8,22,0,false,true,false,Low attendance
4190,Madhavi Ranatunga,Female,Biology,64.38,49.44,24,0,false,true,false,Low attendance
5250,Kavindi Peiris,Female,Mathematics,64.38,55.96,20,0,false,true,false,Low attendance
9111,Hiruni Peiris,Female,Computer Science,64.4,59.14,19,0,false,true,false,Low attendance
5989,Shehan Senanayake,Male,Biology,64.41,61.47,19,0,false,true,false,Low attendance
9977,Amandi Peiris,Female,Mathematics,64.42,52.39,20,0,false,true,false,Low attendance
8452,Chamara Herath,Male,Mathematics,64.43,51.16,22,0,false,true,false,Low attendance
5398,Kavindi Ranatunga,Female,Computer Science,64.43,54.59,22,0,false,true,false,Low attendance
7185,Naveen Fernando,Male,Physics,64.43,58.74,20,0,false,true,false,Low attendance
9964,Tharushi Peiris,Female,Mathematics,64.48,50.27,20,0,false,true,false,Low attendance
7780,Ravindu Silva,Male,Mathematics,64.48,51.21,20,0,false,true,false,Low attendance
4380,Ravindu Dias,Male,Computer Science,64.48,56.26,24,0,false,true,false,Low attendance
9395,Amandi Madushanka,Female,Biology,64.49,50.96,22,0,false,true,false,Low attendance
10196,Dinithi Herath,Female,Mathematics,64.49,57.87,20,0,false,true,false,Low attendance
3682,Rashmi Senanayake,Female,Computer Science,64.51,53.07,20,0,false,true,false,Low attendance
10972,Naveen Gunawardena,Male,Biology,64.56,54.52,22,0,false,true,false,Low attendance
8887,Ishara Jayasinghe,Male,Computer Science,64.62,54.5,19,0,false,true,false,Low attendance
10916,Madhavi Fernando,Female,Physics,64.66,51.65,18,0,false,true,false,Low attendance
9573,Sachini Peiris,Female,Physics,64.67,52.58,23,0,false,true,false,Low attendance
7775,Kavindi Ranatunga,Female,Physics,64.68,52.43,16,0,false,true,false,Low attendance
9143,Dilan Senanayake,Male,Computer Science,64.69,50.89,19,0,false,true,false,Low attendance
6483,Shehan Silva,Male,Computer Science,64.69,54.03,24,0,false,true,false,Low attendance
6947,Madhavi Abeysekera,Female,Computer Science,64.75,51.08,24,0,false,true,false,Low attendance
10228,Amandi Abeysekera,Female,Physics,64.82,60.37,21,0,false,true,false,Low attendance
10503,Kavindi Rajapaksha,Female,Physics,64.83,50.78,22,1,false,true,false,Low attendance
5993,Nadeesha Ekanayake,Female,Physics,64.83,57.35,18,0,false,true,false,Low attendance
4638,Ishara Dias,Male,Mathematics,64.84,53.71,22,0,false,true,false,Low attendance
5396,Hiruni Senanayake,Female,Biology,64.89,49.41,23,0,false,true,false,Low attendance
5506,Hiruni Wijesinghe,Female,Mathematics,64.89,60.09,23,0,false,true,false,Low attendance
3131,Dinithi Peiris,Female,Biology,64.99,54.46,23,0,false,true,false,Low attendance
4709,Chamara Ranatunga,Male,Physics,65.01,53.74,25,0,false,true,false,Low attendance
4099,Nadeesha Silva,Female,Computer Science,65.08,56.57,24,0,false,true,false,Low attendance
8536,Shehan Dias,Male,Biology,65.11,56.99,19,0,false,true,false,Low attendance
4015,Tharindu Gunawardena,Male,Biology,65.12,51.24,21,0,false,true,false,Low attendance
9216,Amal Silva,Male,Computer Science,65.16,53.43,24,0,false,true,false,Low attendance
7514,Sachini Silva,Female,Computer Science,65.17,52.83,20,0,false,true,false,Low attendance
3531,Amandi Silva,Female,Physics,65.18,52.55,20,0,false,true,false,Low attendance
7099,Sashini Rajapaksha,Female,Physics,65.18,55.11,22,0,false,true,false,Low attendance
3330,Ravindu Silva,Male,Computer Science,65.18,56.72,22,0,false,true,false,Low attendance
8520,Dilan Madushanka,Male,Physics,65.21,54.71,25,0,false,true,false,Low attendance
10415,Madhavi Peiris,Female,Biology,65.24,47.07,23,0,false,true,false,Low attendance
9951,Sahan Madushanka,Male,Computer Science,65.24,49.35,20,0,false,true,false,Low attendance
7717,Ravindu Ranatunga,Male,Physics,65.25,51.03,20,0,false,true,false,Low attendance
7323,Tharindu Rajapaksha,Male,Mathematics,65.26,48.21,22,0,false,true,false,Low attendance
6923,Kusal Herath,Male,Biology,65.27,50.81,19,0,false,true,false,Low attendance
10797,Chamara Wijesinghe,Male,Biology,65.28,57.59,23,0,false,true,false,Low attendance
4715,Ayesh Abeysekera,Male,Physics,65.3,48.74,22,1,false,true,false,Low attendance
5921,Sachini Ranatunga,Female,Mathematics,65.3,64.04,17,0,false,true,false,Low attendance
6804,Sachini Herath,Female,Mathematics,65.31,53.55,16,0,false,true,false,Low attendance
9209,Ishara Madushanka,Male,Mathematics,65.31,55.57,23,1,false,true,false,Low attendance
3752,Kavindi Wijesinghe,Female,Mathematics,65.33,56.75,18,0,false,true,false,Low attendance
5304,Naveen Dias,Male,Biology,65.35,47.62,22,0,false,true,false,Low attendance
3168,Dilan Herath,Male,Computer Science,65.35,64.35,18,0,false,true,false,Low attendance
7093,Sanduni Jayasinghe,Female,Computer Science,65.36,62.64,20,0,false,true,false,Low attendance
4043,Kusal Perera,Male,Biology,65.37,48.72,22,0,false,true,false,Low attendance
10306,Amal Ranatunga,Male,Physics,65.41,60.43,21,0,false,true,false,Low attendance
10361,Chamara Silva,Male,Computer Science,65.43,54.82,21,0,false,true,false,Low attendance
8975,Hiruni Madushanka,Female,Biology,65.44,49.32,26,0,false,true,false,Low attendance
4041,Lahiru Herath,Male,Mathematics,65.44,57.62,17,0,false,true,false,Low attendance
4794,Sachini Dias,Female,Physics,65.45,57.11,21,0,false,true,false,Low attendance
8631,Ishara Rajapaksha,Male,Biology,65.46,52.45,21,0,false,true,false,Low attendance
8445,Ishani Perera,Female,Biology,65.5,54.04,17,0,false,true,false,Low attendance
10147,Lahiru Fernando,Male,Computer Science,65.51,46.63,18,0,false,true,false,Low attendance
10475,Piumi Wijesinghe,Female,Mathematics,65.53,57.87,18,0,false,true,false,Low attendance
9817,Sachini Silva,Female,Computer Science,65.56,55.43,25,0,false,true,false,Low attendance
10646,Sashini Rajapaksha,Female,Mathematics,65.6,53.1,15,0,false,true,false,Low attendance
7081,Ishani Peiris,Female,Computer Science,65.62,56.01,22,0,false,true,false,Low attendance
8028,Shehan Peiris,Male,Computer Science,65.63,53.21,21,0,false,true,false,Low attendance
5098,Amandi Dias,Female,Physics,65.63,54.95,18,0,false,true,false,Low attendance
3292,Amal Abeysekera,Male,Biology,65.66,57.86,19,0,false,true,false,Low attendance
1879,Russell Adams,Male,Mathematics,65.66,61.93,19,1,false,true,false,Low attendance
3191,Sachini Ekanayake,Female,Computer Science,65.68,54.3,24,0,false,true,false,Low attendance
8940,Amal Gunawardena,Male,Physics,65.74,54.58,25,0,false,true,false,Low attendance
3419,Dilini Wijesinghe,Female,Physics,65.74,55.88,20,0,false,true,false,Low attendance
9400,Ayesh Perera,Male,Computer Science,65.78,51.4,19,0,false,true,false,Low attendance
6303,Amandi Jayasinghe,Female,Computer Science,65.79,53.79,19,0,false,true,false,Low attendance
9015,Nimal Gunawardena,Male,Mathematics,65.79,60.31,18,0,false,true,false,Low attendance
5558,Ayesh Senanayake,Male,Computer Science,65.8,52.65,22,0,false,true,false,Low attendance
9470,Kusal Peiris,Male,Biology,65.81,53.54,21,0,false,true,false,Low attendance
8340,Sachini Senanayake,Female,Computer Science,65.81,60.01,22,1,false,true,false,Low attendance
7359,Naveen Senanayake,Male,Biology,65.83,56.11,23,0,false,true,false,Low attendance
5761,Sachini Jayasinghe,Female,Mathematics,65.84,52.79,19,0,false,true,false,Low attendance
5624,Shehan Herath,Male,Biology,65.85,57.5,21,0,false,true,false,Low attendance
7885,Nadeesha Madushanka,Female,Mathematics,65.86,53.31,22,0,false,true,false,Low attendance
9889,Ishani Madushanka,Female,Biology,65.87,55.8,17,0,false,true,false,Low attendance
8934,Kasun Silva,Male,Biology,65.87,60.3,24,0,false,true,false,Low attendance
10917,Lahiru Perera,Male,Physics,65.89,50.99,17,0,false,true,false,Low attendance
7327,Ravindu Silva,Male,Physics,65.94,61.32,18,0,false,true,false,Low attendance
3044,Ishani Wijesinghe,Female,Biology,65.95,54.61,20,0,false,true,false,Low attendance
9213,Ishani Ekanayake,Female,Biology,65.97,50.1,18,0,false,true,false,Low attendance
5106,Sahan Herath,Male,Computer Science,65.97,56.08,20,0,false,true,false,Low attendance
5643,Kusal Ranatunga,Male,Mathematics,65.99,61.34,19,0,false,true,false,Low attendance
10496,Dinithi Rajapaksha,Female,Physics,66.0,63.02,21,0,false,true,false,Low attendance
8138,Amal Wijesinghe,Male,Physics,66.01,52.21,19,0,false,true,false,Low attendance
6840,Nethmi Perera,Female,Biology,66.02,52.51,21,0,false,true,false,Low attendance
6218,Hiruni Rajapaksha,Female,Mathematics,66.02,60.62,21,0,false,true,false,Low attendance
10201,Dilini Jayasinghe,Female,Mathematics,66.03,55.6,18,0,false,true,false,Low attendance
5733,Nimal Jayasinghe,Male,Mathematics,66.03,60.41,19,0,false,true,false,Low attendance
2775,Rachel Sims,Male,Mathematics,66.05,52.99,20,0,false,true,false,Low attendance
9869,Ishani Peiris,Female,Biology,66.05,55.72,20,0,false,true,false,Low attendance
8904,Dilan Madushanka,Male,Biology,66.06,51.7,23,0,false,true,false,Low attendance
4436,Kavindi Silva,Female,Physics,66.07,55.76,20,0,false,true,false,Low attendance
4286,Sahan Ranatunga,Male,Mathematics,66.14,54.8,18,0,false,true,false,Low attendance
4108,Kasun Wijesinghe,Male,Computer Science,66.17,50.76,22,0,false,true,false,Low attendance
10190,Madhavi Rajapaksha,Female,Computer Science,66.19,53.48,20,0,false,true,false,Low attendance
8880,Amandi Gunawardena,Female,Computer Science,66.2,57.02,20,0,false,true,false,Low attendance
7458,Nadeesha Herath,Female,Physics,66.24,56.11,21,0,false,true,false,Low attendance
5984,Ayesh Ranatunga,Male,Mathematics,66.25,50.51,18,0,false,true,false,Low attendance
4309,Naveen Abeysekera,Male,Physics,66.29,59.78,21,0,false,true,false,Low attendance
1275,Keith Holland,Male,Biology,66.3,57.86,21,0,false,true,false,Low attendance
8516,Dilan Gunawardena,Male,Biology,66.31,56.68,23,0,false,true,false,Low attendance
7992,Shehan Herath,Male,Computer Science,66.32,61.9,22,0,false,true,false,Low attendance
5872,Hiruni Silva,Female,Physics,66.33,54.21,21,0,false,true,false,Low attendance
4757,Kasun Rajapaksha,Male,Physics,66.37,61.31,18,0,false,true,false,Low attendance
6317,Hiruni Silva,Female,Physics,66.38,56.06,20,0,false,true,false,Low attendance
8208,Lahiru Silva,Male,Computer Science,66.38,59.59,19,0,false,true,false,Low attendance
5275,Amandi Ekanayake,Female,Computer Science,66.41,50.3,23,0,false,true,false,Low attendance
10806,Piumi Senanayake,Female,Physics,66.41,57.95,18,0,false,true,false,Low attendance
3238,Nimal Dias,Male,Biology,66.41,58.07,23,0,false,true,false,Low attendance
9684,Kavindi Dias,Female,Computer Science,66.41,59.5,17,0,false,true,false,Low attendance
10999,Tharushi Ranatunga,Female,Physics,66.42,49.13,19,0,false,true,false,Low attendance
1499,Cassidy Johnson,Male,Computer Science,66.44,56.06,22,0,false,true,false,Low attendance
5286,Sashini Madushanka,Female,Computer Science,66.45,52.62,17,0,false,true,false,Low attendance
6925,Amandi Wijesinghe,Female,Physics,66.45,52.81,21,0,false,true,false,Low attendance
7298,Dinithi Peiris,Female,Biology,66.47,56.09,23,0,false,true,false,Low attendance
8261,Dilan Wijesinghe,Male,Biology,66.49,61.74,18,0,false,true,false,Low attendance
6258,Rashmi Senanayake,Female,Mathematics,66.51,50.66,18,0,false,true,false,Low attendance
6038,Chamara Perera,Male,Physics,66.51,51.68,17,0,false,true,false,Low attendance
3558,Madhavi Madushanka,Female,Physics,66.51,58.64,22,0,false,true,false,Low attendance
7548,Shehan Ekanayake,Male,Biology,66.56,56.04,20,0,false,true,false,Low attendance
6955,Dilan Madushanka,Male,Computer Science,66.57,51.36,22,0,false,true,false,Low attendance
7555,Sashini Wijesinghe,Female,Physics,66.58,54.34,21,0,false,true,false,Low attendance
4370,Dinithi Rajapaksha,Female,Biology,66.62,50.76,21,0,false,true,false,Low attendance
9704,Sahan Rajapaksha,Male,Biology,66.63,52.01,22,0,false,true,false,Low attendance
10554,Sashini Senanayake,Female,Biology,66.65,58.08,25,0,false,true,false,Low attendance
7840,Dinithi Wijesinghe,Female,Biology,66.66,49.94,23,0,false,true,false,Low attendance
7114,Sashini Jayasinghe,Female,Computer Science,66.67,57.41,16,0,false,true,false,Low attendance
10432,Sashini Perera,Female,Mathematics,66.69,48.88,18,0,false,true,false,Low attendance
3546,Dinithi Dias,Female,Biology,66.69,60.72,21,0,false,true,false,Low attendance
4166,Sashini Jayasinghe,Female,Physics,66.7,47.39,18,0,false,true,false,Low attendance
3886,Supun Herath,Male,Mathematics,66.71,47.08,17,0,false,true,false,Low attendance
5718,Amal Wijesinghe,Male,Physics,66.73,60.11,17,0,false,true,false,Low attendance
4502,Dilan Gunawardena,Male,Biology,66.76,48.12,17,0,false,true,false,Low attendance
8949,Sanduni Herath,Female,Biology,66.76,56.94,25,0,false,true,false,Low attendance
6655,Amandi Senanayake,Female,Computer Science,66.78,50.79,21,0,false,true,false,Low attendance
7708,Naveen Silva,Male,Biology,66.79,52.12,18,0,false,true,false,Low attendance
4998,Amal Madushanka,Male,Mathematics,66.79,58.36,24,0,false,true,false,Low attendance
5525,Ravindu Rajapaksha,Male,Mathematics,66.81,58.54,18,0,false,true,false,Low attendance
4649,Piumi Rajapaksha,Female,Physics,66.83,50.45,21,1,false,true,false,Low attendance
10963,Dilini Rajapaksha,Female,Mathematics,66.85,57.92,17,0,false,true,false,Low attendance
7801,Sachini Rajapaksha,Female,Computer Science,66.86,53.22,18,0,false,true,false,Low attendance
9519,Amandi Gunawardena,Female,Biology,66.86,60.95,20,0,false,true,false,Low attendance
9249,Amal Gunawardena,Male,Physics,66.88,57.29,20,0,false,true,false,Low attendance
3719,Ishara Gunawardena,Male,Biology,66.93,50.89,19,0,false,true,false,Low attendance
7589,Chamara Madushanka,Male,Physics,66.95,50.37,19,0,false,true,false,Low attendance
9471,Naveen Perera,Male,Computer Science,66.96,57.2,22,0,false,true,false,Low attendance
9871,Naveen Dias,Male,Physics,66.96,57.87,25,0,false,true,false,Low attendance
4042,Tharushi Rajapaksha,Female,Computer Science,66.98,53.47,21,0,false,true,false,Low attendance
6474,Naveen Abeysekera,Male,Physics,66.99,50.96,19,0,false,true,false,Low attendance
8200,Tharindu Madushanka,Male,Physics,66.99,53.99,23,0,false,true,false,Low attendance
5376,Tharindu Herath,Male,Biology,66.99,58.18,23,0,false,true,false,Low attendance
9212,Nimal Wijesinghe,Male,Mathematics,67.0,52.16,18,0,false,true,false,Low attendance
9168,Ishani Dias,Female,Mathematics,67.01,52.12,16,0,false,true,false,Low attendance
10155,Supun Gunawardena,Male,Mathematics,67.03,50.55,15,0,false,true,false,Low attendance
8286,Nimal Ranatunga,Male,Physics,67.08,56.05,19,0,false,true,false,Low attendance
4658,Lahiru Jayasinghe,Male,Physics,67.09,58.35,22,0,false,true,false,Low attendance
3691,Shehan Wijesinghe,Male,Computer Science,67.1,48.54,21,0,false,true,false,Low attendance
9155,Dinithi Ranatunga,Female,Biology,67.1,57.12,21,0,false,true,false,Low attendance
10519,Nethmi Wijesinghe,Female,,67.1,58.46,23,0,false,true,false,Low attendance
1370,Mary Cherry,Female,Biology,67.14,59.5,26,0,false,true,false,Low attendance
1314,Barbara Anderson,Female,Mathematics,67.15,54.59,17,0,false,true,false,Low attendance
6348,Tharindu Fernando,Male,Physics,67.16,58.35,21,0,false,true,false,Low attendance
9561,Sashini Perera,Female,Physics,67.17,45.76,18,0,false,true,false,Low attendance
8552,Hiruni Silva,Female,Computer Science,67.17,51.1,24,0,false,true,false,Low attendance
9653,Nadeesha Abeysekera,Female,Physics,67.17,53.48,22,0,false,true,false,Low attendance
4163,Sachini Wijesinghe,Female,Physics,67.18,56.24,19,0,false,true,false,Low attendance
6467,Ayesh Ekanayake,Male,Mathematics,67.2,55.8,19,0,false,true,false,Low attendance
2104,Erika Smith,Male,Computer Science,67.2,58.1,26,0,false,true,false,Low attendance
10377,Dinithi Senanayake,Female,Mathematics,67.21,58.73,21,0,false,true,false,Low attendance
10015,Supun Ekanayake,Male,Biology,67.21,59.25,21,0,false,true,false,Low attendance
3511,Nimal Gunawardena,Male,Computer Science,67.23,54.6,25,0,false,true,false,Low attendance
1507,Angela Parker,Male,Mathematics,67.23,62.06,19,0,false,true,false,Low attendance
5747,Dinithi Wijesinghe,Female,Mathematics,67.24,56.09,16,0,false,true,false,Low attendance
5103,Nethmi Rajapaksha,Female,Computer Science,67.26,51.95,21,0,false,true,false,Low attendance
3421,Sashini Jayasinghe,Female,Mathematics,67.26,59.29,19,0,false,true,false,Low attendance
9000,Kusal Abeysekera,Male,Physics,67.28,53.03,22,0,false,true,false,Low attendance
5642,Supun Ekanayake,Male,Biology,67.29,52.44,22,0,false,true,false,Low attendance
1001,Laura Proctor,Female,Physics,67.3,56.55,17,0,false,true,false,Low attendance
3240,Supun Abeysekera,Male,Physics,67.32,55.54,21,0,false,true,false,Low attendance
7575,Hiruni Peiris,Female,Computer Science,67.32,55.58,16,0,false,true,false,Low attendance
4821,Nadeesha Ekanayake,Female,Computer Science,67.32,57.02,18,0,false,true,false,Low attendance
5614,Sahan Rajapaksha,Male,Biology,67.32,57.42,16,0,false,true,false,Low attendance
5666,Madhavi Perera,Female,Mathematics,67.33,47.34,17,0,false,true,false,Low attendance
10704,Sashini Wijesinghe,Female,Computer Science,67.33,48.53,18,0,false,true,false,Low attendance
9973,Tharindu Rajapaksha,Male,Biology,67.33,61.04,21,0,false,true,false,Low attendance
8573,Supun Rajapaksha,Male,Biology,67.34,53.22,21,0,false,true,false,Low attendance
8193,Lahiru Perera,Male,Mathematics,67.35,59.47,17,0,false,true,false,Low attendance
8730,Amal Perera,Male,Mathematics,67.39,46.27,19,0,false,true,false,Low attendance
3965,Amandi Ranatunga,Female,Mathematics,67.41,52.17,18,0,false,true,false,Low attendance
1624,Julia Valenzuela,Female,Physics,67.42,52.63,22,0,false,true,false,Low attendance
5517,Madhavi Dias,Female,Physics,67.44,60.46,20,0,false,true,false,Low attendance
6050,Madhavi Madushanka,Female,Computer Science,67.47,54.75,18,0,false,true,false,Low attendance
5721,Dinithi Jayasinghe,Female,Biology,67.48,55.03,22,0,false,true,false,Low attendance
7132,Ravindu Wijesinghe,Male,Physics,67.5,52.69,16,0,false,true,false,Low attendance
3990,Naveen Silva,Male,Biology,67.5,55.67,26,0,false,true,false,Low attendance
7435,Rashmi Dias,Female,Physics,67.5,58.31,19,0,false,true,false,Low attendance
4699,Piumi Rajapaksha,Female,Computer Science,67.51,56.43,23,0,false,true,false,Low attendance
5379,Piumi Peiris,Female,Biology,67.52,56.61,21,0,false,true,false,Low attendance
2499,Pamela Ruiz,Female,Physics,67.54,55.63,20,0,false,true,false,Low attendance
6134,Amandi Peiris,Female,Mathematics,67.61,56.21,19,0,false,true,false,Low attendance
6567,Dilan Rajapaksha,Male,Computer Science,67.62,55.83,22,0,false,true,false,Low attendance
9690,Dilan Ekanayake,Male,Physics,67.63,50.9,24,0,false,true,false,Low attendance
8511,Amandi Gunawardena,Female,Biology,67.63,53.79,16,0,false,true,false,Low attendance
9053,Naveen Dias,Male,Physics,67.63,60.9,19,0,false,true,false,Low attendance
7042,Lahiru Dias,Male,Biology,67.65,52.11,20,0,false,true,false,Low attendance
6230,Amal Herath,Male,Biology,67.67,56.75,20,0,false,true,false,Low attendance
8945,Ayesh Abeysekera,Male,Computer Science,67.69,58.24,16,0,false,true,false,Low attendance
2342,Ann Waters,Male,Mathematics,67.69,59.5,18,0,false,true,false,Low attendance
5145,Ravindu Wijesinghe,Male,Biology,67.7,47.59,18,0,false,true,false,Low attendance
7021,Rashmi Perera,Female,Computer Science,67.77,57.05,19,0,false,true,false,Low attendance
9310,Nethmi Jayasinghe,Female,Mathematics,67.78,55.32,16,0,false,true,false,Low attendance
9865,Ishani Gunawardena,Female,Physics,67.78,61.01,16,0,false,true,false,Low attendance
5813,Nadeesha Jayasinghe,Female,Physics,67.8,55.87,21,0,false,true,false,Low attendance
7060,Hiruni Perera,Female,Biology,67.8,56.71,20,0,false,true,false,Low attendance
4868,Rashmi Dias,Female,Computer Science,67.8,61.44,18,0,false,true,false,Low attendance
3641,Dilan Rajapaksha,Male,Biology,67.81,52.33,18,0,false,true,false,Low attendance
4505,Sachini Perera,Female,Computer Science,67.81,61.21,20,0,false,true,false,Low attendance
10387,Dilini Rajapaksha,Female,Physics,67.81,63.38,19,0,false,true,false,Low attendance
8241,Nimal Perera,Male,Physics,67.83,53.86,20,0,false,true,false,Low attendance
6112,Sachini Perera,Female,Physics,67.83,57.62,21,0,false,true,false,Low attendance
6454,Ishara Perera,Male,Biology,67.83,61.48,19,0,false,true,false,Low attendance
1135,Christine Padilla,Female,Computer Science,67.85,53.49,18,0,false,true,false,Low attendance
3232,Naveen Rajapaksha,Male,Mathematics,67.85,54.92,18,0,false,true,false,Low attendance
10707,Tharindu Rajapaksha,Male,Mathematics,67.87,50.27,17,0,false,true,false,Low attendance
5415,Nadeesha Rajapaksha,Female,Mathematics,67.87,55.51,22,0,false,true,false,Low attendance
3480,Naveen Ekanayake,Male,Physics,67.87,59.42,18,0,false,true,false,Low attendance
9649,Ishara Fernando,Male,Biology,67.87,60.25,21,0,false,true,false,Low attendance
6644,Nethmi Senanayake,Female,Computer Science,67.88,53.41,23,0,false,true,false,Low attendance
10145,Kusal Herath,Male,Physics,67.88,54.95,19,0,false,true,false,Low attendance
10860,Nimal Madushanka,Male,Physics,67.89,53.39,22,0,false,true,false,Low attendance
1803,Kyle Ortiz,Male,Computer Science,67.91,53.82,21,0,false,true,false,Low attendance
4662,Amal Dias,Male,Computer Science,67.92,58.53,22,0,false,true,false,Low attendance
7837,Tharindu Herath,Male,Physics,67.92,58.54,23,0,false,true,false,Low attendance
2699,Maria Williams,Male,Biology,67.97,49.98,19,0,false,true,false,Low attendance
4786,Dilini Dias,Female,Mathematics,67.97,56.48,19,0,false,true,false,Low attendance
7923,Sanduni Abeysekera,Female,Computer Science,67.97,62.72,23,0,false,true,false,Low attendance
8992,Naveen Jayasinghe,Male,Biology,67.98,52.42,21,0,false,true,false,Low attendance
4200,Kusal Madushanka,Male,Biology,67.99,51.85,17,0,false,true,false,Low attendance
4725,Kasun Ekanayake,Male,Physics,68.0,56.58,22,0,false,true,false,Low attendance
10005,Nethmi Dias,Female,Computer Science,68.0,57.9,20,0,false,true,false,Low attendance
6374,Chamara Silva,Male,Physics,68.0,60.84,20,0,false,true,false,Low attendance
6412,Hiruni Herath,Female,Computer Science,68.02,51.19,20,0,false,true,false,Low attendance
3454,Ayesh Ekanayake,Male,Computer Science,68.03,59.89,21,0,false,true,false,Low attendance
4871,Piumi Madushanka,Female,Computer Science,68.05,54.7,24,0,false,true,false,Low attendance
5835,Naveen Madushanka,Male,Biology,68.06,61.49,19,0,false,true,false,Low attendance
7113,Amal Senanayake,Male,Computer Science,68.07,51.01,21,0,false,true,false,Low attendance
6425,Sahan Fernando,Male,Biology,68.07,54.77,22,0,false,true,false,Low attendance
8180,Sanduni Silva,Female,Computer Science,68.08,54.11,21,0,false,true,false,Low attendance
7825,Sanduni Madushanka,Female,Computer Science,68.08,56.77,24,0,false,true,false,Low attendance
8024,Madhavi Wijesinghe,Female,Biology,68.09,50.39,20,0,false,true,false,Low attendance
8038,Ishani Senanayake,Female,Physics,68.09,52.73,24,0,false,true,false,Low attendance
9196,Nethmi Wijesinghe,Female,Physics,68.09,57.18,22,0,false,true,false,Low attendance
6731,Kasun Wijesinghe,Male,Mathematics,68.09,57.29,21,0,false,true,false,Low attendance
7222,Sanduni Peiris,Female,Physics,68.1,54.26,21,0,false,true,false,Low attendance
4588,Naveen Wijesinghe,Male,Biology,68.11,46.85,20,0,false,true,false,Low attendance
10816,Amandi Ekanayake,Female,Physics,68.11,57.23,19,0,false,true,false,Low attendance
3335,Dinithi Herath,Female,Mathematics,68.14,54.32,21,0,false,true,false,Low attendance
2738,Melissa Griffin,Male,Physics,68.15,49.9,21,0,false,true,false,Low attendance
7118,Ravindu Dias,Male,Physics,68.15,55.09,21,0,false,true,false,Low attendance
4372,Chamara Perera,Male,Physics,68.17,62.36,18,0,false,true,false,Low attendance
5183,Kasun Wijesinghe,Male,Mathematics,68.18,52.29,22,0,false,true,false,Low attendance
4389,Ravindu Rajapaksha,Male,Physics,68.19,52.95,22,0,false,true,false,Low attendance
8346,Ishara Abeysekera,Male,Physics,68.21,61.65,20,0,false,true,false,Low attendance
4815,Shehan Madushanka,Male,Computer Science,68.21,62.03,19,0,false,true,false,Low attendance
6381,Ayesh Perera,Male,Computer Science,68.22,57.26,20,0,false,true,false,Low attendance
4791,Shehan Ekanayake,Male,Computer Science,68.24,51.6,24,0,false,true,false,Low attendance
2550,Patricia Sullivan,Female,Mathematics,68.26,56.48,21,0,false,true,false,Low attendance
3666,Kasun Dias,Male,Computer Science,68.26,62.71,23,0,false,true,false,Low attendance
9409,Amal Gunawardena,Male,Physics,68.28,57.27,18,0,false,true,false,Low attendance
10722,Kasun Wijesinghe,Male,Mathematics,68.28,58.43,17,0,false,true,false,Low attendance
7988,Nethmi Ranatunga,Female,Computer Science,68.28,61.96,23,0,false,true,false,Low attendance
10711,Sahan Ranatunga,Male,Physics,68.3,59.81,18,0,false,true,false,Low attendance
5176,Shehan Madushanka,Male,Computer Science,68.3,60.96,18,0,false,true,false,Low attendance
7805,Madhavi Wijesinghe,Female,Mathematics,68.31,51.85,19,0,false,true,false,Low attendance
6514,Piumi Perera,Female,Computer Science,68.32,56.29,20,0,false,true,false,Low attendance
8760,Ravindu Jayasinghe,Male,Mathematics,68.32,58.64,20,0,false,true,false,Low attendance
7766,Hiruni Gunawardena,Female,Physics,68.33,52.71,18,0,false,true,false,Low attendance
2526,Amanda Marshall,Female,Physics,68.33,58.1,22,0,false,true,false,Low attendance
5974,Nethmi Abeysekera,Female,Mathematics,68.33,58.54,15,0,false,true,false,Low attendance
8580,Tharindu Wijesinghe,Male,Mathematics,68.33,60.22,17,0,false,true,false,Low attendance
5047,Dilini Dias,Female,Biology,68.33,64.55,21,1,false,true,false,Low attendance
10235,Piumi Peiris,Female,Computer Science,68.34,55.58,20,0,false,true,false,Low attendance
4907,Sachini Madushanka,Female,Biology,68.35,57.84,19,0,false,true,false,Low attendance
2103,Angela Ross,Female,Physics,68.36,52.05,17,0,false,true,false,Low attendance
10659,Shehan Gunawardena,Male,Mathematics,68.36,53.04,18,0,false,true,false,Low attendance
10357,Dinithi Herath,Female,Biology,68.4,51.42,19,0,false,true,false,Low attendance
5931,Amal Ranatunga,Male,Physics,68.4,53.65,20,0,false,true,false,Low attendance
2636,Dylan Lopez,Female,Physics,68.41,54.9,21,0,false,true,false,Low attendance
4741,Tharushi Peiris,Female,Computer Science,68.41,55.32,20,0,false,true,false,Low attendance
7719,Ishani Madushanka,Female,Biology,68.41,56.68,21,0,false,true,false,Low attendance
5334,Kasun Gunawardena,Male,Mathematics,68.44,55.96,21,0,false,true,false,Low attendance
5081,Amal Senanayake,Male,Physics,68.46,59.67,21,0,false,true,false,Low attendance
7145,Nadeesha Gunawardena,Female,Computer Science,68.47,56.7,18,0,false,true,false,Low attendance
1952,Brandon Cooper,Female,Biology,68.48,54.54,23,0,false,true,false,Low attendance
3136,Naveen Jayasinghe,Male,Biology,68.48,56.83,20,0,false,true,false,Low attendance
1555,Joseph Booker,Male,Physics,68.48,57.95,18,0,false,true,false,Low attendance
3447,Shehan Dias,Male,Computer Science,68.48,58.85,19,0,false,true,false,Low attendance
4701,Naveen Herath,Male,Computer Science,68.5,52.79,18,0,false,true,false,Low attendance
8650,Naveen Jayasinghe,Male,Biology,68.5,54.21,23,0,false,true,false,Low attendance
2616,Spencer Robertson,Female,Computer Science,68.52,57.66,23,0,false,true,false,Low attendance
6628,Supun Madushanka,Male,Biology,68.53,53.84,22,0,false,true,false,Low attendance
3957,Shehan Jayasinghe,Male,Biology,68.53,60.5,19,0,false,true,false,Low attendance
5883,Naveen Fernando,Male,Physics,68.54,57.21,22,0,false,true,false,Low attendance
10133,Hiruni Jayasinghe,Female,Computer Science,68.54,60.78,24,0,false,true,false,Low attendance
2838,Gary Nguyen,Male,Biology,68.55,49.43,22,0,false,true,false,Low attendance
1606,Rhonda Gibson,Male,Physics,68.55,56.34,21,0,false,true,false,Low attendance
1643,Laura Callahan,Female,Biology,68.55,60.64,21,0,false,true,false,Low attendance
10101,Ishani Rajapaksha,Female,Physics,68.56,55.31,17,0,false,true,false,Low attendance
7536,Dinithi Gunawardena,Female,Mathematics,68.57,56.4,18,0,false,true,false,Low attendance
5946,Sashini Senanayake,Female,Mathematics,68.59,56.53,21,0,false,true,false,Low attendance
7729,Tharushi Abeysekera,Female,Biology,68.6,51.3,20,0,false,true,false,Low attendance
9323,Kavindi Madushanka,Female,Physics,68.6,56.81,22,0,false,true,false,Low attendance
10128,Ayesh Herath,Male,Biology,68.6,59.41,24,0,false,true,false,Low attendance
6941,Piumi Peiris,Female,Physics,68.62,50.79,21,0,false,true,false,Low attendance
9968,Ishani Wijesinghe,Female,Biology,68.62,57.38,24,0,false,true,false,Low attendance
1536,Dennis Lewis,Male,Physics,68.63,54.75,23,0,false,true,false,Low attendance
8982,Sachini Silva,Female,Physics,68.64,60.49,20,0,false,true,false,Low attendance
10774,Kusal Abeysekera,Male,Computer Science,68.65,57.96,17,0,false,true,false,Low attendance
8964,Ravindu Peiris,Male,Mathematics,68.67,52.5,21,0,false,true,false,Low attendance
2362,Jeffrey Johnson,Male,Physics,68.67,58.46,23,0,false,true,false,Low attendance
2527,Timothy Harding,Male,Biology,68.68,51.24,21,0,false,true,false,Low attendance
10467,Kusal Ranatunga,Male,Biology,68.68,56.82,18,0,false,true,false,Low attendance
3976,Amandi Silva,Female,Biology,68.68,57.64,22,0,false,true,false,Low attendance
1516,Jennifer Walter,Male,Biology,68.69,55.49,27,0,false,true,false,Low attendance
4928,Shehan Fernando,Male,Physics,68.69,57.32,19,0,false,true,false,Low attendance
1955,Phillip Garcia,Female,Biology,68.7,51.62,18,0,false,true,false,Low attendance
3975,Tharushi Abeysekera,Female,Physics,68.72,53.95,19,0,false,true,false,Low attendance
5084,Dinithi Silva,Female,Computer Science,68.72,58.16,24,0,false,true,false,Low attendance
4650,Ishara Jayasinghe,Male,Computer Science,68.72,59.47,21,0,false,true,false,Low attendance
5086,Sahan Madushanka,Male,Computer Science,68.73,53.87,18,0,false,true,false,Low attendance
7580,Lahiru Fernando,Male,Computer Science,68.73,59.02,20,0,false,true,false,Low attendance
1257,Joseph Schwartz,Female,Computer Science,68.74,53.59,21,0,false,true,false,Low attendance
10378,Ishara Silva,Male,Computer Science,68.74,53.67,22,0,false,true,false,Low attendance
5096,Shehan Senanayake,Male,Mathematics,68.75,53.13,21,0,false,true,false,Low attendance
6927,Madhavi Herath,Female,Biology,68.75,58.17,21,0,false,true,false,Low attendance
1523,Steven Douglas,Female,Biology,68.75,58.8,23,0,false,true,false,Low attendance
9799,Hiruni Herath,Female,Mathematics,68.75,58.97,18,0,false,true,false,Low attendance
9734,Dilini Fernando,Female,Physics,68.75,63.73,20,0,false,true,false,Low attendance
2789,Christopher Jimenez,Female,Biology,68.76,53.99,23,0,false,true,false,Low attendance
7615,Madhavi Perera,Female,Biology,68.77,53.96,23,0,false,true,false,Low attendance
5362,Kasun Perera,Male,Biology,68.78,53.39,19,0,false,true,false,Low attendance
4388,Ishani Jayasinghe,Female,Mathematics,68.78,56.86,20,0,false,true,false,Low attendance
2674,Robert Bailey,Male,Biology,68.78,58.42,22,0,false,true,false,Low attendance
10563,Shehan Herath,Male,Computer Science,68.79,57.37,19,0,false,true,false,Low attendance
1533,Todd Schultz,Female,Biology,68.79,57.68,22,0,false,true,false,Low attendance
7891,Dinithi Fernando,Female,Physics,68.8,56.22,23,0,false,true,false,Low attendance
7919,Tharindu Silva,Male,Physics,68.8,56.62,21,0,false,true,false,Low attendance
2532,Theresa Fitzpatrick,Male,Physics,68.83,59.29,21,0,false,true,false,Low attendance
9574,Kavindi Wijesinghe,Female,Physics,68.84,52.91,24,0,false,true,false,Low attendance
2101,Emily Washington,Male,Physics,68.84,54.89,21,0,false,true,false,Low attendance
2019,Chelsea Cardenas,Male,Computer Science,68.85,47.68,23,0,false,true,false,Low attendance
9936,Tharindu Gunawardena,Male,Biology,68.86,51.59,19,0,false,true,false,Low attendance
6678,Naveen Jayasinghe,Male,Computer Science,68.86,57.57,17,0,false,true,false,Low attendance
1509,Ralph James,Female,Computer Science,68.87,59.59,19,0,false,true,false,Low attendance
4336,Hiruni Jayasinghe,Female,Biology,68.87,59.65,24,0,false,true,false,Low attendance
1258,Devin Richardson,Male,Mathematics,68.88,54.67,22,0,false,true,false,Low attendance
5574,Nethmi Jayasinghe,Female,Mathematics,68.88,60.83,16,0,false,true,false,Low attendance
6082,Ishara Ekanayake,Male,Biology,68.89,55.88,21,0,false,true,false,Low attendance
5277,Hiruni Senanayake,Female,Biology,68.9,53.66,18,0,false,true,false,Low attendance
4853,Tharushi Perera,Female,Physics,68.9,58.83,21,0,false,true,false,Low attendance
5035,Sanduni Gunawardena,Female,Computer Science,68.92,57.12,18,0,false,true,false,Low attendance
10273,Dinithi Ekanayake,Female,Computer Science,68.93,55.05,21,0,false,true,false,Low attendance
4683,Rashmi Ranatunga,Female,Biology,68.93,58.79,23,0,false,true,false,Low attendance
8080,Dinithi Ekanayake,Female,,68.94,54.35,24,0,false,true,false,Low attendance
6522,Kusal Perera,Male,Physics,68.94,55.93,20,0,false,true,false,Low attendance
1188,Michael Hall,Male,Mathematics,68.94,56.58,18,0,false,true,false,Low attendance
6401,Amandi Senanayake,Female,Mathematics,68.95,55.85,20,0,false,true,false,Low attendance
6814,Nethmi Dias,Female,Computer Science,68.95,56.44,21,0,false,true,false,Low attendance
2692,Amanda Moore,Female,Mathematics,68.95,58.04,21,0,false,true,false,Low attendance
10661,Nimal Jayasinghe,Male,Computer Science,68.95,58.13,23,0,false,true,false,Low attendance
3548,Rashmi Dias,Female,Mathematics,69.01,48.17,20,0,false,true,false,Low attendance
6899,Dilini Dias,Female,Physics,69.01,54.4,22,0,false,true,false,Low attendance
9630,Nethmi Perera,Female,Biology,69.03,52.89,22,0,false,true,false,Low attendance
10307,Sashini Silva,Female,Computer Science,69.04,55.57,20,0,false,true,false,Low attendance
10443,Naveen Perera,Male,Physics,69.05,49.15,22,0,false,true,false,Low attendance
4916,Ishara Peiris,Male,Computer Science,69.05,52.67,19,0,false,true,false,Low attendance
8908,Piumi Gunawardena,Female,Biology,69.05,55.24,20,0,false,true,false,Low attendance
4577,Dinithi Perera,Female,Computer Science,69.05,56.88,21,0,false,true,false,Low attendance
1449,Andrew Lawrence,Female,Biology,69.05,57.89,19,0,false,true,false,Low attendance
8123,Amandi Senanayake,Female,Biology,69.06,50.93,17,0,false,true,false,Low attendance
2654,Kyle Duran,Female,Mathematics,69.06,53.03,16,0,false,true,false,Low attendance
6461,Kavindi Peiris,Female,Biology,69.06,55.16,18,0,false,true,false,Low attendance
6415,Ravindu Silva,Male,Biology,69.06,55.79,17,0,false,true,false,Low attendance
7846,Naveen Wijesinghe,Male,Biology,69.06,56.46,23,0,false,true,false,Low attendance
7137,Ishara Dias,Male,Computer Science,69.06,59.79,20,0,false,true,false,Low attendance
6453,Rashmi Silva,Female,Computer Science,69.06,61.33,18,0,false,true,false,Low attendance
4298,Sachini Dias,Female,Physics,69.07,50.93,20,0,false,true,false,Low attendance
10059,Rashmi Gunawardena,Female,Computer Science,69.07,59.14,23,0,false,true,false,Low attendance
2851,Theresa Clark,Female,Computer Science,69.07,62.06,22,0,false,true,false,Low attendance
10765,Chamara Peiris,Male,Physics,69.08,57.86,19,0,false,true,false,Low attendance
1697,Rebecca Schmidt,Male,Computer Science,69.08,57.87,22,0,false,true,false,Low attendance
3867,Piumi Perera,Female,Biology,69.09,53.09,22,0,false,true,false,Low attendance
4861,Shehan Fernando,Male,Biology,69.09,55.56,22,0,false,true,false,Low attendance
1330,Nathan Thompson,Female,Biology,69.09,56.93,22,0,false,true,false,Low attendance
8619,Dilan Rajapaksha,Male,Mathematics,69.1,56.86,20,0,false,true,false,Low attendance
2319,Timothy Lee,Male,Computer Science,69.11,53.78,25,0,false,true,false,Low attendance
1176,James Hoffman,Female,Biology,69.11,55.85,26,0,false,true,false,Low attendance
4702,Amandi Dias,Female,Biology,69.11,59.52,19,0,false,true,false,Low attendance
8819,Rashmi Silva,Female,Biology,69.12,48.13,24,0,false,true,false,Low attendance
9282,Sachini Madushanka,Female,Biology,69.13,60.94,21,0,false,true,false,Low attendance
6143,Amandi Wijesinghe,Female,Computer Science,69.15,52.72,22,0,false,true,false,Low attendance
10318,Tharushi Dias,Female,Mathematics,69.17,61.3,22,0,false,true,false,Low attendance
4779,Dinithi Abeysekera,Female,Computer Science,69.19,56.77,23,0,false,true,false,Low attendance
5930,Ishara Fernando,Male,Biology,69.19,60.85,21,0,false,true,false,Low attendance
7999,Sanduni Perera,Female,Computer Science,69.19,61.12,19,0,false,true,false,Low attendance
5877,Kasun Fernando,Male,Mathematics,69.2,54.8,22,0,false,true,false,Low attendance
4044,Sanduni Rajapaksha,Female,Mathematics,69.2,55.37,21,0,false,true,false,Low attendance
1355,Theresa Howard,Female,Biology,69.2,56.75,23,0,false,true,false,Low attendance
7535,Sashini Dias,Female,Computer Science,69.2,62.47,18,0,false,true,false,Low attendance
8864,Dilini Wijesinghe,Female,Physics,69.21,51.22,22,0,false,true,false,Low attendance
3962,Nethmi Jayasinghe,Female,Computer Science,69.21,58.17,23,0,false,true,false,Low attendance
5515,Rashmi Dias,Female,Physics,69.21,59.02,21,0,false,true,false,Low attendance
3010,Amandi Madushanka,Female,Biology,69.21,61.36,24,0,false,true,false,Low attendance
2247,Robert Wong,Female,Physics,69.22,57.52,22,0,false,true,false,Low attendance
5706,Piumi Silva,Female,Mathematics,69.22,60.96,22,0,false,true,false,Low attendance
3909,Sashini Senanayake,Female,Computer Science,69.22,61.45,23,0,false,true,false,Low attendance
6504,Nimal Abeysekera,Male,Mathematics,69.23,62.19,16,0,false,true,false,Low attendance
4171,Hiruni Gunawardena,Female,Computer Science,69.23,63.98,21,0,false,true,false,Low attendance
2845,Tiffany Diaz,Male,Physics,69.24,51.67,27,0,false,true,false,Low attendance
1743,Sabrina Moss,Male,Physics,69.25,53.01,21,0,false,true,false,Low attendance
2174,Linda Armstrong,Female,Mathematics,69.25,53.46,22,0,false,true,false,Low attendance
2942,Ellen Williams,Female,Mathematics,69.26,50.3,23,0,false,true,false,Low attendance
8809,Chamara Ranatunga,Male,Biology,69.26,52.26,23,0,false,true,false,Low attendance
2703,Jermaine Barker,Female,Computer Science,69.26,54.43,19,0,false,true,false,Low attendance
1091,Jaime Torres,Male,Mathematics,69.26,57.18,19,0,false,true,false,Low attendance
4836,Ishani Gunawardena,Female,Biology,69.26,58.72,23,0,false,true,false,Low attendance
7679,Ishara Herath,Male,Computer Science,69.27,53.54,22,0,false,true,false,Low attendance
8722,Lahiru Silva,Male,Biology,69.28,52.59,22,0,false,true,false,Low attendance
6002,Nimal Rajapaksha,Male,Mathematics,69.28,54.6,23,0,false,true,false,Low attendance
1711,Nicholas Barnett,Female,Mathematics,69.28,55.77,22,0,false,true,false,Low attendance
10537,Amandi Gunawardena,Female,Mathematics,69.28,60.0,18,0,false,true,false,Low attendance
4720,Dilan Abeysekera,Male,Computer Science,69.29,52.13,21,0,false,true,false,Low attendance
5602,Hiruni Fernando,Female,Physics,69.29,56.34,22,0,false,true,false,Low attendance
5571,Lahiru Madushanka,Male,Biology,69.29,60.77,24,0,false,true,false,Low attendance
10298,Tharushi Wijesinghe,Female,Biology,69.3,58.12,20,0,false,true,false,Low attendance
7272,Nimal Peiris,Male,Biology,69.31,56.65,20,0,false,true,false,Low attendance
7074,Amandi Rajapaksha,Female,Computer Science,69.31,57.43,22,0,false,true,false,Low attendance
8149,Supun Ranatunga,Male,Biology,69.31,59.2,20,0,false,true,false,Low attendance
5184,Dilini Ekanayake,Female,Computer Science,69.32,53.6,23,0,false,true,false,Low attendance
4004,Shehan Jayasinghe,Male,Biology,69.32,56.38,22,0,false,true,false,Low attendance
7597,Dilini Abeysekera,Female,Biology,69.32,62.28,24,0,false,true,false,Low attendance
9183,Piumi Senanayake,Female,Computer Science,69.33,56.57,20,0,false,true,false,Low attendance
9760,Ravindu Herath,Male,Biology,69.33,56.62,20,0,false,true,false,Low attendance
5411,Hiruni Madushanka,Female,Biology,69.33,60.7,21,0,false,true,false,Low attendance
2123,Monica Castro,Male,Biology,69.33,62.61,25,0,false,true,false,Low attendance
10946,Rashmi Dias,Female,Computer Science,69.36,53.06,19,0,false,true,false,Low attendance
2187,Lisa Hernandez,Female,Biology,69.36,57.56,20,0,false,true,false,Low attendance
5848,Sahan Ekanayake,Male,Physics,69.36,61.13,22,0,false,true,false,Low attendance
6289,Chamara Dias,Male,Mathematics,69.37,54.37,16,0,false,true,false,Low attendance
2402,Colleen Smith,Male,Physics,69.38,56.34,19,0,false,true,false,Low attendance
7333,Dilan Senanayake,Male,Computer Science,69.39,53.59,21,0,false,true,false,Low attendance
4958,Dinithi Madushanka,Female,Physics,69.39,53.74,23,0,false,true,false,Low attendance
4493,Ishara Madushanka,Male,Biology,69.39,57.79,18,0,false,true,false,Low attendance
1856,Melissa Jones,Female,Mathematics,69.39,61.2,24,0,false,true,false,Low attendance
10149,Sahan Gunawardena,Male,Mathematics,69.4,54.51,22,0,false,true,false,Low attendance
2841,Lori Jimenez,Female,Computer Science,69.41,52.09,21,0,false,true,false,Low attendance
1168,David Diaz,Female,Computer Science,69.42,58.8,19,0,false,true,false,Low attendance
1992,Bruce Flores,Male,Mathematics,69.43,60.25,24,0,false,true,false,Low attendance
5483,Tharindu Herath,Male,Biology,69.46,52.53,20,0,false,true,false,Low attendance
10730,Shehan Rajapaksha,Male,Biology,69.46,54.48,22,0,false,true,false,Low attendance
6886,Tharushi Rajapaksha,Female,Biology,69.46,60.14,22,0,false,true,false,Low attendance
8399,Ayesh Rajapaksha,Male,Biology,69.47,49.49,21,0,false,true,false,Low attendance
3299,Nethmi Peiris,Female,Biology,69.47,58.55,16,0,false,true,false,Low attendance
3595,Dilan Herath,Male,Physics,69.47,58.78,20,0,false,true,false,Low attendance
3490,Sachini Rajapaksha,Female,Computer Science,69.48,49.36,19,0,false,true,false,Low attendance
2893,Darin Garcia,Male,Physics,69.48,52.47,23,0,false,true,false,Low attendance
1695,Austin Campbell,Female,Physics,69.48,54.84,23,0,false,true,false,Low attendance
8737,Piumi Jayasinghe,Female,Mathematics,69.49,50.61,19,0,false,true,false,Low attendance
1162,Nicole Hunter,Female,Physics,69.5,55.0,19,0,false,true,false,Low attendance
7419,Dilan Perera,Male,Physics,69.5,57.15,18,0,false,true,false,Low attendance
9588,Lahiru Perera,Male,Computer Science,69.5,57.31,18,0,false,true,false,Low attendance
2656,Debra Turner,Male,Computer Science,69.5,59.49,21,0,false,true,false,Low attendance
1113,William Fisher,Male,Computer Science,69.51,55.31,22,0,false,true,false,Low attendance
4142,Ishani Madushanka,Female,Physics,69.51,61.11,23,0,false,true,false,Low attendance
8463,Ayesh Jayasinghe,Male,Computer Science,69.52,53.46,24,0,false,true,false,Low attendance
1872,Jennifer Garcia,Female,Mathematics,69.52,55.65,20,0,false,true,false,Low attendance
8672,Nadeesha Perera,Female,Mathematics,69.52,56.26,20,0,false,true,false,Low attendance
7115,Naveen Peiris,Male,Biology,69.52,60.0,24,0,false,true,false,Low attendance
9882,Ishara Fernando,Male,Physics,69.53,53.2,22,0,false,true,false,Low attendance
1206,Nicholas Rose,Female,Computer Science,69.54,50.3,19,0,false,true,false,Low attendance
5790,Madhavi Rajapaksha,Female,Biology,69.54,56.26,18,0,false,true,false,Low attendance
8334,Piumi Rajapaksha,Female,,69.55,61.09,25,0,false,true,false,Low attendance
2652,Matthew Mccann,Female,Biology,69.55,61.68,24,0,false,true,false,Low attendance
10468,Dinithi Dias,Female,Computer Science,69.55,61.73,19,0,false,true,false,Low attendance
2972,Melissa Knight,Female,Biology,69.57,57.25,18,0,false,true,false,Low attendance
2293,Stephanie Cunningham,Male,Biology,69.58,54.74,24,0,false,true,false,Low attendance
2408,Patty Smith,Female,Mathematics,69.59,56.49,21,0,false,true,false,Low attendance
4168,Madhavi Gunawardena,Female,Computer Science,69.61,52.02,19,0,false,true,false,Low attendance
3162,Dilan Dias,Male,Mathematics,69.62,57.77,19,0,false,true,false,Low attendance
8174,Rashmi Madushanka,Female,Physics,69.63,52.37,17,0,false,true,false,Low attendance
3161,Nethmi Dias,Female,Computer Science,69.64,56.23,23,0,false,true,false,Low attendance
3344,Nimal Perera,Male,Biology,69.64,59.04,22,0,false,true,false,Low attendance
4733,Piumi Silva,Female,Computer Science,69.66,49.26,21,0,false,true,false,Low attendance
8228,Dinithi Abeysekera,Female,Biology,69.66,57.15,20,0,false,true,false,Low attendance
8742,Kavindi Rajapaksha,Female,Biology,69.67,52.53,16,0,false,true,false,Low attendance
8937,Amandi Ekanayake,Female,Mathematics,69.67,54.91,19,0,false,true,false,Low attendance
2476,John Watson,Female,Mathematics,69.67,56.07,23,0,false,true,false,Low attendance
7119,Sashini Abeysekera,Female,Mathematics,69.67,56.55,19,0,false,true,false,Low attendance
1900,Nicole Miles,Male,Mathematics,69.68,54.73,20,0,false,true,false,Low attendance
8353,Madhavi Peiris,Female,Computer Science,69.68,59.04,18,0,false,true,false,Low attendance
6185,Dinithi Ranatunga,Female,Physics,69.68,60.09,16,0,false,true,false,Low attendance
10072,Ayesh Gunawardena,Male,Physics,69.69,54.78,23,0,false,true,false,Low attendance
2079,Kaitlyn Nichols,Male,Physics,69.69,57.3,22,0,false,true,false,Low attendance
3180,Amal Wijesinghe,Male,Physics,69.69,57.35,19,0,false,true,false,Low attendance
2548,Donald Townsend,Female,Physics,69.7,52.85,24,0,false,true,false,Low attendance
1329,Justin Bonilla,Female,Biology,69.72,46.93,22,0,false,true,false,Low attendance
9521,Sashini Ekanayake,Female,Mathematics,69.72,53.26,16,0,false,true,false,Low attendance
4967,Ishani Jayasinghe,Female,Mathematics,69.72,61.12,20,0,false,true,false,Low attendance
7906,Nadeesha Gunawardena,Female,Biology,69.73,57.14,25,0,false,true,false,Low attendance
8120,Shehan Ekanayake,Male,Physics,69.74,62.75,22,0,false,true,false,Low attendance
7254,Dinithi Peiris,Female,Biology,69.75,55.4,21,0,false,true,false,Low attendance
6095,Amal Peiris,Male,Mathematics,69.75,56.05,19,0,false,true,false,Low attendance
10819,Sashini Dias,Female,Biology,69.77,57.47,21,0,false,true,false,Low attendance
7689,Kasun Wijesinghe,Male,Mathematics,69.77,58.99,22,0,false,true,false,Low attendance
8475,Sahan Peiris,Male,Biology,69.77,60.9,22,0,false,true,false,Low attendance
9356,Tharindu Herath,Male,Computer Science,69.78,50.1,22,0,false,true,false,Low attendance
10512,Kavindi Herath,Female,Biology,69.78,63.14,20,0,false,true,false,Low attendance
6891,Ravindu Ekanayake,Male,Mathematics,69.79,46.59,20,0,false,true,false,Low attendance
1689,Julie Glenn,Female,Computer Science,69.79,57.83,21,0,false,true,false,Low attendance
1970,Lauren Pratt,Female,Physics,69.79,58.26,20,0,false,true,false,Low attendance
10422,Dinithi Rajapaksha,Female,Mathematics,69.79,58.84,20,0,false,true,false,Low attendance
3541,Chamara Wijesinghe,Male,Mathematics,69.79,59.08,20,0,false,true,false,Low attendance
6534,Nimal Fernando,Male,Mathematics,69.82,52.71,19,0,false,true,false,Low attendance
1204,Debra Singh,Female,Computer Science,69.82,62.34,21,0,false,true,false,Low attendance
7057,Dinithi Madushanka,Female,Computer Science,69.83,54.81,19,0,false,true,false,Low attendance
3555,Ishani Peiris,Female,Biology,69.83,55.33,23,0,false,true,false,Low attendance
9342,Sahan Perera,Male,Mathematics,69.83,62.24,17,0,false,true,false,Low attendance
7245,Sachini Gunawardena,Female,Physics,69.85,55.78,21,0,false,true,false,Low attendance
7930,Sahan Herath,Male,Biology,69.85,55.86,20,0,false,true,false,Low attendance
4435,Chamara Jayasinghe,Male,Physics,69.86,52.84,17,0,false,true,false,Low attendance
8396,Dinithi Rajapaksha,Female,Physics,69.86,56.71,25,0,false,true,false,Low attendance
9549,Supun Ekanayake,Male,Biology,69.86,58.92,20,0,false,true,false,Low attendance
5947,Lahiru Herath,Male,Physics,69.87,61.41,22,0,false,true,false,Low attendance
4813,Amandi Fernando,Female,Computer Science,69.89,50.97,17,0,false,true,false,Low attendance
8146,Nethmi Perera,Female,Computer Science,69.9,58.27,22,0,false,true,false,Low attendance
4484,Sanduni Abeysekera,Female,Physics,69.9,59.72,22,0,false,true,false,Low attendance
5476,Sanduni Silva,Female,Biology,69.91,56.37,21,0,false,true,false,Low attendance
9055,Ishani Dias,Female,Computer Science,69.91,59.55,20,0,false,true,false,Low attendance
2177,Michael Young,Female,Computer Science,69.91,61.72,23,0,false,true,false,Low attendance
4443,Sahan Dias,Male,Physics,69.93,56.44,18,0,false,true,false,Low attendance
9475,Sahan Rajapaksha,Male,Physics,69.94,54.94,18,0,false,true,false,Low attendance
9572,Nethmi Gunawardena,Female,Physics,69.94,57.4,19,0,false,true,false,Low attendance
4114,Kusal Senanayake,Male,Computer Science,69.94,57.98,18,0,false,true,false,Low attendance
2421,Carolyn Solomon,Male,Biology,69.94,58.06,22,0,false,true,false,Low attendance
3509,Ishani Ranatunga,Female,Biology,69.94,61.19,18,0,false,true,false,Low attendance
3309,Hiruni Wijesinghe,Female,Mathematics,69.96,50.83,20,0,false,true,false,Low attendance
7602,Madhavi Jayasinghe,Female,Mathematics,69.96,52.21,20,0,false,true,false,Low attendance
4756,Sashini Ranatunga,Female,Computer Science,69.96,55.12,23,0,false,true,false,Low attendance
2148,Kyle Cisneros,Male,Mathematics,69.96,64.29,20,0,false,true,false,Low attendance
9238,Chamara Dias,Male,Computer Science,69.97,57.88,18,0,false,true,false,Low attendance
9557,Ravindu Rajapaksha,Male,Biology,69.97,61.45,21,0,false,true,false,Low attendance
10114,Amandi Peiris,Female,Computer Science,69.97,61.56,18,0,false,true,false,Low attendance
4918,Sahan Rajapaksha,Male,Mathematics,69.98,50.06,18,0,false,true,false,Low attendance
8974,Madhavi Senanayake,Female,Mathematics,70.0,57.24,19,0,false,true,false,Low attendance
2317,Susan Kelley,Male,Physics,70.01,56.12,23,0,false,true,false,Low attendance
10092,Tharindu Herath,Male,Mathematics,70.02,55.0,22,0,false,true,false,Low attendance
9405,Piumi Ranatunga,Female,Computer Science,70.02,55.27,19,0,false,true,false,Low attendance
7605,Dilan Perera,Male,Physics,70.02,60.53,18,0,false,true,false,Low attendance
1654,Todd Murphy,Male,Biology,70.02,63.53,20,0,false,true,false,Low attendance
4284,Kavindi Dias,Female,Physics,70.03,55.89,17,0,false,true,false,Low attendance
5995,Sachini Jayasinghe,Female,Physics,70.03,56.03,18,0,false,true,false,Low attendance
2071,Nancy Brady,Male,Physics,70.03,60.0,20,0,false,true,false,Low attendance
6961,Ayesh Madushanka,Male,Biology,70.04,55.87,23,0,false,true,false,Low attendance
9422,Sashini Ranatunga,Female,Biology,70.04,60.9,19,0,false,true,false,Low attendance
8744,Tharindu Fernando,Male,Computer Science,70.05,50.28,23,0,false,true,false,Low attendance
7937,Sahan Madushanka,Male,Mathematics,70.05,51.62,21,0,false,true,false,Low attendance
5092,Rashmi Gunawardena,Female,Biology,70.05,55.46,20,0,false,true,false,Low attendance
3356,Amal Herath,Male,Mathematics,70.05,57.7,14,0,false,true,false,Low attendance
1166,Erika Cohen,Female,Mathematics,70.06,48.83,19,0,false,true,false,Low attendance
2849,Joshua Lewis,Female,Computer Science,70.06,51.46,21,0,false,true,false,Low attendance
1576,Jeremiah Grant,Male,Mathematics,70.06,57.19,16,0,false,true,false,Low attendance
2922,Alexander Bryan,Female,Mathematics,70.07,53.7,17,0,false,true,false,Low attendance
2142,Pamela Roberts,Female,Mathematics,70.07,60.04,19,0,false,true,false,Low attendance
1810,David Ramsey,Female,Biology,70.08,57.24,18,0,false,true,false,Low attendance
5928,Amal Silva,Male,Physics,70.08,58.27,20,0,false,true,false,Low attendance
8122,Dilini Peiris,Female,Computer Science,70.08,60.38,17,0,false,true,false,Low attendance
8411,Hiruni Perera,Female,Computer Science,70.09,52.89,19,0,false,true,false,Low attendance
9845,Ayesh Wijesinghe,Male,Mathematics,70.09,55.91,21,0,false,true,false,Low attendance
10231,Ayesh Madushanka,Male,Biology,70.09,59.99,20,0,false,true,false,Low attendance
1023,Lauren Carrillo,Female,Mathematics,70.09,60.88,18,0,false,true,false,Low attendance
8889,Ishara Peiris,Male,Computer Science,70.09,60.91,24,0,false,true,false,Low attendance
5777,Madhavi Ranatunga,Female,Mathematics,70.1,50.26,24,0,false,true,false,Low attendance
5232,Shehan Silva,Male,Physics,70.1,56.15,19,0,false,true,false,Low attendance
1427,Julie Green,Male,Mathematics,70.1,57.06,21,0,false,true,false,Low attendance
5295,Supun Wijesinghe,Male,Mathematics,70.11,49.35,20,0,false,true,false,Low attendance
6212,Tharindu Wijesinghe,Male,Computer Science,70.11,51.38,18,0,false,true,false,Low attendance
3018,Piumi Senanayake,Female,Computer Science,70.11,57.41,21,0,false,true,false,Low attendance
7623,Amandi Ranatunga,Female,Mathematics,70.11,57.85,20,0,false,true,false,Low attendance
1190,Anthony Miller,Female,Computer Science,70.12,57.63,21,0,false,true,false,Low attendance
1805,Christian Rush,Female,Biology,70.12,61.34,20,0,false,true,false,Low attendance
2466,Clayton Davis,Female,Physics,70.14,53.24,22,0,false,true,false,Low attendance
7331,Nadeesha Rajapaksha,Female,Biology,70.15,60.83,24,0,false,true,false,Low attendance
1854,Gregory Zuniga,Female,Computer Science,70.16,56.91,27,0,false,true,false,Low attendance
3108,Sashini Fernando,Female,Physics,70.16,60.44,21,0,false,true,false,Low attendance
7029,Kasun Senanayake,Male,Mathematics,70.17,55.08,23,0,false,true,false,Low attendance
6232,Shehan Ekanayake,Male,Biology,70.18,54.76,17,0,false,true,false,Low attendance
9563,Hiruni Senanayake,Female,Physics,70.19,56.98,21,0,false,true,false,Low attendance
1920,Timothy Hayes,Male,Biology,70.19,62.55,22,0,false,true,false,Low attendance
4886,Kavindi Senanayake,Female,Biology,70.2,55.45,21,0,false,true,false,Low attendance
4619,Kavindi Wijesinghe,Female,Biology,70.2,57.32,19,0,false,true,false,Low attendance
2751,Christopher Myers,Female,Computer Science,70.2,59.62,23,0,false,true,false,Low attendance
1474,Chelsea Bradley,Male,Biology,70.21,59.24,25,0,false,true,false,Low attendance
2456,Cynthia Bennett,Female,Mathematics,70.22,48.37,17,0,false,true,false,Low attendance
9169,Dinithi Dias,Female,Biology,70.22,54.54,23,0,false,true,false,Low attendance
3189,Supun Wijesinghe,Male,Biology,70.22,56.12,21,0,false,true,false,Low attendance
9908,Tharushi Abeysekera,Female,Computer Science,70.22,61.31,21,0,false,true,false,Low attendance
3594,Nadeesha Silva,Female,Biology,70.23,56.02,26,0,false,true,false,Low attendance
2683,Katherine Rivers,Female,Computer Science,70.23,59.0,21,0,false,true,false,Low attendance
6196,Tharushi Herath,Female,Physics,70.24,51.44,21,0,false,true,false,Low attendance
1729,Evelyn Hernandez,Male,Computer Science,70.24,56.15,23,0,false,true,false,Low attendance
8630,Ishara Rajapaksha,Male,Computer Science,70.24,57.9,19,0,false,true,false,Low attendance
4207,Dilini Ekanayake,Female,Computer Science,70.24,61.12,20,0,false,true,false,Low attendance
9787,Sanduni Peiris,Female,Biology,70.25,58.38,18,0,false,true,false,Low attendance
10970,Nimal Ranatunga,Male,Biology,70.26,63.87,22,0,false,true,false,Low attendance
2356,David Thomas,Female,Mathematics,70.27,56.15,24,0,false,true,false,Low attendance
3921,Dilan Ranatunga,Male,Mathematics,70.27,61.67,18,0,false,true,false,Low attendance
2458,Alan Potter,Male,Biology,70.28,51.52,21,0,false,true,false,Low attendance
2107,Cathy Snyder,Male,Computer Science,70.28,55.25,26,0,false,true,false,Low attendance
3359,Ishara Senanayake,Male,Biology,70.29,60.79,23,0,false,true,false,Low attendance
1673,Deborah Mayer,Male,Mathematics,70.3,53.83,20,0,false,true,false,Low attendance
9518,Piumi Fernando,Female,Biology,70.3,54.76,20,0,false,true,false,Low attendance
9776,Chamara Jayasinghe,Male,Mathematics,70.3,57.32,21,0,false,true,false,Low attendance
10909,Ishara Wijesinghe,Male,Computer Science,70.3,61.06,23,0,false,true,false,Low attendance
10791,Amandi Rajapaksha,Female,Mathematics,70.31,57.62,26,0,false,true,false,Low attendance
9411,Ishani Dias,Female,Mathematics,70.31,61.52,22,0,false,true,false,Low attendance
3647,Tharindu Gunawardena,Male,Mathematics,70.32,54.64,18,0,false,true,false,Low attendance
9484,Rashmi Peiris,Female,Mathematics,70.33,57.79,21,0,false,true,false,Low attendance
2678,Autumn Atkinson,Male,Biology,70.34,52.59,18,0,false,true,false,Low attendance
1627,Kristen Douglas,Male,Mathematics,70.34,54.13,26,0,false,true,false,Low attendance
4281,Kasun Fernando,Male,Physics,70.35,52.83,24,0,false,true,false,Low attendance
5652,Supun Rajapaksha,Male,Biology,70.35,59.5,20,0,false,true,false,Low attendance
5870,Ayesh Silva,Male,Biology,70.36,56.84,22,0,false,true,false,Low attendance
1544,Aaron Rodriguez,Male,Biology,70.36,58.63,19,0,false,true,false,Low attendance
8679,Sanduni Fernando,Female,Computer Science,70.36,62.67,23,0,false,true,false,Low attendance
3046,Naveen Wijesinghe,Male,Mathematics,70.37,51.77,18,0,false,true,false,Low attendance
8295,Rashmi Silva,Female,Physics,70.37,53.91,21,0,false,true,false,Low attendance
3226,Tharindu Abeysekera,Male,Mathematics,70.37,58.23,18,0,false,true,false,Low attendance
2165,Joshua Hayes,Female,Computer Science,70.37,60.22,19,0,false,true,false,Low attendance
8141,Sanduni Gunawardena,Female,Mathematics,70.38,55.64,16,0,false,true,false,Low attendance
8321,Lahiru Wijesinghe,Male,Computer Science,70.38,59.01,22,0,false,true,false,Low attendance
9130,Chamara Abeysekera,Male,Physics,70.39,63.94,22,0,false,true,false,Low attendance
10014,Sashini Wijesinghe,Female,Biology,70.39,64.68,19,0,false,true,false,Low attendance
5593,Shehan Fernando,Male,Physics,70.41,45.49,19,0,false,true,false,Low attendance
2794,Marie Bender,Male,Biology,70.41,48.7,19,0,false,true,false,Low attendance
7601,Dilan Rajapaksha,Male,Physics,70.41,61.4,19,0,false,true,false,Low attendance
9562,Ravindu Rajapaksha,Male,Mathematics,70.42,53.35,18,0,false,true,false,Low attendance
2490,Katherine Ramsey,Female,Biology,70.42,55.93,16,0,false,true,false,Low attendance
1277,Catherine Scott,Male,,70.42,56.66,25,0,false,true,false,Low attendance
1902,Laura Jones,Female,Biology,70.43,53.93,21,0,false,true,false,Low attendance
5964,Tharindu Gunawardena,Male,Biology,70.43,55.68,22,0,false,true,false,Low attendance
5737,Hiruni Ranatunga,Female,Physics,70.45,56.63,26,0,false,true,false,Low attendance
9885,Ishara Abeysekera,Male,Biology,70.45,57.94,21,0,false,true,false,Low attendance
9645,Supun Silva,Male,Mathematics,70.45,60.37,18,0,false,true,false,Low attendance
6916,Rashmi Ranatunga,Female,Biology,70.46,55.02,17,0,false,true,false,Low attendance
2443,Anna Burns,Male,Physics,70.46,55.4,21,0,false,true,false,Low attendance
8900,Dilini Fernando,Female,Computer Science,70.47,53.55,20,0,false,true,false,Low attendance
1280,Aaron Leon,Female,Biology,70.47,53.79,24,0,false,true,false,Low attendance
9830,Nimal Ranatunga,Male,Biology,70.47,58.55,20,0,false,true,false,Low attendance
1612,William Miller,Female,Computer Science,70.48,53.86,20,0,false,true,false,Low attendance
2349,Patricia Anderson,Female,Mathematics,70.48,54.49,22,0,false,true,false,Low attendance
4745,Ravindu Gunawardena,Male,Physics,70.48,55.33,24,0,false,true,false,Low attendance
2355,Jonathan Guzman,Male,Mathematics,70.48,55.67,19,0,false,true,false,Low attendance
9688,Ishani Gunawardena,Female,Physics,70.48,57.2,20,0,false,true,false,Low attendance
3052,Dilini Peiris,Female,Computer Science,70.51,55.94,22,0,false,true,false,Low attendance
7951,Nadeesha Ranatunga,Female,Computer Science,70.52,52.1,21,0,false,true,false,Low attendance
4488,Dilini Gunawardena,Female,Mathematics,70.52,55.89,21,0,false,true,false,Low attendance
2316,Zachary Alvarez,Female,Computer Science,70.52,59.39,19,0,false,true,false,Low attendance
2276,Kyle Cross,Male,Physics,70.53,52.68,19,0,false,true,false,Low attendance
4319,Nimal Silva,Male,Computer Science,70.54,55.48,19,0,false,true,false,Low attendance
8281,Amal Herath,Male,Computer Science,70.54,58.43,17,0,false,true,false,Low attendance
1429,Nicole Mclaughlin,Male,Computer Science,70.55,56.57,22,0,false,true,false,Low attendance
7184,Ishani Ekanayake,Female,Biology,70.55,57.81,21,0,false,true,false,Low attendance
4953,Madhavi Fernando,Female,Computer Science,70.56,58.22,21,0,false,true,false,Low attendance
3360,Dilan Gunawardena,Male,Biology,70.57,60.17,20,0,false,true,false,Low attendance
5359,Rashmi Ekanayake,Female,Computer Science,70.59,50.98,22,0,false,true,false,Low attendance
5924,Ravindu Silva,Male,Biology,70.59,53.64,22,0,false,true,false,Low attendance
2493,Mary Andersen,Female,Mathematics,70.59,62.72,20,0,false,true,false,Low attendance
2199,George Reynolds,Male,Physics,70.6,56.15,22,0,false,true,false,Low attendance
9742,Sanduni Senanayake,Female,Physics,70.61,52.45,17,0,false,true,false,Low attendance
3496,Hiruni Rajapaksha,Female,Computer Science,70.61,58.22,25,0,false,true,false,Low attendance
7756,Amal Dias,Male,Physics,70.61,60.11,23,0,false,true,false,Low attendance
3545,Ravindu Wijesinghe,Male,Computer Science,70.61,60.99,21,0,false,true,false,Low attendance
3021,Amandi Wijesinghe,Female,Biology,70.62,52.55,22,0,false,true,false,Low attendance
8662,Ishani Wijesinghe,Female,Mathematics,70.62,54.29,16,0,false,true,false,Low attendance
9365,Nimal Dias,Male,Physics,70.62,57.77,22,0,false,true,false,Low attendance
2870,Chad Johnson,Female,Computer Science,70.63,59.09,19,0,false,true,false,Low attendance
2947,Benjamin Ortiz,Female,Mathematics,70.64,60.15,21,0,false,true,false,Low attendance
10154,Tharindu Gunawardena,Male,Physics,70.65,56.2,23,0,false,true,false,Low attendance
5112,Piumi Herath,Female,Mathematics,70.65,57.87,17,0,false,true,false,Low attendance
3812,Dinithi Peiris,Female,Physics,70.65,60.83,20,0,false,true,false,Low attendance
6441,Ishani Ranatunga,Female,Computer Science,70.66,47.47,18,0,false,true,false,Low attendance
10355,Sahan Jayasinghe,Male,Computer Science,70.66,49.62,23,0,false,true,false,Low attendance
6778,Sashini Dias,Female,Biology,70.66,57.55,21,0,false,true,false,Low attendance
5529,Rashmi Rajapaksha,Female,Biology,70.67,56.9,22,0,false,true,false,Low attendance
10197,Ayesh Dias,Male,Biology,70.68,51.7,20,0,false,true,false,Low attendance
9278,Ishani Fernando,Female,Physics,70.69,57.58,18,0,false,true,false,Low attendance
4547,Dilan Madushanka,Male,Computer Science,70.69,62.52,23,0,false,true,false,Low attendance
6896,Amal Rajapaksha,Male,Mathematics,70.72,55.78,19,0,false,true,false,Low attendance
3862,Tharushi Madushanka,Female,Biology,70.72,60.79,22,0,false,true,false,Low attendance
4423,Lahiru Perera,Male,Computer Science,70.72,62.52,18,0,false,true,false,Low attendance
3125,Ravindu Ranatunga,Male,Computer Science,70.73,48.71,19,0,false,true,false,Low attendance
3718,Ishani Ekanayake,Female,Biology,70.74,55.28,19,0,false,true,false,Low attendance
1169,Jodi Duran,Female,Physics,70.74,57.48,18,0,false,true,false,Low attendance
9842,Chamara Ranatunga,Male,Biology,70.74,62.79,25,0,false,true,false,Low attendance
10676,Nethmi Ekanayake,Female,Physics,70.75,53.8,16,0,false,true,false,Low attendance
8291,Lahiru Rajapaksha,Male,Biology,70.76,59.54,21,0,false,true,false,Low attendance
4538,Amal Dias,Male,Computer Science,70.78,50.34,20,0,false,true,false,Low attendance
4051,Sashini Gunawardena,Female,Physics,70.78,52.07,22,0,false,true,false,Low attendance
9623,Amal Gunawardena,Male,Physics,70.78,54.97,22,0,false,true,false,Low attendance
2600,Karen Colon,Male,Mathematics,70.78,59.65,21,0,false,true,false,Low attendance
10494,Hiruni Dias,Female,Biology,70.79,53.77,23,1,false,true,false,Low attendance
10211,Sachini Senanayake,Female,Computer Science,70.79,55.2,19,0,false,true,false,Low attendance
8823,Amandi Senanayake,Female,Computer Science,70.79,56.24,22,0,false,true,false,Low attendance
3107,Nadeesha Ekanayake,Female,Biology,70.8,55.17,23,0,false,true,false,Low attendance
9284,Ishara Dias,Male,Mathematics,70.8,55.62,17,0,false,true,false,Low attendance
6252,Amal Gunawardena,Male,Physics,70.8,58.82,22,0,false,true,false,Low attendance
8648,Ishara Madushanka,Male,Computer Science,70.81,49.58,22,0,false,true,false,Low attendance
6046,Madhavi Herath,Female,Computer Science,70.81,54.03,21,0,false,true,false,Low attendance
6458,Nadeesha Gunawardena,Female,Biology,70.81,59.34,23,0,false,true,false,Low attendance
4456,Sanduni Peiris,Female,Computer Science,70.81,60.45,20,0,false,true,false,Low attendance
4607,Chamara Herath,Male,Biology,70.82,58.8,18,0,false,true,false,Low attendance
10094,Sachini Dias,Female,Computer Science,70.83,60.89,22,0,false,true,false,Low attendance
8330,Dilini Rajapaksha,Female,Mathematics,70.84,53.54,16,0,false,true,false,Low attendance
8769,Nethmi Dias,Female,Biology,70.84,57.26,23,0,false,true,false,Low attendance
9119,Hiruni Wijesinghe,Female,Computer Science,70.85,55.38,20,0,false,true,false,Low attendance
2023,Ronald Brown,Male,Physics,70.85,56.62,20,0,false,true,false,Low attendance
4933,Dilan Rajapaksha,Male,Computer Science,70.85,61.2,20,0,false,true,false,Low attendance
3482,Tharushi Dias,Female,Mathematics,70.86,58.53,20,0,false,true,false,Low attendance
10604,Sanduni Dias,Female,Physics,70.86,63.13,21,0,false,true,false,Low attendance
8585,Hiruni Wijesinghe,Female,Computer Science,70.87,51.91,19,0,false,true,false,Low attendance
3769,Sanduni Gunawardena,Female,Biology,70.88,51.6,22,0,false,true,false,Low attendance
10794,Kusal Madushanka,Male,Mathematics,70.88,61.63,19,0,false,true,false,Low attendance
4700,Dilan Ekanayake,Male,Computer Science,70.89,60.09,19,1,false,true,false,Low attendance
1564,Lisa Wells,Male,Computer Science,70.9,53.32,22,0,false,true,false,Low attendance
10208,Chamara Senanayake,Male,Biology,70.9,53.72,22,0,false,true,false,Low attendance
6560,Sashini Senanayake,Female,Computer Science,70.9,54.38,21,0,false,true,false,Low attendance
9662,Chamara Jayasinghe,Male,Biology,70.91,52.48,19,0,false,true,false,Low attendance
7764,Ishani Perera,Female,Computer Science,70.91,55.14,18,0,false,true,false,Low attendance
9125,Tharindu Ranatunga,Male,Computer Science,70.91,58.45,19,0,false,true,false,Low attendance
8427,Nethmi Ranatunga,Female,Physics,70.92,57.02,20,0,false,true,false,Low attendance
10829,Sashini Fernando,Female,Computer Science,70.93,57.15,22,0,false,true,false,Low attendance
1389,Chase Scott,Male,Computer Science,70.94,58.31,21,0,false,true,false,Low attendance
1287,David Burke,Female,Computer Science,70.94,60.31,20,0,false,true,false,Low attendance
2002,Dwayne Williams,Female,Physics,70.94,63.05,24,0,false,true,false,Low attendance
6131,Nadeesha Gunawardena,Female,Computer Science,70.96,57.45,19,0,false,true,false,Low attendance
5104,Kavindi Ranatunga,Female,Computer Science,70.97,58.55,19,0,false,true,false,Low attendance
9956,Shehan Dias,Male,Mathematics,70.98,49.67,20,0,false,true,false,Low attendance
8217,Shehan Jayasinghe,Male,Physics,70.98,58.07,19,0,false,true,false,Low attendance
4526,Amal Fernando,Male,Mathematics,70.98,58.93,16,0,false,true,false,Low attendance
2907,Crystal Washington,Male,Biology,70.99,55.49,24,0,false,true,false,Low attendance
6719,Piumi Senanayake,Female,Physics,71.0,59.83,18,0,false,true,false,Low attendance
10883,Tharushi Madushanka,Female,Mathematics,71.0,60.42,20,0,false,true,false,Low attendance
1981,Philip Smith,Male,Mathematics,71.01,56.67,22,0,false,true,false,Low attendance
9943,Tharindu Rajapaksha,Male,Computer Science,71.01,57.46,18,0,false,true,false,Low attendance
6206,Ayesh Rajapaksha,Male,Computer Science,71.01,59.64,21,0,false,true,false,Low attendance
2948,Willie Gutierrez,Male,Computer Science,71.01,61.7,19,0,false,true,false,Low attendance
1215,Wendy Fowler,Female,Mathematics,71.02,50.72,21,0,false,true,false,Low attendance
6456,Ishara Perera,Male,Biology,71.03,56.17,19,0,false,true,false,Low attendance
5687,Nadeesha Perera,Female,Computer Science,71.03,58.39,19,0,false,true,false,Low attendance
2731,Peter Riley,Male,Mathematics,71.03,63.45,20,0,false,true,false,Low attendance
5891,Hiruni Senanayake,Female,Computer Science,71.05,49.6,24,0,false,true,false,Low attendance
5885,Sahan Gunawardena,Male,Biology,71.05,51.56,24,0,false,true,false,Low attendance
8151,Tharushi Perera,Female,Computer Science,71.05,59.78,16,0,false,true,false,Low attendance
4245,Shehan Senanayake,Male,Computer Science,71.06,53.53,20,0,false,true,false,Low attendance
3677,Ishara Jayasinghe,Male,Physics,71.06,53.64,23,0,false,true,false,Low attendance
7939,Sanduni Fernando,Female,Physics,71.06,54.74,18,0,false,true,false,Low attendance
7683,Nadeesha Wijesinghe,Female,Biology,71.07,54.46,22,0,false,true,false,Low attendance
8116,Kavindi Abeysekera,Female,Biology,71.08,50.94,25,0,false,true,false,Low attendance
10912,Sashini Ekanayake,Female,Mathematics,71.08,58.27,18,0,false,true,false,Low attendance
4748,Kusal Gunawardena,Male,Biology,71.09,56.91,21,0,false,true,false,Low attendance
8370,Ayesh Silva,Male,Computer Science,71.1,55.57,25,0,false,true,false,Low attendance
4694,Shehan Perera,Male,Physics,71.1,61.15,20,0,false,true,false,Low attendance
4661,Nadeesha Gunawardena,Female,Biology,71.11,56.67,19,0,false,true,false,Low attendance
1756,Julie Cooper,Female,Computer Science,71.11,62.16,23,0,false,true,false,Low attendance
1789,Lisa Ayala,Male,Computer Science,71.12,56.98,23,0,false,true,false,Low attendance
7215,Ishara Senanayake,Male,Physics,71.12,57.38,23,0,false,true,false,Low attendance
4852,Kusal Senanayake,Male,Biology,71.12,57.44,18,0,false,true,false,Low attendance
1264,Stephanie Keller,Female,Biology,71.12,57.82,23,0,false,true,false,Low attendance
1136,David Green,Male,Computer Science,71.12,62.37,20,0,false,true,false,Low attendance
5805,Ravindu Dias,Male,Physics,71.13,56.65,25,0,false,true,false,Low attendance
9149,Dinithi Dias,Female,Computer Science,71.13,57.66,22,0,false,true,false,Low attendance
9935,Sashini Perera,Female,Computer Science,71.14,54.11,23,0,false,true,false,Low attendance
4363,Piumi Peiris,Female,Physics,71.14,55.16,21,0,false,true,false,Low attendance
3115,Dinithi Perera,Female,Physics,71.14,59.26,25,1,false,true,false,Low attendance
4497,Madhavi Ekanayake,Female,Computer Science,71.15,55.78,22,0,false,true,false,Low attendance
9805,Tharindu Abeysekera,Male,Mathematics,71.15,55.94,22,0,false,true,false,Low attendance
2338,Brittany Jensen,Female,Physics,71.15,57.24,19,0,false,true,false,Low attendance
7349,Madhavi Peiris,Female,Biology,71.15,60.86,24,0,false,true,false,Low attendance
8087,Rashmi Senanayake,Female,Mathematics,71.16,53.87,20,0,false,true,false,Low attendance
4693,Ishara Senanayake,Male,Computer Science,71.17,57.23,25,0,false,true,false,Low attendance
7347,Ayesh Rajapaksha,Male,Physics,71.17,57.35,18,0,false,true,false,Low attendance
2914,Shannon Simmons,Female,Biology,71.17,58.02,23,0,false,true,false,Low attendance
2310,Richard Robinson,Female,Computer Science,71.17,60.21,24,0,false,true,false,Low attendance
7303,Sahan Wijesinghe,Male,Physics,71.18,63.23,18,0,false,true,false,Low attendance
7012,Kavindi Perera,Female,Biology,71.19,55.43,19,0,false,true,false,Low attendance
1556,Tyler Bowen,Male,Computer Science,71.21,56.08,25,0,false,true,false,Low attendance
5458,Sashini Jayasinghe,Female,Computer Science,71.21,58.16,20,0,false,true,false,Low attendance
6478,Ravindu Abeysekera,Male,Computer Science,71.21,61.14,20,0,false,true,false,Low attendance
10903,Lahiru Wijesinghe,Male,Biology,71.21,61.52,24,0,false,true,false,Low attendance
3137,Amal Wijesinghe,Male,Biology,71.22,59.13,21,0,false,true,false,Low attendance
2714,Julie Gutierrez,Male,Mathematics,71.23,47.97,19,0,false,true,false,Low attendance
8055,Ishara Madushanka,Male,Physics,71.23,52.82,18,0,false,true,false,Low attendance
3817,Sachini Rajapaksha,Female,Mathematics,71.24,59.31,21,0,false,true,false,Low attendance
9192,Sahan Gunawardena,Male,Physics,71.25,60.43,22,0,false,true,false,Low attendance
5252,Nadeesha Rajapaksha,Female,Physics,71.25,61.16,18,0,false,true,false,Low attendance
1933,Wendy Walters,Male,Computer Science,71.26,48.14,21,0,false,true,false,Low attendance
5715,Kavindi Dias,Female,Mathematics,71.26,60.68,15,0,false,true,false,Low attendance
6879,Chamara Rajapaksha,Male,Biology,71.26,62.02,20,0,false,true,false,Low attendance
2805,Edward Johnson,Male,Physics,71.27,52.09,24,0,false,true,false,Low attendance
7823,Madhavi Fernando,Female,Mathematics,71.27,52.25,18,0,false,true,false,Low attendance
7492,Kusal Jayasinghe,Male,Computer Science,71.27,55.98,22,0,false,true,false,Low attendance
4746,Dilan Wijesinghe,Male,Mathematics,71.27,56.19,20,0,false,true,false,Low attendance
8386,Tharindu Herath,Male,Mathematics,71.28,50.84,17,0,false,true,false,Low attendance
6822,Hiruni Senanayake,Female,Computer Science,71.28,58.09,20,0,false,true,false,Low attendance
10351,Naveen Madushanka,Male,Mathematics,71.29,56.58,20,0,false,true,false,Low attendance
5219,Nadeesha Gunawardena,Female,Physics,71.29,57.69,22,0,false,true,false,Low attendance
9791,Rashmi Wijesinghe,Female,Biology,71.3,51.69,20,0,false,true,false,Low attendance
9920,Chamara Dias,Male,Biology,71.3,54.7,21,0,false,true,false,Low attendance
6146,Sachini Fernando,Female,Biology,71.3,55.33,20,0,false,true,false,Low attendance
6399,Nadeesha Peiris,Female,Computer Science,71.3,64.11,15,0,false,true,false,Low attendance
3600,Hiruni Madushanka,Female,Physics,71.31,54.01,22,0,false,true,false,Low attendance
7116,Amal Dias,Male,Biology,71.31,60.11,20,0,false,true,false,Low attendance
7644,Ishara Perera,Male,Biology,71.32,54.0,22,0,false,true,false,Low attendance
6030,Lahiru Senanayake,Male,Mathematics,71.32,55.94,19,0,false,true,false,Low attendance
1201,Jason Kane,Female,Mathematics,71.32,60.81,21,0,false,true,false,Low attendance
10163,Chamara Senanayake,Male,Computer Science,71.33,50.65,26,0,false,true,false,Low attendance
3901,Naveen Perera,Male,Biology,71.33,56.24,23,0,false,true,false,Low attendance
7045,Nadeesha Silva,Female,Physics,71.33,58.28,21,0,false,true,false,Low attendance
9703,Sahan Jayasinghe,Male,Biology,71.33,59.94,24,0,false,true,false,Low attendance
2260,Kelly Jones,Male,Computer Science,71.33,61.71,18,0,false,true,false,Low attendance
1497,Kathryn Holmes,Male,Physics,71.33,63.82,23,0,false,true,false,Low attendance
6238,Rashmi Rajapaksha,Female,Physics,71.34,52.55,22,0,false,true,false,Low attendance
6721,Sahan Madushanka,Male,Biology,71.34,56.84,20,0,false,true,false,Low attendance
2437,Richard Zhang,Male,Mathematics,71.34,58.37,22,0,false,true,false,Low attendance
10170,Madhavi Abeysekera,Female,Mathematics,71.34,60.06,19,0,false,true,false,Low attendance
10830,Dilan Dias,Male,Computer Science,71.35,54.31,21,0,false,true,false,Low attendance
8677,Kavindi Ranatunga,Female,Mathematics,71.35,55.1,19,0,false,true,false,Low attendance
6090,Nethmi Peiris,Female,Computer Science,71.35,57.36,25,0,false,true,false,Low attendance
7216,Dilini Senanayake,Female,Biology,71.35,58.43,23,0,false,true,false,Low attendance
2599,Mark Garcia,Female,Biology,71.36,50.87,19,0,false,true,false,Low attendance
5457,Nimal Peiris,Male,Physics,71.36,54.58,20,0,false,true,false,Low attendance
7750,Dilini Peiris,Female,Mathematics,71.36,55.42,22,0,false,true,false,Low attendance
4947,Supun Rajapaksha,Male,Biology,71.36,62.43,15,0,false,true,false,Low attendance
1859,Michelle Lowe,Female,,71.37,57.14,24,0,false,true,false,Low attendance
7577,Ayesh Fernando,Male,Physics,71.37,60.81,17,0,false,true,false,Low attendance
2303,Raven Ward,Male,Biology,71.37,61.39,19,0,false,true,false,Low attendance
3972,Kavindi Ekanayake,Female,Computer Science,71.38,59.14,20,0,false,true,false,Low attendance
6077,Rashmi Herath,Female,Mathematics,71.39,56.88,22,0,false,true,false,Low attendance
4111,Rashmi Abeysekera,Female,Mathematics,71.4,49.93,17,0,false,true,false,Low attendance
4834,Rashmi Gunawardena,Female,Computer Science,71.41,56.16,22,0,false,true,false,Low attendance
8145,Dilan Ranatunga,Male,Biology,71.41,58.8,23,0,false,true,false,Low attendance
5645,Dinithi Wijesinghe,Female,Physics,71.41,60.51,21,0,false,true,false,Low attendance
10243,Amal Ekanayake,Male,Biology,71.41,62.9,26,0,false,true,false,Low attendance
9110,Madhavi Perera,Female,Biology,71.42,51.43,20,0,false,true,false,Low attendance
1953,Michelle Willis,Female,Physics,71.42,56.51,22,0,false,true,false,Low attendance
3919,Rashmi Wijesinghe,Female,Mathematics,71.43,52.68,19,0,false,true,false,Low attendance
2929,Diana Evans,Male,Mathematics,71.43,55.54,20,0,false,true,false,Low attendance
3039,Naveen Fernando,Male,Computer Science,71.43,55.93,19,0,false,true,false,Low attendance
4262,Dinithi Peiris,Female,Computer Science,71.43,59.03,21,0,false,true,false,Low attendance
10759,Ayesh Senanayake,Male,Mathematics,71.44,53.23,20,0,false,true,false,Low attendance
3519,Amal Senanayake,Male,Biology,71.44,58.81,23,0,false,true,false,Low attendance
8067,Supun Herath,Male,Biology,71.46,50.85,19,0,false,true,false,Low attendance
1360,Cory Edwards,Male,Physics,71.46,54.34,19,0,false,true,false,Low attendance
1143,Kelli Moore,Female,Computer Science,71.46,62.43,19,0,false,true,false,Low attendance
5745,Ishani Fernando,Female,Physics,71.47,49.92,23,0,false,true,false,Low attendance
1766,Samantha Bowers,Female,Physics,71.47,55.53,21,0,false,true,false,Low attendance
1498,Marilyn Howard,Male,Physics,71.47,58.66,21,0,false,true,false,Low attendance
1090,Robert Garza,Male,Physics,71.48,54.94,20,0,false,true,false,Low attendance
7415,Amandi Herath,Female,Computer Science,71.48,55.28,26,0,false,true,false,Low attendance
1825,Jennifer Reynolds,Female,Computer Science,71.48,60.47,21,0,false,true,false,Low attendance
3001,Naveen Rajapaksha,Male,Physics,71.48,61.6,22,0,false,true,false,Low attendance
7779,Ayesh Abeysekera,Male,Mathematics,71.49,57.68,17,0,false,true,false,Low attendance
9997,Dilan Abeysekera,Male,Biology,71.49,59.22,20,0,false,true,false,Low attendance
2475,Marcus Ingram,Male,Mathematics,71.5,53.66,22,0,false,true,false,Low attendance
8292,Hiruni Silva,Female,Mathematics,71.5,55.89,21,0,false,true,false,Low attendance
6503,Nethmi Perera,Female,Mathematics,71.51,57.13,21,0,false,true,false,Low attendance
10416,Ishara Dias,Male,Biology,71.52,54.24,19,0,false,true,false,Low attendance
6270,Chamara Ekanayake,Male,Biology,71.52,55.11,20,0,false,true,false,Low attendance
7319,Piumi Gunawardena,Female,Biology,71.52,64.31,24,0,false,true,false,Low attendance
4278,Naveen Senanayake,Male,Biology,71.53,56.07,22,0,false,true,false,Low attendance
9904,Naveen Herath,Male,Biology,71.53,60.48,23,0,false,true,false,Low attendance
5939,Dinithi Peiris,Female,Biology,71.54,52.82,20,0,false,true,false,Low attendance
4301,Kavindi Abeysekera,Female,Mathematics,71.54,56.0,16,0,false,true,false,Low attendance
1006,Sherry Phillips,Female,Computer Science,71.55,55.23,19,0,false,true,false,Low attendance
4461,Nadeesha Peiris,Female,Mathematics,71.56,52.29,21,0,false,true,false,Low attendance
4059,Amandi Madushanka,Female,Computer Science,71.58,53.58,23,0,false,true,false,Low attendance
9671,Nadeesha Abeysekera,Female,Mathematics,71.58,54.83,19,0,false,true,false,Low attendance
3200,Madhavi Senanayake,Female,Mathematics,71.58,57.52,24,0,false,true,false,Low attendance
2322,Anne Wagner,Male,Computer Science,71.59,55.55,18,0,false,true,false,Low attendance
2447,Brooke Estes,Male,Physics,71.59,59.79,17,0,false,true,false,Low attendance
9351,Ayesh Gunawardena,Male,Computer Science,71.6,49.91,24,0,false,true,false,Low attendance
9378,Ishani Madushanka,Female,Biology,71.6,52.73,22,0,false,true,false,Low attendance
9255,Naveen Perera,Male,Computer Science,71.6,54.99,23,0,false,true,false,Low attendance
9474,Nadeesha Herath,Female,Computer Science,71.6,57.78,21,0,false,true,false,Low attendance
6609,Nethmi Dias,Female,Biology,71.6,62.43,18,0,false,true,false,Low attendance
9451,Tharushi Gunawardena,Female,Biology,71.61,51.17,21,0,false,true,false,Low attendance
9079,Lahiru Fernando,Male,Mathematics,71.61,55.12,20,0,false,true,false,Low attendance
2658,Christian Stewart,Female,Mathematics,71.61,56.59,23,0,false,true,false,Low attendance
10459,Hiruni Wijesinghe,Female,Biology,71.61,58.35,17,0,false,true,false,Low attendance
5952,Ravindu Dias,Male,Computer Science,71.61,60.95,21,0,false,true,false,Low attendance
3547,Naveen Fernando,Male,Physics,71.62,55.0,20,0,false,true,false,Low attendance
6371,Sachini Jayasinghe,Female,Physics,71.62,56.85,19,0,false,true,false,Low attendance
8628,Madhavi Herath,Female,Computer Science,71.62,63.8,23,0,false,true,false,Low attendance
2105,Juan Allen,Female,Physics,71.63,52.44,20,0,false,true,false,Low attendance
6626,Sashini Gunawardena,Female,Computer Science,71.63,54.89,18,0,false,true,false,Low attendance
2997,Lisa Gonzalez,Female,Computer Science,71.63,59.33,21,0,false,true,false,Low attendance
5826,Dilini Ekanayake,Female,Biology,71.64,56.53,18,0,false,true,false,Low attendance
5722,Nethmi Ekanayake,Female,Physics,71.64,56.83,18,0,false,true,false,Low attendance
3746,Ravindu Senanayake,Male,Mathematics,71.64,59.06,19,0,false,true,false,Low attendance
7894,Amal Senanayake,Male,Physics,71.65,51.14,22,0,false,true,false,Low attendance
5225,Naveen Madushanka,Male,Computer Science,71.65,57.87,21,0,false,true,false,Low attendance
8539,Nethmi Ekanayake,Female,Biology,71.65,58.4,19,0,false,true,false,Low attendance
1518,Jason Duran,Male,Biology,71.66,50.37,21,0,false,true,false,Low attendance
9554,Ishara Peiris,Male,Physics,71.67,54.67,21,0,false,true,false,Low attendance
3686,Tharindu Perera,Male,Physics,71.67,55.8,20,0,false,true,false,Low attendance
5682,Nethmi Silva,Female,Computer Science,71.67,56.61,19,0,false,true,false,Low attendance
2876,Douglas Bailey,Male,Computer Science,71.67,57.28,22,0,false,true,false,Low attendance
3579,Kasun Perera,Male,Physics,71.67,61.37,17,0,false,true,false,Low attendance
8133,Nadeesha Dias,Female,Biology,71.67,61.41,26,0,false,true,false,Low attendance
9749,Piumi Senanayake,Female,Physics,71.67,61.57,21,0,false,true,false,Low attendance
9375,Tharindu Madushanka,Male,Mathematics,71.68,54.5,18,0,false,true,false,Low attendance
4996,Dilan Jayasinghe,Male,Mathematics,71.68,57.94,24,0,false,true,false,Low attendance
2723,Lisa Smith,Male,Computer Science,71.69,53.49,26,0,false,true,false,Low attendance
2166,Benjamin Garcia,Female,Computer Science,71.69,56.35,25,0,false,true,false,Low attendance
6136,Ishani Gunawardena,Female,Physics,71.69,62.56,21,0,false,true,false,Low attendance
3954,Chamara Peiris,Male,Physics,71.7,56.22,25,0,false,true,false,Low attendance
8389,Supun Silva,Male,Mathematics,71.7,56.27,19,0,false,true,false,Low attendance
9849,Ishani Dias,Female,Physics,71.7,61.85,22,0,false,true,false,Low attendance
7447,Sachini Jayasinghe,Female,Mathematics,71.7,64.15,18,0,false,true,false,Low attendance
6545,Sanduni Fernando,Female,Computer Science,71.71,56.67,19,0,false,true,false,Low attendance
3784,Nethmi Ekanayake,Female,Mathematics,71.71,59.07,17,0,false,true,false,Low attendance
10084,Rashmi Ekanayake,Female,Computer Science,71.71,61.79,22,0,false,true,false,Low attendance
3109,Ayesh Madushanka,Male,Physics,71.72,50.68,22,0,false,true,false,Low attendance
10324,Dilan Perera,Male,Physics,71.72,59.09,22,0,false,true,false,Low attendance
10246,Nadeesha Wijesinghe,Female,Computer Science,71.72,59.4,17,0,false,true,false,Low attendance
8942,Sahan Abeysekera,Male,Biology,71.73,45.67,21,0,false,true,false,Low attendance
7133,Tharindu Herath,Male,Biology,71.73,52.32,21,0,false,true,false,Low attendance
5335,Amal Fernando,Male,Mathematics,71.73,56.51,23,0,false,true,false,Low attendance
4347,Nadeesha Wijesinghe,Female,Biology,71.74,58.12,23,0,false,true,false,Low attendance
6293,Dilini Perera,Female,Physics,71.74,63.72,16,0,false,true,false,Low attendance
10141,Madhavi Perera,Female,Physics,71.76,51.2,18,0,false,true,false,Low attendance
8457,Dilini Gunawardena,Female,Computer Science,71.76,53.08,23,0,false,true,false,Low attendance
9731,Shehan Wijesinghe,Male,Biology,71.76,53.93,22,0,false,true,false,Low attendance
4858,Piumi Ranatunga,Female,Mathematics,71.77,52.77,20,0,false,true,false,Low attendance
9330,Kasun Senanayake,Male,Mathematics,71.79,52.92,18,0,false,true,false,Low attendance
4530,Supun Herath,Male,Mathematics,71.79,59.25,22,0,false,true,false,Low attendance
2835,Priscilla Johnson,Male,Computer Science,71.79,61.42,22,0,false,true,false,Low attendance
5484,Amandi Madushanka,Female,Computer Science,71.79,63.49,21,0,false,true,false,Low attendance
5689,Nadeesha Senanayake,Female,Mathematics,71.8,54.75,22,0,false,true,false,Low attendance
1851,Marcus Brown,Male,Biology,71.8,56.19,24,0,false,true,false,Low attendance
9498,Nimal Jayasinghe,Male,Computer Science,71.81,58.7,22,0,false,true,false,Low attendance
1289,Kelly Cruz,Male,Physics,71.82,53.34,24,0,false,true,false,Low attendance
7868,Ravindu Rajapaksha,Male,Physics,71.82,62.38,21,0,false,true,false,Low attendance
1177,Michael Sampson,Female,Physics,71.83,50.38,22,0,false,true,false,Low attendance
6897,Supun Gunawardena,Male,Computer Science,71.84,53.82,16,0,false,true,false,Low attendance
2619,Gregory Wiggins,Male,Biology,71.84,55.24,23,0,false,true,false,Low attendance
7702,Kasun Gunawardena,Male,Mathematics,71.84,56.61,16,0,false,true,false,Low attendance
6997,Kusal Rajapaksha,Male,Physics,71.84,60.9,23,0,false,true,false,Low attendance
3415,Dilan Wijesinghe,Male,Computer Science,71.85,50.34,25,0,false,true,false,Low attendance
8310,Dilan Jayasinghe,Male,Biology,71.85,55.86,23,0,false,true,false,Low attendance
4664,Dilini Madushanka,Female,Physics,71.85,58.52,23,0,false,true,false,Low attendance
4102,Nimal Ranatunga,Male,Biology,71.86,53.62,21,0,false,true,false,Low attendance
10618,Hiruni Rajapaksha,Female,Computer Science,71.86,54.49,26,0,false,true,false,Low attendance
6686,Rashmi Ekanayake,Female,Mathematics,71.86,55.05,20,0,false,true,false,Low attendance
8999,Ishani Gunawardena,Female,Physics,71.86,55.4,21,0,false,true,false,Low attendance
8173,Nadeesha Ekanayake,Female,Mathematics,71.86,57.53,20,0,false,true,false,Low attendance
4407,Naveen Herath,Male,Physics,71.87,56.15,20,0,false,true,false,Low attendance
6659,Hiruni Madushanka,Female,Mathematics,71.87,59.04,20,0,false,true,false,Low attendance
7652,Piumi Senanayake,Female,Mathematics,71.87,61.38,17,0,false,true,false,Low attendance
6776,Kavindi Gunawardena,Female,Physics,71.89,46.73,20,0,false,true,false,Low attendance
4545,Dinithi Peiris,Female,Physics,71.89,54.52,21,0,false,true,false,Low attendance
3207,Kusal Wijesinghe,Male,Physics,71.89,58.42,22,0,false,true,false,Low attendance
9289,Sahan Dias,Male,Biology,71.89,59.03,20,0,false,true,false,Low attendance
5594,Chamara Senanayake,Male,Biology,71.9,62.87,17,0,false,true,false,Low attendance
7085,Naveen Herath,Male,Computer Science,71.91,54.26,24,0,false,true,false,Low attendance
7842,Sahan Jayasinghe,Male,Computer Science,71.91,60.5,20,0,false,true,false,Low attendance
3535,Amandi Ekanayake,Female,Biology,71.92,56.21,21,0,false,true,false,Low attendance
2323,Joshua Hawkins,Male,Mathematics,71.92,58.27,17,0,false,true,false,Low attendance
8415,Sachini Perera,Female,Computer Science,71.92,62.89,23,0,false,true,false,Low attendance
5539,Kasun Dias,Male,Computer Science,71.93,57.79,22,0,false,true,false,Low attendance
6011,Kusal Fernando,Male,Mathematics,71.93,58.23,19,0,false,true,false,Low attendance
3247,Naveen Fernando,Male,Biology,71.93,58.25,24,0,false,true,false,Low attendance
6149,Nimal Herath,Male,Computer Science,71.93,58.31,21,0,false,true,false,Low attendance
1109,Mitchell Morris,Female,Biology,71.94,53.15,22,0,false,true,false,Low attendance
8871,Nimal Wijesinghe,Male,Mathematics,71.94,53.5,20,0,false,true,false,Low attendance
4076,Nimal Silva,Male,Computer Science,71.94,54.03,21,0,false,true,false,Low attendance
2905,Robert Moore,Male,Physics,71.94,60.54,20,0,false,true,false,Low attendance
1259,Michael Santiago,Male,Computer Science,71.95,48.02,19,0,false,true,false,Low attendance
8890,Rashmi Silva,Female,Biology,71.95,55.37,19,0,false,true,false,Low attendance
6423,Nethmi Madushanka,Female,Mathematics,71.96,49.43,15,0,false,true,false,Low attendance
8685,Sachini Fernando,Female,Computer Science,71.96,50.72,24,0,false,true,false,Low attendance
8090,Dilini Senanayake,Female,Physics,71.96,57.13,22,0,false,true,false,Low attendance
3491,Shehan Herath,Male,Biology,71.96,63.26,20,0,false,true,false,Low attendance
9296,Tharindu Ranatunga,Male,Physics,71.97,53.27,19,0,false,true,false,Low attendance
1680,Ashley Wilson,Female,Physics,71.98,57.39,27,0,false,true,false,Low attendance
8874,Naveen Dias,Male,Biology,71.99,56.88,23,0,false,true,false,Low attendance
8002,Nethmi Peiris,Female,Computer Science,71.99,59.42,22,0,false,true,false,Low attendance
6261,Naveen Senanayake,Male,Physics,71.99,63.01,24,0,false,true,false,Low attendance
6573,Madhavi Dias,Female,Physics,71.99,64.26,22,0,false,true,false,Low attendance
4948,Sashini Fernando,Female,Mathematics,72.0,59.86,22,0,false,true,false,Low attendance
2804,William Garrett,Male,Biology,72.01,49.33,27,0,false,true,false,Low attendance
10396,Amal Rajapaksha,Male,Mathematics,72.01,60.98,20,0,false,true,false,Low attendance
9333,Dilan Jayasinghe,Male,Computer Science,72.02,56.47,20,0,false,true,false,Low attendance
2877,Thomas Cortez,Male,Mathematics,72.02,60.84,23,0,false,true,false,Low attendance
3142,Kavindi Ekanayake,Female,Computer Science,72.03,57.69,22,0,false,true,false,Low attendance
7569,Kusal Ekanayake,Male,Biology,72.04,54.25,21,0,false,true,false,Low attendance
1396,Cassandra Martin,Male,Mathematics,72.04,55.61,19,0,false,true,false,Low attendance
7033,Rashmi Jayasinghe,Female,Biology,72.04,56.94,20,0,false,true,false,Low attendance
2700,Maria Ruiz,Female,Mathematics,72.05,53.29,21,0,false,true,false,Low attendance
6065,Supun Madushanka,Male,Computer Science,72.05,56.77,21,0,false,true,false,Low attendance
3436,Kavindi Ranatunga,Female,Physics,72.05,57.23,22,0,false,true,false,Low attendance
10686,Dilan Senanayake,Male,Mathematics,72.05,58.98,19,0,false,true,false,Low attendance
5147,Rashmi Dias,Female,Computer Science,72.06,56.38,20,0,false,true,false,Low attendance
9364,Sashini Ranatunga,Female,Mathematics,72.06,56.98,16,0,false,true,false,Low attendance
4706,Chamara Wijesinghe,Male,Mathematics,72.08,51.25,19,0,false,true,false,Low attendance
10087,Nimal Abeysekera,Male,Mathematics,72.08,52.51,21,0,false,true,false,Low attendance
7073,Ayesh Madushanka,Male,Mathematics,72.08,62.19,20,0,false,true,false,Low attendance
8521,Tharushi Herath,Female,Physics,72.11,57.81,21,0,false,true,false,Low attendance
7907,Tharindu Herath,Male,Biology,72.11,61.13,21,0,false,true,false,Low attendance
4752,Nethmi Ekanayake,Female,Biology,72.12,53.58,19,0,false,true,false,Low attendance
8906,Shehan Silva,Male,Biology,72.12,53.85,17,0,false,true,false,Low attendance
6052,Sachini Peiris,Female,Mathematics,72.12,55.37,17,0,false,true,false,Low attendance
1815,Erin Higgins,Male,Biology,72.12,55.87,21,0,false,true,false,Low attendance
6273,Shehan Jayasinghe,Male,Biology,72.12,59.57,16,0,false,true,false,Low attendance
2618,Stephen Cantrell,Male,Mathematics,72.12,64.56,20,0,false,true,false,Low attendance
5136,Sahan Abeysekera,Male,Computer Science,72.13,53.01,21,0,false,true,false,Low attendance
1159,Joshua Walker,Male,Physics,72.13,57.92,19,0,false,true,false,Low attendance
8355,Hiruni Gunawardena,Female,Biology,72.13,58.17,24,0,false,true,false,Low attendance
2373,Randall Mccall,Female,Mathematics,72.13,59.06,19,0,false,true,false,Low attendance
4576,Sahan Dias,Male,Computer Science,72.14,58.44,23,0,false,true,false,Low attendance
2647,April Turner,Male,Biology,72.14,63.72,23,0,false,true,false,Low attendance
3045,Supun Ekanayake,Male,Computer Science,72.15,56.42,21,0,false,true,false,Low attendance
3165,Amal Ekanayake,Male,Mathematics,72.15,58.66,24,0,false,true,false,Low attendance
7851,Ishani Herath,Female,Computer Science,72.15,63.34,23,0,false,true,false,Low attendance
4516,Ishani Ranatunga,Female,Physics,72.16,52.39,20,0,false,true,false,Low attendance
10373,Dinithi Fernando,Female,Biology,72.16,57.8,21,0,false,true,false,Low attendance
6284,Hiruni Peiris,Female,Mathematics,72.17,60.15,22,0,false,true,false,Low attendance
10268,Shehan Peiris,Male,Mathematics,72.17,62.77,22,0,false,true,false,Low attendance
2651,Benjamin Robbins,Female,Computer Science,72.18,55.45,17,0,false,true,false,Low attendance
6759,Nimal Silva,Male,Mathematics,72.18,56.62,21,0,false,true,false,Low attendance
7530,Sachini Wijesinghe,Female,Computer Science,72.18,57.5,18,0,false,true,false,Low attendance
9487,Naveen Ranatunga,Male,Mathematics,72.18,60.94,16,0,false,true,false,Low attendance
8063,Ishani Jayasinghe,Female,Biology,72.2,53.08,20,0,false,true,false,Low attendance
8040,Shehan Jayasinghe,Male,Mathematics,72.2,56.13,22,0,false,true,false,Low attendance
4000,Rashmi Herath,Female,Computer Science,72.2,57.71,22,0,false,true,false,Low attendance
3065,Dilan Ranatunga,Male,Physics,72.21,51.7,18,0,false,true,false,Low attendance
1157,Amy Gallagher,Male,Biology,72.21,58.55,26,0,false,true,false,Low attendance
1988,Michele Adams,Male,Mathematics,72.21,60.96,21,0,false,true,false,Low attendance
3341,Naveen Wijesinghe,Male,Physics,72.21,62.22,21,0,false,true,false,Low attendance
8160,Hiruni Jayasinghe,Female,Physics,72.22,53.54,19,0,false,true,false,Low attendance
4304,Amal Ekanayake,Male,Mathematics,72.22,56.41,16,0,false,true,false,Low attendance
9621,Sashini Senanayake,Female,Biology,72.22,57.93,22,0,false,true,false,Low attendance
1574,Patty Ritter,Female,Mathematics,72.22,60.52,19,0,false,true,false,Low attendance
1808,Brenda Buckley,Male,Computer Science,72.23,53.73,19,0,false,true,false,Low attendance
4602,Sanduni Perera,Female,Mathematics,72.23,59.77,23,0,false,true,false,Low attendance
2049,Matthew Bradley,Male,Physics,72.23,60.15,23,0,false,true,false,Low attendance
9615,Kusal Abeysekera,Male,Computer Science,72.23,63.47,23,0,false,true,false,Low attendance
3743,Tharindu Herath,Male,Computer Science,72.24,57.08,20,0,false,true,false,Low attendance
3540,Nadeesha Peiris,Female,Biology,72.24,58.06,20,0,false,true,false,Low attendance
1180,Theresa Roberts,Female,Mathematics,72.24,59.59,18,0,false,true,false,Low attendance
5290,Dilini Silva,Female,Computer Science,72.24,59.77,18,0,false,true,false,Low attendance
6001,Kasun Rajapaksha,Male,Biology,72.24,60.08,18,0,false,true,false,Low attendance
3736,Nadeesha Rajapaksha,Female,Biology,72.25,59.15,20,0,false,true,false,Low attendance
3605,Shehan Dias,Male,Mathematics,72.26,52.73,22,0,false,true,false,Low attendance
7847,Ishara Ekanayake,Male,Mathematics,72.26,53.52,18,0,false,true,false,Low attendance
7358,Sanduni Senanayake,Female,Computer Science,72.26,53.65,20,0,false,true,false,Low attendance
3661,Sachini Ekanayake,Female,Biology,72.26,56.55,20,0,false,true,false,Low attendance
6767,Dinithi Ekanayake,Female,Computer Science,72.26,57.81,21,0,false,true,false,Low attendance
5418,Hiruni Gunawardena,Female,Physics,72.26,61.2,18,0,false,true,false,Low attendance
10135,Tharindu Perera,Male,Mathematics,72.26,61.32,21,0,false,true,false,Low attendance
6255,Sahan Wijesinghe,Male,Computer Science,72.26,63.37,20,0,false,true,false,Low attendance
7411,Dilini Rajapaksha,Female,Computer Science,72.27,53.33,18,0,false,true,false,Low attendance
10878,Dinithi Jayasinghe,Female,Computer Science,72.27,57.45,22,0,false,true,false,Low attendance
5123,Dilan Rajapaksha,Male,Biology,72.27,58.28,21,0,false,true,false,Low attendance
8534,Kavindi Herath,Female,Computer Science,72.27,58.5,17,0,false,true,false,Low attendance
4495,Ayesh Fernando,Male,Mathematics,72.27,59.98,24,0,false,true,false,Low attendance
8850,Nimal Senanayake,Male,Physics,72.27,60.61,23,0,false,true,false,Low attendance
6345,Dinithi Madushanka,Female,Computer Science,72.27,61.08,21,0,false,true,false,Low attendance
9104,Nadeesha Fernando,Female,Physics,72.28,57.06,22,0,false,true,false,Low attendance
10227,Dinithi Dias,Female,Mathematics,72.28,58.26,22,0,false,true,false,Low attendance
9253,Ishara Ekanayake,Male,Mathematics,72.29,54.6,16,0,false,true,false,Low attendance
9793,Amandi Gunawardena,Female,Biology,72.29,59.92,20,0,false,true,false,Low attendance
1131,Amanda Wright,Male,Computer Science,72.29,61.25,23,0,false,true,false,Low attendance
5865,Ishara Madushanka,Male,Biology,72.3,60.09,23,0,false,true,false,Low attendance
10354,Tharindu Herath,Male,Computer Science,72.31,59.37,21,0,false,true,false,Low attendance
10438,Nethmi Ekanayake,Female,Physics,72.31,61.15,20,0,false,true,false,Low attendance
7809,Ishara Gunawardena,Male,Mathematics,72.31,62.14,23,0,false,true,false,Low attendance
6724,Ishani Madushanka,Female,Mathematics,72.32,50.16,20,0,false,true,false,Low attendance
5786,Ravindu Dias,Male,Computer Science,72.32,60.3,21,0,false,true,false,Low attendance
3194,Naveen Fernando,Male,Physics,72.33,61.79,22,0,false,true,false,Low attendance
6612,Ishara Silva,Male,Computer Science,72.33,62.76,21,0,false,true,false,Low attendance
2773,Annette Sanders,Female,Mathematics,72.34,53.38,18,0,false,true,false,Low attendance
1835,William Costa,Female,Biology,72.34,53.38,22,0,false,true,false,Low attendance
4611,Supun Gunawardena,Male,Biology,72.34,54.38,20,0,false,true,false,Low attendance
5279,Lahiru Dias,Male,Mathematics,72.34,61.75,21,0,false,true,false,Low attendance
6194,Ishani Perera,Female,Mathematics,72.34,63.0,21,0,false,true,false,Low attendance
1773,Ray Brady,Male,Physics,72.35,56.79,19,0,false,true,false,Low attendance
10575,Dilan Senanayake,Male,Biology,72.37,54.4,24,0,false,true,false,Low attendance
2869,Amanda Smith,Female,Biology,72.37,55.26,18,0,false,true,false,Low attendance
5262,Piumi Ekanayake,Female,Biology,72.38,54.96,19,0,false,true,false,Low attendance
1628,Eric Watkins,Female,Computer Science,72.38,57.56,20,0,false,true,false,Low attendance
1705,William Jensen,Male,Computer Science,72.38,61.27,21,0,false,true,false,Low attendance
3497,Dinithi Perera,Female,Physics,72.38,61.57,17,0,false,true,false,Low attendance
9444,Kasun Dias,Male,Physics,72.39,57.61,24,0,false,true,false,Low attendance
9214,Ravindu Silva,Male,Biology,72.39,59.72,22,0,false,true,false,Low attendance
3405,Dinithi Dias,Female,Physics,72.39,60.99,17,0,false,true,false,Low attendance
8714,Chamara Wijesinghe,Male,Physics,72.39,61.2,18,0,false,true,false,Low attendance
9870,Dinithi Ekanayake,Female,Computer Science,72.4,57.06,20,0,false,true,false,Low attendance
4282,Ravindu Ekanayake,Male,Computer Science,72.4,59.78,19,0,false,true,false,Low attendance
4332,Kasun Ekanayake,Male,Mathematics,72.41,56.38,21,0,false,true,false,Low attendance
10450,Naveen Fernando,Male,Biology,72.42,58.16,23,0,false,true,false,Low attendance
5385,Dinithi Peiris,Female,Biology,72.42,58.87,22,0,false,true,false,Low attendance
5736,Dinithi Perera,Female,Computer Science,72.42,62.56,19,0,false,true,false,Low attendance
4634,Kasun Silva,Male,Physics,72.42,63.82,20,0,false,true,false,Low attendance
10424,Sahan Herath,Male,Physics,72.43,62.14,21,0,false,true,false,Low attendance
5994,Hiruni Gunawardena,Female,Physics,72.44,54.41,23,0,false,true,false,Low attendance
5152,Ravindu Peiris,Male,Mathematics,72.44,61.94,17,0,false,true,false,Low attendance
7264,Nadeesha Senanayake,Female,Mathematics,72.44,62.46,19,0,false,true,false,Low attendance
9459,Ayesh Fernando,Male,Computer Science,72.45,55.72,20,0,false,true,false,Low attendance
8750,Piumi Ekanayake,Female,Biology,72.45,59.45,21,0,false,true,false,Low attendance
9322,Nimal Ranatunga,Male,Mathematics,72.45,59.8,18,0,false,true,false,Low attendance
9803,Madhavi Rajapaksha,Female,Computer Science,72.46,53.35,22,0,false,true,false,Low attendance
6365,Ishani Perera,Female,Biology,72.46,58.15,20,0,false,true,false,Low attendance
4018,Kasun Silva,Male,Biology,72.47,59.9,23,0,false,true,false,Low attendance
9797,Tharushi Herath,Female,Biology,72.48,54.22,20,0,false,true,false,Low attendance
10338,Ishara Silva,Male,Mathematics,72.48,54.66,19,0,false,true,false,Low attendance
9389,Shehan Silva,Male,Physics,72.48,56.85,22,0,false,true,false,Low attendance
5938,Dilini Silva,Female,Physics,72.48,60.62,27,0,false,true,false,Low attendance
10109,Kavindi Madushanka,Female,Biology,72.49,55.57,23,0,false,true,false,Low attendance
3521,Sashini Ranatunga,Female,Biology,72.51,52.65,18,0,false,true,false,Low attendance
9335,Amandi Ranatunga,Female,Physics,72.51,53.74,20,0,false,true,false,Low attendance
4271,Piumi Silva,Female,Biology,72.51,55.02,26,0,false,true,false,Low attendance
5776,Sanduni Ranatunga,Female,Computer Science,72.51,57.43,20,0,false,true,false,Low attendance
5881,Supun Fernando,Male,Biology,72.51,57.95,25,0,false,true,false,Low attendance
3589,Dilini Abeysekera,Female,Biology,72.51,58.6,24,0,false,true,false,Low attendance
4990,Ishara Abeysekera,Male,Biology,72.51,59.75,19,0,false,true,false,Low attendance
9202,Madhavi Wijesinghe,Female,Physics,72.51,60.32,18,0,false,true,false,Low attendance
1467,Joshua Huff,Female,Computer Science,72.52,57.94,23,0,false,true,false,Low attendance
6939,Lahiru Herath,Male,Mathematics,72.52,63.45,21,0,false,true,false,Low attendance
5649,Ishara Senanayake,Male,Biology,72.54,52.61,26,0,false,true,false,Low attendance
5556,Ishani Wijesinghe,Female,Computer Science,72.54,54.58,16,0,false,true,false,Low attendance
5886,Kavindi Abeysekera,Female,Biology,72.54,56.2,24,0,false,true,false,Low attendance
5220,Amandi Wijesinghe,Female,Biology,72.54,56.63,20,0,false,true,false,Low attendance
7055,Madhavi Fernando,Female,Computer Science,72.54,57.16,20,0,false,true,false,Low attendance
7031,Naveen Madushanka,Male,Computer Science,72.54,59.59,20,0,false,true,false,Low attendance
3154,Tharushi Jayasinghe,Female,Mathematics,72.54,60.09,17,0,false,true,false,Low attendance
8620,Dinithi Silva,Female,Biology,72.56,55.33,19,0,false,true,false,Low attendance
5057,Amal Gunawardena,Male,Biology,72.56,58.31,23,0,false,true,false,Low attendance
6424,Chamara Peiris,Male,Biology,72.56,61.41,24,0,false,true,false,Low attendance
7976,Amandi Dias,Female,Computer Science,72.56,64.58,16,0,false,true,false,Low attendance
3818,Ishara Peiris,Male,Biology,72.57,55.23,20,0,false,true,false,Low attendance
3611,Ishani Ekanayake,Female,Mathematics,72.57,56.74,21,0,false,true,false,Low attendance
9017,Ishani Abeysekera,Female,Mathematics,72.57,57.48,22,0,false,true,false,Low attendance
2206,Ashley Drake,Male,Biology,72.57,62.69,21,0,false,true,false,Low attendance
7666,Nadeesha Herath,Female,Biology,72.58,54.23,23,0,false,true,false,Low attendance
7527,Shehan Senanayake,Male,Biology,72.58,58.22,20,0,false,true,false,Low attendance
6693,Nimal Jayasinghe,Male,Biology,72.58,60.59,21,0,false,true,false,Low attendance
8170,Ishara Peiris,Male,Biology,72.59,55.49,17,0,false,true,false,Low attendance
1237,Amy Soto,Male,Mathematics,72.59,57.83,19,0,false,true,false,Low attendance
7270,Kavindi Gunawardena,Female,Biology,72.6,50.65,19,0,false,true,false,Low attendance
2132,Barry Garcia,Male,Biology,72.6,56.01,23,0,false,true,false,Low attendance
4343,Dinithi Ekanayake,Female,Computer Science,72.6,57.78,22,0,false,true,false,Low attendance
9592,Nethmi Peiris,Female,Biology,72.61,54.84,20,0,false,true,false,Low attendance
2772,Laura Butler,Female,Biology,72.61,58.23,19,0,false,true,false,Low attendance
3726,Kavindi Ekanayake,Female,Computer Science,72.62,61.39,23,0,false,true,false,Low attendance
1907,Allen Russell,Male,Physics,72.62,64.38,17,0,false,true,false,Low attendance
9981,Nimal Peiris,Male,Computer Science,72.65,51.27,18,0,false,true,false,Low attendance
7829,Sanduni Senanayake,Female,Physics,72.65,61.27,20,0,false,true,false,Low attendance
1453,Robin Ross,Female,Computer Science,72.65,61.69,23,0,false,true,false,Low attendance
3451,Dinithi Ekanayake,Female,Biology,72.65,62.05,21,0,false,true,false,Low attendance
6808,Madhavi Fernando,Female,Computer Science,72.66,54.66,22,0,false,true,false,Low attendance
4432,Supun Ranatunga,Male,Physics,72.66,56.05,18,0,false,true,false,Low attendance
4648,Dilan Abeysekera,Male,Physics,72.66,63.52,21,0,false,true,false,Low attendance
3223,Shehan Abeysekera,Male,Biology,72.67,54.46,25,0,false,true,false,Low attendance
6610,Dinithi Silva,Female,Physics,72.67,61.86,16,0,false,true,false,Low attendance
9747,Rashmi Rajapaksha,Female,Computer Science,72.67,62.14,25,0,false,true,false,Low attendance
8184,Sanduni Madushanka,Female,Mathematics,72.67,62.75,20,0,false,true,false,Low attendance
2739,Renee Maldonado,Male,Physics,72.68,55.59,25,0,false,true,false,Low attendance
3885,Tharindu Wijesinghe,Male,Physics,72.68,57.06,21,0,false,true,false,Low attendance
5337,Dilan Peiris,Male,Biology,72.68,58.03,22,0,false,true,false,Low attendance
6342,Madhavi Ranatunga,Female,Biology,72.68,58.34,18,0,false,true,false,Low attendance
10413,Sanduni Rajapaksha,Female,Mathematics,72.68,59.77,16,0,false,true,false,Low attendance
3272,Kusal Perera,Male,Physics,72.68,59.86,19,0,false,true,false,Low attendance
2704,Felicia Hernandez,Female,Physics,72.69,51.55,20,0,false,true,false,Low attendance
1613,Patrick Page,Female,Biology,72.69,55.6,22,0,false,true,false,Low attendance
8003,Ishara Madushanka,Male,Biology,72.69,56.43,19,0,false,true,false,Low attendance
4804,Tharindu Abeysekera,Male,Computer Science,72.69,60.41,23,0,false,true,false,Low attendance
6643,Nimal Jayasinghe,Male,Mathematics,72.7,50.56,15,0,false,true,false,Low attendance
5463,Sachini Ekanayake,Female,Physics,72.71,55.3,20,0,false,true,false,Low attendance
2431,Mitchell Johnson,Male,Computer Science,72.71,57.32,21,0,false,true,false,Low attendance
9027,Dilan Herath,Male,Computer Science,72.71,61.26,23,0,false,true,false,Low attendance
3508,Sashini Perera,Female,Biology,72.71,63.02,21,0,false,true,false,Low attendance
10754,Naveen Abeysekera,Male,Mathematics,72.72,56.49,20,0,false,true,false,Low attendance
5925,Piumi Senanayake,Female,Biology,72.72,60.24,21,0,false,true,false,Low attendance
7233,Nimal Rajapaksha,Male,Computer Science,72.73,57.49,22,0,false,true,false,Low attendance
7813,Ishani Rajapaksha,Female,Physics,72.73,58.35,22,0,false,true,false,Low attendance
7478,Chamara Gunawardena,Male,Physics,72.74,56.63,20,0,false,true,false,Low attendance
1003,Martha Jones,Male,Computer Science,72.75,53.16,18,0,false,true,false,Low attendance
1030,Wesley Reynolds,Male,Computer Science,72.75,53.95,23,0,false,true,false,Low attendance
6407,Sahan Ranatunga,Male,Biology,72.75,57.2,19,0,false,true,false,Low attendance
8246,Supun Fernando,Male,Mathematics,72.75,60.46,16,0,false,true,false,Low attendance
1310,Kayla Holland,Female,Biology,72.76,57.41,22,0,false,true,false,Low attendance
1740,Mary Cunningham,Male,Biology,72.76,61.2,20,0,false,true,false,Low attendance
3025,Tharindu Ranatunga,Male,Physics,72.76,63.98,21,0,false,true,false,Low attendance
8230,Naveen Dias,Male,Physics,72.77,57.42,20,0,false,true,false,Low attendance
4181,Piumi Silva,Female,Biology,72.77,62.12,20,0,false,true,false,Low attendance
2585,Jim Perez,Female,Physics,72.78,56.17,24,0,false,true,false,Low attendance
4882,Rashmi Peiris,Female,Physics,72.79,61.14,22,0,false,true,false,Low attendance
4915,Kasun Peiris,Male,Computer Science,72.79,62.99,22,0,false,true,false,Low attendance
7896,Ishara Fernando,Male,Physics,72.79,63.73,18,0,false,true,false,Low attendance
8451,Sahan Ekanayake,Male,Mathematics,72.8,55.39,22,0,false,true,false,Low attendance
10583,Sachini Gunawardena,Female,Computer Science,72.8,59.17,24,0,false,true,false,Low attendance
8140,Nadeesha Dias,Female,Computer Science,72.8,61.33,22,0,false,true,false,Low attendance
8322,Sachini Fernando,Female,Computer Science,72.82,47.5,22,0,false,true,false,Low attendance
3442,Naveen Perera,Male,Biology,72.82,56.07,23,0,false,true,false,Low attendance
5714,Rashmi Herath,Female,Biology,72.83,55.75,20,0,false,true,false,Low attendance
2872,Gabriel Riddle,Male,Mathematics,72.83,60.13,17,0,false,true,false,Low attendance
8348,Hiruni Ranatunga,Female,Mathematics,72.84,59.36,26,0,false,true,false,Low attendance
5226,Nethmi Senanayake,Female,Biology,72.84,61.57,23,0,false,true,false,Low attendance
10960,Ishara Ranatunga,Male,Mathematics,72.86,49.11,15,0,false,true,false,Low attendance
3878,Shehan Peiris,Male,Physics,72.86,51.8,19,0,false,true,false,Low attendance
8504,Dinithi Dias,Female,Biology,72.86,53.87,26,0,false,true,false,Low attendance
6277,Amandi Ranatunga,Female,Physics,72.86,54.79,17,0,false,true,false,Low attendance
5806,Sanduni Rajapaksha,Female,Mathematics,72.86,57.22,19,0,false,true,false,Low attendance
8641,Rashmi Perera,Female,Biology,72.86,64.38,19,0,false,true,false,Low attendance
1034,Christine Scott,Male,Biology,72.88,59.97,23,0,false,true,false,Low attendance
10391,Kusal Gunawardena,Male,Biology,72.88,60.48,26,0,false,true,false,Low attendance
10203,Ishani Perera,Female,Mathematics,72.9,56.43,17,0,false,true,false,Low attendance
8164,Naveen Senanayake,Male,Mathematics,72.91,56.96,22,0,false,true,false,Low attendance
1629,Bruce Taylor,Female,Physics,72.91,59.4,24,0,false,true,false,Low attendance
1848,Lori Atkins,Female,Biology,72.91,64.22,23,0,false,true,false,Low attendance
5850,Kasun Wijesinghe,Male,Computer Science,72.92,54.27,22,0,false,true,false,Low attendance
8088,Piumi Rajapaksha,Female,Computer Science,72.93,55.63,19,0,false,true,false,Low attendance
1688,Amanda Buchanan,Male,Mathematics,72.94,55.79,24,0,false,true,false,Low attendance
10055,Hiruni Abeysekera,Female,Mathematics,72.94,60.24,22,0,false,true,false,Low attendance
1950,Brittany Nelson,Female,Physics,72.94,62.02,23,0,false,true,false,Low attendance
6083,Nimal Fernando,Male,Mathematics,72.94,63.29,20,0,false,true,false,Low attendance
8578,Madhavi Gunawardena,Female,Physics,72.95,57.27,22,0,false,true,false,Low attendance
5803,Kasun Senanayake,Male,Biology,72.95,61.72,21,0,false,true,false,Low attendance
7383,Kasun Madushanka,Male,Physics,72.96,58.24,19,0,false,true,false,Low attendance
10303,Dilini Fernando,Female,Computer Science,72.96,59.79,23,0,false,true,false,Low attendance
4568,Naveen Silva,Male,Mathematics,72.96,59.82,22,0,false,true,false,Low attendance
7816,Kasun Senanayake,Male,Biology,72.97,55.26,22,0,false,true,false,Low attendance
1990,Adam Smith,Male,Mathematics,72.97,55.5,21,0,false,true,false,Low attendance
10852,Chamara Perera,Male,Computer Science,72.98,47.58,17,0,false,true,false,Low attendance
5446,Ravindu Ranatunga,Male,Physics,72.98,53.45,15,0,false,true,false,Low attendance
6627,Dinithi Fernando,Female,Physics,72.98,55.96,24,0,false,true,false,Low attendance
2903,Jacqueline Smith,Female,Biology,72.98,56.37,20,0,false,true,false,Low attendance
8626,Sachini Gunawardena,Female,Physics,72.98,58.79,20,0,false,true,false,Low attendance
9465,Ishara Gunawardena,Male,Biology,72.98,61.55,20,0,false,true,false,Low attendance
7525,Ravindu Fernando,Male,Mathematics,72.98,62.04,22,0,false,true,false,Low attendance
6821,Kasun Herath,Male,Physics,72.99,54.68,19,0,false,true,false,Low attendance
3206,Piumi Madushanka,Female,Computer Science,72.99,55.68,21,0,false,true,false,Low attendance
7390,Sashini Fernando,Female,Computer Science,72.99,58.79,22,0,false,true,false,Low attendance
9260,Nimal Gunawardena,Male,Mathematics,72.99,59.15,22,0,false,true,false,Low attendance
2571,James Hamilton,Male,Mathematics,72.99,59.99,20,0,false,true,false,Low attendance
2823,Jennifer Pearson,Female,Physics,72.99,61.93,23,0,false,true,false,Low attendance
10185,Sahan Herath,Male,Physics,72.99,63.91,22,0,false,true,false,Low attendance
5961,Ishara Jayasinghe,Male,Mathematics,73.0,53.15,20,0,false,true,false,Low attendance
7583,Ishara Abeysekera,Male,Mathematics,73.0,57.29,18,0,false,true,false,Low attendance
7634,Sanduni Silva,Female,Mathematics,73.0,63.03,24,0,false,true,false,Low attendance
9176,Hiruni Ranatunga,Female,Physics,73.01,51.95,23,0,false,true,false,Low attendance
10164,Piumi Dias,Female,Physics,73.01,57.57,20,0,false,true,false,Low attendance
9834,Kusal Gunawardena,Male,Mathematics,73.01,58.19,21,0,false,true,false,Low attendance
5420,Nethmi Dias,Female,Computer Science,73.01,59.98,20,0,false,true,false,Low attendance
6832,Naveen Jayasinghe,Male,Computer Science,73.02,52.36,22,0,false,true,false,Low attendance
5312,Amandi Ekanayake,Female,Biology,73.02,61.48,22,0,false,true,false,Low attendance
2265,Sally Thompson,Female,Biology,73.03,58.28,18,0,false,true,false,Low attendance
3585,Amandi Wijesinghe,Female,Physics,73.03,58.92,16,0,false,true,false,Low attendance
2001,Jill Perez,Female,Physics,73.03,62.39,20,0,false,true,false,Low attendance
9368,Nimal Peiris,Male,Biology,73.03,62.98,22,0,false,true,false,Low attendance
2074,Jennifer Miller,Female,Computer Science,73.04,54.93,21,0,false,true,false,Low attendance
5746,Tharindu Madushanka,Male,Physics,73.04,58.88,19,0,false,true,false,Low attendance
6062,Sashini Silva,Female,Biology,73.04,60.02,19,0,false,true,false,Low attendance
5065,Dilan Madushanka,Male,Mathematics,73.05,54.07,22,0,false,true,false,Low attendance
10770,Chamara Fernando,Male,Biology,73.05,54.99,24,0,false,true,false,Low attendance
5249,Shehan Peiris,Male,Mathematics,73.05,57.12,21,0,false,true,false,Low attendance
9527,Ishara Gunawardena,Male,Computer Science,73.05,57.49,20,0,false,true,false,Low attendance
7107,Sanduni Fernando,Female,Physics,73.05,59.86,20,0,false,true,false,Low attendance
3932,Sanduni Herath,Female,Mathematics,73.06,54.04,21,0,false,true,false,Low attendance
3134,Kavindi Fernando,Female,Physics,73.06,54.39,20,0,false,true,false,Low attendance
5042,Shehan Silva,Male,Physics,73.06,57.32,21,0,false,true,false,Low attendance
4202,Tharindu Wijesinghe,Male,Computer Science,73.06,59.49,24,0,false,true,false,Low attendance
7925,Dilan Fernando,Male,Computer Science,73.07,52.56,18,0,false,true,false,Low attendance
1414,Laura Lewis,Female,Computer Science,73.07,58.77,25,0,false,true,false,Low attendance
7641,Kasun Gunawardena,Male,Biology,73.07,59.85,21,0,false,true,false,Low attendance
3564,Dilini Perera,Female,Physics,73.07,60.09,16,0,false,true,false,Low attendance
9215,Nethmi Gunawardena,Female,Physics,73.08,56.97,21,0,false,true,false,Low attendance
7086,Hiruni Ekanayake,Female,Physics,73.08,59.82,20,0,false,true,false,Low attendance
3711,Sashini Senanayake,Female,Physics,73.09,53.49,22,0,false,true,false,Low attendance
4283,Madhavi Perera,Female,Biology,73.09,55.7,22,0,false,true,false,Low attendance
8727,Ayesh Peiris,Male,Computer Science,73.1,57.36,20,0,false,true,false,Low attendance
9957,Kusal Ranatunga,Male,Biology,73.1,59.48,23,0,false,true,false,Low attendance
10636,Dinithi Gunawardena,Female,Mathematics,73.1,60.01,15,0,false,true,false,Low attendance
7765,Kasun Abeysekera,Male,Physics,73.11,55.44,19,0,false,true,false,Low attendance
4949,Amandi Fernando,Female,Computer Science,73.11,59.71,18,0,false,true,false,Low attendance
2850,Joseph Bennett,Male,Biology,73.11,60.68,20,0,false,true,false,Low attendance
3245,Ayesh Herath,Male,Biology,73.12,54.53,20,0,false,true,false,Low attendance
4006,Chamara Rajapaksha,Male,Biology,73.12,60.22,26,0,false,true,false,Low attendance
8369,Piumi Herath,Female,Computer Science,73.13,54.17,21,0,false,true,false,Low attendance
7165,Sanduni Silva,Female,Biology,73.13,54.17,22,0,false,true,false,Low attendance
1579,Jeffrey Lara,Male,Biology,73.13,54.86,19,0,false,true,false,Low attendance
10827,Dilan Ranatunga,Male,Computer Science,73.13,55.92,21,0,false,true,false,Low attendance
2879,Kevin Bishop,Female,Biology,73.14,52.65,22,0,false,true,false,Low attendance
6948,Chamara Dias,Male,Biology,73.14,55.46,20,0,false,true,false,Low attendance
7442,Kusal Wijesinghe,Male,Physics,73.15,54.46,20,0,false,true,false,Low attendance
6447,Kavindi Rajapaksha,Female,Physics,73.15,61.26,22,0,false,true,false,Low attendance
3241,Kasun Peiris,Male,Mathematics,73.15,62.91,19,0,false,true,false,Low attendance
1380,David Hill,Male,Biology,73.16,64.36,20,0,false,true,false,Low attendance
3091,Kasun Ekanayake,Male,Mathematics,73.17,54.1,22,0,false,true,false,Low attendance
9928,Ishara Gunawardena,Male,Physics,73.17,56.42,23,0,false,true,false,Low attendance
6021,Kasun Fernando,Male,Computer Science,73.17,61.58,21,0,false,true,false,Low attendance
1304,Robert Scott,Female,Physics,73.18,53.9,16,0,false,true,false,Low attendance
3327,Nethmi Gunawardena,Female,Physics,73.18,57.58,21,0,false,true,false,Low attendance
9864,Kavindi Wijesinghe,Female,Mathematics,73.18,59.01,17,0,false,true,false,Low attendance
9777,Sahan Herath,Male,Computer Science,73.18,59.95,20,0,false,true,false,Low attendance
2308,Stephen Fowler,Male,Computer Science,73.19,54.78,25,0,false,true,false,Low attendance
3313,Sachini Perera,Female,Mathematics,73.19,54.82,20,0,false,true,false,Low attendance
8454,Chamara Senanayake,Male,Mathematics,73.19,58.34,20,0,false,true,false,Low attendance
9328,Shehan Madushanka,Male,Computer Science,73.2,50.81,24,0,false,true,false,Low attendance
4133,Nadeesha Ranatunga,Female,Biology,73.2,53.75,21,0,false,true,false,Low attendance
6829,Dilan Rajapaksha,Male,Mathematics,73.2,55.61,13,0,false,true,false,Low attendance
8091,Tharushi Ranatunga,Female,Biology,73.2,55.93,19,0,false,true,false,Low attendance
9589,Sahan Perera,Male,Physics,73.21,53.14,22,0,false,true,false,Low attendance
2742,Jill Walker,Female,Mathematics,73.22,59.79,17,0,false,true,false,Low attendance
1905,Laura Guerrero,Female,Physics,73.22,60.18,20,0,false,true,false,Low attendance
3820,Nadeesha Fernando,Female,Biology,73.23,53.74,21,0,false,true,false,Low attendance
1811,Courtney Carrillo,Female,Computer Science,73.23,59.86,25,0,false,true,false,Low attendance
1492,Daniel Rivera,Male,Biology,73.24,56.16,24,0,false,true,false,Low attendance
1712,Terri Rodriguez,Female,Biology,73.24,60.15,21,0,false,true,false,Low attendance
6562,Tharindu Herath,Male,Physics,73.25,61.35,22,0,false,true,false,Low attendance
8215,Dilan Gunawardena,Male,Physics,73.26,51.94,24,0,false,true,false,Low attendance
1158,Kimberly Rogers,Male,Biology,73.26,54.16,20,0,false,true,false,Low attendance
2661,John Ramsey,Female,Computer Science,73.26,55.62,19,0,false,true,false,Low attendance
2792,Ronald Durham,Female,Mathematics,73.26,60.14,19,0,false,true,false,Low attendance
5319,Sachini Jayasinghe,Female,Biology,73.26,61.55,25,0,false,true,false,Low attendance
5093,Amal Ranatunga,Male,Physics,73.27,50.93,19,0,false,true,false,Low attendance
5100,Chamara Madushanka,Male,Physics,73.27,53.27,17,0,false,true,false,Low attendance
8276,Naveen Herath,Male,Physics,73.27,53.63,23,0,false,true,false,Low attendance
4464,Kavindi Gunawardena,Female,Mathematics,73.27,61.3,23,0,false,true,false,Low attendance
9861,Nethmi Dias,Female,Computer Science,73.28,54.4,24,0,false,true,false,Low attendance
9142,Piumi Silva,Female,Computer Science,73.28,58.0,25,0,false,true,false,Low attendance
7089,Sahan Rajapaksha,Male,Mathematics,73.28,58.34,21,0,false,true,false,Low attendance
10060,Sanduni Silva,Female,Physics,73.29,59.16,21,0,false,true,false,Low attendance
6584,Dilini Gunawardena,Female,Computer Science,73.29,60.29,24,0,false,true,false,Low attendance
1020,Sharon Schmidt,Male,Biology,73.3,58.96,20,0,false,true,false,Low attendance
3529,Kavindi Abeysekera,Female,Computer Science,73.3,59.65,18,0,false,true,false,Low attendance
8834,Ishara Wijesinghe,Male,Physics,73.31,59.78,20,0,false,true,false,Low attendance
5570,Shehan Senanayake,Male,Computer Science,73.31,61.64,19,0,false,true,false,Low attendance
9796,Hiruni Silva,Female,Physics,73.32,54.95,17,0,false,true,false,Low attendance
6395,Kavindi Jayasinghe,Female,Biology,73.32,56.24,20,0,false,true,false,Low attendance
9171,Kavindi Dias,Female,Physics,73.33,57.85,18,0,false,true,false,Low attendance
4929,Naveen Jayasinghe,Male,Mathematics,73.33,60.49,22,0,false,true,false,Low attendance
3235,Madhavi Ranatunga,Female,Biology,73.33,61.23,21,0,false,true,false,Low attendance
6526,Dilan Ranatunga,Male,Biology,73.33,62.42,25,0,false,true,false,Low attendance
1290,Benjamin Hamilton,Female,Mathematics,73.34,60.06,22,0,false,true,false,Low attendance
2209,Alicia Ball,Female,Computer Science,73.35,57.26,20,0,false,true,false,Low attendance
3973,Chamara Fernando,Male,Biology,73.37,51.73,20,0,false,true,false,Low attendance
1333,Brittany Ingram,Female,Mathematics,73.37,60.31,22,0,false,true,false,Low attendance
8284,Chamara Wijesinghe,Male,Physics,73.37,62.39,20,0,false,true,false,Low attendance
5681,Ishani Wijesinghe,Female,Mathematics,73.38,53.34,20,0,false,true,false,Low attendance
10143,Chamara Senanayake,Male,Computer Science,73.38,61.71,22,0,false,true,false,Low attendance
9334,Dinithi Herath,Female,Computer Science,73.39,56.31,21,0,false,true,false,Low attendance
10689,Dilini Jayasinghe,Female,Biology,73.39,57.32,19,0,false,true,false,Low attendance
2365,James Velasquez,Male,Biology,73.39,57.81,20,0,false,true,false,Low attendance
10349,Dilan Madushanka,Male,Computer Science,73.39,59.0,21,0,false,true,false,Low attendance
8126,Ishara Wijesinghe,Male,Biology,73.39,63.85,18,0,false,true,false,Low attendance
2592,Kristine Hall,Male,Mathematics,73.4,53.67,23,0,false,true,false,Low attendance
9406,Piumi Rajapaksha,Female,Mathematics,73.4,54.06,20,0,false,true,false,Low attendance
6436,Sanduni Peiris,Female,Mathematics,73.4,61.73,16,0,false,true,false,Low attendance
4086,Amal Ekanayake,Male,Computer Science,73.41,57.93,22,0,false,true,false,Low attendance
4412,Amal Madushanka,Male,Biology,73.41,61.41,24,0,false,true,false,Low attendance
7978,Chamara Perera,Male,Computer Science,73.41,62.56,21,0,false,true,false,Low attendance
8154,Kavindi Wijesinghe,Female,Biology,73.41,64.82,23,0,false,true,false,Low attendance
6421,Lahiru Wijesinghe,Male,Biology,73.43,57.36,21,0,false,true,false,Low attendance
4248,Shehan Rajapaksha,Male,Computer Science,73.44,57.02,21,0,false,true,false,Low attendance
6344,Dilan Jayasinghe,Male,Computer Science,73.45,50.81,21,0,false,true,false,Low attendance
4897,Sashini Peiris,Female,Biology,73.45,53.49,21,0,false,true,false,Low attendance
8162,Amal Ekanayake,Male,Biology,73.45,58.06,21,0,false,true,false,Low attendance
2340,Andrew George,Male,Mathematics,73.45,59.88,18,0,false,true,false,Low attendance
2478,Sonia Hartman,Male,Physics,73.46,54.79,20,0,false,true,false,Low attendance
8099,Sahan Fernando,Male,Physics,73.47,53.96,20,0,false,true,false,Low attendance
8615,Lahiru Herath,Male,Mathematics,73.47,54.18,22,0,false,true,false,Low attendance
7774,Tharushi Wijesinghe,Female,Computer Science,73.47,55.96,19,0,false,true,false,Low attendance
4848,Nethmi Fernando,Female,Computer Science,73.47,56.07,19,0,false,true,false,Low attendance
3758,Sanduni Ekanayake,Female,Physics,73.47,64.19,19,0,false,true,false,Low attendance
6446,Dilan Rajapaksha,Male,Computer Science,73.48,55.26,21,0,false,true,false,Low attendance
6439,Tharindu Peiris,Male,Biology,73.48,55.75,22,0,false,true,false,Low attendance
9551,Nethmi Madushanka,Female,Biology,73.48,58.4,17,0,false,true,false,Low attendance
6051,Amal Rajapaksha,Male,Biology,73.48,58.46,24,0,false,true,false,Low attendance
9476,Lahiru Ranatunga,Male,Biology,73.48,61.31,24,0,false,true,false,Low attendance
10746,Ayesh Silva,Male,Biology,73.48,61.96,26,0,false,true,false,Low attendance
7637,Kusal Dias,Male,Computer Science,73.48,62.21,18,0,false,true,false,Low attendance
7044,Shehan Dias,Male,Computer Science,73.49,49.75,23,0,false,true,false,Low attendance
5910,Hiruni Ekanayake,Female,Biology,73.49,62.06,21,0,false,true,false,Low attendance
10839,Naveen Herath,Male,Mathematics,73.5,56.7,20,0,false,true,false,Low attendance
5486,Rashmi Perera,Female,Mathematics,73.5,59.61,18,0,false,true,false,Low attendance
3011,Ravindu Ranatunga,Male,Physics,73.5,62.11,20,0,false,true,false,Low attendance
10938,Chamara Fernando,Male,Mathematics,73.51,56.96,21,0,false,true,false,Low attendance
4742,Madhavi Wijesinghe,Female,Physics,73.51,57.04,23,0,false,true,false,Low attendance
9800,Rashmi Madushanka,Female,Physics,73.51,57.15,21,0,false,true,false,Low attendance
6637,Nimal Perera,Male,Physics,73.51,61.0,20,0,false,true,false,Low attendance
9603,Amandi Perera,Female,Mathematics,73.52,55.38,22,0,false,true,false,Low attendance
6579,Sashini Senanayake,Female,Physics,73.52,56.0,24,0,false,true,false,Low attendance
5157,Dinithi Abeysekera,Female,Computer Science,73.52,56.13,22,0,false,true,false,Low attendance
4486,Dilan Silva,Male,Computer Science,73.53,53.16,23,0,false,true,false,Low attendance
7353,Tharushi Abeysekera,Female,Physics,73.53,57.65,21,0,false,true,false,Low attendance
2740,Stephanie Harris,Female,Computer Science,73.53,62.16,20,0,false,true,false,Low attendance
8963,Tharindu Jayasinghe,Male,Computer Science,73.54,57.13,17,0,false,true,false,Low attendance
4539,Shehan Wijesinghe,Male,Mathematics,73.55,56.08,16,0,false,true,false,Low attendance
2844,Tamara Moon,Female,Biology,73.55,57.0,24,0,false,true,false,Low attendance
5997,Nethmi Dias,Female,Computer Science,73.55,59.13,18,0,false,true,false,Low attendance
7511,Tharushi Dias,Female,Computer Science,73.56,53.75,20,0,false,true,false,Low attendance
8657,Nimal Peiris,Male,Physics,73.56,59.0,25,0,false,true,false,Low attendance
3087,Chamara Gunawardena,Male,Physics,73.56,59.45,17,0,false,true,false,Low attendance
2757,Paul Huang,Male,Mathematics,73.57,51.23,21,0,false,true,false,Low attendance
3714,Naveen Silva,Male,Computer Science,73.57,51.85,20,0,false,true,false,Low attendance
6583,Dilini Fernando,Female,Mathematics,73.57,54.13,18,0,false,true,false,Low attendance
9857,Shehan Silva,Male,Biology,73.57,58.06,19,0,false,true,false,Low attendance
1567,Jesse Wells,Male,Physics,73.57,58.73,22,0,false,true,false,Low attendance
1236,Patrick Lara,Female,Physics,73.58,58.24,19,0,false,true,false,Low attendance
10802,Sachini Ranatunga,Female,Biology,73.58,59.25,25,0,false,true,false,Low attendance
7587,Kasun Abeysekera,Male,Biology,73.58,59.48,23,0,false,true,false,Low attendance
7864,Sashini Herath,Female,Biology,73.58,63.18,20,0,false,true,false,Low attendance
6024,Kusal Dias,Male,Computer Science,73.59,52.04,27,0,false,true,false,Low attendance
10564,Kavindi Dias,Female,Mathematics,73.59,56.46,21,0,false,true,false,Low attendance
7050,Amandi Abeysekera,Female,Biology,73.59,56.5,23,0,false,true,false,Low attendance
1140,Duane Adkins,Male,Computer Science,73.59,57.52,18,0,false,true,false,Low attendance
6591,Madhavi Wijesinghe,Female,Physics,73.59,58.55,19,0,false,true,false,Low attendance
9896,Sahan Madushanka,Male,Physics,73.59,59.57,21,0,false,true,false,Low attendance
10212,Sanduni Rajapaksha,Female,Mathematics,73.59,59.8,20,0,false,true,false,Low attendance
10262,Madhavi Rajapaksha,Female,Mathematics,73.59,60.18,20,0,false,true,false,Low attendance
4991,Sanduni Senanayake,Female,Mathematics,73.6,53.94,20,0,false,true,false,Low attendance
8922,Amandi Senanayake,Female,Physics,73.61,52.53,15,0,false,true,false,Low attendance
8190,Ravindu Wijesinghe,Male,Mathematics,73.61,59.01,20,0,false,true,false,Low attendance
5015,Nimal Fernando,Male,Physics,73.61,63.49,22,0,false,true,false,Low attendance
7676,Piumi Dias,Female,Computer Science,73.62,54.12,20,0,false,true,false,Low attendance
5812,Dinithi Madushanka,Female,Physics,73.62,56.1,17,0,false,true,false,Low attendance
7590,Nethmi Senanayake,Female,Biology,73.62,57.77,24,0,false,true,false,Low attendance
7135,Tharushi Herath,Female,Biology,73.62,60.3,23,0,false,true,false,Low attendance
7744,Piumi Silva,Female,Biology,73.62,60.74,20,0,false,true,false,Low attendance
9504,Sahan Peiris,Male,Physics,73.63,55.51,19,0,false,true,false,Low attendance
2853,Connie Hicks,Female,Mathematics,73.63,57.98,21,0,false,true,false,Low attendance
5205,Ayesh Dias,Male,Computer Science,73.63,61.85,22,0,false,true,false,Low attendance
2415,Wayne Kramer,Female,Biology,73.63,63.49,20,0,false,true,false,Low attendance
3761,Nimal Gunawardena,Male,Physics,73.64,56.04,21,0,false,true,false,Low attendance
8132,Nimal Jayasinghe,Male,Computer Science,73.64,57.79,22,0,false,true,false,Low attendance
6341,Piumi Wijesinghe,Female,Physics,73.64,57.86,22,0,false,true,false,Low attendance
10375,Dilan Dias,Male,Physics,73.64,61.94,22,0,false,true,false,Low attendance
8194,Sashini Abeysekera,Female,Biology,73.66,57.77,25,0,false,true,false,Low attendance
3684,Ravindu Ekanayake,Male,Biology,73.66,58.59,21,0,false,true,false,Low attendance
10712,Kusal Madushanka,Male,Biology,73.66,58.91,19,0,false,true,false,Low attendance
1619,Ryan Owens,Male,Physics,73.66,61.35,16,0,false,true,false,Low attendance
2953,Matthew Rodriguez,Male,Biology,73.66,61.58,20,0,false,true,false,Low attendance
8855,Hiruni Abeysekera,Female,Computer Science,73.67,52.81,20,0,false,true,false,Low attendance
3363,Amandi Herath,Female,Mathematics,73.67,56.08,19,0,false,true,false,Low attendance
1850,Nicholas Hunter,Female,Biology,73.67,57.9,20,0,false,true,false,Low attendance
2035,Emily Moran,Male,Physics,73.67,60.57,21,0,false,true,false,Low attendance
10044,Naveen Ekanayake,Male,Mathematics,73.67,62.5,21,0,false,true,false,Low attendance
9246,Tharushi Rajapaksha,Female,Physics,73.67,64.35,20,0,false,true,false,Low attendance
8996,Madhavi Madushanka,Female,Computer Science,73.68,56.11,24,0,false,true,false,Low attendance
8045,Piumi Madushanka,Female,Biology,73.68,59.46,22,0,false,true,false,Low attendance
6777,Sachini Jayasinghe,Female,Physics,73.68,59.91,17,0,false,true,false,Low attendance
1860,Shawn Gutierrez,Male,Computer Science,73.68,64.91,22,0,false,true,false,Low attendance
1916,Maria Roach,Female,Computer Science,73.69,57.93,24,0,false,true,false,Low attendance
3977,Ishani Rajapaksha,Female,Biology,73.69,59.71,20,0,false,true,false,Low attendance
4002,Shehan Fernando,Male,Computer Science,73.7,54.19,23,0,false,true,false,Low attendance
4123,Tharushi Abeysekera,Female,Computer Science,73.7,55.84,20,0,false,true,false,Low attendance
2229,Jennifer Duarte,Female,Biology,73.7,56.31,24,0,false,true,false,Low attendance
3172,Lahiru Wijesinghe,Male,Biology,73.7,60.48,18,0,false,true,false,Low attendance
6367,Ravindu Perera,Male,Physics,73.7,62.28,19,0,false,true,false,Low attendance
9673,Amal Dias,Male,Biology,73.71,54.79,18,0,false,true,false,Low attendance
10259,Ishara Wijesinghe,Male,Biology,73.71,58.96,24,0,false,true,false,Low attendance
10691,Dilan Ranatunga,Male,Mathematics,73.71,60.07,23,0,false,true,false,Low attendance
5566,Ravindu Gunawardena,Male,Physics,73.71,61.19,23,0,false,true,false,Low attendance
2682,Wanda Jones,Female,Biology,73.71,62.35,21,0,false,true,false,Low attendance
1299,Steven Zavala,Female,Physics,73.72,55.79,23,0,false,true,false,Low attendance
5287,Sahan Madushanka,Male,Biology,73.72,56.9,20,0,false,true,false,Low attendance
8781,Dinithi Wijesinghe,Female,Mathematics,73.72,59.73,22,0,false,true,false,Low attendance
5797,Sahan Jayasinghe,Male,Biology,73.72,61.48,21,0,false,true,false,Low attendance
7300,Kasun Silva,Male,Mathematics,73.72,62.26,19,0,false,true,false,Low attendance
9542,Tharushi Peiris,Female,Mathematics,73.73,53.71,19,0,false,true,false,Low attendance
8325,Tharindu Rajapaksha,Male,Mathematics,73.73,55.49,22,0,false,true,false,Low attendance
9243,Sachini Ranatunga,Female,Biology,73.74,54.11,25,0,false,true,false,Low attendance
9624,Lahiru Senanayake,Male,Biology,73.74,55.08,20,0,false,true,false,Low attendance
8401,Chamara Wijesinghe,Male,Biology,73.74,59.66,17,0,false,true,false,Low attendance
3591,Chamara Senanayake,Male,Computer Science,73.74,59.7,17,0,false,true,false,Low attendance
3831,Tharushi Ekanayake,Female,Computer Science,73.75,56.69,20,0,false,true,false,Low attendance
8849,Nethmi Fernando,Female,Computer Science,73.75,59.14,20,0,false,true,false,Low attendance
3036,Dilan Madushanka,Male,Biology,73.75,59.88,19,0,false,true,false,Low attendance
2460,Blake David,Male,Mathematics,73.76,58.24,22,0,false,true,false,Low attendance
4930,Sashini Madushanka,Female,Biology,73.76,59.92,21,0,false,true,false,Low attendance
8542,Lahiru Fernando,Male,Computer Science,73.76,61.28,18,0,false,true,false,Low attendance
4017,Amandi Fernando,Female,Physics,73.76,61.49,22,0,false,true,false,Low attendance
7253,Nadeesha Wijesinghe,Female,Mathematics,73.77,58.78,17,0,false,true,false,Low attendance
5063,Dinithi Senanayake,Female,Biology,73.77,63.41,20,0,false,true,false,Low attendance
2364,Christopher Soto,Male,Computer Science,73.78,56.28,21,0,false,true,false,Low attendance
7688,Nimal Fernando,Male,Biology,73.78,56.84,19,0,false,true,false,Low attendance
2985,Bryce Campbell,Male,Mathematics,73.78,61.0,17,0,false,true,false,Low attendance
8207,Sanduni Rajapaksha,Female,Physics,73.79,56.41,24,0,false,true,false,Low attendance
1685,Erin Sanchez,Male,Computer Science,73.79,61.4,20,0,false,true,false,Low attendance
4311,Tharushi Senanayake,Female,Mathematics,73.8,52.79,20,0,false,true,false,Low attendance
10513,Nethmi Wijesinghe,Female,Physics,73.8,55.52,21,0,false,true,false,Low attendance
3110,Sahan Silva,Male,Mathematics,73.8,60.32,20,0,false,true,false,Low attendance
10023,Shehan Madushanka,Male,Mathematics,73.8,61.13,18,0,false,true,false,Low attendance
9394,Madhavi Senanayake,Female,Physics,73.82,60.27,22,0,false,true,false,Low attendance
1477,Drew Johnson,Female,Computer Science,73.82,62.42,22,0,false,true,false,Low attendance
6012,Piumi Silva,Female,Computer Science,73.82,62.57,20,0,false,true,false,Low attendance
6417,Hiruni Dias,Female,Physics,73.83,57.54,24,0,false,true,false,Low attendance
8109,Tharushi Senanayake,Female,Physics,73.83,59.28,23,0,false,true,false,Low attendance
7704,Sashini Madushanka,Female,Computer Science,73.83,59.83,20,0,false,true,false,Low attendance
1123,Danielle Morris,Female,Biology,73.83,60.66,18,0,false,true,false,Low attendance
6548,Ravindu Gunawardena,Male,Mathematics,73.83,63.37,21,0,false,true,false,Low attendance
8320,Kavindi Senanayake,Female,Computer Science,73.84,56.37,20,0,false,true,false,Low attendance
10708,Dilan Rajapaksha,Male,Mathematics,73.84,57.55,19,0,false,true,false,Low attendance
6392,Nethmi Jayasinghe,Female,Physics,73.84,61.61,23,0,false,true,false,Low attendance
2337,Douglas Bryant,Male,Physics,73.85,51.29,21,0,false,true,false,Low attendance
10601,Nadeesha Fernando,Female,Mathematics,73.85,53.47,19,0,false,true,false,Low attendance
5436,Sanduni Gunawardena,Female,Physics,73.85,54.33,22,0,false,true,false,Low attendance
4276,Dilini Ekanayake,Female,Biology,73.85,55.66,24,0,false,true,false,Low attendance
6726,Ishani Ekanayake,Female,Computer Science,73.85,58.15,26,0,false,true,false,Low attendance
8083,Chamara Peiris,Male,Computer Science,73.85,58.28,23,0,false,true,false,Low attendance
7776,Piumi Madushanka,Female,Biology,73.85,59.09,24,0,false,true,false,Low attendance
2602,Jonathan Anderson,Female,Biology,73.85,62.64,19,0,false,true,false,Low attendance
10327,Nimal Rajapaksha,Male,Biology,73.85,62.98,23,0,false,true,false,Low attendance
4992,Supun Madushanka,Male,Computer Science,73.85,64.06,17,0,false,true,false,Low attendance
3007,Madhavi Fernando,Female,Physics,73.86,54.04,21,0,false,true,false,Low attendance
9188,Shehan Perera,Male,Physics,73.86,59.22,23,0,false,true,false,Low attendance
9754,Amal Senanayake,Male,Computer Science,73.87,60.59,19,0,false,true,false,Low attendance
8486,Piumi Perera,Female,Physics,73.87,63.39,21,0,false,true,false,Low attendance
10452,Nethmi Herath,Female,Computer Science,73.88,55.21,19,0,false,true,false,Low attendance
4475,Dilan Ekanayake,Male,Mathematics,73.88,58.56,22,0,false,true,false,Low attendance
2369,Kristin Martinez,Male,Physics,73.88,60.82,19,0,false,true,false,Low attendance
5775,Ishani Abeysekera,Female,Mathematics,73.89,60.13,22,0,false,true,false,Low attendance
10598,Nimal Wijesinghe,Male,Computer Science,73.89,61.26,18,0,false,true,false,Low attendance
7174,Kusal Gunawardena,Male,Mathematics,73.89,61.86,21,0,false,true,false,Low attendance
5739,Ravindu Madushanka,Male,Biology,73.89,63.51,18,0,false,true,false,Low attendance
8327,Nimal Rajapaksha,Male,Mathematics,73.9,50.74,20,0,false,true,false,Low attendance
10857,Kavindi Dias,Female,Biology,73.9,61.08,22,0,false,true,false,Low attendance
9408,Piumi Perera,Female,Physics,73.9,62.94,21,0,false,true,false,Low attendance
9191,Sahan Jayasinghe,Male,Physics,73.91,53.61,21,0,false,true,false,Low attendance
2141,Kaitlyn Castillo,Female,Physics,73.91,59.98,25,0,false,true,false,Low attendance
8329,Supun Peiris,Male,Mathematics,73.92,57.26,21,0,false,true,false,Low attendance
4222,Nimal Senanayake,Male,Computer Science,73.92,57.88,20,0,false,true,false,Low attendance
10367,Chamara Gunawardena,Male,Physics,73.92,61.74,22,0,false,true,false,Low attendance
9510,Supun Rajapaksha,Male,Biology,73.93,55.8,22,0,false,true,false,Low attendance
8048,Ravindu Gunawardena,Male,Physics,73.93,61.1,22,0,false,true,false,Low attendance
7220,Ishara Peiris,Male,Physics,73.94,46.44,18,0,false,true,false,Low attendance
2439,Diana Turner,Female,Biology,73.94,57.21,23,0,false,true,false,Low attendance
4728,Amandi Jayasinghe,Female,Mathematics,73.94,58.92,17,0,false,true,false,Low attendance
3118,Ishani Abeysekera,Female,Physics,73.94,59.05,20,0,false,true,false,Low attendance
10229,Kusal Abeysekera,Male,Mathematics,73.95,58.55,21,0,false,true,false,Low attendance
5890,Sanduni Herath,Female,Computer Science,73.95,58.94,23,0,false,true,false,Low attendance
3350,Tharindu Perera,Male,Computer Science,73.95,60.74,22,0,false,true,false,Low attendance
5586,Dilini Jayasinghe,Female,Physics,73.95,61.8,18,0,false,true,false,Low attendance
6723,Tharindu Senanayake,Male,Computer Science,73.96,59.09,18,0,false,true,false,Low attendance
10721,Dinithi Rajapaksha,Female,Biology,73.96,60.07,22,0,false,true,false,Low attendance
2648,Christopher Stein,Female,Computer Science,73.96,61.82,21,0,false,true,false,Low attendance
10945,Nimal Madushanka,Male,Biology,73.97,55.08,18,0,false,true,false,Low attendance
7639,Dilan Peiris,Male,Mathematics,73.97,61.85,20,0,false,true,false,Low attendance
9162,Hiruni Fernando,Female,Physics,73.97,63.01,18,0,false,true,false,Low attendance
4784,Nadeesha Ranatunga,Female,Biology,73.98,54.76,16,0,false,true,false,Low attendance
3713,Sachini Ekanayake,Female,Biology,73.99,50.69,21,0,false,true,false,Low attendance
6390,Ravindu Fernando,Male,Biology,73.99,54.44,22,0,false,true,false,Low attendance
7519,Sahan Senanayake,Male,Computer Science,74.0,50.9,21,0,false,true,false,Low attendance
1941,Joshua Oneill,Male,Physics,74.0,54.18,18,0,false,true,false,Low attendance
8419,Naveen Madushanka,Male,Biology,74.0,56.07,22,0,false,true,false,Low attendance
3671,Kusal Abeysekera,Male,Mathematics,74.0,61.79,22,0,false,true,false,Low attendance
2017,Courtney Hunter,Female,Biology,74.0,64.18,20,0,false,true,false,Low attendance
6426,Supun Jayasinghe,Male,Physics,74.01,56.46,22,0,false,true,false,Low attendance
4274,Tharushi Peiris,Female,Physics,74.01,56.82,24,0,false,true,false,Low attendance
5610,Madhavi Abeysekera,Female,Mathematics,74.01,58.38,22,0,false,true,false,Low attendance
1716,Richard Ward,Male,Physics,74.01,62.23,22,0,false,true,false,Low attendance
9802,Nadeesha Wijesinghe,Female,Biology,74.02,53.18,20,0,false,true,false,Low attendance
6481,Ayesh Peiris,Male,Mathematics,74.02,56.14,19,0,false,true,false,Low attendance
5581,Shehan Senanayake,Male,Computer Science,74.03,55.89,21,0,false,true,false,Low attendance
4447,Ayesh Wijesinghe,Male,Mathematics,74.03,59.88,17,0,false,true,false,Low attendance
4455,Sahan Abeysekera,Male,Biology,74.03,61.37,23,0,false,true,false,Low attendance
2064,Jordan Wilson,Male,Biology,74.03,62.2,21,0,false,true,false,Low attendance
5356,Amandi Fernando,Female,Biology,74.04,52.42,23,0,false,true,false,Low attendance
7234,Nethmi Herath,Female,Computer Science,74.04,55.1,21,0,false,true,false,Low attendance
8240,Sahan Herath,Male,Computer Science,74.04,56.38,21,0,false,true,false,Low attendance
4167,Kasun Abeysekera,Male,Physics,74.04,57.45,20,0,false,true,false,Low attendance
7768,Naveen Ekanayake,Male,Physics,74.04,58.26,19,0,false,true,false,Low attendance
10992,Tharushi Silva,Female,Biology,74.04,60.6,26,0,false,true,false,Low attendance
7091,Tharindu Fernando,Male,Physics,74.04,63.05,19,0,false,true,false,Low attendance
4614,Amal Silva,Male,Biology,74.05,59.09,21,0,false,true,false,Low attendance
9524,Naveen Abeysekera,Male,Physics,74.05,60.28,20,0,false,true,false,Low attendance
8363,Supun Fernando,Male,Biology,74.05,60.58,23,0,false,true,false,Low attendance
4969,Kasun Herath,Male,Biology,74.05,63.4,22,0,false,true,false,Low attendance
5481,Sanduni Fernando,Female,Mathematics,74.05,63.56,20,0,false,true,false,Low attendance
4708,Madhavi Fernando,Female,Computer Science,74.06,56.87,19,0,false,true,false,Low attendance
7047,Ishara Ranatunga,Male,Biology,74.06,61.67,23,0,false,true,false,Low attendance
2590,Mitchell Townsend,Male,Physics,74.06,64.84,19,0,false,true,false,Low attendance
8693,Tharushi Ekanayake,Female,Computer Science,74.07,55.28,18,0,false,true,false,Low attendance
2171,Tina Phillips,Male,Computer Science,74.07,56.53,18,0,false,true,false,Low attendance
2413,Frank Fox,Female,Biology,74.07,57.96,22,0,false,true,false,Low attendance
6880,Kasun Ranatunga,Male,Biology,74.07,58.31,25,0,false,true,false,Low attendance
3028,Ishani Perera,Female,Mathematics,74.07,61.12,19,0,false,true,false,Low attendance
6988,Dinithi Madushanka,Female,Physics,74.08,55.78,26,0,false,true,false,Low attendance
6364,Sashini Fernando,Female,Biology,74.08,63.11,25,0,false,true,false,Low attendance
6111,Supun Wijesinghe,Male,Biology,74.1,53.89,21,0,false,true,false,Low attendance
4213,Nethmi Senanayake,Female,Computer Science,74.11,55.85,17,0,false,true,false,Low attendance
1250,Tanya Lee,Male,Computer Science,74.11,57.42,25,0,false,true,false,Low attendance
5991,Dinithi Fernando,Female,Physics,74.11,58.65,20,0,false,true,false,Low attendance
9211,Tharushi Peiris,Female,Physics,74.11,60.35,22,0,false,true,false,Low attendance
3843,Kusal Ekanayake,Male,Physics,74.11,63.24,20,0,false,true,false,Low attendance
3374,Piumi Peiris,Female,Mathematics,74.11,63.27,20,0,false,true,false,Low attendance
8183,Nimal Gunawardena,Male,Physics,74.12,57.43,16,0,false,true,false,Low attendance
5679,Kusal Perera,Male,Computer Science,74.12,60.68,20,0,false,true,false,Low attendance
8587,Ravindu Fernando,Male,Physics,74.12,60.88,24,0,false,true,false,Low attendance
2974,Michelle Guzman,Female,Mathematics,74.12,61.94,17,0,false,true,false,Low attendance
2524,Christopher Mclaughlin,Male,Physics,74.13,57.72,18,0,false,true,false,Low attendance
7459,Chamara Silva,Male,Biology,74.14,61.08,21,0,false,true,false,Low attendance
4881,Piumi Dias,Female,Biology,74.15,58.24,22,0,false,true,false,Low attendance
6075,Nethmi Abeysekera,Female,Computer Science,74.15,59.06,18,0,false,true,false,Low attendance
10925,Nadeesha Dias,Female,Computer Science,74.15,60.4,21,0,false,true,false,Low attendance
4351,Lahiru Gunawardena,Male,Physics,74.15,60.4,17,0,false,true,false,Low attendance
2521,Mary Obrien,Male,Biology,74.15,60.58,24,0,false,true,false,Low attendance
6161,Kavindi Madushanka,Female,Physics,74.15,62.49,19,0,false,true,false,Low attendance
9511,Kusal Abeysekera,Male,Physics,74.15,64.8,23,0,false,true,false,Low attendance
2915,Lindsey Harrison,Female,Computer Science,74.16,58.64,28,0,false,true,false,Low attendance
2729,Brittany Morgan,Male,Computer Science,74.17,52.58,22,0,false,true,false,Low attendance
1513,Shawn Hall,Female,Mathematics,74.17,55.9,19,0,false,true,false,Low attendance
10849,Amandi Silva,Female,Physics,74.17,63.07,19,0,false,true,false,Low attendance
3453,Sahan Wijesinghe,Male,Mathematics,74.17,63.08,16,0,false,true,false,Low attendance
6684,Dilan Wijesinghe,Male,Physics,74.18,60.41,21,0,false,true,false,Low attendance
4673,Tharushi Senanayake,Female,Physics,74.18,61.26,21,0,false,true,false,Low attendance
2977,Melissa Johnson,Male,Computer Science,74.18,62.28,22,0,false,true,false,Low attendance
9751,Piumi Rajapaksha,Female,Biology,74.19,54.35,20,0,false,true,false,Low attendance
8420,Rashmi Perera,Female,Mathematics,74.19,54.97,18,0,false,true,false,Low attendance
6911,Sashini Dias,Female,Mathematics,74.19,56.67,19,0,false,true,false,Low attendance
6641,Nethmi Dias,Female,Computer Science,74.19,56.94,26,0,false,true,false,Low attendance
6708,Kasun Senanayake,Male,Mathematics,74.19,60.52,21,0,false,true,false,Low attendance
7950,Nadeesha Wijesinghe,Female,Computer Science,74.2,52.62,20,0,false,true,false,Low attendance
5144,Madhavi Rajapaksha,Female,Biology,74.2,52.63,21,0,false,true,false,Low attendance
4749,Kusal Ekanayake,Male,Mathematics,74.2,56.19,27,0,false,true,false,Low attendance
4157,Dilini Fernando,Female,Computer Science,74.2,58.31,25,0,false,true,false,Low attendance
3771,Sanduni Madushanka,Female,Mathematics,74.21,51.59,20,0,false,true,false,Low attendance
7166,Lahiru Abeysekera,Male,Mathematics,74.21,54.97,19,0,false,true,false,Low attendance
9657,Tharushi Gunawardena,Female,Computer Science,74.21,56.85,25,0,false,true,false,Low attendance
6162,Ayesh Madushanka,Male,Computer Science,74.21,58.53,24,0,false,true,false,Low attendance
5846,Lahiru Madushanka,Male,Biology,74.21,58.84,24,0,false,true,false,Low attendance
5153,Rashmi Peiris,Female,Physics,74.21,60.2,23,0,false,true,false,Low attendance
9548,Rashmi Ranatunga,Female,Physics,74.21,64.58,22,0,false,true,false,Low attendance
10720,Nadeesha Dias,Female,Computer Science,74.22,54.1,23,0,false,true,false,Low attendance
4235,Supun Fernando,Male,Physics,74.22,55.0,20,0,false,true,false,Low attendance
6598,Kasun Wijesinghe,Male,Computer Science,74.23,57.69,25,0,false,true,false,Low attendance
8171,Dinithi Abeysekera,Female,Physics,74.23,58.28,20,0,false,true,false,Low attendance
1911,Arthur Pacheco,Female,Biology,74.23,58.7,21,0,false,true,false,Low attendance
3808,Supun Peiris,Male,Biology,74.23,59.43,24,0,false,true,false,Low attendance
5459,Sachini Senanayake,Female,Mathematics,74.23,60.33,20,0,false,true,false,Low attendance
2237,Stacie Thompson,Female,Computer Science,74.24,53.64,16,0,false,true,false,Low attendance
10934,Dinithi Dias,Female,Mathematics,74.24,57.09,21,0,false,true,false,Low attendance
9461,Amandi Dias,Female,Mathematics,74.24,60.58,16,0,false,true,false,Low attendance
3880,Naveen Abeysekera,Male,Computer Science,74.25,61.96,21,0,false,true,false,Low attendance
10544,Amandi Senanayake,Female,Mathematics,74.25,62.09,21,0,false,true,false,Low attendance
9221,Shehan Gunawardena,Male,Computer Science,74.26,60.27,26,0,false,true,false,Low attendance
6586,Hiruni Ekanayake,Female,Mathematics,74.26,60.7,19,0,false,true,false,Low attendance
4297,Tharushi Silva,Female,Biology,74.26,62.1,19,0,false,true,false,Low attendance
1755,Tommy Peterson,Male,Biology,74.27,57.04,22,0,false,true,false,Low attendance
5860,Supun Ranatunga,Male,Physics,74.27,59.85,18,0,false,true,false,Low attendance
1286,Anthony Brock,Female,Computer Science,74.27,62.55,23,0,false,true,false,Low attendance
6147,Ravindu Dias,Male,Computer Science,74.29,59.02,20,0,false,true,false,Low attendance
2745,Ashley Ruiz,Female,Physics,74.29,61.9,22,0,false,true,false,Low attendance
9033,Dinithi Rajapaksha,Female,Mathematics,74.29,62.47,18,0,false,true,false,Low attendance
7243,Nimal Silva,Male,Biology,74.3,52.67,24,0,false,true,false,Low attendance
3499,Naveen Senanayake,Male,Computer Science,74.3,57.47,21,0,false,true,false,Low attendance
8161,Shehan Madushanka,Male,Biology,74.31,58.12,23,0,false,true,false,Low attendance
5113,Lahiru Dias,Male,Physics,74.32,57.55,27,0,false,true,false,Low attendance
2383,Jose Norris,Male,Biology,74.33,54.5,20,0,false,true,false,Low attendance
1462,Justin Carr,Male,Computer Science,74.33,55.23,22,0,false,true,false,Low attendance
6549,Ishara Jayasinghe,Male,Mathematics,74.33,59.52,24,0,false,true,false,Low attendance
5504,Amal Silva,Male,Physics,74.33,60.29,22,0,false,true,false,Low attendance
1542,Tyler Gordon,Male,Physics,74.34,53.67,18,0,false,true,false,Low attendance
1047,Laura Phillips,Male,Computer Science,74.34,57.39,23,0,false,true,false,Low attendance
1186,Sonia Brown,Male,Mathematics,74.34,57.88,20,0,false,true,false,Low attendance
3433,Lahiru Dias,Male,Computer Science,74.34,58.08,18,0,false,true,false,Low attendance
2438,Zachary King,Male,Mathematics,74.34,58.94,19,0,false,true,false,Low attendance
8905,Nadeesha Peiris,Female,Physics,74.35,55.22,19,0,false,true,false,Low attendance
1184,Alan Peterson,Female,Mathematics,74.35,56.23,21,0,false,true,false,Low attendance
1836,Joshua Valencia,Male,Biology,74.35,57.94,22,0,false,true,false,Low attendance
5413,Sashini Wijesinghe,Female,Physics,74.35,59.85,24,0,false,true,false,Low attendance
3933,Ravindu Dias,Male,Computer Science,74.36,56.17,24,0,false,true,false,Low attendance
2898,Erica White,Female,Physics,74.36,60.85,22,0,false,true,false,Low attendance
3305,Amandi Herath,Female,Physics,74.36,64.68,17,0,false,true,false,Low attendance
3339,Supun Ekanayake,Male,Mathematics,74.37,52.04,18,0,false,true,false,Low attendance
8432,Ishara Silva,Male,Biology,74.37,60.39,23,0,false,true,false,Low attendance
7297,Ayesh Gunawardena,Male,Physics,74.37,60.75,18,0,false,true,false,Low attendance
9247,Rashmi Senanayake,Female,Mathematics,74.38,55.73,15,0,false,true,false,Low attendance
9814,Piumi Rajapaksha,Female,Computer Science,74.38,59.85,18,0,false,true,false,Low attendance
9806,Nethmi Dias,Female,Mathematics,74.39,56.28,24,0,false,true,false,Low attendance
1102,Alexis Walter,Male,Physics,74.39,59.77,22,0,false,true,false,Low attendance
3057,Ishani Dias,Female,Physics,74.4,56.21,21,0,false,true,false,Low attendance
7001,Hiruni Ekanayake,Female,Mathematics,74.4,62.27,18,0,false,true,false,Low attendance
2335,Michael Rosales,Female,Biology,74.41,61.17,23,0,false,true,false,Low attendance
1749,Frances Carpenter,Female,Computer Science,74.41,62.28,17,0,false,true,false,Low attendance
5480,Sachini Madushanka,Female,Computer Science,74.42,53.68,20,0,false,true,false,Low attendance
8159,Kasun Herath,Male,Mathematics,74.42,55.26,17,0,false,true,false,Low attendance
7292,Shehan Rajapaksha,Male,Biology,74.42,56.87,20,0,false,true,false,Low attendance
7948,Sachini Herath,Female,Mathematics,74.43,55.93,17,0,false,true,false,Low attendance
6465,Dinithi Abeysekera,Female,Mathematics,74.43,56.76,20,0,false,true,false,Low attendance
2774,Kenneth Richardson,Male,Biology,74.43,59.46,20,0,false,true,false,Low attendance
9102,Nadeesha Ranatunga,Female,Biology,74.43,63.55,22,0,false,true,false,Low attendance
10695,Naveen Ranatunga,Male,Biology,74.44,61.67,22,0,false,true,false,Low attendance
4687,Amal Herath,Male,Physics,74.45,52.39,21,0,false,true,false,Low attendance
2249,Laura Cole,Female,Computer Science,74.45,59.29,23,0,false,true,false,Low attendance
8426,Sashini Dias,Female,Computer Science,74.46,58.84,23,0,false,true,false,Low attendance
9382,Kavindi Ranatunga,Female,Mathematics,74.46,59.19,20,0,false,true,false,Low attendance
4908,Rashmi Ranatunga,Female,Computer Science,74.46,59.38,25,0,false,true,false,Low attendance
10699,Chamara Ranatunga,Male,Biology,74.46,61.5,24,0,false,true,false,Low attendance
7005,Kasun Ranatunga,Male,Computer Science,74.47,54.27,24,0,false,true,false,Low attendance
4731,Sahan Rajapaksha,Male,Biology,74.47,56.83,19,0,false,true,false,Low attendance
6039,Nimal Gunawardena,Male,Computer Science,74.48,57.13,21,0,false,true,false,Low attendance
5965,Supun Rajapaksha,Male,Physics,74.48,57.51,23,0,false,true,false,Low attendance
5316,Chamara Herath,Male,Biology,74.49,52.58,17,0,false,true,false,Low attendance
3858,Kasun Fernando,Male,Physics,74.49,58.07,19,0,false,true,false,Low attendance
1843,Jeffery Sullivan,Female,Physics,74.49,59.8,21,0,false,true,false,Low attendance
4232,Dilini Perera,Female,Biology,74.49,60.68,17,0,false,true,false,Low attendance
10275,Ishani Silva,Female,Physics,74.49,60.99,18,0,false,true,false,Low attendance
9872,Nimal Jayasinghe,Male,Computer Science,74.49,62.46,23,0,false,true,false,Low attendance
5727,Rashmi Rajapaksha,Female,Computer Science,74.5,57.16,18,0,false,true,false,Low attendance
6375,Nimal Fernando,Male,Biology,74.5,63.22,21,0,false,true,false,Low attendance
5937,Ravindu Jayasinghe,Male,Mathematics,74.51,52.47,17,0,false,true,false,Low attendance
10460,Sachini Gunawardena,Female,Physics,74.51,57.41,20,0,false,true,false,Low attendance
9891,Amandi Ranatunga,Female,Biology,74.51,62.61,22,0,false,true,false,Low attendance
3683,Sashini Ekanayake,Female,Mathematics,74.52,58.17,16,0,false,true,false,Low attendance
6493,Ishani Abeysekera,Female,Mathematics,74.52,59.09,25,0,false,true,false,Low attendance
4864,Sanduni Gunawardena,Female,Computer Science,74.52,60.2,23,0,false,true,false,Low attendance
2357,Joyce Wilson,Male,Biology,74.52,61.75,18,0,false,true,false,Low attendance
3774,Tharushi Peiris,Female,Mathematics,74.53,55.88,19,0,false,true,false,Low attendance
8844,Nimal Fernando,Male,Computer Science,74.53,57.46,21,0,false,true,false,Low attendance
5238,Tharindu Madushanka,Male,Mathematics,74.53,61.89,22,0,false,true,false,Low attendance
7993,Amal Wijesinghe,Male,Physics,74.54,55.57,19,0,false,true,false,Low attendance
9385,Ravindu Silva,Male,Biology,74.54,56.19,23,0,false,true,false,Low attendance
6667,Naveen Fernando,Male,Physics,74.54,58.87,22,0,false,true,false,Low attendance
9286,Nimal Perera,Male,Mathematics,74.54,59.62,20,0,false,true,false,Low attendance
3275,Dilini Ekanayake,Female,Computer Science,74.54,59.67,19,0,false,true,false,Low attendance
5635,Piumi Fernando,Female,Mathematics,74.54,60.38,20,0,false,true,false,Low attendance
8749,Nimal Abeysekera,Male,Physics,74.54,60.6,23,0,false,true,false,Low attendance
3088,Sanduni Herath,Female,Physics,74.55,60.98,22,0,false,true,false,Low attendance
10884,Supun Dias,Male,Computer Science,74.56,58.01,25,0,false,true,false,Low attendance
5008,Amandi Ranatunga,Female,Mathematics,74.56,62.11,21,0,false,true,false,Low attendance
1976,Anita Young,Female,Mathematics,74.57,50.04,21,0,false,true,false,Low attendance
5001,Hiruni Jayasinghe,Female,Computer Science,74.57,60.6,21,0,false,true,false,Low attendance
10431,Nethmi Ekanayake,Female,Mathematics,74.57,60.88,21,0,false,true,false,Low attendance
3425,Kasun Silva,Male,Mathematics,74.57,60.98,24,0,false,true,false,Low attendance
4344,Nadeesha Gunawardena,Female,Biology,74.57,64.07,20,0,false,true,false,Low attendance
6329,Kavindi Herath,Female,Mathematics,74.57,64.46,17,0,false,true,false,Low attendance
1311,Brandi Torres,Female,Biology,74.58,55.65,24,0,false,true,false,Low attendance
7640,Dinithi Gunawardena,Female,Biology,74.58,55.93,21,0,false,true,false,Low attendance
1985,Michael Crawford,Female,Physics,74.58,56.12,19,0,false,true,false,Low attendance
3355,Tharindu Ranatunga,Male,Physics,74.58,56.3,22,0,false,true,false,Low attendance
9698,Hiruni Abeysekera,Female,Biology,74.58,62.86,20,0,false,true,false,Low attendance
8532,Nadeesha Peiris,Female,Physics,74.59,53.06,20,0,false,true,false,Low attendance
10900,Amandi Abeysekera,Female,Physics,74.59,60.73,18,0,false,true,false,Low attendance
2203,Seth Hanson,Male,Computer Science,74.59,63.33,23,0,false,true,false,Low attendance
4920,Dilini Perera,Female,Computer Science,74.6,55.73,23,0,false,true,false,Low attendance
1128,Isaac Miles,Female,Biology,74.6,58.0,22,0,false,true,false,Low attendance
9505,Dilini Perera,Female,Mathematics,74.6,58.01,19,0,false,true,false,Low attendance
5669,Lahiru Rajapaksha,Male,Mathematics,74.6,59.14,18,0,false,true,false,Low attendance
3731,Tharushi Jayasinghe,Female,Biology,74.61,47.54,14,0,false,true,false,Low attendance
3967,Amal Ekanayake,Male,Computer Science,74.61,52.54,17,0,false,true,false,Low attendance
6784,Ravindu Gunawardena,Male,Biology,74.61,60.48,16,0,false,true,false,Low attendance
5025,Shehan Senanayake,Male,Computer Science,74.62,54.2,18,0,false,true,false,Low attendance
3936,Ishani Jayasinghe,Female,Biology,74.62,55.18,23,0,false,true,false,Low attendance
3474,Lahiru Dias,Male,Mathematics,74.62,56.28,19,0,false,true,false,Low attendance
10779,Kasun Ranatunga,Male,Physics,74.62,63.96,24,0,false,true,false,Low attendance
5272,Tharushi Ekanayake,Female,Mathematics,74.63,48.93,22,0,false,true,false,Low attendance
3543,Shehan Madushanka,Male,Biology,74.63,54.96,23,0,false,true,false,Low attendance
7043,Kusal Gunawardena,Male,Computer Science,74.63,56.87,22,0,false,true,false,Low attendance
2213,Zachary Pennington,Female,Computer Science,74.63,59.77,26,0,false,true,false,Low attendance
4064,Dilini Rajapaksha,Female,Mathematics,74.63,60.77,16,0,false,true,false,Low attendance
7753,Shehan Abeysekera,Male,Computer Science,74.63,62.78,19,0,false,true,false,Low attendance
6945,Sahan Ranatunga,Male,Mathematics,74.64,56.01,21,0,false,true,false,Low attendance
2153,Jennifer Brown,Female,Mathematics,74.64,56.64,20,0,false,true,false,Low attendance
3747,Tharushi Perera,Female,Physics,74.64,59.92,21,0,false,true,false,Low attendance
10508,Supun Dias,Male,Physics,74.64,60.12,23,0,false,true,false,Low attendance
8186,Sachini Wijesinghe,Female,Biology,74.64,63.35,24,0,false,true,false,Low attendance
7505,Sashini Ekanayake,Female,Physics,74.65,56.81,22,0,false,true,false,Low attendance
1205,Deborah Hall,Male,Biology,74.65,56.87,23,0,false,true,false,Low attendance
2339,Chris Thomas,Female,Physics,74.65,64.46,19,0,false,true,false,Low attendance
5660,Sahan Jayasinghe,Male,Computer Science,74.66,53.84,19,0,false,true,false,Low attendance
5387,Madhavi Wijesinghe,Female,Computer Science,74.66,57.2,17,0,false,true,false,Low attendance
6536,Sahan Fernando,Male,Mathematics,74.66,57.97,19,0,false,true,false,Low attendance
2214,Sherry Martinez,Female,Computer Science,74.66,60.06,19,0,false,true,false,Low attendance
8522,Sachini Perera,Female,Physics,74.66,61.19,21,0,false,true,false,Low attendance
4837,Chamara Dias,Male,Biology,74.67,52.0,20,0,false,true,false,Low attendance
10809,Ishara Ranatunga,Male,Physics,74.68,50.2,20,0,false,true,false,Low attendance
8778,Ishani Senanayake,Female,Biology,74.68,54.69,22,0,false,true,false,Low attendance
6460,Ishani Peiris,Female,Computer Science,74.68,60.07,19,0,false,true,false,Low attendance
10161,Nimal Wijesinghe,Male,Mathematics,74.68,60.66,20,0,false,true,false,Low attendance
5960,Ravindu Ranatunga,Male,Computer Science,74.68,63.27,18,0,false,true,false,Low attendance
8311,Nimal Wijesinghe,Male,Mathematics,74.69,54.65,21,0,false,true,false,Low attendance
2181,William Chavez,Male,Computer Science,74.69,58.25,21,0,false,true,false,Low attendance
2158,Jessica Perry,Male,Computer Science,74.7,58.93,21,0,false,true,false,Low attendance
4240,Kasun Silva,Male,Biology,74.71,55.19,20,0,false,true,false,Low attendance
7565,Sashini Ekanayake,Female,Mathematics,74.71,57.25,21,0,false,true,false,Low attendance
9228,Dilan Ekanayake,Male,Computer Science,74.71,61.36,24,0,false,true,false,Low attendance
1978,Tiffany Petersen,Female,Physics,74.72,59.94,17,0,false,true,false,Low attendance
7752,Sashini Perera,Female,Computer Science,74.72,59.99,20,0,false,true,false,Low attendance
9767,Sahan Madushanka,Male,Biology,74.72,63.72,20,0,false,true,false,Low attendance
4932,Madhavi Gunawardena,Female,Physics,74.73,56.06,21,0,false,true,false,Low attendance
10542,Sanduni Ekanayake,Female,Physics,74.73,56.51,19,0,false,true,false,Low attendance
10995,Piumi Silva,Female,Mathematics,74.73,56.85,20,0,false,true,false,Low attendance
6572,Dilan Fernando,Male,Computer Science,74.73,58.36,21,0,false,true,false,Low attendance
9242,Amandi Wijesinghe,Female,Mathematics,74.73,62.17,20,0,false,true,false,Low attendance
6496,Nadeesha Ekanayake,Female,Physics,74.74,55.12,21,0,false,true,false,Low attendance
2535,Jennifer Sullivan,Male,Mathematics,74.74,57.79,21,0,false,true,false,Low attendance
5441,Nethmi Peiris,Female,Computer Science,74.74,58.92,21,0,false,true,false,Low attendance
7610,Piumi Madushanka,Female,Computer Science,74.74,59.31,22,0,false,true,false,Low attendance
1200,Ryan Perry,Male,Physics,74.74,60.84,23,0,false,true,false,Low attendance
7971,Piumi Silva,Female,Biology,74.74,63.6,22,0,false,true,false,Low attendance
5828,Naveen Senanayake,Male,Biology,74.75,51.47,19,0,false,true,false,Low attendance
10037,Kavindi Silva,Female,Mathematics,74.75,53.72,19,0,false,true,false,Low attendance
4586,Naveen Senanayake,Male,Computer Science,74.75,55.95,26,0,false,true,false,Low attendance
6490,Naveen Perera,Male,Physics,74.75,59.27,24,0,false,true,false,Low attendance
10967,Dilini Perera,Female,Mathematics,74.75,59.6,19,0,false,true,false,Low attendance
10105,Sashini Wijesinghe,Female,Physics,74.75,62.57,18,0,false,true,false,Low attendance
1508,Ashley White,Male,Mathematics,74.75,63.53,19,0,false,true,false,Low attendance
1593,Jennifer Powell,Male,Computer Science,74.76,51.79,22,0,false,true,false,Low attendance
3450,Kasun Rajapaksha,Male,Physics,74.76,53.13,25,0,false,true,false,Low attendance
1656,Savannah Mathis,Female,Biology,74.76,56.89,19,0,false,true,false,Low attendance
7341,Naveen Ekanayake,Male,Biology,74.76,57.1,23,0,false,true,false,Low attendance
1995,Anna Ryan,Female,Computer Science,74.76,58.58,22,0,false,true,false,Low attendance
8423,Rashmi Peiris,Female,Biology,74.76,58.99,20,0,false,true,false,Low attendance
7379,Sahan Silva,Male,Biology,74.76,59.72,18,0,false,true,false,Low attendance
1232,Timothy Payne,Female,Computer Science,74.76,62.18,23,0,false,true,false,Low attendance
7449,Nadeesha Senanayake,Female,Computer Science,74.77,62.54,21,0,false,true,false,Low attendance
5383,Hiruni Herath,Female,Physics,74.77,63.43,21,0,false,true,false,Low attendance
2939,Ann Welch,Female,Biology,74.78,54.51,21,0,false,true,false,Low attendance
9050,Kavindi Abeysekera,Female,Computer Science,74.78,54.56,24,0,false,true,false,Low attendance
10813,Sachini Herath,Female,Computer Science,74.78,55.08,22,0,false,true,false,Low attendance
4390,Lahiru Gunawardena,Male,Physics,74.78,59.13,21,0,false,true,false,Low attendance
9181,Madhavi Dias,Female,Computer Science,74.78,60.2,18,0,false,true,false,Low attendance
3753,Tharushi Ranatunga,Female,Physics,74.78,62.74,19,0,false,true,false,Low attendance
2428,Derek Lewis,Female,Biology,74.78,63.76,22,0,false,true,false,Low attendance
5868,Hiruni Silva,Female,Physics,74.78,64.41,21,0,false,true,false,Low attendance
7401,Tharushi Jayasinghe,Female,Physics,74.79,54.01,22,0,false,true,false,Low attendance
2705,Joseph Aguilar,Male,Mathematics,74.79,62.43,17,0,false,true,false,Low attendance
4374,Sahan Silva,Male,Mathematics,74.81,53.78,20,0,false,true,false,Low attendance
1222,Douglas Hoffman,Female,Physics,74.81,59.04,23,0,false,true,false,Low attendance
1303,Desiree Johnson,Male,Biology,74.81,62.42,22,0,false,true,false,Low attendance
8436,Ishara Abeysekera,Male,Biology,74.82,54.01,18,0,false,true,false,Low attendance
7552,Ishara Ranatunga,Male,Computer Science,74.82,58.56,24,0,false,true,false,Low attendance
2955,Mary Obrien,Female,Biology,74.84,57.62,21,0,false,true,false,Low attendance
10846,Sashini Silva,Female,Biology,74.84,60.72,22,0,false,true,false,Low attendance
7386,Nimal Wijesinghe,Male,Mathematics,74.84,64.04,20,0,false,true,false,Low attendance
6803,Ayesh Madushanka,Male,Computer Science,74.85,54.24,21,0,false,true,false,Low attendance
9550,Supun Wijesinghe,Male,Biology,74.85,57.51,23,0,false,true,false,Low attendance
7452,Sahan Abeysekera,Male,Physics,74.85,58.67,20,0,false,true,false,Low attendance
10286,Ishani Rajapaksha,Female,Mathematics,74.85,62.17,21,0,false,true,false,Low attendance
9829,Nethmi Ekanayake,Female,Mathematics,74.85,63.41,19,0,false,true,false,Low attendance
7453,Ishani Ranatunga,Female,Biology,74.86,54.0,21,0,false,true,false,Low attendance
6529,Nadeesha Jayasinghe,Female,Mathematics,74.87,52.28,20,0,false,true,false,Low attendance
10066,Hiruni Herath,Female,Physics,74.87,54.56,18,0,false,true,false,Low attendance
5707,Dinithi Abeysekera,Female,Physics,74.87,55.36,23,0,false,true,false,Low attendance
3233,Tharushi Gunawardena,Female,Computer Science,74.87,57.25,21,0,false,true,false,Low attendance
8022,Lahiru Fernando,Male,Mathematics,74.87,58.28,17,0,false,true,false,Low attendance
2807,Angela Johnson,Male,Mathematics,74.87,58.29,17,0,false,true,false,Low attendance
5741,Dilan Gunawardena,Male,Biology,74.87,58.57,23,0,false,true,false,Low attendance
9919,Tharushi Jayasinghe,Female,Computer Science,74.87,61.17,23,0,false,true,false,Low attendance
6838,Nadeesha Wijesinghe,Female,Biology,74.88,56.41,19,0,false,true,false,Low attendance
2068,Mark Whitney,Male,Physics,74.88,56.78,21,0,false,true,false,Low attendance
6416,Nimal Wijesinghe,Male,Biology,74.88,60.48,22,0,false,true,false,Low attendance
5265,Dinithi Herath,Female,Computer Science,74.88,61.69,23,0,false,true,false,Low attendance
9301,Amandi Peiris,Female,Computer Science,74.88,62.49,17,0,false,true,false,Low attendance
10078,Hiruni Gunawardena,Female,Biology,74.88,62.84,19,0,false,true,false,Low attendance
6305,Dilan Gunawardena,Male,Physics,74.89,57.92,17,0,false,true,false,Low attendance
10336,Tharushi Fernando,Female,Biology,74.89,58.14,20,0,false,true,false,Low attendance
4180,Nethmi Gunawardena,Female,Physics,74.89,58.87,21,0,false,true,false,Low attendance
2854,Anthony Evans,Male,Physics,74.9,55.92,18,0,false,true,false,Low attendance
4622,Sanduni Gunawardena,Female,Physics,74.9,60.56,22,0,false,true,false,Low attendance
7489,Ishani Madushanka,Female,Computer Science,74.9,62.13,22,0,false,true,false,Low attendance
1641,Andrew Kelley,Female,Biology,74.91,51.69,19,0,false,true,false,Low attendance
4717,Tharindu Dias,Male,Mathematics,74.91,55.95,16,0,false,true,false,Low attendance
4675,Tharindu Gunawardena,Male,Physics,74.91,57.72,23,0,false,true,false,Low attendance
8708,Ravindu Senanayake,Male,Physics,74.91,59.33,23,0,false,true,false,Low attendance
1984,Joshua Pineda,Male,Biology,74.91,63.43,20,0,false,true,false,Low attendance
10095,Kusal Ranatunga,Male,Computer Science,74.92,63.61,19,0,false,true,false,Low attendance
2370,Dana Tucker,Female,Mathematics,74.93,54.2,22,0,false,true,false,Low attendance
6101,Sashini Senanayake,Female,Mathematics,74.93,55.6,18,0,false,true,false,Low attendance
9939,Supun Silva,Male,Computer Science,74.93,57.2,20,0,false,true,false,Low attendance
1242,Amber Hensley,Male,Physics,74.93,59.49,24,0,false,true,false,Low attendance
1256,Erik Oliver,Female,Biology,74.93,59.85,22,0,false,true,false,Low attendance
5505,Nimal Senanayake,Male,Computer Science,74.93,62.18,24,0,false,true,false,Low attendance
5847,Dilan Ranatunga,Male,Physics,74.93,62.86,17,0,false,true,false,Low attendance
2563,Wendy Brennan,Female,Physics,74.93,63.49,24,0,false,true,false,Low attendance
6357,Dilini Abeysekera,Female,Computer Science,74.94,56.54,20,0,false,true,false,Low attendance
4578,Ravindu Gunawardena,Male,Physics,74.94,58.24,21,0,false,true,false,Low attendance
2783,Christopher Hatfield,Female,Biology,74.94,64.61,17,0,false,true,false,Low attendance
5953,Nadeesha Abeysekera,Female,Mathematics,74.95,53.91,18,0,false,true,false,Low attendance
9099,Ravindu Rajapaksha,Male,Computer Science,74.95,57.46,21,0,false,true,false,Low attendance
2480,Ronald Chen,Male,Computer Science,74.95,63.61,24,0,false,true,false,Low attendance
2967,Daniel Johnson,Female,Biology,74.96,51.31,23,0,false,true,false,Low attendance
3841,Kasun Silva,Male,Mathematics,74.96,61.72,19,0,false,true,false,Low attendance
10893,Nimal Dias,Male,Biology,74.96,62.31,22,0,false,true,false,Low attendance
1561,Michael Greer,Male,Computer Science,74.97,59.66,20,0,false,true,false,Low attendance
7434,Kusal Ranatunga,Male,Computer Science,74.97,60.06,18,0,false,true,false,Low attendance
7648,Amal Dias,Male,Mathematics,74.97,64.27,20,0,false,true,false,Low attendance
5195,Nethmi Herath,Female,Mathematics,74.98,55.56,20,0,false,true,false,Low attendance
2909,William Shelton,Female,Computer Science,74.98,58.0,21,0,false,true,false,Low attendance
4148,Sachini Ekanayake,Female,Physics,74.98,59.08,22,0,false,true,false,Low attendance
5808,Nadeesha Herath,Female,Biology,74.98,61.07,21,0,false,true,false,Low attendance
10247,Kasun Fernando,Male,Physics,74.98,62.12,22,0,false,true,false,Low attendance
10668,Hiruni Jayasinghe,Female,Biology,74.99,58.77,23,0,false,true,false,Low attendance
1325,Sandra Sparks,Male,Mathematics,74.99,63.3,20,0,false,true,false,Low attendance
8004,Sashini Madushanka,Female,Computer Science,75.0,54.36,21,0,false,true,false,Low attendance
10920,Shehan Wijesinghe,Male,Mathematics,75.0,58.0,23,0,false,true,false,Low attendance
5787,Dinithi Wijesinghe,Female,Mathematics,75.0,59.84,20,0,false,true,false,Low attendance
7942,Kavindi Madushanka,Female,Physics,75.0,61.5,20,0,false,true,false,Low attendance
8915,Kasun Peiris,Male,Biology,75.0,63.55,20,0,false,true,false,Low attendance
4921,Supun Herath,Male,Mathematics,75.01,54.89,20,0,false,true,false,Low attendance
10310,Naveen Perera,Male,Mathematics,75.01,56.98,18,0,false,true,false,Low attendance
10281,Nethmi Rajapaksha,Female,Physics,75.01,58.71,20,0,false,true,false,Low attendance
4685,Madhavi Fernando,Female,Computer Science,75.01,59.51,19,0,false,true,false,Low attendance
3324,Lahiru Madushanka,Male,Physics,75.01,61.4,21,0,false,true,false,Low attendance
10690,Shehan Silva,Male,Biology,75.01,62.29,20,0,false,true,false,Low attendance
5074,Piumi Perera,Female,Mathematics,75.02,50.56,16,0,false,true,false,Low attendance
2911,Phillip Hawkins,Female,Physics,75.02,55.35,23,0,false,true,false,Low attendance
3900,Kavindi Fernando,Female,Physics,75.02,57.69,22,0,false,true,false,Low attendance
8989,Lahiru Perera,Male,Biology,75.02,58.03,18,0,false,true,false,Low attendance
5663,Sashini Ekanayake,Female,Computer Science,75.02,59.52,24,0,false,true,false,Low attendance
1912,Jacqueline Gray,Male,Physics,75.02,59.64,24,0,false,true,false,Low attendance
10405,Ayesh Peiris,Male,Physics,75.02,60.04,25,0,false,true,false,Low attendance
7629,Amandi Dias,Female,Biology,75.02,63.03,17,0,false,true,false,Low attendance
10209,Dinithi Ekanayake,Female,Mathematics,75.02,63.39,20,0,false,true,false,Low attendance
5222,Naveen Ekanayake,Male,Computer Science,75.03,56.77,24,0,false,true,false,Low attendance
6819,Sashini Gunawardena,Female,Mathematics,75.03,57.21,20,0,false,true,false,Low attendance
9263,Naveen Madushanka,Male,Physics,75.03,58.71,16,0,false,true,false,Low attendance
8533,Chamara Perera,Male,Computer Science,75.03,62.97,21,0,false,true,false,Low attendance
8524,Kavindi Dias,Female,Biology,75.03,64.25,21,0,false,true,false,Low attendance
3576,Amandi Wijesinghe,Female,Physics,75.04,53.34,19,0,false,true,false,Low attendance
8229,Nethmi Herath,Female,Biology,75.04,55.22,20,0,false,true,false,Low attendance
9068,Ravindu Jayasinghe,Male,Physics,75.05,49.84,22,0,false,true,false,Low attendance
2516,Amy George,Female,Computer Science,75.05,54.64,17,0,false,true,false,Low attendance
1575,Elijah Moreno,Male,Biology,75.05,55.25,21,0,false,true,false,Low attendance
7889,Kavindi Rajapaksha,Female,Computer Science,75.05,59.61,22,0,false,true,false,Low attendance
6459,Nethmi Dias,Female,Biology,75.05,60.52,24,0,false,true,false,Low attendance
6428,Supun Madushanka,Male,Physics,75.05,60.85,20,0,false,true,false,Low attendance
6615,Rashmi Rajapaksha,Female,Mathematics,75.06,55.45,18,0,false,true,false,Low attendance
8948,Sahan Ekanayake,Male,Physics,75.06,56.06,21,0,false,true,false,Low attendance
8817,Rashmi Rajapaksha,Female,Physics,75.06,56.89,22,0,false,true,false,Low attendance
3715,Nimal Dias,Male,Biology,75.06,57.5,25,0,false,true,false,Low attendance
2024,Ryan Green,Male,Physics,75.06,58.45,18,0,false,true,false,Low attendance
7607,Nadeesha Senanayake,Female,Biology,75.06,58.59,20,0,false,true,false,Low attendance
10379,Hiruni Dias,Female,Biology,75.06,58.62,22,0,false,true,false,Low attendance
7595,Dilini Jayasinghe,Female,Biology,75.06,58.68,24,0,false,true,false,Low attendance
3571,Ayesh Fernando,Male,Mathematics,75.06,59.58,20,0,false,true,false,Low attendance
9911,Lahiru Madushanka,Male,Physics,75.07,56.35,22,0,false,true,false,Low attendance
7468,Lahiru Abeysekera,Male,Biology,75.07,59.31,23,0,false,true,false,Low attendance
2662,Steven Watson,Female,Biology,75.07,60.58,24,0,false,true,false,Low attendance
5267,Piumi Perera,Female,Computer Science,75.07,61.06,18,0,false,true,false,Low attendance
8858,Shehan Ekanayake,Male,Mathematics,75.07,61.1,17,0,false,true,false,Low attendance
1529,Cynthia Garcia,Male,Mathematics,75.07,62.27,21,0,false,true,false,Low attendance
7539,Tharushi Herath,Female,Computer Science,75.08,51.8,21,0,false,true,false,Low attendance
4643,Rashmi Silva,Female,Physics,75.08,52.37,18,0,false,true,false,Low attendance
4031,Tharindu Senanayake,Male,Biology,75.08,54.06,19,0,false,true,false,Low attendance
10570,Tharushi Dias,Female,Physics,75.08,55.16,18,0,false,true,false,Low attendance
8144,Lahiru Senanayake,Male,Mathematics,75.08,55.57,21,0,false,true,false,Low attendance
4668,Dinithi Ekanayake,Female,Mathematics,75.08,61.7,21,0,false,true,false,Low attendance
6337,Nethmi Peiris,Female,Biology,75.08,63.58,17,0,false,true,false,Low attendance
6703,Kasun Madushanka,Male,Computer Science,75.09,59.91,16,0,false,true,false,Low attendance
5495,Dilan Fernando,Male,Biology,75.09,63.63,19,0,false,true,false,Low attendance
4186,Piumi Ranatunga,Female,Mathematics,75.1,51.25,19,0,false,true,false,Low attendance
6325,Lahiru Perera,Male,Physics,75.1,55.89,22,0,false,true,false,Low attendance
5590,Dinithi Abeysekera,Female,Biology,75.11,51.05,23,0,false,true,false,Low attendance
3974,Sachini Perera,Female,Mathematics,75.11,58.13,19,0,false,true,false,Low attendance
5181,Dilini Gunawardena,Female,Biology,75.11,61.47,21,0,false,true,false,Low attendance
2146,John Valdez,Female,Biology,75.11,61.85,24,0,false,true,false,Low attendance
1975,Joshua Stone,Female,Computer Science,75.12,56.86,25,0,false,true,false,Low attendance
9276,Sashini Dias,Female,Physics,75.12,58.79,21,0,false,true,false,Low attendance
8646,Ishara Fernando,Male,Biology,75.12,62.48,22,0,false,true,false,Low attendance
9464,Nimal Perera,Male,Computer Science,75.12,63.52,17,0,false,true,false,Low attendance
7600,Tharindu Silva,Male,Physics,75.13,52.31,18,0,false,true,false,Low attendance
10272,Sahan Rajapaksha,Male,Biology,75.13,60.0,21,0,false,true,false,Low attendance
3486,Sashini Fernando,Female,Computer Science,75.13,60.05,22,0,false,true,false,Low attendance
10394,Tharushi Wijesinghe,Female,Mathematics,75.13,61.87,23,0,false,true,false,Low attendance
10762,Amandi Rajapaksha,Female,Physics,75.14,53.47,15,0,false,true,false,Low attendance
3810,Nadeesha Senanayake,Female,Mathematics,75.14,59.94,19,0,false,true,false,Low attendance
3288,Chamara Perera,Male,Physics,75.14,59.95,22,0,false,true,false,Low attendance
8201,Sanduni Silva,Female,Physics,75.14,60.82,19,0,false,true,false,Low attendance
8168,Dilini Madushanka,Female,Biology,75.15,55.6,19,0,false,true,false,Low attendance
3389,Shehan Senanayake,Male,Biology,75.15,59.54,20,0,false,true,false,Low attendance
1927,Jorge Castro,Female,Physics,75.15,59.84,20,0,false,true,false,Low attendance
6652,Tharindu Peiris,Male,Mathematics,75.15,59.93,18,0,false,true,false,Low attendance
9893,Hiruni Senanayake,Female,Mathematics,75.15,60.08,20,0,false,true,false,Low attendance
6540,Dilan Ranatunga,Male,Mathematics,75.16,58.95,23,0,false,true,false,Low attendance
5867,Amal Senanayake,Male,Computer Science,75.16,59.32,22,0,false,true,false,Low attendance
5618,Nadeesha Ekanayake,Female,Computer Science,75.16,59.53,22,0,false,true,false,Low attendance
10551,Supun Ranatunga,Male,Physics,75.16,59.79,23,0,false,true,false,Low attendance
6479,Nethmi Senanayake,Female,Physics,75.16,60.26,22,0,false,true,false,Low attendance
9008,Nimal Rajapaksha,Male,Physics,75.17,56.4,25,0,false,true,false,Low attendance
5269,Kavindi Rajapaksha,Female,Computer Science,75.17,56.47,22,0,false,true,false,Low attendance
4979,Dilan Ekanayake,Male,Computer Science,75.17,57.0,20,0,false,true,false,Low attendance
1560,Abigail Kemp,Female,Physics,75.17,58.0,19,0,false,true,false,Low attendance
7800,Rashmi Ekanayake,Female,Biology,75.17,62.42,19,0,false,true,false,Low attendance
1857,Christine Pruitt,Female,Biology,75.17,62.98,17,0,false,true,false,Low attendance
9862,Kasun Ekanayake,Male,Biology,75.18,50.37,20,0,false,true,false,Low attendance
1937,Morgan Sullivan,Male,Physics,75.18,56.3,24,0,false,true,false,Low attendance
6160,Hiruni Gunawardena,Female,Mathematics,75.18,56.99,21,0,false,true,false,Low attendance
10543,Sachini Abeysekera,Female,Biology,75.18,59.8,17,0,false,true,false,Low attendance
6363,Ayesh Peiris,Male,Biology,75.18,62.9,27,0,false,true,false,Low attendance
3905,Hiruni Jayasinghe,Female,Computer Science,75.18,64.13,23,0,false,true,false,Low attendance
3413,Sachini Dias,Female,Biology,75.19,56.82,24,0,false,true,false,Low attendance
4847,Dinithi Jayasinghe,Female,Biology,75.19,59.79,20,0,false,true,false,Low attendance
2235,Cheryl Thompson,Male,Mathematics,75.19,62.87,19,0,false,true,false,Low attendance
8779,Ishani Madushanka,Female,Physics,75.19,63.54,21,0,false,true,false,Low attendance
10321,Tharushi Abeysekera,Female,Physics,75.2,56.44,20,0,false,true,false,Low attendance
1800,Lisa Ortega,Male,Physics,75.2,57.54,20,0,false,true,false,Low attendance
1590,Nathan Beck,Female,Mathematics,75.2,58.86,24,0,false,true,false,Low attendance
5253,Naveen Wijesinghe,Male,Physics,75.2,59.81,18,0,false,true,false,Low attendance
8935,Madhavi Abeysekera,Female,Biology,75.2,60.67,21,0,false,true,false,Low attendance
4082,Nimal Senanayake,Male,Physics,75.21,54.6,19,0,false,true,false,Low attendance
5873,Sachini Peiris,Female,Computer Science,75.21,55.05,16,0,false,true,false,Low attendance
3923,Naveen Senanayake,Male,Biology,75.21,57.09,22,0,false,true,false,Low attendance
3792,Sashini Herath,Female,Mathematics,75.21,58.85,22,0,false,true,false,Low attendance
10740,Lahiru Jayasinghe,Male,Biology,75.21,62.29,20,0,false,true,false,Low attendance
2715,Ryan Wilson,Male,Mathematics,75.22,56.06,17,0,false,true,false,Low attendance
6333,Tharushi Madushanka,Female,Computer Science,75.22,56.63,21,0,false,true,false,Low attendance
8956,Ishani Gunawardena,Female,Physics,75.22,59.97,19,0,false,true,false,Low attendance
9617,Piumi Fernando,Female,Computer Science,75.23,59.35,21,0,false,true,false,Low attendance
7008,Dilini Gunawardena,Female,Mathematics,75.23,59.69,21,0,false,true,false,Low attendance
4785,Sanduni Perera,Female,Physics,75.24,57.01,21,0,false,true,false,Low attendance
6557,Madhavi Ranatunga,Female,Physics,75.25,54.65,19,0,false,true,false,Low attendance
4485,Madhavi Abeysekera,Female,Mathematics,75.25,56.29,17,0,false,true,false,Low attendance
6286,Ravindu Gunawardena,Male,Computer Science,75.25,60.48,20,0,false,true,false,Low attendance
1514,Heather Schneider,Male,Biology,75.26,54.65,22,0,false,true,false,Low attendance
9398,Sachini Ranatunga,Female,Physics,75.26,54.72,16,0,false,true,false,Low attendance
7722,Lahiru Rajapaksha,Male,Biology,75.26,57.38,22,0,false,true,false,Low attendance
4597,Sahan Peiris,Male,Biology,75.26,57.83,17,0,false,true,false,Low attendance
6285,Tharindu Perera,Male,Biology,75.26,63.88,23,0,false,true,false,Low attendance
10472,Dinithi Ekanayake,Female,Mathematics,75.27,55.84,16,0,false,true,false,Low attendance
7781,Shehan Madushanka,Male,Mathematics,75.27,57.04,21,0,false,true,false,Low attendance
6640,Ravindu Ekanayake,Male,Biology,75.27,57.34,20,0,false,true,false,Low attendance
2710,Angel Brewer,Female,Computer Science,75.27,59.19,21,0,false,true,false,Low attendance
7003,Sachini Madushanka,Female,Mathematics,75.27,59.86,23,0,false,true,false,Low attendance
3289,Dinithi Jayasinghe,Female,Mathematics,75.27,60.57,22,0,false,true,false,Low attendance
1659,Eddie Patton,Male,Physics,75.28,54.32,21,0,false,true,false,Low attendance
1646,Melissa Jones,Male,Biology,75.28,55.57,20,0,false,true,false,Low attendance
6066,Lahiru Ranatunga,Male,Computer Science,75.28,58.45,19,0,false,true,false,Low attendance
4862,Sachini Perera,Female,Physics,75.28,58.71,22,0,false,true,false,Low attendance
3876,Dilini Silva,Female,Computer Science,75.28,62.93,21,0,false,true,false,Low attendance
3986,Ravindu Fernando,Male,Biology,75.29,54.45,21,0,false,true,false,Low attendance
6765,Kavindi Perera,Female,Physics,75.29,57.55,23,0,false,true,false,Low attendance
10717,Sachini Jayasinghe,Female,Physics,75.29,58.45,16,0,false,true,false,Low attendance
8336,Naveen Herath,Male,Mathematics,75.29,61.53,18,0,false,true,false,Low attendance
10990,Nadeesha Ekanayake,Female,Computer Science,75.29,61.74,22,0,false,true,false,Low attendance
2689,Maria Barrera,Male,Mathematics,75.29,62.04,19,0,false,true,false,Low attendance
9167,Lahiru Rajapaksha,Male,Biology,75.3,54.79,21,0,false,true,false,Low attendance
2962,Michael Chavez,Male,Physics,75.3,59.02,22,0,false,true,false,Low attendance
8260,Nadeesha Ranatunga,Female,Mathematics,75.31,54.07,21,0,false,true,false,Low attendance
9131,Amandi Wijesinghe,Female,Physics,75.31,56.16,19,0,false,true,false,Low attendance
5372,Kusal Dias,Male,Physics,75.31,58.8,23,0,false,true,false,Low attendance
2831,Paula Sanders,Male,Biology,75.31,59.99,21,0,false,true,false,Low attendance
1332,Monica Perez,Female,Computer Science,75.31,64.73,18,0,false,true,false,Low attendance
10397,Dinithi Fernando,Female,Computer Science,75.32,58.35,17,0,false,true,false,Low attendance
3455,Sashini Rajapaksha,Female,Biology,75.32,59.26,23,0,false,true,false,Low attendance
6429,Dinithi Abeysekera,Female,Mathematics,75.32,59.69,19,0,false,true,false,Low attendance
5555,Lahiru Abeysekera,Male,Biology,75.33,57.49,22,0,false,true,false,Low attendance
10282,Amandi Jayasinghe,Female,Physics,75.33,62.58,23,0,false,true,false,Low attendance
1820,Laura Farley,Female,Biology,75.34,54.72,21,0,false,true,false,Low attendance
4739,Kavindi Abeysekera,Female,Mathematics,75.34,56.74,15,0,false,true,false,Low attendance
3170,Ayesh Dias,Male,Biology,75.34,60.05,21,0,false,true,false,Low attendance
10980,Tharindu Rajapaksha,Male,Biology,75.34,64.21,19,0,false,true,false,Low attendance
6594,Tharushi Ranatunga,Female,Biology,75.34,64.31,17,0,false,true,false,Low attendance
4594,Supun Perera,Male,Computer Science,75.35,56.84,19,0,false,true,false,Low attendance
5479,Ishani Jayasinghe,Female,Physics,75.35,63.72,19,0,false,true,false,Low attendance
9810,Dilini Senanayake,Female,Computer Science,75.36,54.39,25,0,false,true,false,Low attendance
9825,Nethmi Senanayake,Female,Physics,75.36,56.44,24,0,false,true,false,Low attendance
8622,Sachini Perera,Female,Physics,75.36,60.52,22,0,false,true,false,Low attendance
3624,Amandi Fernando,Female,Biology,75.36,61.03,22,0,false,true,false,Low attendance
10316,Piumi Ranatunga,Female,Physics,75.36,61.7,22,0,false,true,false,Low attendance
7777,Ravindu Wijesinghe,Male,Computer Science,75.37,59.6,22,0,false,true,false,Low attendance
6857,Ravindu Rajapaksha,Male,Biology,75.37,59.8,24,0,false,true,false,Low attendance
8707,Amandi Gunawardena,Female,Biology,75.37,61.01,14,0,false,true,false,Low attendance
3949,Piumi Madushanka,Female,Mathematics,75.37,61.56,20,0,false,true,false,Low attendance
9204,Ishani Dias,Female,Mathematics,75.38,57.68,18,0,false,true,false,Low attendance
3995,Sachini Madushanka,Female,Physics,75.38,59.68,20,0,false,true,false,Low attendance
9556,Dilan Wijesinghe,Male,Physics,75.39,57.36,20,0,false,true,false,Low attendance
5633,Ravindu Perera,Male,Physics,75.39,57.54,19,0,false,true,false,Low attendance
8368,Ravindu Gunawardena,Male,Computer Science,75.39,59.96,22,0,false,true,false,Low attendance
7696,Nadeesha Herath,Female,Computer Science,75.39,61.41,21,0,false,true,false,Low attendance
9020,Sanduni Gunawardena,Female,Computer Science,75.39,61.47,20,0,false,true,false,Low attendance
3308,Sachini Senanayake,Female,Computer Science,75.4,54.36,22,0,false,true,false,Low attendance
8632,Nadeesha Fernando,Female,Physics,75.4,56.23,23,0,false,true,false,Low attendance
9455,Madhavi Peiris,Female,Mathematics,75.4,58.27,19,0,false,true,false,Low attendance
3105,Kusal Dias,Male,Mathematics,75.4,58.45,18,0,false,true,false,Low attendance
5019,Dilini Abeysekera,Female,Biology,75.4,62.01,22,0,false,true,false,Low attendance
1244,Kevin Rush,Female,Computer Science,75.4,62.65,23,0,false,true,false,Low attendance
1703,Tammy James,Male,Physics,75.41,62.68,19,0,false,true,false,Low attendance
6145,Ayesh Ekanayake,Male,Physics,75.42,56.92,17,0,false,true,false,Low attendance
10644,Lahiru Wijesinghe,Male,Physics,75.42,57.31,19,0,false,true,false,Low attendance
2147,Cody Bowman,Female,Biology,75.42,61.46,18,0,false,true,false,Low attendance
4521,Chamara Herath,Male,Computer Science,75.43,57.53,22,0,false,true,false,Low attendance
9989,Lahiru Jayasinghe,Male,Mathematics,75.43,59.21,19,0,false,true,false,Low attendance
5562,Nimal Abeysekera,Male,Computer Science,75.43,61.47,21,0,false,true,false,Low attendance
1178,Jeffrey Peterson,Female,Biology,75.44,51.71,24,0,false,true,false,Low attendance
9930,Dilini Gunawardena,Female,Computer Science,75.44,53.88,18,0,false,true,false,Low attendance
5018,Kavindi Rajapaksha,Female,Biology,75.44,58.24,23,0,false,true,false,Low attendance
7466,Sashini Jayasinghe,Female,Biology,75.44,58.46,24,0,false,true,false,Low attendance
10376,Amal Jayasinghe,Male,Biology,75.45,54.48,18,0,false,true,false,Low attendance
3798,Kavindi Abeysekera,Female,Biology,75.45,55.1,17,0,false,true,false,Low attendance
8247,Sahan Jayasinghe,Male,Biology,75.45,58.72,23,0,false,true,false,Low attendance
10823,Nimal Senanayake,Male,Physics,75.45,58.83,17,0,false,true,false,Low attendance
5293,Madhavi Wijesinghe,Female,Mathematics,75.45,60.89,23,0,false,true,false,Low attendance
7360,Dilan Ekanayake,Male,Computer Science,75.45,62.84,20,0,false,true,false,Low attendance
7193,Piumi Dias,Female,Physics,75.46,55.88,17,0,false,true,false,Low attendance
4891,Sanduni Madushanka,Female,Physics,75.46,60.93,22,0,false,true,false,Low attendance
1640,Connor Eaton,Female,Biology,75.46,62.82,21,0,false,true,false,Low attendance
10051,Madhavi Ranatunga,Female,Mathematics,75.47,55.14,22,0,false,true,false,Low attendance
10048,Dilini Herath,Female,Physics,75.47,59.61,18,0,false,true,false,Low attendance
5788,Kusal Madushanka,Male,Computer Science,75.47,60.18,22,0,false,true,false,Low attendance
8589,Tharindu Jayasinghe,Male,Biology,75.48,53.04,22,0,false,true,false,Low attendance
9892,Amal Herath,Male,Physics,75.48,55.15,23,0,false,true,false,Low attendance
6855,Tharushi Abeysekera,Female,Computer Science,75.48,60.31,22,0,false,true,false,Low attendance
2449,John Hernandez,Female,Computer Science,75.48,62.51,22,0,false,true,false,Low attendance
7523,Supun Fernando,Male,Computer Science,75.49,56.21,27,0,false,true,false,Low attendance
6830,Ishani Gunawardena,Female,Mathematics,75.49,59.92,22,0,false,true,false,Low attendance
10137,Rashmi Perera,Female,Computer Science,75.5,54.44,23,0,false,true,false,Low attendance
8796,Sachini Wijesinghe,Female,Mathematics,75.5,54.9,23,0,false,true,false,Low attendance
2179,Claire Beltran,Female,Biology,75.5,57.83,22,0,false,true,false,Low attendance
5857,Tharushi Peiris,Female,Biology,75.5,58.25,21,0,false,true,false,Low attendance
2191,Edward Harris,Male,Biology,75.5,58.87,22,0,false,true,false,Low attendance
5264,Ravindu Ekanayake,Male,Biology,75.5,61.28,21,0,false,true,false,Low attendance
5497,Sashini Senanayake,Female,Biology,75.51,58.44,22,0,false,true,false,Low attendance
10036,Amal Peiris,Male,Biology,75.51,60.27,18,0,false,true,false,Low attendance
10186,Ravindu Wijesinghe,Male,Biology,75.51,61.23,21,0,false,true,false,Low attendance
4341,Amandi Gunawardena,Female,Mathematics,75.51,62.0,21,0,false,true,false,Low attendance
5820,Nethmi Fernando,Female,Biology,75.52,55.65,25,0,false,true,false,Low attendance
8866,Kasun Fernando,Male,Mathematics,75.52,59.29,20,0,false,true,false,Low attendance
4257,Dilan Wijesinghe,Male,Physics,75.52,60.14,23,0,false,true,false,Low attendance
7337,Madhavi Ranatunga,Female,Mathematics,75.53,53.77,19,0,false,true,false,Low attendance
10772,Sachini Wijesinghe,Female,Mathematics,75.53,55.13,17,0,false,true,false,Low attendance
1921,Steven Warner,Male,Mathematics,75.53,55.59,20,0,false,true,false,Low attendance
9233,Nethmi Gunawardena,Female,Biology,75.53,56.36,22,0,false,true,false,Low attendance
2292,Margaret Austin,Female,Physics,75.53,57.58,19,0,false,true,false,Low attendance
7246,Nadeesha Fernando,Female,Biology,75.53,58.24,19,0,false,true,false,Low attendance
7262,Nimal Perera,Male,Mathematics,75.53,61.28,21,0,false,true,false,Low attendance
8560,Nadeesha Silva,Female,Biology,75.54,52.68,18,0,false,true,false,Low attendance
8202,Ayesh Ranatunga,Male,Biology,75.54,56.96,24,0,false,true,false,Low attendance
1888,Ashley Lopez,Female,Mathematics,75.54,60.66,20,0,false,true,false,Low attendance
4255,Amal Madushanka,Male,Physics,75.54,60.7,23,0,false,true,false,Low attendance
10822,Tharindu Gunawardena,Male,Computer Science,75.54,61.8,22,0,false,true,false,Low attendance
5744,Shehan Madushanka,Male,Biology,75.54,63.61,24,0,false,true,false,Low attendance
6580,Dilini Peiris,Female,Biology,75.55,56.2,18,0,false,true,false,Low attendance
10789,Hiruni Rajapaksha,Female,Biology,75.55,56.78,24,0,false,true,false,Low attendance
10687,Ayesh Peiris,Male,Mathematics,75.55,60.07,16,0,false,true,false,Low attendance
4119,Sanduni Herath,Female,Biology,75.56,54.22,22,0,false,true,false,Low attendance
5977,Piumi Wijesinghe,Female,Biology,75.57,57.34,20,0,false,true,false,Low attendance
3526,Ayesh Senanayake,Male,Computer Science,75.57,57.34,21,0,false,true,false,Low attendance
1824,David Haynes,Female,Mathematics,75.57,59.63,19,0,false,true,false,Low attendance
6193,Amandi Fernando,Female,Mathematics,75.57,61.02,18,0,false,true,false,Low attendance
9197,Chamara Peiris,Male,Biology,75.57,64.55,19,0,false,true,false,Low attendance
9660,Ishani Wijesinghe,Female,Biology,75.58,63.11,18,0,false,true,false,Low attendance
4695,Nimal Madushanka,Male,Computer Science,75.59,59.66,21,0,false,true,false,Low attendance
8366,Dilan Gunawardena,Male,Computer Science,75.59,60.53,21,0,false,true,false,Low attendance
1537,Jill Brown,Male,Biology,75.59,61.25,22,0,false,true,false,Low attendance
6575,Ayesh Madushanka,Male,Biology,75.59,62.51,18,0,false,true,false,Low attendance
10173,Sashini Peiris,Female,Biology,75.59,63.66,16,0,false,true,false,Low attendance
3043,Chamara Ekanayake,Male,Computer Science,75.6,53.62,27,0,false,true,false,Low attendance
9074,Kavindi Silva,Female,Mathematics,75.6,56.24,19,0,false,true,false,Low attendance
5266,Hiruni Herath,Female,Computer Science,75.6,57.52,22,0,false,true,false,Low attendance
3030,Amandi Peiris,Female,Mathematics,75.6,64.51,21,0,false,true,false,Low attendance
2917,Erik Kennedy,Female,Computer Science,75.61,60.77,24,0,false,true,false,Low attendance
7465,Shehan Wijesinghe,Male,Mathematics,75.61,60.87,16,0,false,true,false,Low attendance
9185,Lahiru Ekanayake,Male,Biology,75.61,63.62,18,0,false,true,false,Low attendance
2771,Amy Ballard,Male,Mathematics,75.61,64.71,15,0,false,true,false,Low attendance
1278,Joseph Vargas,Male,Computer Science,75.62,59.28,20,0,false,true,false,Low attendance
10985,Tharindu Gunawardena,Male,Computer Science,75.62,60.8,27,0,false,true,false,Low attendance
7241,Nethmi Jayasinghe,Female,Mathematics,75.62,62.52,21,0,false,true,false,Low attendance
4637,Nadeesha Dias,Female,Mathematics,75.63,54.24,16,0,false,true,false,Low attendance
3733,Hiruni Dias,Female,Mathematics,75.63,55.14,14,0,false,true,false,Low attendance
1253,Douglas Cox,Male,Physics,75.63,61.11,18,0,false,true,false,Low attendance
2056,Darren Schwartz,Female,Biology,75.63,61.28,25,0,false,true,false,Low attendance
1192,Gabriel Garcia,Female,Computer Science,75.63,61.82,24,0,false,true,false,Low attendance
6736,Chamara Fernando,Male,Mathematics,75.64,56.1,15,0,false,true,false,Low attendance
8833,Tharushi Peiris,Female,Physics,75.64,60.35,22,0,false,true,false,Low attendance
5958,Sanduni Dias,Female,Biology,75.65,56.22,21,0,false,true,false,Low attendance
8156,Shehan Senanayake,Male,Biology,75.66,59.33,19,0,false,true,false,Low attendance
2429,Christina Jones,Female,Computer Science,75.67,52.51,23,0,false,true,false,Low attendance
1444,Randy Wallace,Male,Mathematics,75.67,56.84,19,0,false,true,false,Low attendance
10867,Sachini Fernando,Female,Physics,75.67,61.54,17,0,false,true,false,Low attendance
4048,Kusal Madushanka,Male,Computer Science,75.68,55.0,21,0,false,true,false,Low attendance
5533,Madhavi Gunawardena,Female,Physics,75.68,56.75,17,0,false,true,false,Low attendance
3569,Dilini Ranatunga,Female,Biology,75.68,58.25,21,0,false,true,false,Low attendance
8175,Kasun Herath,Male,Computer Science,75.68,60.04,24,0,false,true,false,Low attendance
2289,Victor Walker,Female,Physics,75.68,62.1,24,0,false,true,false,Low attendance
8985,Hiruni Dias,Female,Mathematics,75.68,62.36,23,0,false,true,false,Low attendance
10705,Sanduni Rajapaksha,Female,Physics,75.69,53.83,23,0,false,true,false,Low attendance
8074,Sanduni Gunawardena,Female,Computer Science,75.69,63.2,18,0,false,true,false,Low attendance
9353,Amandi Fernando,Female,Physics,75.7,53.37,20,0,false,true,false,Low attendance
2875,Jonathan Gonzalez,Female,Computer Science,75.71,55.68,24,0,false,true,false,Low attendance
8758,Kusal Ranatunga,Male,Biology,75.71,57.57,19,0,false,true,false,Low attendance
8538,Nadeesha Jayasinghe,Female,Computer Science,75.71,58.27,17,0,false,true,false,Low attendance
2562,Nathan Reilly,Male,Biology,75.71,59.02,20,0,false,true,false,Low attendance
5038,Sashini Senanayake,Female,Computer Science,75.71,61.16,22,0,false,true,false,Low attendance
7365,Dinithi Abeysekera,Female,Physics,75.71,62.16,22,0,false,true,false,Low attendance
10153,Ishani Abeysekera,Female,Physics,75.71,62.88,18,0,false,true,false,Low attendance
1959,Tony Hernandez,Female,Computer Science,75.71,63.26,20,0,false,true,false,Low attendance
10965,Kusal Madushanka,Male,Mathematics,75.72,57.77,22,0,false,true,false,Low attendance
2938,Brittany Murphy,Male,Biology,75.72,61.18,21,0,false,true,false,Low attendance
7947,Supun Jayasinghe,Male,Mathematics,75.72,61.3,23,0,false,true,false,Low attendance
10615,Nimal Fernando,Male,Computer Science,75.72,61.44,20,0,false,true,false,Low attendance
6405,Tharindu Ranatunga,Male,Biology,75.73,52.41,21,0,false,true,false,Low attendance
6833,Sanduni Perera,Female,Mathematics,75.73,56.92,24,0,false,true,false,Low attendance
6602,Amandi Peiris,Female,Physics,75.73,58.06,22,0,false,true,false,Low attendance
2090,Betty Morris,Male,Biology,75.73,59.02,19,0,false,true,false,Low attendance
9670,Tharindu Fernando,Male,Physics,75.73,60.94,19,0,false,true,false,Low attendance
8892,Sashini Abeysekera,Female,Computer Science,75.73,62.41,28,0,false,true,false,Low attendance
10771,Ayesh Silva,Male,Mathematics,75.73,64.06,18,0,false,true,false,Low attendance
7574,Sashini Fernando,Female,Biology,75.74,57.53,19,0,false,true,false,Low attendance
3964,Kusal Wijesinghe,Male,Computer Science,75.74,60.79,18,0,false,true,false,Low attendance
4999,Nethmi Dias,Female,Biology,75.75,58.09,22,0,false,true,false,Low attendance
5465,Tharindu Ranatunga,Male,Computer Science,75.76,53.2,21,0,false,true,false,Low attendance
2665,Christie Byrd,Male,Physics,75.76,56.9,22,0,false,true,false,Low attendance
4507,Sahan Ranatunga,Male,Biology,75.76,56.97,21,0,false,true,false,Low attendance
8879,Rashmi Rajapaksha,Female,Physics,75.77,52.64,22,0,false,true,false,Low attendance
9133,Madhavi Abeysekera,Female,Computer Science,75.77,55.58,21,0,false,true,false,Low attendance
9089,Nadeesha Abeysekera,Female,Biology,75.77,64.2,21,0,false,true,false,Low attendance
1998,Michael Flynn,Male,Mathematics,75.78,55.03,19,0,false,true,false,Low attendance
3181,Tharushi Gunawardena,Female,Biology,75.78,63.55,18,0,false,true,false,Low attendance
9225,Madhavi Gunawardena,Female,Mathematics,75.79,56.52,20,0,false,true,false,Low attendance
9547,Amal Jayasinghe,Male,Computer Science,75.79,57.93,18,0,false,true,false,Low attendance
10134,Ishani Ekanayake,Female,Physics,75.79,59.21,22,0,false,true,false,Low attendance
2441,Christopher Gonzalez,Male,Biology,75.79,59.31,20,0,false,true,false,Low attendance
2637,Lisa Gonzalez,Male,Mathematics,75.79,63.39,20,0,false,true,false,Low attendance
3483,Sanduni Gunawardena,Female,Computer Science,75.8,53.81,22,0,false,true,false,Low attendance
4350,Dinithi Peiris,Female,Biology,75.8,56.75,25,0,false,true,false,Low attendance
7450,Dinithi Jayasinghe,Female,Biology,75.8,57.73,25,0,false,true,false,Low attendance
3443,Ravindu Gunawardena,Male,Biology,75.8,59.53,28,0,false,true,false,Low attendance
10784,Nethmi Abeysekera,Female,Computer Science,75.8,60.51,22,0,false,true,false,Low attendance
6074,Sanduni Ranatunga,Female,Physics,75.81,58.14,21,0,false,true,false,Low attendance
5615,Dilan Senanayake,Male,Computer Science,75.81,59.4,23,0,false,true,false,Low attendance
6340,Lahiru Herath,Male,Computer Science,75.81,62.59,22,0,false,true,false,Low attendance
7899,Sahan Wijesinghe,Male,Mathematics,75.82,56.1,20,0,false,true,false,Low attendance
3602,Kavindi Silva,Female,Biology,75.82,56.72,22,0,false,true,false,Low attendance
6651,Ishara Abeysekera,Male,Physics,75.82,59.56,15,0,false,true,false,Low attendance
3445,Kasun Wijesinghe,Male,Biology,75.83,56.3,22,0,false,true,false,Low attendance
8429,Sashini Fernando,Female,Physics,75.83,58.68,19,0,false,true,false,Low attendance
2045,Allison Browning,Male,Mathematics,75.83,59.18,19,0,false,true,false,Low attendance
6336,Ishara Peiris,Male,Mathematics,75.83,61.3,17,0,false,true,false,Low attendance
8614,Lahiru Dias,Male,Computer Science,75.83,61.7,24,0,false,true,false,Low attendance
9361,Tharushi Madushanka,Female,Mathematics,75.83,63.7,19,0,false,true,false,Low attendance
9222,Dinithi Ekanayake,Female,Mathematics,75.84,56.08,18,0,false,true,false,Low attendance
6973,Dinithi Fernando,Female,Computer Science,75.84,60.68,22,0,false,true,false,Low attendance
4653,Lahiru Senanayake,Male,Physics,75.84,64.73,17,0,false,true,false,Low attendance
1942,Brittany Lawson,Male,Biology,75.85,57.3,21,0,false,true,false,Low attendance
5560,Tharindu Fernando,Male,Mathematics,75.85,62.24,19,0,false,true,false,Low attendance
2680,Amanda White,Male,Mathematics,75.86,56.0,19,0,false,true,false,Low attendance
1495,Kristin Cunningham,Female,Physics,75.86,56.84,21,0,false,true,false,Low attendance
9303,Hiruni Ekanayake,Female,Computer Science,75.86,61.08,25,0,false,true,false,Low attendance
5759,Nimal Silva,Male,Mathematics,75.86,62.54,20,0,false,true,false,Low attendance
8139,Rashmi Senanayake,Female,Physics,75.86,64.17,20,0,false,true,false,Low attendance
2787,Lauren Davis,Female,Mathematics,75.87,60.06,21,0,false,true,false,Low attendance
9319,Ayesh Senanayake,Male,Biology,75.87,60.31,22,0,false,true,false,Low attendance
8832,Sachini Herath,Female,Computer Science,75.88,55.16,18,0,false,true,false,Low attendance
2732,Timothy Alexander,Female,Computer Science,75.88,60.84,24,0,false,true,false,Low attendance
2695,Brian Maldonado,Female,Computer Science,75.89,53.8,26,0,false,true,false,Low attendance
8584,Amal Jayasinghe,Male,Biology,75.89,53.81,18,0,false,true,false,Low attendance
8665,Lahiru Ekanayake,Male,Physics,75.89,56.38,18,0,false,true,false,Low attendance
5138,Ayesh Jayasinghe,Male,Computer Science,75.89,58.5,23,0,false,true,false,Low attendance
6836,Lahiru Rajapaksha,Male,Mathematics,75.9,57.67,19,0,false,true,false,Low attendance
6043,Amal Senanayake,Male,Mathematics,75.9,59.98,19,0,false,true,false,Low attendance
2194,Joshua Walker,Male,,75.9,60.29,20,0,false,true,false,Low attendance
8835,Sanduni Madushanka,Female,Mathematics,75.9,60.93,15,0,false,true,false,Low attendance
8470,Madhavi Wijesinghe,Female,Computer Science,75.9,62.87,21,0,false,true,false,Low attendance
6681,Hiruni Senanayake,Female,Biology,75.91,56.06,21,0,false,true,false,Low attendance
8859,Amal Fernando,Male,Mathematics,75.91,58.16,20,0,false,true,false,Low attendance
10234,Sashini Wijesinghe,Female,Biology,75.91,58.38,21,0,false,true,false,Low attendance
4824,Sahan Senanayake,Male,Biology,75.91,59.19,18,0,false,true,false,Low attendance
6900,Nethmi Madushanka,Female,Biology,75.91,60.18,21,0,false,true,false,Low attendance
3604,Tharushi Abeysekera,Female,Biology,75.91,61.32,19,0,false,true,false,Low attendance
5005,Hiruni Wijesinghe,Female,Computer Science,75.92,55.77,20,0,false,true,false,Low attendance
3914,Nadeesha Ekanayake,Female,Biology,75.92,58.92,20,0,false,true,false,Low attendance
4535,Shehan Madushanka,Male,Biology,75.92,63.33,22,0,false,true,false,Low attendance
5060,Tharushi Abeysekera,Female,Computer Science,75.93,55.65,23,0,false,true,false,Low attendance
5120,Rashmi Fernando,Female,Computer Science,75.93,59.02,23,0,false,true,false,Low attendance
1016,Alexander Mcdonald,Male,Computer Science,75.94,56.42,19,0,false,true,false,Low attendance
8698,Dilan Rajapaksha,Male,Physics,75.94,59.82,19,0,false,true,false,Low attendance
6919,Sanduni Perera,Female,Mathematics,75.94,64.28,22,0,false,true,false,Low attendance
9302,Dilan Ekanayake,Male,Computer Science,75.95,56.12,18,0,false,true,false,Low attendance
1865,Kyle Ross,Female,Biology,75.95,58.14,22,0,false,true,false,Low attendance
10622,Sanduni Perera,Female,Physics,75.95,58.7,23,0,false,true,false,Low attendance
6171,Nadeesha Gunawardena,Female,Computer Science,75.95,59.63,26,0,false,true,false,Low attendance
6084,Amal Ranatunga,Male,Biology,75.95,62.94,24,0,false,true,false,Low attendance
6852,Rashmi Wijesinghe,Female,Computer Science,75.96,58.07,17,0,false,true,false,Low attendance
3225,Ishani Dias,Female,Biology,75.96,59.98,21,0,false,true,false,Low attendance
10603,Hiruni Wijesinghe,Female,Physics,75.96,60.55,18,0,false,true,false,Low attendance
1129,Edward Murphy,Male,Computer Science,75.96,60.55,22,0,false,true,false,Low attendance
1154,Cindy Stone,Male,Biology,75.96,61.2,21,0,false,true,false,Low attendance
3097,Sahan Jayasinghe,Male,Biology,75.97,57.96,25,0,false,true,false,Low attendance
3978,Madhavi Wijesinghe,Female,Computer Science,75.97,60.74,20,0,false,true,false,Low attendance
6984,Tharushi Peiris,Female,Computer Science,75.97,62.51,23,0,false,true,false,Low attendance
1599,Christopher Torres,Female,Computer Science,75.98,55.83,23,0,false,true,false,Low attendance
10760,Sahan Senanayake,Male,Computer Science,75.98,57.76,22,0,false,true,false,Low attendance
10870,Kusal Ekanayake,Male,Physics,75.98,58.63,18,0,false,true,false,Low attendance
5234,Ayesh Ranatunga,Male,Mathematics,75.98,61.3,16,0,false,true,false,Low attendance
8792,Amal Rajapaksha,Male,Physics,75.99,59.9,20,0,false,true,false,Low attendance
3894,Nadeesha Senanayake,Female,Computer Science,75.99,60.02,23,0,false,true,false,Low attendance
7944,Sanduni Herath,Female,Physics,75.99,60.57,20,0,false,true,false,Low attendance
8315,Sachini Dias,Female,Biology,76.0,57.86,17,0,false,true,false,Low attendance
10236,Rashmi Rajapaksha,Female,Biology,76.0,58.79,22,0,false,true,false,Low attendance
3104,Tharushi Abeysekera,Female,Computer Science,76.0,62.8,18,0,false,true,false,Low attendance
3755,Sahan Ekanayake,Male,Computer Science,76.0,63.06,22,0,false,true,false,Low attendance
1473,Kimberly Reyes,Female,Biology,76.0,64.68,19,0,false,true,false,Low attendance
4705,Shehan Senanayake,Male,Biology,76.01,57.36,20,0,false,true,false,Low attendance
9625,Kavindi Wijesinghe,Female,Biology,76.01,61.01,21,0,false,true,false,Low attendance
8562,Amandi Silva,Female,Computer Science,76.01,62.23,24,0,false,true,false,Low attendance
5604,Nimal Peiris,Male,Physics,76.02,54.46,19,0,false,true,false,Low attendance
4601,Chamara Fernando,Male,Physics,76.02,62.77,20,0,false,true,false,Low attendance
6993,Sachini Ekanayake,Female,Biology,76.02,63.64,21,0,false,true,false,Low attendance
10019,Amandi Peiris,Female,Physics,76.02,63.95,20,0,false,true,false,Low attendance
6373,Nimal Ranatunga,Male,Mathematics,76.03,56.01,20,0,false,true,false,Low attendance
4272,Tharindu Jayasinghe,Male,Mathematics,76.03,60.64,23,0,false,true,false,Low attendance
5255,Madhavi Dias,Female,Mathematics,76.03,62.04,18,0,false,true,false,Low attendance
1096,Olivia Mayer,Female,Mathematics,76.03,63.88,19,0,false,true,false,Low attendance
6856,Kavindi Jayasinghe,Female,Biology,76.04,51.52,20,0,false,true,false,Low attendance
4300,Nadeesha Perera,Female,Computer Science,76.04,54.16,22,0,false,true,false,Low attendance
5541,Ishani Rajapaksha,Female,Computer Science,76.04,56.9,22,0,false,true,false,Low attendance
4373,Ayesh Ekanayake,Male,Computer Science,76.04,59.77,19,0,false,true,false,Low attendance
8784,Sahan Herath,Male,Mathematics,76.04,59.77,21,0,false,true,false,Low attendance
3515,Hiruni Madushanka,Female,Biology,76.04,60.29,19,0,false,true,false,Low attendance
9175,Supun Wijesinghe,Male,Biology,76.04,62.39,23,0,false,true,false,Low attendance
6397,Ravindu Herath,Male,Mathematics,76.04,63.89,20,0,false,true,false,Low attendance
2798,Alexandra Leonard,Female,Mathematics,76.04,64.15,21,0,false,true,false,Low attendance
10724,Ishara Senanayake,Male,Computer Science,76.05,58.11,20,0,false,true,false,Low attendance
3287,Nadeesha Wijesinghe,Female,Computer Science,76.05,62.01,17,0,false,true,false,Low attendance
9508,Nadeesha Abeysekera,Female,Mathematics,76.06,56.38,19,0,false,true,false,Low attendance
10167,Dinithi Fernando,Female,Biology,76.07,59.3,18,0,false,true,false,Low attendance
1288,Michael Howell,Female,Computer Science,76.07,59.94,22,0,false,true,false,Low attendance
3510,Ishara Abeysekera,Male,Physics,76.07,61.73,23,0,false,true,false,Low attendance
5628,Nadeesha Ekanayake,Female,Computer Science,76.07,63.84,23,0,false,true,false,Low attendance
3484,Ishani Madushanka,Female,Physics,76.08,54.28,24,0,false,true,false,Low attendance
4338,Ayesh Fernando,Male,Biology,76.08,59.33,25,0,false,true,false,Low attendance
4874,Amal Wijesinghe,Male,Physics,76.08,60.77,20,0,false,true,false,Low attendance
3150,Lahiru Rajapaksha,Male,Biology,76.08,61.36,20,0,false,true,false,Low attendance
3113,Rashmi Gunawardena,Female,Mathematics,76.08,61.71,20,0,false,true,false,Low attendance
2494,Charles Barry,Male,Mathematics,76.08,62.78,21,0,false,true,false,Low attendance
4903,Tharindu Madushanka,Male,Mathematics,76.08,62.95,19,0,false,true,false,Low attendance
9585,Hiruni Madushanka,Female,Physics,76.09,58.79,19,0,false,true,false,Low attendance
8886,Lahiru Ranatunga,Male,Mathematics,76.09,59.48,20,0,false,true,false,Low attendance
10910,Madhavi Rajapaksha,Female,Mathematics,76.09,60.82,20,0,false,true,false,Low attendance
3832,Nadeesha Ekanayake,Female,Mathematics,76.09,61.76,16,0,false,true,false,Low attendance
10428,Rashmi Abeysekera,Female,Physics,76.09,62.61,20,0,false,true,false,Low attendance
2065,Paula French,Male,Physics,76.1,54.66,20,0,false,true,false,Low attendance
5247,Supun Perera,Male,Mathematics,76.1,55.21,21,0,false,true,false,Low attendance
9298,Naveen Senanayake,Male,Mathematics,76.1,59.02,19,0,false,true,false,Low attendance
4005,Madhavi Jayasinghe,Female,Mathematics,76.1,61.14,21,0,false,true,false,Low attendance
7760,Amal Silva,Male,Biology,76.1,62.62,23,0,false,true,false,Low attendance
5709,Kasun Abeysekera,Male,Computer Science,76.1,63.01,23,0,false,true,false,Low attendance
1468,Tristan Martin,Male,Mathematics,76.11,59.85,16,0,false,true,false,Low attendance
1890,Tiffany Williamson,Male,Biology,76.11,64.78,24,0,false,true,false,Low attendance
6072,Dinithi Senanayake,Female,Mathematics,76.12,57.84,20,0,false,true,false,Low attendance
7130,Shehan Abeysekera,Male,Computer Science,76.12,62.36,24,0,false,true,false,Low attendance
3917,Hiruni Dias,Female,Biology,76.13,53.98,21,0,false,true,false,Low attendance
6418,Tharushi Herath,Female,Computer Science,76.13,58.31,21,0,false,true,false,Low attendance
7054,Ishani Herath,Female,Mathematics,76.13,60.36,14,0,false,true,false,Low attendance
2241,Bryan Avila,Female,Biology,76.13,61.44,22,0,false,true,false,Low attendance
9866,Nimal Senanayake,Male,Biology,76.13,61.87,20,0,false,true,false,Low attendance
6360,Nimal Ekanayake,Male,Computer Science,76.13,63.97,23,0,false,true,false,Low attendance
7940,Dilini Gunawardena,Female,Biology,76.14,53.38,20,0,false,true,false,Low attendance
1565,Bianca Lane,Male,Physics,76.14,54.99,24,0,false,true,false,Low attendance
8789,Nimal Madushanka,Male,Computer Science,76.14,59.16,22,0,false,true,false,Low attendance
4176,Nethmi Ekanayake,Female,Computer Science,76.14,61.3,18,0,false,true,false,Low attendance
4513,Shehan Madushanka,Male,Biology,76.14,61.59,20,0,false,true,false,Low attendance
3937,Piumi Ekanayake,Female,Computer Science,76.14,62.44,22,0,false,true,false,Low attendance
4466,Amandi Peiris,Female,Biology,76.15,58.18,21,0,false,true,false,Low attendance
3791,Kavindi Perera,Female,Mathematics,76.15,58.49,22,0,false,true,false,Low attendance
3311,Ayesh Perera,Male,Mathematics,76.15,61.74,16,0,false,true,false,Low attendance
6530,Supun Silva,Male,,76.16,58.58,20,0,false,true,false,Low attendance
5240,Dilini Wijesinghe,Female,Mathematics,76.16,59.99,17,0,false,true,false,Low attendance
3112,Shehan Perera,Male,Physics,76.17,52.42,20,0,false,true,false,Low attendance
9647,Naveen Peiris,Male,Computer Science,76.17,58.32,21,0,false,true,false,Low attendance
8408,Amandi Abeysekera,Female,Mathematics,76.17,62.52,22,0,false,true,false,Low attendance
8824,Hiruni Gunawardena,Female,Mathematics,76.17,63.22,18,0,false,true,false,Low attendance
1774,David Robinson,Female,Physics,76.17,64.74,23,0,false,true,false,Low attendance
9831,Tharindu Perera,Male,Mathematics,76.18,54.44,19,0,false,true,false,Low attendance
6914,Nimal Jayasinghe,Male,Physics,76.18,57.41,23,0,false,true,false,Low attendance
1293,Joseph Fernandez,Female,Computer Science,76.18,59.28,24,0,false,true,false,Low attendance
3830,Amandi Ekanayake,Female,Mathematics,76.18,62.95,16,0,false,true,false,Low attendance
8044,Lahiru Herath,Male,Computer Science,76.19,54.59,18,0,false,true,false,Low attendance
10943,Piumi Peiris,Female,Mathematics,76.19,56.35,21,0,false,true,false,Low attendance
4346,Amandi Madushanka,Female,Computer Science,76.19,57.57,22,0,false,true,false,Low attendance
2587,Regina Cox,Female,Biology,76.19,59.07,20,0,false,true,false,Low attendance
6523,Madhavi Peiris,Female,Biology,76.19,61.83,22,0,false,true,false,Low attendance
1161,Ruben Ayala,Female,Physics,76.19,61.97,28,0,false,true,false,Low attendance
10528,Amal Dias,Male,Mathematics,76.19,63.54,22,0,false,true,false,Low attendance
6578,Piumi Gunawardena,Female,Physics,76.19,64.56,20,0,false,true,false,Low attendance
8555,Amal Peiris,Male,Mathematics,76.2,56.93,18,0,false,true,false,Low attendance
10485,Amandi Silva,Female,Computer Science,76.2,59.3,26,0,false,true,false,Low attendance
5696,Dinithi Ekanayake,Female,Mathematics,76.21,55.4,19,0,false,true,false,Low attendance
8131,Ishara Dias,Male,Physics,76.21,58.13,18,0,false,true,false,Low attendance
1103,Norman Li,Female,Mathematics,76.21,59.74,22,0,false,true,false,Low attendance
7372,Dilan Jayasinghe,Male,Physics,76.21,60.43,20,0,false,true,false,Low attendance
6812,Tharushi Perera,Female,Computer Science,76.21,62.97,19,0,false,true,false,Low attendance
7586,Amal Abeysekera,Male,Biology,76.22,62.41,23,0,false,true,false,Low attendance
5975,Dinithi Herath,Female,Mathematics,76.22,62.88,20,0,false,true,false,Low attendance
1075,Holly Allen,Male,Computer Science,76.22,63.09,26,0,false,true,false,Low attendance
3178,Rashmi Rajapaksha,Female,Biology,76.22,63.34,22,0,false,true,false,Low attendance
9915,Hiruni Wijesinghe,Female,Mathematics,76.23,57.08,22,0,false,true,false,Low attendance
7591,Lahiru Silva,Male,Biology,76.23,58.04,19,0,false,true,false,Low attendance
9765,Ayesh Abeysekera,Male,Computer Science,76.23,59.88,22,0,false,true,false,Low attendance
7023,Sanduni Dias,Female,Biology,76.23,63.94,22,0,false,true,false,Low attendance
7694,Hiruni Peiris,Female,Mathematics,76.23,64.4,18,0,false,true,false,Low attendance
5077,Ravindu Senanayake,Male,Computer Science,76.24,53.23,20,0,false,true,false,Low attendance
6229,Ishani Madushanka,Female,Physics,76.24,62.12,20,0,false,true,false,Low attendance
5110,Dinithi Rajapaksha,Female,Physics,76.24,63.13,19,0,false,true,false,Low attendance
1245,Cody Thomas,Male,Physics,76.24,63.36,17,0,false,true,false,Low attendance
7474,Sachini Peiris,Female,Physics,76.24,63.71,15,0,false,true,false,Low attendance
1437,Christie Peters,Female,Computer Science,76.25,54.1,19,0,false,true,false,Low attendance
3082,Tharindu Gunawardena,Male,Computer Science,76.25,58.86,19,0,false,true,false,Low attendance
8254,Ishani Perera,Female,Mathematics,76.26,55.42,20,0,false,true,false,Low attendance
4263,Sanduni Perera,Female,Biology,76.26,58.45,23,0,false,true,false,Low attendance
9971,Rashmi Rajapaksha,Female,Mathematics,76.26,59.51,22,0,false,true,false,Low attendance
5472,Ayesh Peiris,Male,Biology,76.26,60.7,22,0,false,true,false,Low attendance
9559,Hiruni Silva,Female,Computer Science,76.26,63.13,22,0,false,true,false,Low attendance
7839,Shehan Ekanayake,Male,Biology,76.26,63.18,17,0,false,true,false,Low attendance
1322,Linda Simpson,Female,Physics,76.27,59.42,22,0,false,true,false,Low attendance
10792,Dilan Madushanka,Male,Computer Science,76.27,59.94,19,0,false,true,false,Low attendance
2883,Rebecca Green,Female,Computer Science,76.27,61.76,23,0,false,true,false,Low attendance
7870,Supun Jayasinghe,Male,Physics,76.27,63.45,19,0,false,true,false,Low attendance
3492,Nethmi Jayasinghe,Female,Mathematics,76.28,55.57,20,0,false,true,false,Low attendance
7928,Chamara Perera,Male,Physics,76.28,56.52,19,0,false,true,false,Low attendance
5929,Dinithi Perera,Female,Biology,76.28,59.66,21,0,false,true,false,Low attendance
6006,Shehan Perera,Male,Physics,76.28,62.32,22,0,false,true,false,Low attendance
3988,Amal Dias,Male,Biology,76.29,52.76,18,0,false,true,false,Low attendance
10911,Ayesh Senanayake,Male,Mathematics,76.29,60.08,19,0,false,true,false,Low attendance
2781,Steven Sanchez,Female,Biology,76.29,60.27,19,0,false,true,false,Low attendance
9440,Ayesh Dias,Male,Mathematics,76.29,62.99,20,0,false,true,false,Low attendance
9481,Supun Madushanka,Male,Mathematics,76.3,50.66,18,0,false,true,false,Low attendance
7570,Sanduni Senanayake,Female,Mathematics,76.3,58.79,19,0,false,true,false,Low attendance
5656,Naveen Ranatunga,Male,Physics,76.3,59.54,19,0,false,true,false,Low attendance
7684,Chamara Gunawardena,Male,Physics,76.3,60.12,20,0,false,true,false,Low attendance
9612,Piumi Silva,Female,Physics,76.31,57.24,21,0,false,true,false,Low attendance
3020,Ayesh Madushanka,Male,Physics,76.31,62.29,21,0,false,true,false,Low attendance
8670,Chamara Abeysekera,Male,Mathematics,76.31,63.8,20,0,false,true,false,Low attendance
8690,Shehan Peiris,Male,Computer Science,76.32,56.2,19,0,false,true,false,Low attendance
3722,Kavindi Abeysekera,Female,Physics,76.32,59.98,22,0,false,true,false,Low attendance
2030,Nicole Anderson,Female,Computer Science,76.32,60.11,23,0,false,true,false,Low attendance
10927,Kusal Dias,Male,Mathematics,76.32,60.53,20,0,false,true,false,Low attendance
9546,Ravindu Herath,Male,Computer Science,76.32,63.87,25,0,false,true,false,Low attendance
7528,Dinithi Jayasinghe,Female,Computer Science,76.33,54.92,18,0,false,true,false,Low attendance
2154,Karen James,Male,Mathematics,76.33,56.32,22,0,false,true,false,Low attendance
9763,Kasun Peiris,Male,Mathematics,76.33,56.75,18,0,false,true,false,Low attendance
1901,Shane Cook,Female,Biology,76.33,57.61,20,0,false,true,false,Low attendance
3393,Tharushi Herath,Female,Biology,76.33,60.85,23,0,false,true,false,Low attendance
5336,Madhavi Wijesinghe,Female,Biology,76.34,56.76,19,0,false,true,false,Low attendance
3920,Madhavi Perera,Female,Mathematics,76.34,58.03,21,0,false,true,false,Low attendance
4589,Dilini Jayasinghe,Female,Computer Science,76.34,62.53,18,0,false,true,false,Low attendance
3203,Sahan Rajapaksha,Male,Biology,76.34,62.96,23,0,false,true,false,Low attendance
4555,Tharindu Gunawardena,Male,Computer Science,76.35,56.93,25,0,false,true,false,Low attendance
10958,Shehan Madushanka,Male,Computer Science,76.35,57.88,22,0,false,true,false,Low attendance
7866,Ishara Ranatunga,Male,Computer Science,76.35,59.52,23,0,false,true,false,Low attendance
7638,Amal Madushanka,Male,Physics,76.35,64.27,20,0,false,true,false,Low attendance
9206,Sanduni Jayasinghe,Female,Mathematics,76.36,53.29,17,0,false,true,false,Low attendance
2943,Luis Erickson,Male,Physics,76.36,57.63,15,0,false,true,false,Low attendance
5355,Lahiru Jayasinghe,Male,Biology,76.36,61.64,23,0,false,true,false,Low attendance
1400,Megan Wilson,Female,Physics,76.36,63.73,19,0,false,true,false,Low attendance
2149,Charles Morales,Male,Mathematics,76.36,64.17,18,0,false,true,false,Low attendance
7533,Nimal Abeysekera,Male,Biology,76.37,55.28,20,0,false,true,false,Low attendance
3679,Chamara Peiris,Male,Biology,76.37,57.59,21,0,false,true,false,Low attendance
4506,Supun Senanayake,Male,Computer Science,76.37,63.06,17,0,false,true,false,Low attendance
1472,Kevin Rice,Male,Biology,76.38,57.92,23,0,false,true,false,Low attendance
3616,Ishani Madushanka,Female,Biology,76.38,58.82,21,0,false,true,false,Low attendance
10942,Kavindi Rajapaksha,Female,Physics,76.38,61.19,21,0,false,true,false,Low attendance
8682,Lahiru Fernando,Male,Computer Science,76.38,63.31,23,0,false,true,false,Low attendance
3152,Ishara Ekanayake,Male,Physics,76.39,61.06,19,0,false,true,false,Low attendance
1570,Scott Chambers,Male,Biology,76.4,62.19,25,0,false,true,false,Low attendance
9134,Dilini Ranatunga,Female,Biology,76.4,62.26,20,0,false,true,false,Low attendance
5128,Sashini Herath,Female,Physics,76.4,64.16,20,0,false,true,false,Low attendance
4289,Dinithi Silva,Female,Computer Science,76.41,57.41,20,0,false,true,false,Low attendance
9694,Dilini Peiris,Female,Computer Science,76.41,62.21,22,0,false,true,false,Low attendance
4573,Piumi Dias,Female,Biology,76.41,62.81,20,0,false,true,false,Low attendance
1014,Douglas Turner,Male,Mathematics,76.42,62.23,24,0,false,true,false,Low attendance
4572,Nethmi Fernando,Female,Physics,76.42,62.6,17,0,false,true,false,Low attendance
9314,Hiruni Jayasinghe,Female,Biology,76.42,63.25,18,0,false,true,false,Low attendance
10233,Amandi Jayasinghe,Female,Biology,76.42,63.85,16,0,false,true,false,Low attendance
7872,Amal Gunawardena,Male,Mathematics,76.43,56.49,20,0,false,true,false,Low attendance
3953,Sachini Ranatunga,Female,Computer Science,76.43,56.77,19,0,false,true,false,Low attendance
7105,Nadeesha Fernando,Female,Physics,76.43,58.4,20,0,false,true,false,Low attendance
10709,Sanduni Peiris,Female,Computer Science,76.43,62.98,23,0,false,true,false,Low attendance
5485,Nadeesha Madushanka,Female,Physics,76.43,63.74,20,0,false,true,false,Low attendance
5177,Piumi Senanayake,Female,Biology,76.44,61.38,20,0,false,true,false,Low attendance
2312,Randy Mclaughlin,Female,Mathematics,76.44,63.91,22,0,false,true,false,Low attendance
9620,Madhavi Herath,Female,Mathematics,76.45,50.38,19,0,false,true,false,Low attendance
3342,Dilini Silva,Female,Biology,76.45,62.01,21,0,false,true,false,Low attendance
10337,Nethmi Perera,Female,Biology,76.45,62.92,19,0,false,true,false,Low attendance
3826,Sashini Gunawardena,Female,Physics,76.46,54.45,21,0,false,true,false,Low attendance
9373,Dilan Wijesinghe,Male,Biology,76.46,55.08,20,0,false,true,false,Low attendance
3516,Kusal Ranatunga,Male,Physics,76.46,58.99,21,0,false,true,false,Low attendance
2029,Vanessa Jones,Female,Physics,76.46,60.03,19,0,false,true,false,Low attendance
8245,Tharushi Rajapaksha,Female,Computer Science,76.47,57.13,22,0,false,true,false,Low attendance
5819,Naveen Wijesinghe,Male,Physics,76.47,59.44,23,0,false,true,false,Low attendance
3210,Piumi Madushanka,Female,Computer Science,76.47,59.71,18,0,false,true,false,Low attendance
8235,Tharushi Jayasinghe,Female,Computer Science,76.47,63.2,20,0,false,true,false,Low attendance
6372,Lahiru Fernando,Male,Computer Science,76.47,63.54,22,0,false,true,false,Low attendance
6019,Ishani Dias,Female,Computer Science,76.48,56.17,20,0,false,true,false,Low attendance
3777,Dilan Abeysekera,Male,Physics,76.48,59.84,21,0,false,true,false,Low attendance
3704,Nadeesha Ranatunga,Female,Biology,76.48,63.88,23,0,false,true,false,Low attendance
6186,Dilini Perera,Female,Physics,76.48,64.79,15,0,false,true,false,Low attendance
6449,Nadeesha Ranatunga,Female,Computer Science,76.49,58.88,22,0,false,true,false,Low attendance
6388,Dilini Dias,Female,Mathematics,76.51,57.2,20,0,false,true,false,Low attendance
7287,Kavindi Jayasinghe,Female,Biology,76.51,58.17,18,0,false,true,false,Low attendance
5000,Naveen Silva,Male,Biology,76.51,60.11,21,0,false,true,false,Low attendance
8110,Supun Madushanka,Male,Computer Science,76.51,63.01,21,0,false,true,false,Low attendance
5844,Naveen Abeysekera,Male,Computer Science,76.52,57.52,21,0,false,true,false,Low attendance
1193,Tasha Vance,Female,Mathematics,76.53,54.12,18,0,false,true,false,Low attendance
5896,Piumi Peiris,Female,Biology,76.53,56.82,23,0,false,true,false,Low attendance
4285,Sachini Peiris,Female,Biology,76.53,58.94,22,0,false,true,false,Low attendance
3144,Piumi Madushanka,Female,Biology,76.54,58.1,22,0,false,true,false,Low attendance
2038,Christine Thomas,Female,Computer Science,76.54,58.29,27,0,false,true,false,Low attendance
10495,Amal Rajapaksha,Male,Mathematics,76.54,58.65,19,0,false,true,false,Low attendance
7967,Hiruni Silva,Female,Physics,76.54,60.64,18,0,false,true,false,Low attendance
10469,Nadeesha Peiris,Female,Biology,76.54,61.06,19,0,false,true,false,Low attendance
8782,Dilan Ranatunga,Male,Biology,76.54,61.43,19,0,false,true,false,Low attendance
10056,Kasun Peiris,Male,Biology,76.54,61.51,26,0,false,true,false,Low attendance
5341,Tharushi Wijesinghe,Female,Physics,76.54,61.68,23,0,false,true,false,Low attendance
7490,Ayesh Dias,Male,Computer Science,76.55,54.81,20,0,false,true,false,Low attendance
9514,Nimal Wijesinghe,Male,Physics,76.55,58.5,21,0,false,true,false,Low attendance
3317,Rashmi Rajapaksha,Female,Mathematics,76.55,60.8,16,0,false,true,false,Low attendance
2430,Kimberly Clark,Female,Computer Science,76.55,62.99,21,0,false,true,false,Low attendance
4924,Nadeesha Silva,Female,Mathematics,76.55,64.49,19,0,false,true,false,Low attendance
6472,Sanduni Wijesinghe,Female,Mathematics,76.56,56.81,19,0,false,true,false,Low attendance
8798,Dilini Dias,Female,Physics,76.56,58.87,17,0,false,true,false,Low attendance
2660,Matthew Acevedo,Female,Physics,76.56,60.3,18,0,false,true,false,Low attendance
8487,Amal Ranatunga,Male,Computer Science,76.56,62.08,19,0,false,true,false,Low attendance
5160,Supun Herath,Male,Mathematics,76.57,62.44,19,0,false,true,false,Low attendance
4021,Dilini Dias,Female,Computer Science,76.58,55.54,24,0,false,true,false,Low attendance
3452,Ishani Abeysekera,Female,Mathematics,76.58,57.18,18,0,false,true,false,Low attendance
8958,Dilini Ranatunga,Female,Mathematics,76.58,58.09,17,0,false,true,false,Low attendance
7371,Ishara Peiris,Male,Computer Science,76.58,58.6,24,0,false,true,false,Low attendance
1182,Martin Perkins,Female,Computer Science,76.58,59.14,23,0,false,true,false,Low attendance
10090,Dilan Perera,Male,Computer Science,76.58,62.37,18,0,false,true,false,Low attendance
5658,Amal Dias,Male,Physics,76.59,54.66,19,0,false,true,false,Low attendance
10844,Dilini Wijesinghe,Female,Biology,76.59,55.84,22,0,false,true,false,Low attendance
4644,Nethmi Perera,Female,Mathematics,76.59,59.23,16,0,false,true,false,Low attendance
7461,Dilini Dias,Female,Biology,76.59,59.32,21,0,false,true,false,Low attendance
6977,Ayesh Senanayake,Male,Biology,76.59,62.12,23,0,false,true,false,Low attendance
3623,Dilan Wijesinghe,Male,Computer Science,76.59,62.18,22,0,false,true,false,Low attendance
3253,Dinithi Perera,Female,Physics,76.6,51.44,23,0,false,true,false,Low attendance
9636,Amal Peiris,Male,Mathematics,76.6,54.89,18,0,false,true,false,Low attendance
9774,Nethmi Madushanka,Female,Physics,76.6,57.34,19,0,false,true,false,Low attendance
4427,Naveen Silva,Male,Mathematics,76.61,55.68,19,0,false,true,false,Low attendance
8800,Nethmi Jayasinghe,Female,Biology,76.61,56.71,20,0,false,true,false,Low attendance
8258,Piumi Ekanayake,Female,Computer Science,76.62,56.5,23,0,false,true,false,Low attendance
10393,Ayesh Fernando,Male,Physics,76.62,57.18,23,0,false,true,false,Low attendance
6040,Sahan Fernando,Male,Physics,76.62,58.03,16,0,false,true,false,Low attendance
3993,Sashini Wijesinghe,Female,Mathematics,76.62,58.42,19,0,false,true,false,Low attendance
5572,Nimal Peiris,Male,Computer Science,76.62,59.81,21,0,false,true,false,Low attendance
9418,Shehan Perera,Male,Computer Science,76.62,60.51,19,0,false,true,false,Low attendance
8179,Kavindi Perera,Female,Physics,76.63,56.18,22,0,false,true,false,Low attendance
7706,Tharindu Gunawardena,Male,Biology,76.63,58.69,18,0,false,true,false,Low attendance
7038,Dilan Herath,Male,Biology,76.63,59.55,22,0,false,true,false,Low attendance
8526,Tharindu Rajapaksha,Male,Computer Science,76.65,55.81,19,0,false,true,false,Low attendance
7608,Kavindi Herath,Female,Computer Science,76.65,59.8,23,0,false,true,false,Low attendance
4348,Tharindu Senanayake,Male,Computer Science,76.65,60.08,22,0,false,true,false,Low attendance
1318,Richard Kim,Male,Mathematics,76.65,61.86,19,0,false,true,false,Low attendance
8984,Kusal Jayasinghe,Male,Biology,76.67,56.52,23,0,false,true,false,Low attendance
9994,Rashmi Abeysekera,Female,Biology,76.67,57.12,19,0,false,true,false,Low attendance
10510,Rashmi Madushanka,Female,Physics,76.67,57.31,24,0,false,true,false,Low attendance
10017,Kusal Wijesinghe,Male,Computer Science,76.67,59.28,20,0,false,true,false,Low attendance
7120,Naveen Abeysekera,Male,Physics,76.67,60.93,20,0,false,true,false,Low attendance
9587,Kasun Ranatunga,Male,Mathematics,76.67,64.39,14,0,false,true,false,Low attendance
10868,Tharushi Jayasinghe,Female,Physics,76.67,64.82,22,0,false,true,false,Low attendance
10381,Ishani Silva,Female,Physics,76.68,56.62,23,0,false,true,false,Low attendance
8786,Ravindu Fernando,Male,Biology,76.68,59.31,22,0,false,true,false,Low attendance
6197,Dilini Dias,Female,Biology,76.68,60.84,21,0,false,true,false,Low attendance
4691,Shehan Rajapaksha,Male,Physics,76.68,63.96,20,0,false,true,false,Low attendance
4160,Dilan Senanayake,Male,Physics,76.68,64.35,20,0,false,true,false,Low attendance
2461,Paul Davidson,Male,Biology,76.69,53.29,19,0,false,true,false,Low attendance
6507,Dinithi Peiris,Female,Physics,76.69,56.43,24,0,false,true,false,Low attendance
6964,Rashmi Jayasinghe,Female,Mathematics,76.69,61.51,18,0,false,true,false,Low attendance
4253,Sahan Senanayake,Male,Computer Science,76.7,56.68,19,0,false,true,false,Low attendance
3626,Madhavi Silva,Female,Computer Science,76.7,57.26,16,0,false,true,false,Low attendance
6569,Chamara Peiris,Male,Mathematics,76.7,58.59,19,0,false,true,false,Low attendance
5422,Piumi Jayasinghe,Female,Computer Science,76.7,60.06,21,0,false,true,false,Low attendance
5230,Rashmi Madushanka,Female,Biology,76.7,62.26,19,0,false,true,false,Low attendance
3156,Ravindu Peiris,Male,Mathematics,76.7,63.57,15,0,false,true,false,Low attendance
3357,Nimal Dias,Male,Computer Science,76.7,63.7,20,0,false,true,false,Low attendance
6737,Shehan Rajapaksha,Male,Biology,76.71,54.7,20,0,false,true,false,Low attendance
8655,Amandi Rajapaksha,Female,Biology,76.71,55.92,18,0,false,true,false,Low attendance
7926,Supun Dias,Male,Mathematics,76.71,61.17,22,0,false,true,false,Low attendance
4688,Nimal Gunawardena,Male,Computer Science,76.71,62.01,20,0,false,true,false,Low attendance
5817,Ravindu Ranatunga,Male,Mathematics,76.71,63.28,19,0,false,true,false,Low attendance
7027,Dilini Senanayake,Female,Physics,76.71,63.93,19,0,false,true,false,Low attendance
9038,Dinithi Herath,Female,Mathematics,76.72,54.28,18,0,false,true,false,Low attendance
8287,Shehan Herath,Male,Mathematics,76.72,58.81,20,0,false,true,false,Low attendance
7273,Sashini Senanayake,Female,Mathematics,76.72,59.62,20,0,false,true,false,Low attendance
7879,Kasun Ranatunga,Male,Computer Science,76.72,64.04,21,0,false,true,false,Low attendance
7153,Sachini Abeysekera,Female,Biology,76.73,59.68,21,0,false,true,false,Low attendance
4472,Ishara Fernando,Male,Physics,76.74,55.43,22,0,false,true,false,Low attendance
5959,Chamara Dias,Male,Mathematics,76.74,56.18,19,0,false,true,false,Low attendance
8142,Ravindu Jayasinghe,Male,Biology,76.74,56.47,18,0,false,true,false,Low attendance
3567,Nimal Wijesinghe,Male,Physics,76.74,60.29,23,0,false,true,false,Low attendance
3673,Tharindu Jayasinghe,Male,Mathematics,76.74,63.3,20,0,false,true,false,Low attendance
4842,Sahan Wijesinghe,Male,Mathematics,76.75,52.6,20,0,false,true,false,Low attendance
8300,Piumi Fernando,Female,Mathematics,76.75,56.04,21,0,false,true,false,Low attendance
8483,Rashmi Abeysekera,Female,Physics,76.75,59.42,17,0,false,true,false,Low attendance
9456,Kavindi Herath,Female,Physics,76.75,60.29,24,0,false,true,false,Low attendance
10018,Rashmi Abeysekera,Female,Mathematics,76.75,61.79,18,0,false,true,false,Low attendance
3024,Ishani Fernando,Female,Biology,76.75,62.27,24,0,false,true,false,Low attendance
3336,Rashmi Dias,Female,Physics,76.76,55.89,18,0,false,true,false,Low attendance
9801,Sahan Gunawardena,Male,Computer Science,76.76,57.64,18,0,false,true,false,Low attendance
6094,Sachini Herath,Female,Computer Science,76.76,58.28,23,0,false,true,false,Low attendance
4510,Nadeesha Abeysekera,Female,Biology,76.76,59.72,21,0,false,true,false,Low attendance
10226,Dilini Fernando,Female,Mathematics,76.76,61.16,20,0,false,true,false,Low attendance
7658,Sashini Gunawardena,Female,Computer Science,76.76,61.46,18,0,false,true,false,Low attendance
6885,Amal Silva,Male,Biology,76.76,62.26,22,0,false,true,false,Low attendance
1674,Brandon Walsh,Female,Physics,76.77,56.98,22,0,false,true,false,Low attendance
6817,Ayesh Ranatunga,Male,Physics,76.77,59.89,20,0,false,true,false,Low attendance
4196,Rashmi Dias,Female,Mathematics,76.77,61.38,19,0,false,true,false,Low attendance
6283,Sachini Herath,Female,Computer Science,76.77,64.0,21,0,false,true,false,Low attendance
5825,Dinithi Jayasinghe,Female,Computer Science,76.78,61.83,19,0,false,true,false,Low attendance
8508,Tharushi Wijesinghe,Female,Biology,76.79,58.37,21,0,false,true,false,Low attendance
7769,Nethmi Ekanayake,Female,Mathematics,76.79,59.35,19,0,false,true,false,Low attendance
8148,Tharindu Fernando,Male,Biology,76.79,61.73,23,0,false,true,false,Low attendance
4401,Ishara Rajapaksha,Male,Physics,76.79,64.5,23,0,false,true,false,Low attendance
8735,Kusal Abeysekera,Male,Mathematics,76.8,53.6,21,0,false,true,false,Low attendance
4150,Ravindu Senanayake,Male,Physics,76.8,58.08,22,0,false,true,false,Low attendance
4121,Tharushi Dias,Female,Computer Science,76.8,59.9,22,0,false,true,false,Low attendance
10110,Ishara Rajapaksha,Male,Biology,76.8,61.41,23,0,false,true,false,Low attendance
3476,Kavindi Ranatunga,Female,Mathematics,76.81,57.19,20,0,false,true,false,Low attendance
6319,Nethmi Madushanka,Female,Physics,76.81,57.81,23,0,false,true,false,Low attendance
7429,Chamara Senanayake,Male,Computer Science,76.81,59.4,24,0,false,true,false,Low attendance
7946,Sanduni Wijesinghe,Female,Biology,76.81,62.38,22,0,false,true,false,Low attendance
8437,Chamara Senanayake,Male,Computer Science,76.81,62.53,18,0,false,true,false,Low attendance
10549,Ravindu Abeysekera,Male,Mathematics,76.81,63.22,22,0,false,true,false,Low attendance
2212,Hayden Smith,Female,Biology,76.81,64.42,19,0,false,true,false,Low attendance
9576,Kasun Jayasinghe,Male,Biology,76.82,54.62,15,0,false,true,false,Low attendance
8285,Kasun Jayasinghe,Male,Computer Science,76.82,57.15,21,0,false,true,false,Low attendance
7636,Kasun Madushanka,Male,Computer Science,76.82,60.07,20,0,false,true,false,Low attendance
1319,John Rogers,Male,Computer Science,76.82,63.46,22,0,false,true,false,Low attendance
5711,Sachini Dias,Female,Computer Science,76.82,64.05,20,0,false,true,false,Low attendance
4595,Dilan Madushanka,Male,Mathematics,76.82,64.28,18,0,false,true,false,Low attendance
2345,Darrell Rodriguez,Female,Physics,76.83,55.54,23,0,false,true,false,Low attendance
2021,Matthew Pace,Female,Mathematics,76.83,55.88,20,0,false,true,false,Low attendance
7628,Kavindi Dias,Female,Physics,76.83,57.62,19,0,false,true,false,Low attendance
2022,Christopher Blake,Male,Biology,76.83,60.4,21,0,false,true,false,Low attendance
4049,Kusal Perera,Male,Mathematics,76.83,60.69,19,0,false,true,false,Low attendance
3410,Naveen Abeysekera,Male,Biology,76.83,61.4,19,0,false,true,false,Low attendance
1899,Yolanda Rowe,Male,Computer Science,76.84,58.01,18,0,false,true,false,Low attendance
4600,Chamara Abeysekera,Male,Computer Science,76.84,60.06,23,0,false,true,false,Low attendance
8280,Ishani Ekanayake,Female,Mathematics,76.84,63.2,18,0,false,true,false,Low attendance
7129,Ishani Ekanayake,Female,Physics,76.85,56.8,21,0,false,true,false,Low attendance
7960,Sachini Perera,Female,Mathematics,76.85,58.62,19,0,false,true,false,Low attendance
1446,Amber Guzman,Female,Biology,76.86,54.7,17,0,false,true,false,Low attendance
4428,Kusal Madushanka,Male,Biology,76.86,54.72,26,0,false,true,false,Low attendance
9836,Ishara Dias,Male,Mathematics,76.86,62.15,17,0,false,true,false,Low attendance
8767,Amandi Gunawardena,Female,Biology,76.86,62.17,20,0,false,true,false,Low attendance
7541,Dilini Dias,Female,Computer Science,76.86,63.67,20,0,false,true,false,Low attendance
2081,Donna Thompson,Female,Biology,76.87,56.82,19,0,false,true,false,Low attendance
7984,Ishara Fernando,Male,Physics,76.87,62.71,22,0,false,true,false,Low attendance
1563,Alyssa White,Female,Biology,76.87,62.97,22,0,false,true,false,Low attendance
2722,Robert Berry,Male,Mathematics,76.88,62.16,18,0,false,true,false,Low attendance
4680,Dilini Silva,Female,Mathematics,76.89,56.66,22,0,false,true,false,Low attendance
1543,Carla Simon,Male,Physics,76.89,60.73,23,0,false,true,false,Low attendance
1896,Gabriel Flores,Male,Physics,76.89,62.04,22,0,false,true,false,Low attendance
5488,Rashmi Ekanayake,Female,Computer Science,76.89,62.95,23,0,false,true,false,Low attendance
8970,Kasun Gunawardena,Male,Biology,76.9,54.12,17,0,false,true,false,Low attendance
2653,Patrick White,Male,Computer Science,76.9,59.47,23,0,false,true,false,Low attendance
10363,Kavindi Peiris,Female,Physics,76.91,56.96,23,0,false,true,false,Low attendance
1238,James Walker,Female,Physics,76.91,57.04,19,0,false,true,false,Low attendance
6411,Nethmi Ekanayake,Female,Mathematics,76.91,63.93,23,0,false,true,false,Low attendance
10787,Amal Herath,Male,Mathematics,76.91,64.52,20,0,false,true,false,Low attendance
7594,Naveen Ekanayake,Male,Computer Science,76.92,55.47,17,0,false,true,false,Low attendance
5194,Sahan Fernando,Male,Mathematics,76.92,57.32,17,0,false,true,false,Low attendance
4187,Madhavi Ekanayake,Female,Computer Science,76.92,62.4,22,0,false,true,false,Low attendance
10889,Lahiru Rajapaksha,Male,Computer Science,76.93,59.72,20,0,false,true,false,Low attendance
7618,Kasun Abeysekera,Male,Mathematics,76.93,62.21,19,0,false,true,false,Low attendance
4299,Nadeesha Wijesinghe,Female,Biology,76.93,64.24,19,0,false,true,false,Low attendance
4267,Supun Peiris,Male,Biology,76.95,58.68,21,0,false,true,false,Low attendance
1763,David Perez,Male,Mathematics,76.95,64.35,17,0,false,true,false,Low attendance
6056,Sashini Perera,Female,Computer Science,76.95,64.53,23,0,false,true,false,Low attendance
4549,Piumi Dias,Female,Physics,76.96,59.44,19,0,false,true,false,Low attendance
10751,Sanduni Abeysekera,Female,Biology,76.96,60.06,20,0,false,true,false,Low attendance
3208,Lahiru Ranatunga,Male,Biology,76.96,61.89,22,0,false,true,false,Low attendance
10679,Sahan Dias,Male,Computer Science,76.96,61.9,23,0,false,true,false,Low attendance
2434,William Dominguez,Male,Computer Science,76.96,62.6,24,0,false,true,false,Low attendance
4215,Nethmi Dias,Female,Physics,76.96,63.84,20,0,false,true,false,Low attendance
7798,Hiruni Herath,Female,Biology,76.97,55.52,20,0,false,true,false,Low attendance
8424,Nimal Ranatunga,Male,Mathematics,76.97,59.46,17,0,false,true,false,Low attendance
10506,Lahiru Perera,Male,Mathematics,76.97,63.14,18,0,false,true,false,Low attendance
8381,Kasun Silva,Male,Physics,76.97,63.73,23,0,false,true,false,Low attendance
5678,Amal Senanayake,Male,Physics,76.98,60.91,20,0,false,true,false,Low attendance
5793,Ayesh Ekanayake,Male,Computer Science,76.98,62.42,22,0,false,true,false,Low attendance
5409,Ishani Abeysekera,Female,Computer Science,76.98,62.87,22,0,false,true,false,Low attendance
4901,Nethmi Ranatunga,Female,Mathematics,76.98,64.43,24,0,false,true,false,Low attendance
10390,Supun Ranatunga,Male,Biology,76.99,53.07,19,0,false,true,false,Low attendance
4165,Nimal Abeysekera,Male,Physics,76.99,60.08,23,0,false,true,false,Low attendance
1062,Amanda Dean,Male,Biology,76.99,61.27,24,0,false,true,false,Low attendance
4410,Amal Silva,Male,Physics,77.0,55.9,20,0,false,true,false,Low attendance
7343,Kavindi Jayasinghe,Female,Mathematics,77.0,56.32,19,0,false,true,false,Low attendance
10693,Ishani Madushanka,Female,Biology,77.0,59.45,21,0,false,true,false,Low attendance
2811,Laurie Johnson,Male,Biology,77.0,62.77,20,0,false,true,false,Low attendance
2677,Charles Smith,Male,Computer Science,77.0,63.41,23,0,false,true,false,Low attendance
10732,Sanduni Herath,Female,Computer Science,77.01,57.56,23,0,false,true,false,Low attendance
5773,Sachini Abeysekera,Female,Biology,77.01,62.78,17,0,false,true,false,Low attendance
8253,Nimal Peiris,Male,Mathematics,77.02,61.2,19,0,false,true,false,Low attendance
9377,Kusal Abeysekera,Male,Biology,77.03,55.73,24,0,false,true,false,Low attendance
5169,Ishani Fernando,Female,Biology,77.03,57.18,18,0,false,true,false,Low attendance
5318,Dilan Rajapaksha,Male,Mathematics,77.03,61.12,19,0,false,true,false,Low attendance
1943,Mary White,Male,Mathematics,77.04,55.52,20,0,false,true,false,Low attendance
4391,Tharushi Jayasinghe,Female,Biology,77.04,57.42,25,0,false,true,false,Low attendance
6631,Ravindu Rajapaksha,Male,Mathematics,77.04,60.39,19,0,false,true,false,Low attendance
8177,Sachini Rajapaksha,Female,Computer Science,77.05,57.5,18,0,false,true,false,Low attendance
2758,Kimberly Waters,Male,Computer Science,77.05,61.08,25,0,false,true,false,Low attendance
10853,Ishara Dias,Male,Physics,77.05,63.38,25,0,false,true,false,Low attendance
9490,Amal Gunawardena,Male,Physics,77.05,63.45,23,0,false,true,false,Low attendance
3326,Tharindu Wijesinghe,Male,Biology,77.05,63.78,18,0,false,true,false,Low attendance
10766,Nimal Peiris,Male,Biology,77.06,57.14,25,0,false,true,false,Low attendance
10326,Rashmi Ekanayake,Female,Computer Science,77.06,59.12,22,0,false,true,false,Low attendance
6930,Chamara Perera,Male,Mathematics,77.06,61.34,18,0,false,true,false,Low attendance
4798,Sachini Abeysekera,Female,Physics,77.06,61.39,20,0,false,true,false,Low attendance
10753,Ishara Peiris,Male,Computer Science,77.06,61.49,19,0,false,true,false,Low attendance
5580,Sahan Rajapaksha,Male,Mathematics,77.07,55.46,17,0,false,true,false,Low attendance
2067,Michael Williams,Male,Biology,77.07,60.73,21,0,false,true,false,Low attendance
9732,Rashmi Silva,Female,Computer Science,77.07,62.07,21,0,false,true,false,Low attendance
10790,Ishara Jayasinghe,Male,Computer Science,77.07,62.34,21,0,false,true,false,Low attendance
2614,Dwayne Frey,Female,Biology,77.07,63.12,18,0,false,true,false,Low attendance
7167,Ayesh Herath,Male,Biology,77.07,64.9,21,0,false,true,false,Low attendance
2761,Tara Orr,Male,Computer Science,77.08,57.93,23,0,false,true,false,Low attendance
6031,Amandi Senanayake,Female,Mathematics,77.08,59.33,19,0,false,true,false,Low attendance
4323,Sahan Wijesinghe,Male,Physics,77.08,62.25,25,0,false,true,false,Low attendance
10368,Ishani Abeysekera,Female,Computer Science,77.08,62.58,21,0,false,true,false,Low attendance
9420,Amandi Ekanayake,Female,Biology,77.09,53.2,21,0,false,true,false,Low attendance
7507,Amal Perera,Male,Biology,77.09,57.84,21,0,false,true,false,Low attendance
1147,Michelle Patterson,Male,Mathematics,77.09,58.23,18,0,false,true,false,Low attendance
1064,Jeremy Evans,Female,Biology,77.09,63.09,20,0,false,true,false,Low attendance
3637,Sachini Fernando,Female,Biology,77.1,52.1,24,0,false,true,false,Low attendance
10088,Shehan Ranatunga,Male,Mathematics,77.1,57.79,18,0,false,true,false,Low attendance
3135,Sashini Herath,Female,Physics,77.1,59.57,19,0,false,true,false,Low attendance
9886,Nadeesha Herath,Female,Computer Science,77.1,61.65,23,0,false,true,false,Low attendance
6347,Kasun Abeysekera,Male,Physics,77.11,59.24,27,0,false,true,false,Low attendance
7364,Sachini Peiris,Female,Computer Science,77.11,60.17,21,0,false,true,false,Low attendance
1418,Lynn Lopez,Female,Mathematics,77.11,62.46,20,0,false,true,false,Low attendance
2031,Cindy Thompson,Female,Computer Science,77.11,62.82,21,0,false,true,false,Low attendance
7271,Sanduni Senanayake,Female,Physics,77.11,63.27,21,0,false,true,false,Low attendance
7037,Madhavi Rajapaksha,Female,Physics,77.12,51.16,23,0,false,true,false,Low attendance
4590,Tharindu Jayasinghe,Male,Mathematics,77.12,58.63,17,0,false,true,false,Low attendance
4762,Nimal Wijesinghe,Male,Computer Science,77.12,58.65,27,0,false,true,false,Low attendance
8847,Sachini Fernando,Female,Computer Science,77.12,60.01,26,0,false,true,false,Low attendance
8733,Supun Silva,Male,Biology,77.12,63.13,22,0,false,true,false,Low attendance
2675,Carlos Doyle,Male,Biology,77.12,63.22,20,0,false,true,false,Low attendance
4462,Tharindu Ranatunga,Male,Biology,77.13,56.21,22,0,false,true,false,Low attendance
5382,Nethmi Silva,Female,Mathematics,77.13,62.11,19,0,false,true,false,Low attendance
3550,Dilini Abeysekera,Female,Mathematics,77.13,63.3,19,0,false,true,false,Low attendance
1750,Theresa Leach,Female,Biology,77.13,63.33,16,0,false,true,false,Low attendance
6978,Piumi Rajapaksha,Female,Biology,77.13,63.92,22,0,false,true,false,Low attendance
6272,Ravindu Madushanka,Male,Mathematics,77.14,58.34,19,0,false,true,false,Low attendance
2553,Denise Welch,Female,Biology,77.14,58.93,23,0,false,true,false,Low attendance
9252,Nimal Rajapaksha,Male,Biology,77.14,60.37,23,0,false,true,false,Low attendance
7680,Naveen Jayasinghe,Male,Computer Science,77.14,60.45,21,0,false,true,false,Low attendance
6477,Kasun Peiris,Male,Biology,77.14,62.42,22,0,false,true,false,Low attendance
10162,Sachini Senanayake,Female,Computer Science,77.14,63.71,20,0,false,true,false,Low attendance
10798,Chamara Rajapaksha,Male,Physics,77.15,57.56,20,0,false,true,false,Low attendance
7090,Ravindu Fernando,Male,Physics,77.15,64.18,22,0,false,true,false,Low attendance
9897,Ishani Rajapaksha,Female,Mathematics,77.16,55.84,27,0,false,true,false,Low attendance
4224,Ishara Herath,Male,Physics,77.16,59.47,20,0,false,true,false,Low attendance
5988,Shehan Ekanayake,Male,Biology,77.16,62.05,20,0,false,true,false,Low attendance
7437,Ravindu Dias,Male,Mathematics,77.16,63.08,19,0,false,true,false,Low attendance
4265,Kusal Madushanka,Male,Computer Science,77.17,57.07,26,0,false,true,false,Low attendance
4704,Ishara Gunawardena,Male,Computer Science,77.17,58.68,22,0,false,true,false,Low attendance
7897,Sashini Dias,Female,Computer Science,77.17,59.33,18,0,false,true,false,Low attendance
6451,Lahiru Madushanka,Male,Computer Science,77.17,60.29,19,0,false,true,false,Low attendance
2702,Colin Smith,Female,Computer Science,77.17,62.74,22,0,false,true,false,Low attendance
6440,Shehan Rajapaksha,Male,Mathematics,77.17,64.16,18,0,false,true,false,Low attendance
7179,Ishani Dias,Female,Computer Science,77.18,59.85,20,0,false,true,false,Low attendance
10546,Rashmi Rajapaksha,Female,Mathematics,77.18,62.06,21,0,false,true,false,Low attendance
10761,Piumi Senanayake,Female,Biology,77.18,62.06,23,0,false,true,false,Low attendance
9591,Hiruni Abeysekera,Female,Computer Science,77.18,62.08,19,0,false,true,false,Low attendance
10142,Tharushi Herath,Female,Physics,77.18,64.03,22,0,false,true,false,Low attendance
10706,Ishara Gunawardena,Male,Mathematics,77.19,57.63,21,0,false,true,false,Low attendance
5109,Ravindu Senanayake,Male,Physics,77.19,58.68,19,0,false,true,false,Low attendance
9962,Chamara Gunawardena,Male,Computer Science,77.19,59.39,22,0,false,true,false,Low attendance
3703,Sahan Herath,Male,Physics,77.19,61.13,21,0,false,true,false,Low attendance
10648,Piumi Wijesinghe,Female,Physics,77.19,63.59,20,0,false,true,false,Low attendance
7674,Sashini Rajapaksha,Female,Computer Science,77.19,63.71,22,0,false,true,false,Low attendance
5161,Piumi Jayasinghe,Female,Biology,77.19,64.14,18,0,false,true,false,Low attendance
7421,Kasun Peiris,Male,Physics,77.2,54.95,21,0,false,true,false,Low attendance
3788,Ishani Ekanayake,Female,Computer Science,77.2,56.28,18,0,false,true,false,Low attendance
8478,Sanduni Dias,Female,Biology,77.2,59.92,19,0,false,true,false,Low attendance
2046,Cindy Oconnor,Female,Computer Science,77.2,60.37,17,0,false,true,false,Low attendance
6839,Sahan Abeysekera,Male,Biology,77.21,53.47,23,0,false,true,false,Low attendance
4127,Ravindu Ranatunga,Male,Mathematics,77.21,60.27,17,0,false,true,false,Low attendance
10483,Tharushi Rajapaksha,Female,Physics,77.21,60.63,18,0,false,true,false,Low attendance
3399,Hiruni Ranatunga,Female,Physics,77.21,61.27,22,0,false,true,false,Low attendance
5821,Ishara Silva,Male,Computer Science,77.21,62.34,19,0,false,true,false,Low attendance
3073,Ishara Silva,Male,Mathematics,77.21,64.97,22,0,false,true,false,Low attendance
4735,Ayesh Fernando,Male,Mathematics,77.22,58.46,17,0,false,true,false,Low attendance
3080,Amal Rajapaksha,Male,Biology,77.22,59.6,18,0,false,true,false,Low attendance
8275,Naveen Ranatunga,Male,Biology,77.22,62.36,22,0,false,true,false,Low attendance
4766,Kasun Perera,Male,Biology,77.22,63.01,20,0,false,true,false,Low attendance
4345,Tharushi Ekanayake,Female,Mathematics,77.22,63.47,20,0,false,true,false,Low attendance
7746,Dilini Abeysekera,Female,Mathematics,77.22,63.71,20,0,false,true,false,Low attendance
10253,Lahiru Wijesinghe,Male,Computer Science,77.23,55.26,23,0,false,true,false,Low attendance
10842,Rashmi Jayasinghe,Female,Computer Science,77.23,58.82,21,0,false,true,false,Low attendance
7139,Dilini Peiris,Female,Mathematics,77.23,59.51,18,0,false,true,false,Low attendance
8403,Kavindi Ranatunga,Female,Computer Science,77.23,60.79,22,0,false,true,false,Low attendance
5646,Nimal Herath,Male,Physics,77.23,62.02,20,0,false,true,false,Low attendance
8213,Piumi Herath,Female,Biology,77.23,62.54,21,0,false,true,false,Low attendance
2388,Kenneth Valdez,Male,Mathematics,77.23,62.59,15,0,false,true,false,Low attendance
7508,Amal Herath,Male,Physics,77.23,63.3,16,0,false,true,false,Low attendance
6117,Naveen Gunawardena,Male,Physics,77.23,64.87,18,0,false,true,false,Low attendance
10097,Kavindi Rajapaksha,Female,Physics,77.24,56.46,21,0,false,true,false,Low attendance
6247,Dilan Silva,Male,Computer Science,77.24,57.78,20,0,false,true,false,Low attendance
6620,Lahiru Perera,Male,Computer Science,77.24,60.22,26,0,false,true,false,Low attendance
1730,Rebecca Davis,Male,Mathematics,77.24,62.78,22,0,false,true,false,Low attendance
3006,Ishani Ekanayake,Female,Computer Science,77.24,64.76,22,0,false,true,false,Low attendance
6992,Hiruni Fernando,Female,Computer Science,77.25,52.04,19,0,false,true,false,Low attendance
9999,Amandi Gunawardena,Female,Mathematics,77.25,58.72,19,0,false,true,false,Low attendance
2964,John Simpson,Female,Biology,77.25,59.79,21,0,false,true,false,Low attendance
8680,Sachini Gunawardena,Female,Biology,77.25,60.26,21,0,false,true,false,Low attendance
6944,Naveen Ekanayake,Male,Mathematics,77.25,60.67,20,0,false,true,false,Low attendance
8515,Piumi Gunawardena,Female,Mathematics,77.25,61.34,21,0,false,true,false,Low attendance
6163,Ravindu Senanayake,Male,Computer Science,77.25,61.95,22,0,false,true,false,Low attendance
2543,Brenda Pennington,Female,Mathematics,77.25,62.61,17,0,false,true,false,Low attendance
6235,Tharindu Silva,Male,Biology,77.25,63.71,19,0,false,true,false,Low attendance
8912,Madhavi Rajapaksha,Female,Mathematics,77.26,60.87,18,0,false,true,false,Low attendance
9486,Chamara Abeysekera,Male,Physics,77.26,61.65,24,0,false,true,false,Low attendance
1700,Stephanie Wolfe,Male,Biology,77.26,63.52,18,0,false,true,false,Low attendance
6820,Nadeesha Ekanayake,Female,Biology,77.26,63.65,19,0,false,true,false,Low attendance
8625,Supun Jayasinghe,Male,Biology,77.26,64.07,23,0,false,true,false,Low attendance
2122,Joann Murphy,Female,Biology,77.26,64.45,19,0,false,true,false,Low attendance
1586,Brandon Barber,Male,Mathematics,77.27,58.56,24,0,false,true,false,Low attendance
1670,Barbara Rodriguez,Male,,77.27,61.29,27,0,false,true,false,Low attendance
3322,Piumi Gunawardena,Female,Biology,77.27,63.72,26,0,false,true,false,Low attendance
9315,Chamara Jayasinghe,Male,Physics,77.27,64.46,23,0,false,true,false,Low attendance
8638,Ravindu Senanayake,Male,Physics,77.28,54.25,20,0,false,true,false,Low attendance
2269,Anthony Melton,Female,Physics,77.28,56.27,23,0,false,true,false,Low attendance
4884,Hiruni Peiris,Female,Mathematics,77.28,57.95,20,0,false,true,false,Low attendance
9056,Sanduni Fernando,Female,Computer Science,77.28,62.48,22,0,false,true,false,Low attendance
7665,Rashmi Perera,Female,Mathematics,77.28,64.82,20,0,false,true,false,Low attendance
5784,Nethmi Perera,Female,Mathematics,77.29,52.33,16,0,false,true,false,Low attendance
6739,Tharushi Wijesinghe,Female,Mathematics,77.29,53.72,20,0,false,true,false,Low attendance
9047,Kusal Ekanayake,Male,Computer Science,77.29,58.57,22,0,false,true,false,Low attendance
3603,Lahiru Wijesinghe,Male,Mathematics,77.29,59.57,20,0,false,true,false,Low attendance
8918,Sashini Senanayake,Female,Biology,77.29,61.94,25,0,false,true,false,Low attendance
6791,Sahan Madushanka,Male,Mathematics,77.29,63.85,24,0,false,true,false,Low attendance
3883,Sashini Jayasinghe,Female,Mathematics,77.3,60.48,20,0,false,true,false,Low attendance
10498,Tharindu Ekanayake,Male,Computer Science,77.3,61.66,21,0,false,true,false,Low attendance
3938,Nadeesha Silva,Female,Computer Science,77.3,63.36,20,0,false,true,false,Low attendance
6987,Tharushi Perera,Female,Biology,77.3,63.78,23,0,false,true,false,Low attendance
2018,Katherine Harris,Male,Computer Science,77.3,64.87,16,0,false,true,false,Low attendance
8827,Ayesh Perera,Male,Mathematics,77.31,55.12,19,0,false,true,false,Low attendance
1009,Jennifer Davis,Female,Mathematics,77.31,56.98,26,0,false,true,false,Low attendance
9248,Nethmi Madushanka,Female,Computer Science,77.31,60.44,21,0,false,true,false,Low attendance
8021,Shehan Peiris,Male,Physics,77.31,61.5,24,0,false,true,false,Low attendance
2109,Steve Martin,Male,Biology,77.31,61.81,21,0,false,true,false,Low attendance
2809,Elizabeth Barnes,Male,Computer Science,77.31,63.1,22,0,false,true,false,Low attendance
5659,Naveen Ekanayake,Male,Mathematics,77.31,63.71,17,0,false,true,false,Low attendance
3386,Dilan Perera,Male,Mathematics,77.32,55.25,20,0,false,true,false,Low attendance
4640,Ishani Wijesinghe,Female,Computer Science,77.32,62.08,18,0,false,true,false,Low attendance
9794,Kavindi Silva,Female,Mathematics,77.32,62.25,19,0,false,true,false,Low attendance
4437,Nethmi Gunawardena,Female,Mathematics,77.32,63.12,18,0,false,true,false,Low attendance
5179,Sanduni Ekanayake,Female,Mathematics,77.32,64.45,20,0,false,true,false,Low attendance
8761,Ayesh Rajapaksha,Male,Computer Science,77.32,64.93,22,0,false,true,false,Low attendance
6882,Nethmi Abeysekera,Female,Mathematics,77.33,58.35,20,0,false,true,false,Low attendance
9367,Ishara Abeysekera,Male,Physics,77.33,59.82,20,0,false,true,false,Low attendance
4016,Nadeesha Dias,Female,Computer Science,77.34,53.6,22,0,false,true,false,Low attendance
6611,Sanduni Ekanayake,Female,Physics,77.34,58.42,18,0,false,true,false,Low attendance
1390,Tyler Morales,Male,Physics,77.34,59.57,19,0,false,true,false,Low attendance
6020,Naveen Gunawardena,Male,Physics,77.34,60.0,19,0,false,true,false,Low attendance
10619,Naveen Silva,Male,Biology,77.35,54.9,19,0,false,true,false,Low attendance
4682,Dilini Silva,Female,Mathematics,77.35,58.6,21,0,false,true,false,Low attendance
3224,Hiruni Silva,Female,Biology,77.35,63.7,22,0,false,true,false,Low attendance
2445,Chelsea Torres,Male,Biology,77.36,55.91,20,0,false,true,false,Low attendance
6670,Amandi Fernando,Female,Mathematics,77.36,55.92,20,0,false,true,false,Low attendance
6080,Ishani Madushanka,Female,Computer Science,77.36,56.82,21,0,false,true,false,Low attendance
9217,Ravindu Ekanayake,Male,Mathematics,77.36,57.86,23,0,false,true,false,Low attendance
6661,Sahan Rajapaksha,Male,Mathematics,77.36,59.04,18,0,false,true,false,Low attendance
10824,Amandi Abeysekera,Female,Mathematics,77.36,59.96,17,0,false,true,false,Low attendance
8547,Nimal Dias,Male,Computer Science,77.36,61.87,19,0,false,true,false,Low attendance
5437,Hiruni Madushanka,Female,Biology,77.36,63.19,21,0,false,true,false,Low attendance
7643,Naveen Herath,Male,Physics,77.37,57.13,23,0,false,true,false,Low attendance
7408,Nimal Senanayake,Male,Biology,77.37,59.65,25,0,false,true,false,Low attendance
5996,Dilan Abeysekera,Male,Biology,77.37,61.57,22,0,false,true,false,Low attendance
7954,Nadeesha Madushanka,Female,Physics,77.38,64.59,24,0,false,true,false,Low attendance
3890,Dilan Herath,Male,Physics,77.39,59.73,19,0,false,true,false,Low attendance
1228,Christian Mills,Female,Computer Science,77.39,61.42,20,0,false,true,false,Low attendance
3622,Sanduni Ekanayake,Female,Biology,77.39,62.33,23,0,false,true,false,Low attendance
4418,Sashini Gunawardena,Female,Biology,77.39,62.67,21,0,false,true,false,Low attendance
8888,Madhavi Ranatunga,Female,Mathematics,77.39,64.25,21,0,false,true,false,Low attendance
4353,Nimal Madushanka,Male,Physics,77.4,60.52,20,0,false,true,false,Low attendance
1373,Matthew Buckley,Male,Physics,77.4,62.61,21,0,false,true,false,Low attendance
3996,Hiruni Dias,Female,Physics,77.4,63.51,19,0,false,true,false,Low attendance
2531,Kimberly Juarez,Male,Computer Science,77.4,64.93,22,0,false,true,false,Low attendance
7755,Dilini Madushanka,Female,Computer Science,77.41,58.42,17,0,false,true,false,Low attendance
1078,Isaiah Russell,Male,Biology,77.41,60.26,17,0,false,true,false,Low attendance
7736,Kasun Perera,Male,Mathematics,77.41,62.14,20,0,false,true,false,Low attendance
7017,Kusal Wijesinghe,Male,Biology,77.42,55.89,18,0,false,true,false,Low attendance
6734,Nimal Perera,Male,Computer Science,77.42,63.0,16,0,false,true,false,Low attendance
6389,Nadeesha Abeysekera,Female,Computer Science,77.43,55.41,23,0,false,true,false,Low attendance
1584,Andrew Tucker,Male,Mathematics,77.43,59.81,17,0,false,true,false,Low attendance
8876,Nethmi Peiris,Female,Biology,77.43,60.77,21,0,false,true,false,Low attendance
2151,Daniel White,Female,Mathematics,77.43,60.93,19,0,false,true,false,Low attendance
1621,David Gonzalez,Male,Biology,77.43,60.95,25,0,false,true,false,Low attendance
10547,Nethmi Dias,Female,Computer Science,77.43,61.9,19,0,false,true,false,Low attendance
9952,Tharushi Rajapaksha,Female,Biology,77.44,58.5,19,0,false,true,false,Low attendance
5390,Kavindi Ranatunga,Female,Physics,77.44,62.49,27,0,false,true,false,Low attendance
9234,Ishani Wijesinghe,Female,Mathematics,77.44,64.87,22,0,false,true,false,Low attendance
10590,Chamara Jayasinghe,Male,Biology,77.45,54.13,26,0,false,true,false,Low attendance
9295,Sanduni Herath,Female,Biology,77.45,55.8,24,0,false,true,false,Low attendance
3737,Dilini Dias,Female,Physics,77.45,57.24,20,0,false,true,false,Low attendance
8795,Shehan Herath,Male,Biology,77.45,58.46,22,0,false,true,false,Low attendance
10541,Dilini Ekanayake,Female,Biology,77.45,59.4,19,0,false,true,false,Low attendance
8061,Tharindu Ranatunga,Male,Physics,77.45,60.56,21,0,false,true,false,Low attendance
3195,Naveen Senanayake,Male,Physics,77.45,61.54,20,0,false,true,false,Low attendance
3518,Ishani Rajapaksha,Female,Physics,77.45,62.84,16,0,false,true,false,Low attendance
10825,Amal Ekanayake,Male,Computer Science,77.46,62.79,20,0,false,true,false,Low attendance
5680,Shehan Rajapaksha,Male,Computer Science,77.47,58.86,17,0,false,true,false,Low attendance
4772,Hiruni Jayasinghe,Female,Biology,77.47,58.95,21,0,false,true,false,Low attendance
4811,Ishara Wijesinghe,Male,Biology,77.47,63.38,22,0,false,true,false,Low attendance
10855,Sachini Dias,Female,Mathematics,77.48,60.35,15,0,false,true,false,Low attendance
2580,Maxwell Gonzalez,Female,Computer Science,77.48,60.88,22,0,false,true,false,Low attendance
7670,Kasun Madushanka,Male,Mathematics,77.49,54.45,19,0,false,true,false,Low attendance
7369,Sachini Ekanayake,Female,Biology,77.49,54.62,23,0,false,true,false,Low attendance
3340,Shehan Fernando,Male,Computer Science,77.49,58.21,18,0,false,true,false,Low attendance
7346,Madhavi Gunawardena,Female,Biology,77.49,60.57,27,0,false,true,false,Low attendance
5855,Sashini Rajapaksha,Female,Physics,77.49,61.43,19,0,false,true,false,Low attendance
10490,Amal Madushanka,Male,Mathematics,77.49,61.59,19,0,false,true,false,Low attendance
2681,Benjamin James,Female,Biology,77.49,62.89,21,0,false,true,false,Low attendance
3188,Tharushi Rajapaksha,Female,Biology,77.49,64.1,18,0,false,true,false,Low attendance
7338,Naveen Abeysekera,Male,Physics,77.49,64.44,23,0,false,true,false,Low attendance
4828,Ayesh Rajapaksha,Male,Mathematics,77.5,56.29,18,0,false,true,false,Low attendance
9823,Rashmi Senanayake,Female,Computer Science,77.5,60.51,22,0,false,true,false,Low attendance
3740,Dilini Fernando,Female,Computer Science,77.5,64.74,22,0,false,true,false,Low attendance
4612,Piumi Wijesinghe,Female,Physics,77.51,58.57,24,0,false,true,false,Low attendance
9750,Sashini Fernando,Female,Biology,77.51,59.57,25,0,false,true,false,Low attendance
7402,Supun Silva,Male,Mathematics,77.52,56.73,20,0,false,true,false,Low attendance
9503,Supun Rajapaksha,Male,Physics,77.52,60.44,23,0,false,true,false,Low attendance
5358,Ishani Wijesinghe,Female,Biology,77.52,61.75,20,0,false,true,false,Low attendance
1054,Joseph Alvarez,Female,Physics,77.52,62.58,19,0,false,true,false,Low attendance
9941,Rashmi Perera,Female,Computer Science,77.52,63.78,17,0,false,true,false,Low attendance
4038,Amandi Gunawardena,Female,Mathematics,77.53,55.05,17,0,false,true,false,Low attendance
8704,Kavindi Gunawardena,Female,Computer Science,77.53,60.3,21,0,false,true,false,Low attendance
5475,Sahan Herath,Male,Mathematics,77.53,60.45,18,0,false,true,false,Low attendance
7863,Madhavi Gunawardena,Female,Physics,77.53,63.58,21,0,false,true,false,Low attendance
5091,Sashini Abeysekera,Female,Mathematics,77.54,58.32,23,0,false,true,false,Low attendance
1488,James Everett,Male,Mathematics,77.54,59.07,21,0,false,true,false,Low attendance
2420,Stephen Morales,Male,Biology,77.54,60.21,21,0,false,true,false,Low attendance
3460,Ishani Rajapaksha,Female,Physics,77.55,59.43,17,0,false,true,false,Low attendance
1546,Anthony Gaines,Male,Mathematics,77.55,61.1,19,0,false,true,false,Low attendance
4065,Sashini Silva,Female,Mathematics,77.56,51.97,21,0,false,true,false,Low attendance
10020,Sashini Peiris,Female,Biology,77.56,63.12,21,0,false,true,false,Low attendance
2638,Cameron Hanson,Female,Computer Science,77.57,57.04,22,0,false,true,false,Low attendance
7162,Sachini Abeysekera,Female,Biology,77.57,63.32,23,0,false,true,false,Low attendance
7571,Kusal Senanayake,Male,Mathematics,77.58,58.92,23,0,false,true,false,Low attendance
9010,Dilini Gunawardena,Female,Biology,77.58,59.19,22,0,false,true,false,Low attendance
5710,Kusal Herath,Male,Computer Science,77.58,63.03,23,0,false,true,false,Low attendance
5270,Sashini Wijesinghe,Female,Computer Science,77.58,64.1,17,0,false,true,false,Low attendance
6448,Shehan Madushanka,Male,Physics,77.59,57.1,22,0,false,true,false,Low attendance
10331,Sachini Dias,Female,Physics,77.59,57.21,22,0,false,true,false,Low attendance
1842,Brian Greer,Female,Mathematics,77.59,58.68,20,0,false,true,false,Low attendance
5377,Ishara Ekanayake,Male,Biology,77.59,59.23,19,0,false,true,false,Low attendance
6153,Piumi Ekanayake,Female,Biology,77.6,57.43,16,0,false,true,false,Low attendance
5834,Dilan Jayasinghe,Male,Mathematics,77.6,57.97,18,0,false,true,false,Low attendance
6748,Tharindu Rajapaksha,Male,Computer Science,77.6,59.49,19,0,false,true,false,Low attendance
8444,Amal Wijesinghe,Male,Biology,77.6,59.91,24,0,false,true,false,Low attendance
9516,Ishani Rajapaksha,Female,Biology,77.6,59.97,22,0,false,true,false,Low attendance
7242,Nethmi Senanayake,Female,Mathematics,77.6,60.16,19,0,false,true,false,Low attendance
6175,Kavindi Fernando,Female,Computer Science,77.6,60.18,23,0,false,true,false,Low attendance
7443,Nethmi Gunawardena,Female,Physics,77.6,60.28,20,0,false,true,false,Low attendance
5031,Rashmi Abeysekera,Female,Physics,77.6,61.88,25,0,false,true,false,Low attendance
5053,Sashini Peiris,Female,Physics,77.6,62.1,28,0,false,true,false,Low attendance
2786,Kellie Fleming,Female,Mathematics,77.6,63.25,21,0,false,true,false,Low attendance
7663,Nimal Ekanayake,Male,Mathematics,77.6,63.79,20,0,false,true,false,Low attendance
1073,Sarah Mahoney,Male,Biology,77.61,52.9,22,0,false,true,false,Low attendance
4128,Chamara Herath,Male,Biology,77.61,59.55,22,0,false,true,false,Low attendance
8069,Ayesh Perera,Male,Mathematics,77.61,60.4,17,0,false,true,false,Low attendance
3129,Dilan Rajapaksha,Male,Computer Science,77.61,61.63,21,0,false,true,false,Low attendance
8803,Kusal Ranatunga,Male,Mathematics,77.62,54.66,18,0,false,true,false,Low attendance
4444,Supun Rajapaksha,Male,Biology,77.62,55.39,18,0,false,true,false,Low attendance
8541,Dilan Silva,Male,Mathematics,77.62,61.36,22,0,false,true,false,Low attendance
3333,Dilan Ranatunga,Male,Biology,77.62,61.62,23,0,false,true,false,Low attendance
7183,Kusal Madushanka,Male,Computer Science,77.62,61.94,23,0,false,true,false,Low attendance
9881,Nimal Ranatunga,Male,Computer Science,77.63,58.5,23,0,false,true,false,Low attendance
8101,Sanduni Dias,Female,Biology,77.63,62.3,25,0,false,true,false,Low attendance
7566,Hiruni Rajapaksha,Female,Physics,77.63,63.35,21,0,false,true,false,Low attendance
1919,Katherine Parks,Female,Computer Science,77.64,56.11,18,0,false,true,false,Low attendance
7314,Supun Rajapaksha,Male,Physics,77.64,58.5,22,0,false,true,false,Low attendance
4826,Ishani Ranatunga,Female,Biology,77.64,64.51,17,0,false,true,false,Low attendance
4194,Rashmi Herath,Female,Biology,77.64,64.85,20,0,false,true,false,Low attendance
6045,Sanduni Abeysekera,Female,Computer Science,77.65,60.17,22,0,false,true,false,Low attendance
8197,Sahan Silva,Male,Biology,77.65,62.91,23,0,false,true,false,Low attendance
5895,Ayesh Dias,Male,Mathematics,77.65,64.01,19,0,false,true,false,Low attendance
10294,Nadeesha Ranatunga,Female,Mathematics,77.65,64.15,20,0,false,true,false,Low attendance
5641,Piumi Peiris,Female,Mathematics,77.66,59.52,15,0,false,true,false,Low attendance
8829,Nimal Jayasinghe,Male,Computer Science,77.66,60.73,18,0,false,true,false,Low attendance
2055,Ian Vargas,Male,Physics,77.67,50.76,18,0,false,true,false,Low attendance
1422,Kimberly Johnson,Female,Physics,77.67,56.1,20,0,false,true,false,Low attendance
2406,Robert Jackson,Female,Biology,77.67,57.02,23,0,false,true,false,Low attendance
1309,Sara Stevens,Female,Biology,77.67,58.13,22,0,false,true,false,Low attendance
6967,Nethmi Senanayake,Female,Computer Science,77.67,58.54,21,0,false,true,false,Low attendance
5154,Piumi Gunawardena,Female,Physics,77.67,59.19,23,0,false,true,false,Low attendance
1785,Lisa Hill,Male,Mathematics,77.67,60.82,24,0,false,true,false,Low attendance
2242,Angel Carroll,Male,Physics,77.67,61.13,21,0,false,true,false,Low attendance
7104,Naveen Jayasinghe,Male,Computer Science,77.67,61.46,21,0,false,true,false,Low attendance
3187,Sashini Gunawardena,Female,Mathematics,77.67,64.07,24,0,false,true,false,Low attendance
10219,Madhavi Fernando,Female,Computer Science,77.69,56.3,19,0,false,true,false,Low attendance
4419,Piumi Jayasinghe,Female,Physics,77.69,56.53,18,0,false,true,false,Low attendance
1652,James Garcia,Male,Mathematics,77.69,58.03,24,0,false,true,false,Low attendance
3764,Sachini Gunawardena,Female,Computer Science,77.69,58.94,25,0,false,true,false,Low attendance
9674,Ayesh Herath,Male,Computer Science,77.69,64.35,23,0,false,true,false,Low attendance
8897,Sashini Jayasinghe,Female,Mathematics,77.7,54.15,20,0,false,true,false,Low attendance
1696,Nathaniel Hanson,Female,Physics,77.7,58.06,22,0,false,true,false,Low attendance
5565,Sanduni Ranatunga,Female,Computer Science,77.7,59.41,19,0,false,true,false,Low attendance
4330,Ravindu Perera,Male,Biology,77.7,59.97,25,0,false,true,false,Low attendance
7900,Amal Perera,Male,Physics,77.7,60.39,18,0,false,true,false,Low attendance
2363,Margaret Cox,Female,Biology,77.7,61.17,25,0,false,true,false,Low attendance
9343,Piumi Herath,Female,Computer Science,77.7,61.57,22,0,false,true,false,Low attendance
1229,April Chandler,Male,Mathematics,77.71,60.35,19,0,false,true,false,Low attendance
4616,Nadeesha Senanayake,Female,Mathematics,77.71,62.7,23,0,false,true,false,Low attendance
2444,Erik Marshall,Male,Biology,77.72,59.69,20,0,false,true,false,Low attendance
9325,Rashmi Abeysekera,Female,Physics,77.72,61.72,23,0,false,true,false,Low attendance
5228,Tharindu Wijesinghe,Male,Physics,77.72,64.17,17,0,false,true,false,Low attendance
6995,Hiruni Herath,Female,Computer Science,77.72,64.58,24,0,false,true,false,Low attendance
3306,Kusal Madushanka,Male,Biology,77.73,60.8,23,0,false,true,false,Low attendance
5007,Sachini Rajapaksha,Female,Biology,77.73,61.69,25,0,false,true,false,Low attendance
8688,Amal Herath,Male,Biology,77.73,63.01,20,0,false,true,false,Low attendance
8689,Piumi Gunawardena,Female,Mathematics,77.73,63.26,23,0,false,true,false,Low attendance
8117,Hiruni Jayasinghe,Female,Biology,77.74,58.75,21,0,false,true,false,Low attendance
5470,Amal Peiris,Male,Biology,77.74,63.92,21,0,false,true,false,Low attendance
7013,Hiruni Wijesinghe,Female,Computer Science,77.75,55.48,23,0,false,true,false,Low attendance
3872,Chamara Fernando,Male,Mathematics,77.75,59.54,18,0,false,true,false,Low attendance
7703,Nimal Jayasinghe,Male,Physics,77.75,60.11,16,0,false,true,false,Low attendance
3228,Lahiru Jayasinghe,Male,Biology,77.75,60.3,20,0,false,true,false,Low attendance
3502,Nethmi Ranatunga,Female,Computer Science,77.75,61.83,21,0,false,true,false,Low attendance
9084,Nethmi Fernando,Female,Physics,77.75,64.88,19,0,false,true,false,Low attendance
2380,Alicia Barker,Male,Computer Science,77.76,64.74,24,0,false,true,false,Low attendance
2861,Pamela Sherman,Female,Physics,77.77,56.22,19,0,false,true,false,Low attendance
1312,Alexander Anderson,Female,Physics,77.77,56.36,26,0,false,true,false,Low attendance
10451,Sahan Wijesinghe,Male,Computer Science,77.77,57.0,19,0,false,true,false,Low attendance
4732,Tharindu Jayasinghe,Male,Physics,77.77,61.54,19,0,false,true,false,Low attendance
8416,Dilan Abeysekera,Male,Biology,77.78,56.45,20,0,false,true,false,Low attendance
1511,Patricia Anderson,Female,Mathematics,77.78,58.59,23,0,false,true,false,Low attendance
4755,Nadeesha Silva,Female,Biology,77.78,60.42,20,0,false,true,false,Low attendance
9349,Piumi Madushanka,Female,Physics,77.78,62.35,21,0,false,true,false,Low attendance
9340,Amal Peiris,Male,Mathematics,77.78,62.59,20,0,false,true,false,Low attendance
5770,Ayesh Jayasinghe,Male,Biology,77.78,63.05,23,0,false,true,false,Low attendance
10602,Dinithi Silva,Female,Biology,77.79,55.65,25,0,false,true,false,Low attendance
6222,Sanduni Dias,Female,Computer Science,77.79,58.38,22,0,false,true,false,Low attendance
2817,Ryan Brown,Female,Computer Science,77.79,61.4,15,0,false,true,false,Low attendance
9297,Ayesh Herath,Male,Computer Science,77.8,56.64,21,0,false,true,false,Low attendance
1301,William Adams,Male,Computer Science,77.8,57.27,25,0,false,true,false,Low attendance
5531,Ravindu Perera,Male,Physics,77.8,59.47,23,0,false,true,false,Low attendance
2669,Tristan Lawrence,Female,Computer Science,77.8,59.57,23,0,false,true,false,Low attendance
10140,Lahiru Silva,Male,Computer Science,77.8,61.55,20,0,false,true,false,Low attendance
10388,Naveen Gunawardena,Male,Mathematics,77.8,63.95,20,0,false,true,false,Low attendance
8971,Dilini Rajapaksha,Female,Mathematics,77.81,52.77,19,0,false,true,false,Low attendance
9103,Chamara Gunawardena,Male,Mathematics,77.81,56.69,19,0,false,true,false,Low attendance
10285,Kusal Perera,Male,Mathematics,77.81,57.43,19,0,false,true,false,Low attendance
7420,Kasun Silva,Male,Computer Science,77.81,61.81,22,0,false,true,false,Low attendance
7671,Kasun Herath,Male,Mathematics,77.82,54.55,19,0,false,true,false,Low attendance
8378,Kasun Perera,Male,Biology,77.82,60.73,21,0,false,true,false,Low attendance
1349,Amy Morgan,Male,Biology,77.82,60.76,24,0,false,true,false,Low attendance
5271,Amandi Dias,Female,Biology,77.82,62.7,22,0,false,true,false,Low attendance
10944,Piumi Abeysekera,Female,Biology,77.82,63.89,21,0,false,true,false,Low attendance
4366,Dilan Ranatunga,Male,Physics,77.83,54.87,19,0,false,true,false,Low attendance
9976,Chamara Herath,Male,Computer Science,77.83,59.09,18,0,false,true,false,Low attendance
5328,Sanduni Silva,Female,Biology,77.83,63.06,22,0,false,true,false,Low attendance
1338,Ana Taylor,Female,Computer Science,77.84,55.22,19,0,false,true,false,Low attendance
7626,Kavindi Gunawardena,Female,Biology,77.84,56.08,24,0,false,true,false,Low attendance
4913,Naveen Madushanka,Male,Computer Science,77.84,59.32,18,0,false,true,false,Low attendance
7757,Amandi Peiris,Female,Physics,77.84,61.95,26,0,false,true,false,Low attendance
7782,Naveen Perera,Male,Computer Science,77.84,64.09,21,0,false,true,false,Low attendance
8916,Supun Abeysekera,Male,Physics,77.85,54.94,25,0,false,true,false,Low attendance
10905,Supun Herath,Male,Computer Science,77.85,59.55,20,0,false,true,false,Low attendance
7609,Nadeesha Silva,Female,Computer Science,77.85,61.47,21,0,false,true,false,Low attendance
8643,Nadeesha Perera,Female,Mathematics,77.85,62.74,23,0,false,true,false,Low attendance
7309,Kavindi Abeysekera,Female,Physics,77.85,63.94,21,0,false,true,false,Low attendance
8856,Amal Senanayake,Male,,77.85,64.64,25,0,false,true,false,Low attendance
1279,Lindsay Rios,Female,Computer Science,77.86,55.15,23,0,false,true,false,Low attendance
5231,Ravindu Jayasinghe,Male,Biology,77.86,60.2,23,0,false,true,false,Low attendance
4361,Supun Fernando,Male,Physics,77.86,60.49,20,0,false,true,false,Low attendance
1791,Ashlee Stone,Male,Mathematics,77.86,62.14,21,0,false,true,false,Low attendance
10115,Sahan Rajapaksha,Male,Mathematics,77.87,57.52,19,0,false,true,false,Low attendance
3293,Sachini Herath,Female,Biology,77.87,57.86,19,0,false,true,false,Low attendance
7859,Kusal Silva,Male,Mathematics,77.88,56.87,17,0,false,true,false,Low attendance
1861,Stephanie Scott,Female,Computer Science,77.88,56.93,25,0,false,true,false,Low attendance
2889,Jeffrey Bennett,Female,Computer Science,77.88,57.84,19,0,false,true,false,Low attendance
9424,Kavindi Wijesinghe,Female,Physics,77.88,60.61,20,0,false,true,false,Low attendance
2072,Lindsay Cisneros,Female,Computer Science,77.88,60.87,25,0,false,true,false,Low attendance
5139,Dilan Madushanka,Male,Physics,77.88,61.08,23,0,false,true,false,Low attendance
5716,Sashini Ekanayake,Female,Biology,77.89,53.59,23,0,false,true,false,Low attendance
5874,Supun Jayasinghe,Male,Mathematics,77.89,57.65,17,0,false,true,false,Low attendance
2396,Pamela Fox,Male,Biology,77.89,59.89,19,0,false,true,false,Low attendance
1795,Tamara Holland,Male,Computer Science,77.89,62.46,26,0,false,true,false,Low attendance
6248,Dilan Perera,Male,Physics,77.89,63.81,20,0,false,true,false,Low attendance
5617,Sashini Dias,Female,Computer Science,77.9,52.85,22,0,false,true,false,Low attendance
8836,Dinithi Silva,Female,Computer Science,77.9,55.38,21,0,false,true,false,Low attendance
3528,Lahiru Ranatunga,Male,Mathematics,77.9,56.78,17,0,false,true,false,Low attendance
1219,Anthony Massey,Male,Physics,77.9,58.74,24,0,false,true,false,Low attendance
5627,Ayesh Ranatunga,Male,Computer Science,77.9,60.29,17,0,false,true,false,Low attendance
1964,Kelly Payne,Male,Computer Science,77.9,61.24,22,0,false,true,false,Low attendance
9292,Sashini Dias,Female,Computer Science,77.9,62.21,20,0,false,true,false,Low attendance
4613,Dinithi Jayasinghe,Female,Computer Science,77.9,62.66,21,0,false,true,false,Low attendance
7163,Amandi Perera,Female,Mathematics,77.9,63.11,22,0,false,true,false,Low attendance
8867,Naveen Ekanayake,Male,Biology,77.9,63.96,23,0,false,true,false,Low attendance
3493,Shehan Fernando,Male,Mathematics,77.9,64.12,21,0,false,true,false,Low attendance
1407,Rodney Barber,Male,Mathematics,77.9,64.69,20,0,false,true,false,Low attendance
4906,Chamara Silva,Male,Mathematics,77.91,60.12,18,0,false,true,false,Low attendance
7232,Naveen Perera,Male,Computer Science,77.91,61.46,19,0,false,true,false,Low attendance
3004,Kavindi Wijesinghe,Female,Mathematics,77.91,63.3,23,0,false,true,false,Low attendance
3190,Madhavi Fernando,Female,Computer Science,77.92,56.65,24,0,false,true,false,Low attendance
8185,Ravindu Abeysekera,Male,Physics,77.92,60.64,19,0,false,true,false,Low attendance
5373,Dinithi Perera,Female,Biology,77.92,61.81,19,0,false,true,false,Low attendance
6716,Rashmi Perera,Female,Mathematics,77.92,62.51,20,0,false,true,false,Low attendance
7471,Supun Jayasinghe,Male,Computer Science,77.92,62.65,20,0,false,true,false,Low attendance
5023,Kavindi Rajapaksha,Female,Computer Science,77.93,58.14,19,0,false,true,false,Low attendance
3802,Kavindi Wijesinghe,Female,Biology,77.93,58.35,17,0,false,true,false,Low attendance
6366,Dilini Gunawardena,Female,Physics,77.93,60.42,23,0,false,true,false,Low attendance
7751,Rashmi Ranatunga,Female,Biology,77.93,62.3,24,0,false,true,false,Low attendance
9811,Nethmi Perera,Female,Physics,77.93,62.76,17,0,false,true,false,Low attendance
9874,Tharushi Gunawardena,Female,Mathematics,77.93,64.53,21,0,false,true,false,Low attendance
9090,Hiruni Madushanka,Female,Computer Science,77.94,55.05,20,0,false,true,false,Low attendance
4820,Nimal Madushanka,Male,Mathematics,77.94,57.49,19,0,false,true,false,Low attendance
9743,Tharindu Jayasinghe,Male,Physics,77.94,58.32,22,0,false,true,false,Low attendance
8096,Rashmi Silva,Female,Computer Science,77.94,59.35,19,0,false,true,false,Low attendance
6127,Piumi Ekanayake,Female,Biology,77.94,59.89,17,0,false,true,false,Low attendance
1384,Erin Nichols,Female,Physics,77.94,60.03,21,0,false,true,false,Low attendance
8405,Tharushi Perera,Female,Physics,77.94,63.25,21,0,false,true,false,Low attendance
7633,Kasun Herath,Male,Biology,77.94,64.6,22,0,false,true,false,Low attendance
6771,Madhavi Herath,Female,Biology,77.95,53.48,22,0,false,true,false,Low attendance
6190,Dinithi Silva,Female,Mathematics,77.96,60.81,21,0,false,true,false,Low attendance
3551,Amal Jayasinghe,Male,Mathematics,77.96,61.47,22,0,false,true,false,Low attendance
1426,Katherine Arnold,Female,Biology,77.96,62.4,27,0,false,true,false,Low attendance
9157,Ishara Ranatunga,Male,Biology,77.96,64.15,26,0,false,true,false,Low attendance
2538,John Martinez,Female,Physics,77.96,64.36,20,0,false,true,false,Low attendance
7144,Ishani Jayasinghe,Female,Mathematics,77.96,64.84,21,0,false,true,false,Low attendance
2164,Ryan Henderson,Female,Physics,77.96,64.95,23,0,false,true,false,Low attendance
1194,Scott Greene,Female,Computer Science,77.97,53.68,22,0,false,true,false,Low attendance
2259,Jessica Black,Female,Computer Science,77.97,60.35,20,0,false,true,false,Low attendance
6901,Nimal Dias,Male,Computer Science,77.97,63.68,21,0,false,true,false,Low attendance
4296,Dilini Jayasinghe,Female,Physics,77.98,56.74,22,0,false,true,false,Low attendance
8894,Tharindu Dias,Male,Biology,77.98,57.13,21,0,false,true,false,Low attendance
7961,Ishara Perera,Male,Physics,77.98,59.29,15,0,false,true,false,Low attendance
3709,Kavindi Ranatunga,Female,Computer Science,77.98,60.97,23,0,false,true,false,Low attendance
6660,Ayesh Senanayake,Male,Mathematics,77.98,63.66,18,0,false,true,false,Low attendance
2411,Jennifer Mcdaniel,Female,Biology,77.99,56.09,22,0,false,true,false,Low attendance
5434,Hiruni Ranatunga,Female,Physics,77.99,57.35,23,0,false,true,false,Low attendance
5105,Madhavi Herath,Female,Physics,77.99,59.43,20,0,false,true,false,Low attendance
3477,Kavindi Rajapaksha,Female,Biology,77.99,64.49,21,0,false,true,false,Low attendance
1582,Jeremiah Reyes,Female,Computer Science,78.0,53.21,20,0,false,true,false,Low attendance
8853,Nethmi Silva,Female,Biology,78.0,58.0,19,0,false,true,false,Low attendance
2856,Elizabeth Hester,Female,Physics,78.0,58.91,21,0,false,true,false,Low attendance
8588,Ishani Fernando,Female,Computer Science,78.0,59.46,20,0,false,true,false,Low attendance
8433,Sanduni Gunawardena,Female,Biology,78.0,61.17,21,0,false,true,false,Low attendance
8012,Amandi Abeysekera,Female,Mathematics,78.0,62.01,25,0,false,true,false,Low attendance
7789,Ayesh Silva,Male,Mathematics,78.0,63.71,18,0,false,true,false,Low attendance
6709,Shehan Ranatunga,Male,Biology,78.0,63.72,19,0,false,true,false,Low attendance
1470,Cynthia Williams,Female,Computer Science,78.0,64.15,24,0,false,true,false,Low attendance
2685,Jamie Taylor,Male,Biology,78.01,49.73,20,0,false,true,false,Low attendance
4674,Dilan Wijesinghe,Male,Mathematics,78.01,58.04,17,0,false,true,false,Low attendance
9995,Hiruni Fernando,Female,Computer Science,78.01,58.67,21,0,false,true,false,Low attendance
7506,Kusal Wijesinghe,Male,Mathematics,78.01,58.99,16,0,false,true,false,Low attendance
3645,Dinithi Fernando,Female,Computer Science,78.02,61.99,23,0,false,true,false,Low attendance
7088,Madhavi Wijesinghe,Female,Mathematics,78.02,62.2,18,0,false,true,false,Low attendance
9091,Kusal Perera,Male,Computer Science,78.02,64.27,22,0,false,true,false,Low attendance
9822,Naveen Rajapaksha,Male,Biology,78.03,60.61,18,0,false,true,false,Low attendance
8450,Rashmi Wijesinghe,Female,Biology,78.03,60.88,21,0,false,true,false,Low attendance
4642,Amandi Gunawardena,Female,Mathematics,78.03,61.23,23,0,false,true,false,Low attendance
5251,Sachini Gunawardena,Female,Computer Science,78.03,62.53,22,0,false,true,false,Low attendance
8097,Sahan Jayasinghe,Male,Computer Science,78.04,48.31,17,0,false,true,false,Low attendance
5620,Dilini Ranatunga,Female,Mathematics,78.04,55.21,20,0,false,true,false,Low attendance
5404,Shehan Jayasinghe,Male,Biology,78.04,58.29,23,0,false,true,false,Low attendance
4855,Amal Ekanayake,Male,Mathematics,78.04,58.78,21,0,false,true,false,Low attendance
6044,Chamara Madushanka,Male,Physics,78.04,59.87,17,0,false,true,false,Low attendance
5851,Chamara Ranatunga,Male,Physics,78.04,61.32,23,0,false,true,false,Low attendance
4321,Madhavi Silva,Female,Mathematics,78.04,63.63,20,0,false,true,false,Low attendance
4367,Kasun Silva,Male,Physics,78.05,58.21,22,0,false,true,false,Low attendance
4635,Supun Dias,Male,Computer Science,78.05,60.23,21,0,false,true,false,Low attendance
5239,Sahan Fernando,Male,Biology,78.05,61.14,20,0,false,true,false,Low attendance
10974,Ravindu Fernando,Male,Physics,78.05,61.49,25,0,false,true,false,Low attendance
3961,Madhavi Senanayake,Female,Biology,78.05,62.88,19,0,false,true,false,Low attendance
10764,Dinithi Senanayake,Female,Biology,78.06,57.26,21,0,false,true,false,Low attendance
2489,Dillon Johnson,Female,Computer Science,78.06,57.37,21,0,false,true,false,Low attendance
8594,Amandi Madushanka,Female,Physics,78.06,60.22,18,0,false,true,false,Low attendance
10701,Amal Peiris,Male,Physics,78.06,63.27,23,0,false,true,false,Low attendance
5363,Rashmi Gunawardena,Female,Computer Science,78.06,63.4,23,0,false,true,false,Low attendance
5149,Dilini Perera,Female,Mathematics,78.06,64.5,18,0,false,true,false,Low attendance
10641,Supun Dias,Male,Biology,78.06,64.97,21,0,false,true,false,Low attendance
5158,Madhavi Gunawardena,Female,Physics,78.07,57.97,26,0,false,true,false,Low attendance
4137,Tharindu Silva,Male,Mathematics,78.07,61.06,24,0,false,true,false,Low attendance
10129,Nimal Fernando,Male,Computer Science,78.07,61.59,20,0,false,true,false,Low attendance
4965,Rashmi Wijesinghe,Female,Computer Science,78.07,62.23,20,0,false,true,false,Low attendance
9281,Sanduni Perera,Female,Physics,78.07,63.81,17,0,false,true,false,Low attendance
9539,Chamara Gunawardena,Male,Biology,78.08,56.4,22,0,false,true,false,Low attendance
2304,Tracy Mitchell,Male,Physics,78.08,59.96,20,0,false,true,false,Low attendance
2106,Thomas Bailey,Male,Computer Science,78.08,60.77,26,0,false,true,false,Low attendance
5393,Dilan Jayasinghe,Male,Computer Science,78.08,62.55,19,0,false,true,false,Low attendance
5639,Rashmi Madushanka,Female,Physics,78.08,64.12,24,0,false,true,false,Low attendance
5405,Supun Peiris,Male,Computer Science,78.09,57.72,21,0,false,true,false,Low attendance
10334,Nadeesha Wijesinghe,Female,Computer Science,78.09,58.56,21,0,false,true,false,Low attendance
3809,Piumi Peiris,Female,Mathematics,78.09,63.1,25,0,false,true,false,Low attendance
8299,Tharushi Ekanayake,Female,Mathematics,78.09,64.58,21,0,false,true,false,Low attendance
8763,Madhavi Ranatunga,Female,Physics,78.1,54.99,24,0,false,true,false,Low attendance
4400,Ravindu Jayasinghe,Male,Mathematics,78.1,59.74,17,0,false,true,false,Low attendance
10532,Ishara Gunawardena,Male,Physics,78.1,63.46,22,0,false,true,false,Low attendance
9148,Chamara Wijesinghe,Male,Biology,78.1,64.04,22,0,false,true,false,Low attendance
10027,Lahiru Madushanka,Male,Physics,78.1,64.37,23,0,false,true,false,Low attendance
7412,Nethmi Peiris,Female,Biology,78.1,64.42,21,0,false,true,false,Low attendance
4457,Kusal Wijesinghe,Male,Computer Science,78.11,59.21,23,0,false,true,false,Low attendance
7673,Kasun Ekanayake,Male,Mathematics,78.11,59.78,21,0,false,true,false,Low attendance
6943,Dilini Gunawardena,Female,Computer Science,78.11,59.97,20,0,false,true,false,Low attendance
2027,Christine Jackson,Male,Physics,78.11,60.08,20,0,false,true,false,Low attendance
6250,Ayesh Madushanka,Male,Mathematics,78.11,60.78,15,0,false,true,false,Low attendance
8651,Madhavi Fernando,Female,Biology,78.11,60.95,19,0,false,true,false,Low attendance
4473,Nadeesha Ranatunga,Female,Computer Science,78.11,61.43,27,0,false,true,false,Low attendance
5919,Amandi Gunawardena,Female,Physics,78.11,64.37,21,0,false,true,false,Low attendance
6055,Supun Perera,Male,,78.12,54.67,26,0,false,true,false,Low attendance
2578,Donna Powell,Male,Computer Science,78.12,56.75,19,0,false,true,false,Low attendance
1132,Michael Cardenas,Male,Mathematics,78.12,63.47,19,0,false,true,false,Low attendance
7150,Kasun Silva,Male,Biology,78.12,63.89,22,0,false,true,false,Low attendance
4395,Nethmi Ranatunga,Female,Biology,78.13,55.99,22,0,false,true,false,Low attendance
6873,Tharushi Dias,Female,Biology,78.13,59.73,20,0,false,true,false,Low attendance
5344,Tharushi Jayasinghe,Female,Computer Science,78.13,60.82,18,0,false,true,false,Low attendance
7154,Nethmi Dias,Female,Computer Science,78.13,63.16,21,0,false,true,false,Low attendance
10969,Sanduni Ekanayake,Female,Biology,78.14,58.91,18,0,false,true,false,Low attendance
1408,Joel Robinson,Male,Computer Science,78.14,59.03,21,0,false,true,false,Low attendance
10077,Tharindu Fernando,Male,Mathematics,78.14,60.64,16,0,false,true,false,Low attendance
8509,Amal Silva,Male,Biology,78.14,61.14,19,0,false,true,false,Low attendance
2270,Joseph Singh,Male,Computer Science,78.14,62.39,23,0,false,true,false,Low attendance
3124,Hiruni Peiris,Female,Physics,78.14,64.05,23,0,false,true,false,Low attendance
6452,Ravindu Rajapaksha,Male,Mathematics,78.15,57.24,23,0,false,true,false,Low attendance
7228,Amandi Dias,Female,Biology,78.15,60.6,25,0,false,true,false,Low attendance
9970,Hiruni Rajapaksha,Female,Computer Science,78.15,61.55,22,0,false,true,false,Low attendance
3027,Lahiru Wijesinghe,Male,Physics,78.15,63.16,18,0,false,true,false,Low attendance
1913,Lisa Quinn,Male,Mathematics,78.16,60.68,20,0,false,true,false,Low attendance
3827,Sanduni Silva,Female,Physics,78.16,60.98,17,0,false,true,false,Low attendance
6539,Sanduni Fernando,Female,Computer Science,78.16,61.36,23,0,false,true,false,Low attendance
4722,Chamara Wijesinghe,Male,Physics,78.16,63.27,21,0,false,true,false,Low attendance
6521,Tharindu Ranatunga,Male,Biology,78.16,64.82,19,0,false,true,false,Low attendance
7385,Rashmi Perera,Female,Computer Science,78.17,54.95,22,0,false,true,false,Low attendance
1669,Christopher Torres,Male,Computer Science,78.17,57.6,24,0,false,true,false,Low attendance
1962,Katelyn Jones,Female,Mathematics,78.17,59.84,23,0,false,true,false,Low attendance
10434,Kasun Madushanka,Male,Computer Science,78.17,60.16,22,0,false,true,false,Low attendance
7972,Madhavi Perera,Female,Biology,78.17,61.0,23,0,false,true,false,Low attendance
1895,Mary Lin,Female,Computer Science,78.17,61.22,22,0,false,true,false,Low attendance
4177,Kavindi Fernando,Female,Computer Science,78.17,61.73,21,0,false,true,false,Low attendance
2507,Elizabeth Li,Male,Mathematics,78.17,64.07,20,0,false,true,false,Low attendance
4035,Sanduni Ekanayake,Female,Physics,78.17,64.38,17,0,false,true,false,Low attendance
3252,Lahiru Abeysekera,Male,Biology,78.17,64.93,22,0,false,true,false,Low attendance
5003,Piumi Wijesinghe,Female,Mathematics,78.18,60.01,20,0,false,true,false,Low attendance
5306,Amandi Senanayake,Female,Biology,78.18,60.53,23,0,false,true,false,Low attendance
9041,Kusal Peiris,Male,Mathematics,78.18,61.62,19,0,false,true,false,Low attendance
8313,Hiruni Silva,Female,Biology,78.18,64.24,20,0,false,true,false,Low attendance
4630,Sanduni Rajapaksha,Female,Physics,78.19,55.38,17,0,false,true,false,Low attendance
6455,Lahiru Gunawardena,Male,Physics,78.19,58.14,20,0,false,true,false,Low attendance
10581,Tharindu Herath,Male,Computer Science,78.19,58.66,18,0,false,true,false,Low attendance
7448,Dilan Senanayake,Male,Computer Science,78.19,60.77,22,0,false,true,false,Low attendance
2724,Kimberly Fritz,Female,Biology,78.19,61.64,20,0,false,true,false,Low attendance
7311,Dilan Madushanka,Male,Biology,78.19,63.47,22,0,false,true,false,Low attendance
9256,Ishani Herath,Female,Physics,78.2,55.85,22,0,false,true,false,Low attendance
9438,Ishani Fernando,Female,Mathematics,78.2,57.4,16,0,false,true,false,Low attendance
10420,Dinithi Herath,Female,Physics,78.2,57.6,22,0,false,true,false,Low attendance
10561,Madhavi Rajapaksha,Female,Biology,78.21,54.72,20,0,false,true,false,Low attendance
1450,Jacob Anderson,Female,Mathematics,78.21,59.85,21,0,false,true,false,Low attendance
10935,Tharindu Ranatunga,Male,Biology,78.21,61.16,22,0,false,true,false,Low attendance
9105,Ravindu Fernando,Male,Physics,78.22,56.5,15,0,false,true,false,Low attendance
3705,Kasun Dias,Male,Computer Science,78.22,64.75,21,0,false,true,false,Low attendance
9345,Naveen Ekanayake,Male,Computer Science,78.23,54.42,21,0,false,true,false,Low attendance
7180,Hiruni Madushanka,Female,Mathematics,78.23,60.61,22,0,false,true,false,Low attendance
5215,Naveen Abeysekera,Male,Computer Science,78.23,61.68,24,0,false,true,false,Low attendance
6813,Sachini Dias,Female,Computer Science,78.23,64.99,17,0,false,true,false,Low attendance
4730,Ravindu Ranatunga,Male,Biology,78.24,54.33,22,0,false,true,false,Low attendance
7982,Amandi Peiris,Female,Biology,78.24,54.87,23,0,false,true,false,Low attendance
7554,Nadeesha Fernando,Female,Physics,78.24,59.09,21,0,false,true,false,Low attendance
7767,Sachini Peiris,Female,Biology,78.24,59.34,17,0,false,true,false,Low attendance
10179,Nadeesha Rajapaksha,Female,Physics,78.24,63.57,18,0,false,true,false,Low attendance
9972,Kasun Rajapaksha,Male,Computer Science,78.25,53.86,22,0,false,true,false,Low attendance
6173,Dinithi Fernando,Female,Biology,78.25,54.23,18,0,false,true,false,Low attendance
2114,Edward Collins,Female,Biology,78.25,57.27,18,0,false,true,false,Low attendance
8076,Kasun Ekanayake,Male,Physics,78.25,57.91,19,0,false,true,false,Low attendance
2958,David Wilson,Male,Mathematics,78.25,59.56,21,0,false,true,false,Low attendance
3332,Piumi Ranatunga,Female,Biology,78.25,60.82,21,0,false,true,false,Low attendance
5070,Rashmi Madushanka,Female,Physics,78.25,60.98,21,0,false,true,false,Low attendance
6158,Sanduni Madushanka,Female,Biology,78.25,61.7,21,0,false,true,false,Low attendance
1706,Kristina Garcia,Male,Physics,78.26,59.1,19,0,false,true,false,Low attendance
9194,Dilini Rajapaksha,Female,Mathematics,78.26,59.69,19,0,false,true,false,Low attendance
1261,Elizabeth Wall,Male,Computer Science,78.26,61.65,22,0,false,true,false,Low attendance
1871,Ryan Howard,Male,Physics,78.26,62.54,23,0,false,true,false,Low attendance
1925,Tanya Hogan,Male,Mathematics,78.26,63.23,18,0,false,true,false,Low attendance
6210,Sachini Peiris,Female,Computer Science,78.27,57.33,20,0,false,true,false,Low attendance
2391,Clayton Silva,Female,Computer Science,78.27,62.09,22,0,false,true,false,Low attendance
6511,Sashini Gunawardena,Female,Mathematics,78.27,63.52,18,0,false,true,false,Low attendance
1165,David Turner,Female,Mathematics,78.27,63.8,24,0,false,true,false,Low attendance
8848,Hiruni Ekanayake,Female,Biology,78.28,59.69,20,0,false,true,false,Low attendance
10647,Piumi Fernando,Female,Computer Science,78.28,59.77,19,0,false,true,false,Low attendance
8671,Naveen Herath,Male,Physics,78.28,61.67,22,0,false,true,false,Low attendance
8294,Nadeesha Abeysekera,Female,Biology,78.29,58.55,23,0,false,true,false,Low attendance
5445,Amal Dias,Male,Physics,78.29,60.32,19,0,false,true,false,Low attendance
2320,Charlotte Henderson,Male,Physics,78.29,61.34,20,0,false,true,false,Low attendance
9046,Nethmi Rajapaksha,Female,Biology,78.29,61.82,17,0,false,true,false,Low attendance
3721,Sahan Silva,Male,Physics,78.29,62.93,22,0,false,true,false,Low attendance
1464,Wendy Williams,Male,Mathematics,78.3,55.25,21,0,false,true,false,Low attendance
5141,Hiruni Gunawardena,Female,Computer Science,78.3,56.44,19,0,false,true,false,Low attendance
2993,Kimberly Ibarra,Male,Biology,78.3,59.0,21,0,false,true,false,Low attendance
6130,Nethmi Jayasinghe,Female,Physics,78.3,60.78,18,0,false,true,false,Low attendance
7737,Ravindu Ranatunga,Male,Physics,78.3,60.99,20,0,false,true,false,Low attendance
1762,Gavin Cuevas,Female,Biology,78.3,63.99,22,0,false,true,false,Low attendance
2589,Joe Richardson,Male,Mathematics,78.31,58.38,24,0,false,true,false,Low attendance
3522,Sanduni Dias,Female,Mathematics,78.31,61.35,19,0,false,true,false,Low attendance
7256,Ayesh Herath,Male,Physics,78.31,63.11,24,0,false,true,false,Low attendance
8493,Hiruni Rajapaksha,Female,Mathematics,78.31,63.98,12,0,false,true,false,Low attendance
8384,Sashini Ekanayake,Female,Physics,78.31,64.57,20,0,false,true,false,Low attendance
6969,Dinithi Rajapaksha,Female,Physics,78.32,61.35,21,0,false,true,false,Low attendance
2058,Dale Baxter,Male,Mathematics,78.32,61.96,19,0,false,true,false,Low attendance
7249,Ravindu Ranatunga,Male,Computer Science,78.32,64.4,20,0,false,true,false,Low attendance
5902,Hiruni Abeysekera,Female,Mathematics,78.33,55.72,17,0,false,true,false,Low attendance
6938,Tharindu Ekanayake,Male,Physics,78.33,59.01,19,0,false,true,false,Low attendance
3401,Supun Silva,Male,Biology,78.33,59.94,21,0,false,true,false,Low attendance
6874,Kasun Senanayake,Male,Biology,78.33,60.69,21,0,false,true,false,Low attendance
1668,Alexis Lewis,Male,Computer Science,78.33,64.06,20,0,false,true,false,Low attendance
8053,Chamara Dias,Male,Mathematics,78.34,53.61,21,0,false,true,false,Low attendance
10814,Sachini Peiris,Female,Biology,78.34,59.75,22,0,false,true,false,Low attendance
8870,Kasun Senanayake,Male,Mathematics,78.34,61.36,17,0,false,true,false,Low attendance
6629,Dinithi Senanayake,Female,Biology,78.34,61.94,17,0,false,true,false,Low attendance
10013,Dilini Ranatunga,Female,Mathematics,78.34,62.22,20,0,false,true,false,Low attendance
7975,Sashini Fernando,Female,Computer Science,78.34,63.12,22,0,false,true,false,Low attendance
3942,Dinithi Jayasinghe,Female,Physics,78.35,55.36,17,0,false,true,false,Low attendance
2382,Brittany Smith,Male,Physics,78.35,60.44,21,0,false,true,false,Low attendance
8274,Sachini Madushanka,Female,Physics,78.35,61.44,23,0,false,true,false,Low attendance
10534,Tharushi Senanayake,Female,Physics,78.35,61.69,22,0,false,true,false,Low attendance
9124,Sahan Herath,Male,Physics,78.36,54.87,23,0,false,true,false,Low attendance
7079,Amal Perera,Male,Computer Science,78.36,56.88,18,0,false,true,false,Low attendance
5677,Naveen Ranatunga,Male,Physics,78.36,60.7,19,0,false,true,false,Low attendance
1412,Jeffrey Daniels,Female,Physics,78.36,61.92,22,0,false,true,false,Low attendance
4624,Sashini Abeysekera,Female,Mathematics,78.36,62.01,25,0,false,true,false,Low attendance
1530,Steven Henry,Male,Mathematics,78.36,63.01,18,0,false,true,false,Low attendance
10283,Lahiru Gunawardena,Male,Computer Science,78.36,63.08,22,0,false,true,false,Low attendance
10907,Dilan Perera,Male,Computer Science,78.36,64.74,20,0,false,true,false,Low attendance
1457,Alyssa Campbell,Female,Mathematics,78.37,60.0,20,0,false,true,false,Low attendance
4775,Naveen Dias,Male,Physics,78.37,62.8,21,0,false,true,false,Low attendance
5800,Nethmi Ranatunga,Female,Biology,78.37,64.19,21,0,false,true,false,Low attendance
8872,Madhavi Silva,Female,Biology,78.38,61.34,21,0,false,true,false,Low attendance
5894,Nethmi Dias,Female,Mathematics,78.38,61.6,19,0,false,true,false,Low attendance
1554,Richard Holmes,Male,Computer Science,78.38,62.56,24,0,false,true,false,Low attendance
9948,Madhavi Rajapaksha,Female,Computer Science,78.38,64.61,24,0,false,true,false,Low attendance
4760,Rashmi Madushanka,Female,Computer Science,78.39,58.61,21,0,false,true,false,Low attendance
10567,Nadeesha Fernando,Female,Biology,78.39,63.8,19,0,false,true,false,Low attendance
4926,Nadeesha Wijesinghe,Female,Mathematics,78.39,64.07,19,0,false,true,false,Low attendance
2054,Adam Burgess,Female,Physics,78.39,64.71,24,0,false,true,false,Low attendance
9329,Chamara Senanayake,Male,Computer Science,78.41,58.75,18,0,false,true,false,Low attendance
7921,Nethmi Silva,Female,Computer Science,78.41,59.74,21,0,false,true,false,Low attendance
4422,Nethmi Madushanka,Female,Computer Science,78.41,61.16,22,0,false,true,false,Low attendance
4303,Tharushi Senanayake,Female,Biology,78.41,61.27,22,0,false,true,false,Low attendance
1274,Steven Ellison,Male,Physics,78.41,61.98,21,0,false,true,false,Low attendance
7397,Kasun Fernando,Male,Biology,78.41,63.11,17,0,false,true,false,Low attendance
4230,Supun Abeysekera,Male,Mathematics,78.41,64.92,18,0,false,true,false,Low attendance
6553,Sachini Abeysekera,Female,Mathematics,78.42,58.59,18,0,false,true,false,Low attendance
1926,Deborah Turner,Male,Physics,78.42,61.91,21,0,false,true,false,Low attendance
9098,Supun Fernando,Male,Biology,78.42,62.25,22,0,false,true,false,Low attendance
8752,Amandi Rajapaksha,Female,Computer Science,78.42,63.38,22,0,false,true,false,Low attendance
9613,Ishani Wijesinghe,Female,Computer Science,78.43,55.43,24,0,false,true,false,Low attendance
2155,Eugene Davidson,Male,Biology,78.43,57.01,17,0,false,true,false,Low attendance
7480,Nethmi Ranatunga,Female,Computer Science,78.43,58.43,21,0,false,true,false,Low attendance
1493,Michael Walker,Female,Biology,78.43,62.1,21,0,false,true,false,Low attendance
8187,Nimal Fernando,Male,Mathematics,78.44,57.87,22,0,false,true,false,Low attendance
9735,Shehan Abeysekera,Male,Physics,78.44,58.1,21,0,false,true,false,Low attendance
10763,Nadeesha Fernando,Female,Biology,78.44,58.74,20,0,false,true,false,Low attendance
4302,Tharushi Ekanayake,Female,Mathematics,78.44,63.32,22,0,false,true,false,Low attendance
6875,Tharushi Perera,Female,Biology,78.44,63.42,21,0,false,true,false,Low attendance
1476,Elizabeth Hart,Female,Mathematics,78.45,56.85,25,0,false,true,false,Low attendance
5908,Ayesh Herath,Male,Physics,78.45,62.53,23,0,false,true,false,Low attendance
7380,Nadeesha Perera,Female,Computer Science,78.46,52.25,19,0,false,true,false,Low attendance
1445,Michael Underwood,Female,Mathematics,78.46,53.87,19,0,false,true,false,Low attendance
10402,Piumi Ekanayake,Female,Mathematics,78.46,60.94,18,0,false,true,false,Low attendance
5200,Sahan Herath,Male,Computer Science,78.46,62.6,22,0,false,true,false,Low attendance
2050,Derek Carney,Male,Biology,78.47,52.83,18,0,false,true,false,Low attendance
6109,Nimal Rajapaksha,Male,Physics,78.47,57.48,27,0,false,true,false,Low attendance
6294,Lahiru Rajapaksha,Male,Physics,78.47,60.15,21,0,false,true,false,Low attendance
5062,Sahan Dias,Male,Biology,78.47,61.04,18,0,false,true,false,Low attendance
3151,Amal Abeysekera,Male,Physics,78.47,62.86,20,0,false,true,false,Low attendance
5631,Shehan Dias,Male,Computer Science,78.48,60.12,18,0,false,true,false,Low attendance
3380,Ishani Dias,Female,Computer Science,78.48,60.49,22,0,false,true,false,Low attendance
3294,Kasun Jayasinghe,Male,Physics,78.49,55.22,20,0,false,true,false,Low attendance
3536,Ayesh Ekanayake,Male,Biology,78.49,58.92,20,0,false,true,false,Low attendance
9853,Sachini Silva,Female,Computer Science,78.49,64.64,22,0,false,true,false,Low attendance
9376,Sahan Madushanka,Male,Biology,78.5,54.0,21,0,false,true,false,Low attendance
9771,Kavindi Gunawardena,Female,Mathematics,78.5,54.64,18,0,false,true,false,Low attendance
8043,Tharindu Madushanka,Male,Computer Science,78.5,59.0,23,0,false,true,false,Low attendance
9184,Ravindu Ranatunga,Male,Biology,78.5,60.21,19,0,false,true,false,Low attendance
9528,Sashini Abeysekera,Female,Mathematics,78.5,60.57,20,0,false,true,false,Low attendance
9429,Rashmi Madushanka,Female,Biology,78.5,61.8,22,0,false,true,false,Low attendance
5918,Sashini Fernando,Female,Biology,78.5,63.01,23,0,false,true,false,Low attendance
5644,Sachini Gunawardena,Female,Computer Science,78.5,64.76,19,0,false,true,false,Low attendance
6482,Amandi Ekanayake,Female,Computer Science,78.51,59.79,21,0,false,true,false,Low attendance
9680,Dinithi Rajapaksha,Female,Mathematics,78.51,63.29,19,0,false,true,false,Low attendance
6848,Piumi Gunawardena,Female,Biology,78.52,51.22,22,0,false,true,false,Low attendance
10267,Lahiru Rajapaksha,Male,Computer Science,78.52,62.4,20,0,false,true,false,Low attendance
2210,Steven Holmes,Female,Computer Science,78.52,63.74,19,0,false,true,false,Low attendance
3667,Kavindi Madushanka,Female,Computer Science,78.53,56.68,24,0,false,true,false,Low attendance
6508,Amal Madushanka,Male,Physics,78.53,57.07,19,0,false,true,false,Low attendance
10983,Ishani Rajapaksha,Female,Biology,78.53,59.52,20,0,false,true,false,Low attendance
8884,Dilan Abeysekera,Male,Biology,78.53,60.68,19,0,false,true,false,Low attendance
4769,Rashmi Abeysekera,Female,Computer Science,78.53,61.15,19,0,false,true,false,Low attendance
6743,Supun Wijesinghe,Male,Computer Science,78.53,61.57,19,0,false,true,false,Low attendance
6676,Amandi Senanayake,Female,Biology,78.53,62.99,22,0,false,true,false,Low attendance
1880,Spencer Cook,Female,Physics,78.53,64.96,20,0,false,true,false,Low attendance
5080,Amandi Wijesinghe,Female,Mathematics,78.54,55.56,19,0,false,true,false,Low attendance
4554,Nadeesha Dias,Female,Mathematics,78.54,57.91,20,0,false,true,false,Low attendance
1037,Valerie Murphy,Female,Computer Science,78.54,59.56,21,0,false,true,false,Low attendance
6398,Dilan Peiris,Male,Physics,78.54,61.2,23,0,false,true,false,Low attendance
4831,Nethmi Silva,Female,Physics,78.54,63.46,15,0,false,true,false,Low attendance
6741,Amal Wijesinghe,Male,Mathematics,78.55,57.85,16,0,false,true,false,Low attendance
5603,Amal Abeysekera,Male,Physics,78.55,58.49,23,0,false,true,false,Low attendance
3786,Supun Peiris,Male,Biology,78.55,59.11,24,0,false,true,false,Low attendance
7917,Ayesh Senanayake,Male,Mathematics,78.55,59.99,18,0,false,true,false,Low attendance
4328,Nimal Madushanka,Male,Physics,78.56,60.01,17,0,false,true,false,Low attendance
7953,Ishara Ekanayake,Male,Physics,78.56,60.89,20,0,false,true,false,Low attendance
9399,Chamara Ekanayake,Male,Biology,78.56,63.98,23,0,false,true,false,Low attendance
6368,Sahan Wijesinghe,Male,Computer Science,78.56,64.17,20,0,false,true,false,Low attendance
9960,Madhavi Fernando,Female,Mathematics,78.56,64.73,18,0,false,true,false,Low attendance
9413,Sahan Ranatunga,Male,Mathematics,78.57,51.49,21,0,false,true,false,Low attendance
8572,Hiruni Perera,Female,Mathematics,78.57,52.94,20,0,false,true,false,Low attendance
10265,Nethmi Silva,Female,Mathematics,78.57,59.1,24,0,false,true,false,Low attendance
9383,Dinithi Fernando,Female,Physics,78.57,61.16,21,0,false,true,false,Low attendance
2400,Adrian Keller,Male,Mathematics,78.57,62.57,19,0,false,true,false,Low attendance
1676,Christopher Carr,Male,Biology,78.57,63.61,20,0,false,true,false,Low attendance
3102,Ishani Rajapaksha,Female,Mathematics,78.57,63.8,16,0,false,true,false,Low attendance
9595,Hiruni Dias,Female,Biology,78.57,64.42,18,0,false,true,false,Low attendance
4468,Kasun Jayasinghe,Male,Physics,78.58,62.07,22,0,false,true,false,Low attendance
10871,Dilini Silva,Female,Computer Science,78.58,62.33,19,0,false,true,false,Low attendance
9900,Sashini Rajapaksha,Female,Physics,78.58,63.06,20,0,false,true,false,Low attendance
4776,Nethmi Madushanka,Female,Biology,78.58,63.32,19,0,false,true,false,Low attendance
10365,Sahan Dias,Male,Computer Science,78.58,63.32,22,0,false,true,false,Low attendance
7316,Naveen Madushanka,Male,Computer Science,78.58,64.05,22,0,false,true,false,Low attendance
1358,Brandon Jones,Male,Computer Science,78.59,50.14,22,0,false,true,false,Low attendance
2495,Lauren Bradley,Female,Biology,78.59,58.67,22,0,false,true,false,Low attendance
10184,Kasun Gunawardena,Male,Physics,78.59,60.15,21,0,false,true,false,Low attendance
7080,Amal Jayasinghe,Male,Biology,78.59,61.25,22,0,false,true,false,Low attendance
4179,Dilini Peiris,Female,Physics,78.59,62.41,19,0,false,true,false,Low attendance
4500,Dinithi Madushanka,Female,Computer Science,78.6,58.02,23,0,false,true,false,Low attendance
1639,Michelle Garcia,Female,Mathematics,78.6,59.69,17,0,false,true,false,Low attendance
7803,Naveen Madushanka,Male,Physics,78.6,60.99,26,0,false,true,false,Low attendance
2329,Isabel Holt,Female,Biology,78.6,62.09,24,0,false,true,false,Low attendance
3040,Amandi Ranatunga,Female,Biology,78.6,62.66,22,0,false,true,false,Low attendance
7613,Supun Fernando,Male,Physics,78.61,58.12,15,0,false,true,false,Low attendance
3119,Amal Rajapaksha,Male,Physics,78.61,59.31,19,0,false,true,false,Low attendance
2198,Jessica Patel,Male,Computer Science,78.62,55.05,22,0,false,true,false,Low attendance
5198,Dilini Abeysekera,Female,Physics,78.62,58.01,23,0,false,true,false,Low attendance
10054,Sashini Abeysekera,Female,Physics,78.62,60.88,19,0,false,true,false,Low attendance
8576,Ayesh Ekanayake,Male,Biology,78.62,61.5,20,0,false,true,false,Low attendance
4533,Piumi Gunawardena,Female,Mathematics,78.62,62.97,23,0,false,true,false,Low attendance
5524,Nimal Ekanayake,Male,Biology,78.62,64.98,17,0,false,true,false,Low attendance
6718,Piumi Perera,Female,Biology,78.63,58.82,18,0,false,true,false,Low attendance
7289,Ishara Gunawardena,Male,Computer Science,78.63,63.7,19,0,false,true,false,Low attendance
7763,Lahiru Jayasinghe,Male,Physics,78.64,58.22,19,0,false,true,false,Low attendance
10595,Ishani Ranatunga,Female,Computer Science,78.64,58.61,20,0,false,true,false,Low attendance
6966,Madhavi Gunawardena,Female,Physics,78.64,62.72,19,0,false,true,false,Low attendance
3951,Dilan Perera,Male,Physics,78.64,63.81,21,0,false,true,false,Low attendance
1134,Laura Noble,Male,Biology,78.65,61.05,20,0,false,true,false,Low attendance
2554,Garrett Garza,Male,Physics,78.65,61.14,20,0,false,true,false,Low attendance
6750,Madhavi Ekanayake,Female,Computer Science,78.65,61.7,22,0,false,true,false,Low attendance
8936,Ishara Wijesinghe,Male,Physics,78.65,64.23,21,0,false,true,false,Low attendance
1481,Robert Nichols,Male,Computer Science,78.65,64.79,21,0,false,true,false,Low attendance
10417,Amandi Ranatunga,Female,Mathematics,78.66,58.35,23,0,false,true,false,Low attendance
1520,Carol Murphy,Male,Mathematics,78.66,60.5,22,0,false,true,false,Low attendance
5197,Ishara Senanayake,Male,Physics,78.66,61.17,20,0,false,true,false,Low attendance
7814,Amal Perera,Male,Mathematics,78.66,61.32,20,0,false,true,false,Low attendance
8226,Sashini Madushanka,Female,Computer Science,78.66,61.69,23,0,false,true,false,Low attendance
8740,Dinithi Ranatunga,Female,,78.66,63.6,24,0,false,true,false,Low attendance
3891,Nadeesha Fernando,Female,Computer Science,78.66,63.93,22,0,false,true,false,Low attendance
7496,Piumi Perera,Female,Biology,78.66,64.61,22,0,false,true,false,Low attendance
4684,Naveen Ekanayake,Male,Physics,78.67,52.62,21,0,false,true,false,Low attendance
5207,Sanduni Fernando,Female,Biology,78.67,57.13,20,0,false,true,false,Low attendance
4355,Supun Wijesinghe,Male,Computer Science,78.67,59.24,18,0,false,true,false,Low attendance
3690,Shehan Gunawardena,Male,Computer Science,78.67,59.76,23,0,false,true,false,Low attendance
6537,Kavindi Madushanka,Female,Computer Science,78.67,61.09,18,0,false,true,false,Low attendance
7019,Shehan Fernando,Male,Computer Science,78.67,61.59,24,0,false,true,false,Low attendance
7361,Kavindi Wijesinghe,Female,Computer Science,78.67,64.67,21,0,false,true,false,Low attendance
6707,Rashmi Gunawardena,Female,Computer Science,78.68,60.53,25,0,false,true,false,Low attendance
10888,Tharindu Fernando,Male,Physics,78.68,60.93,18,0,false,true,false,Low attendance
2267,Jennifer Fisher,Male,Mathematics,78.68,61.05,20,0,false,true,false,Low attendance
6170,Tharindu Wijesinghe,Male,Biology,78.68,61.52,22,0,false,true,false,Low attendance
5369,Naveen Abeysekera,Male,Physics,78.68,62.31,22,0,false,true,false,Low attendance
8702,Madhavi Herath,Female,Computer Science,78.69,58.9,21,0,false,true,false,Low attendance
4238,Dilan Ranatunga,Male,Physics,78.69,59.25,22,0,false,true,false,Low attendance
10206,Tharushi Silva,Female,Mathematics,78.7,55.63,19,0,false,true,false,Low attendance
9174,Sahan Senanayake,Male,Physics,78.7,56.14,18,0,false,true,false,Low attendance
10210,Kasun Rajapaksha,Male,Biology,78.7,60.99,20,0,false,true,false,Low attendance
2770,Alexander Daniel,Female,Physics,78.7,61.74,22,0,false,true,false,Low attendance
3000,Tricia Calhoun,Male,Biology,78.7,61.83,19,0,false,true,false,Low attendance
9178,Chamara Jayasinghe,Male,Biology,78.7,64.16,27,0,false,true,false,Low attendance
7485,Hiruni Herath,Female,Mathematics,78.71,56.03,17,0,false,true,false,Low attendance
6764,Ishara Gunawardena,Male,Biology,78.71,57.58,19,0,false,true,false,Low attendance
4310,Naveen Rajapaksha,Male,Biology,78.71,63.32,23,0,false,true,false,Low attendance
7015,Tharushi Silva,Female,Biology,78.72,62.64,18,0,false,true,false,Low attendance
1167,Gregory Lawson,Male,Computer Science,78.72,64.12,23,0,false,true,false,Low attendance
7266,Shehan Silva,Male,Physics,78.72,64.57,20,0,false,true,false,Low attendance
8113,Madhavi Peiris,Female,Mathematics,78.73,52.57,21,0,false,true,false,Low attendance
7030,Tharindu Rajapaksha,Male,Biology,78.73,60.87,22,0,false,true,false,Low attendance
10952,Tharushi Herath,Female,Biology,78.73,62.04,23,0,false,true,false,Low attendance
8741,Nimal Perera,Male,Physics,78.73,63.09,25,0,false,true,false,Low attendance
6295,Dinithi Ekanayake,Female,Mathematics,78.74,58.65,16,0,false,true,false,Low attendance
7102,Sahan Wijesinghe,Male,Computer Science,78.74,60.61,24,0,false,true,false,Low attendance
7624,Kavindi Jayasinghe,Female,Biology,78.74,61.36,20,0,false,true,false,Low attendance
8192,Kavindi Jayasinghe,Female,Physics,78.74,62.41,20,0,false,true,false,Low attendance
1545,Thomas Gonzalez,Female,Mathematics,78.74,63.88,19,0,false,true,false,Low attendance
4251,Naveen Herath,Male,Physics,78.74,64.74,23,0,false,true,false,Low attendance
10831,Tharindu Abeysekera,Male,Mathematics,78.75,53.94,18,0,false,true,false,Low attendance
3276,Amandi Rajapaksha,Female,Physics,78.75,60.6,20,0,false,true,false,Low attendance
3260,Dilan Perera,Male,Mathematics,78.76,59.04,20,0,false,true,false,Low attendance
5020,Supun Perera,Male,Biology,78.76,64.33,20,0,false,true,false,Low attendance
2167,Kevin Morgan,Male,Physics,78.77,57.65,24,0,false,true,false,Low attendance
4030,Rashmi Senanayake,Female,Computer Science,78.77,60.87,21,0,false,true,false,Low attendance
4182,Ravindu Fernando,Male,Biology,78.77,61.46,21,0,false,true,false,Low attendance
6792,Ishara Dias,Male,Biology,78.77,61.75,20,0,false,true,false,Low attendance
4132,Sahan Fernando,Male,Biology,78.77,63.21,19,0,false,true,false,Low attendance
10955,Dinithi Herath,Female,Computer Science,78.78,58.21,21,0,false,true,false,Low attendance
5516,Kusal Peiris,Male,Physics,78.78,60.06,23,0,false,true,false,Low attendance
1391,Paul Mason,Male,Mathematics,78.78,60.48,21,0,false,true,false,Low attendance
1018,Timothy Bell,Male,Mathematics,78.78,61.06,20,0,false,true,false,Low attendance
3904,Dilini Abeysekera,Female,Mathematics,78.78,61.46,13,0,false,true,false,Low attendance
10778,Dinithi Senanayake,Female,Computer Science,78.78,61.71,21,0,false,true,false,Low attendance
7996,Amandi Ekanayake,Female,Computer Science,78.78,63.37,20,0,false,true,false,Low attendance
6058,Kasun Fernando,Male,Mathematics,78.79,56.44,17,0,false,true,false,Low attendance
7066,Nethmi Perera,Female,Mathematics,78.79,57.3,22,0,false,true,false,Low attendance
5799,Kavindi Perera,Female,Mathematics,78.79,58.18,19,0,false,true,false,Low attendance
1120,William Scott,Male,Mathematics,78.79,61.22,16,0,false,true,false,Low attendance
7553,Nadeesha Rajapaksha,Female,Physics,78.79,61.36,18,0,false,true,false,Low attendance
8037,Amal Wijesinghe,Male,Physics,78.79,63.13,19,0,false,true,false,Low attendance
6377,Dilini Ranatunga,Female,Computer Science,78.79,63.34,22,0,false,true,false,Low attendance
3797,Amandi Madushanka,Female,Biology,78.8,58.64,24,0,false,true,false,Low attendance
9643,Hiruni Madushanka,Female,Biology,78.8,59.82,16,0,false,true,false,Low attendance
8214,Nimal Ekanayake,Male,Physics,78.8,61.37,19,0,false,true,false,Low attendance
2697,Shelia Harvey,Male,Computer Science,78.8,61.92,20,0,false,true,false,Low attendance
6220,Hiruni Ranatunga,Female,Physics,78.8,63.35,22,0,false,true,false,Low attendance
9445,Kavindi Perera,Female,Mathematics,78.81,56.97,20,0,false,true,false,Low attendance
4335,Kavindi Madushanka,Female,Biology,78.81,59.76,19,0,false,true,false,Low attendance
8497,Nethmi Jayasinghe,Female,Biology,78.81,61.78,21,0,false,true,false,Low attendance
8756,Naveen Jayasinghe,Male,Physics,78.82,56.62,18,0,false,true,false,Low attendance
6544,Nadeesha Wijesinghe,Female,Biology,78.82,57.86,21,0,false,true,false,Low attendance
6007,Tharushi Senanayake,Female,Mathematics,78.82,59.08,19,0,false,true,false,Low attendance
3089,Ishara Senanayake,Male,Computer Science,78.83,58.31,22,0,false,true,false,Low attendance
3861,Ishara Abeysekera,Male,Biology,78.83,58.71,24,0,false,true,false,Low attendance
4878,Kavindi Herath,Female,Computer Science,78.83,62.41,20,0,false,true,false,Low attendance
4761,Nimal Silva,Male,Biology,78.83,62.83,17,0,false,true,false,Low attendance
9160,Nethmi Jayasinghe,Female,Mathematics,78.83,62.86,20,0,false,true,false,Low attendance
7418,Dilan Madushanka,Male,Computer Science,78.83,63.43,18,0,false,true,false,Low attendance
2790,Shawn Lopez,Male,Physics,78.84,58.51,21,0,false,true,false,Low attendance
10104,Amandi Wijesinghe,Female,Physics,78.84,60.07,24,0,false,true,false,Low attendance
9775,Lahiru Rajapaksha,Male,Biology,78.84,62.48,19,0,false,true,false,Low attendance
2093,Michael King,Female,Biology,78.84,64.33,23,0,false,true,false,Low attendance
10257,Naveen Peiris,Male,Physics,78.85,60.52,18,0,false,true,false,Low attendance
10240,Nethmi Ranatunga,Female,Computer Science,78.85,62.03,22,0,false,true,false,Low attendance
1965,John Ray,Male,Mathematics,78.85,63.73,20,0,false,true,false,Low attendance
3431,Kasun Jayasinghe,Male,Mathematics,78.85,64.1,20,0,false,true,false,Low attendance
7520,Tharushi Ranatunga,Female,Biology,78.86,56.04,18,0,false,true,false,Low attendance
3897,Sanduni Perera,Female,Physics,78.86,59.26,23,0,false,true,false,Low attendance
9921,Piumi Gunawardena,Female,Biology,78.86,60.75,21,0,false,true,false,Low attendance
1416,Ana Bautista,Female,Mathematics,78.86,64.54,18,0,false,true,false,Low attendance
6846,Chamara Gunawardena,Male,Computer Science,78.87,58.35,21,0,false,true,false,Low attendance
10681,Dinithi Madushanka,Female,Mathematics,78.87,59.19,20,0,false,true,false,Low attendance
7540,Dilini Senanayake,Female,Biology,78.87,59.38,22,0,false,true,false,Low attendance
6606,Nethmi Rajapaksha,Female,Mathematics,78.87,62.51,18,0,false,true,false,Low attendance
5203,Dilini Peiris,Female,Computer Science,78.87,63.88,24,0,false,true,false,Low attendance
6009,Sahan Ranatunga,Male,Biology,78.88,52.27,23,0,false,true,false,Low attendance
1996,Lisa Chavez,Female,Mathematics,78.88,59.66,20,0,false,true,false,Low attendance
4724,Sanduni Silva,Female,Mathematics,78.88,64.65,22,0,false,true,false,Low attendance
5554,Amandi Gunawardena,Female,Physics,78.89,57.07,20,0,false,true,false,Low attendance
5830,Amal Perera,Male,Biology,78.89,58.66,22,0,false,true,false,Low attendance
3148,Ishara Gunawardena,Male,Mathematics,78.89,60.5,21,0,false,true,false,Low attendance
5013,Dilini Silva,Female,Biology,78.89,60.8,20,0,false,true,false,Low attendance
9120,Dinithi Wijesinghe,Female,Computer Science,78.89,63.72,21,0,false,true,false,Low attendance
5349,Kasun Silva,Male,Biology,78.9,59.8,17,0,false,true,false,Low attendance
9678,Kasun Madushanka,Male,Physics,78.9,62.28,21,0,false,true,false,Low attendance
3845,Madhavi Ekanayake,Female,Biology,78.92,63.45,19,0,false,true,false,Low attendance
3198,Nadeesha Dias,Female,Computer Science,78.93,58.09,24,0,false,true,false,Low attendance
4354,Nethmi Gunawardena,Female,Mathematics,78.93,58.88,15,0,false,true,false,Low attendance
4537,Kusal Perera,Male,Computer Science,78.93,59.64,18,0,false,true,false,Low attendance
6547,Ishara Jayasinghe,Male,Physics,78.93,59.94,21,0,false,true,false,Low attendance
4266,Ishara Rajapaksha,Male,Physics,78.93,61.69,23,0,false,true,false,Low attendance
9714,Supun Dias,Male,Computer Science,78.93,62.32,21,0,false,true,false,Low attendance
9764,Tharushi Jayasinghe,Female,Mathematics,78.93,62.59,22,0,false,true,false,Low attendance
8661,Ishani Gunawardena,Female,Physics,78.93,63.21,18,0,false,true,false,Low attendance
10716,Amandi Wijesinghe,Female,Computer Science,78.94,59.22,20,0,false,true,false,Low attendance
1875,Dwayne Jones,Female,Mathematics,78.94,60.24,19,0,false,true,false,Low attendance
5809,Nadeesha Silva,Female,Computer Science,78.94,61.74,20,0,false,true,false,Low attendance
10177,Tharushi Rajapaksha,Female,Computer Science,78.94,62.61,20,0,false,true,false,Low attendance
6396,Nethmi Perera,Female,Physics,78.95,56.69,22,0,false,true,false,Low attendance
10471,Nimal Silva,Male,Mathematics,78.95,61.54,18,0,false,true,false,Low attendance
1551,Vanessa Sanders,Male,Mathematics,78.95,63.65,17,0,false,true,false,Low attendance
10466,Sanduni Perera,Female,Biology,78.95,64.26,25,0,false,true,false,Low attendance
10278,Nimal Ranatunga,Male,Biology,78.96,54.37,21,0,false,true,false,Low attendance
3009,Lahiru Dias,Male,Mathematics,78.96,55.62,21,0,false,true,false,Low attendance
4551,Sahan Perera,Male,Computer Science,78.96,59.32,20,0,false,true,false,Low attendance
5760,Supun Wijesinghe,Male,Physics,78.96,60.64,19,0,false,true,false,Low attendance
3466,Amal Jayasinghe,Male,Computer Science,78.96,61.15,23,0,false,true,false,Low attendance
2606,Sean Mueller,Female,Mathematics,78.96,62.44,22,0,false,true,false,Low attendance
6849,Piumi Silva,Female,Physics,78.96,63.18,21,0,false,true,false,Low attendance
9979,Dilan Dias,Male,Computer Science,78.96,63.32,21,0,false,true,false,Low attendance
1887,Felicia Green,Female,Physics,78.97,55.86,24,0,false,true,false,Low attendance
10657,Sahan Abeysekera,Male,Biology,78.97,59.75,23,0,false,true,false,Low attendance
2779,Courtney Olsen,Female,Biology,78.97,60.03,21,0,false,true,false,Low attendance
5705,Amal Fernando,Male,Computer Science,78.97,62.8,25,0,false,true,false,Low attendance
4331,Kusal Rajapaksha,Male,Mathematics,78.97,63.36,17,0,false,true,false,Low attendance
6619,Hiruni Jayasinghe,Female,Computer Science,78.97,64.56,17,0,false,true,false,Low attendance
4260,Sanduni Rajapaksha,Female,Biology,78.98,54.67,25,0,false,true,false,Low attendance
4096,Naveen Madushanka,Male,Physics,78.98,59.46,22,0,false,true,false,Low attendance
7509,Ravindu Wijesinghe,Male,Computer Science,78.98,61.83,23,0,false,true,false,Low attendance
10406,Tharushi Ekanayake,Female,Mathematics,78.98,64.78,20,0,false,true,false,Low attendance
1802,Thomas Williams,Male,Mathematics,79.0,57.35,14,0,false,true,false,Low attendance
4155,Chamara Fernando,Male,Physics,79.0,59.01,20,0,false,true,false,Low attendance
6604,Kavindi Peiris,Female,Biology,79.0,62.47,18,0,false,true,false,Low attendance
9907,Kusal Gunawardena,Male,Mathematics,79.0,62.57,19,0,false,true,false,Low attendance
7456,Sashini Herath,Female,Physics,79.0,63.02,17,0,false,true,false,Low attendance
9447,Hiruni Peiris,Female,Mathematics,79.01,63.3,17,0,false,true,false,Low attendance
8031,Naveen Madushanka,Male,Biology,79.01,64.03,24,0,false,true,false,Low attendance
4534,Rashmi Madushanka,Female,Mathematics,79.02,55.34,16,0,false,true,false,Low attendance
6850,Ravindu Wijesinghe,Male,Physics,79.02,58.62,20,0,false,true,false,Low attendance
5757,Amal Ekanayake,Male,Computer Science,79.02,59.5,20,0,false,true,false,Low attendance
6563,Dinithi Silva,Female,Physics,79.02,61.84,20,0,false,true,false,Low attendance
7827,Ishani Peiris,Female,Physics,79.02,63.48,22,0,false,true,false,Low attendance
4249,Ishara Senanayake,Male,Computer Science,79.02,63.89,20,0,false,true,false,Low attendance
2760,Deanna Huber,Male,Mathematics,79.02,63.95,21,0,false,true,false,Low attendance
3385,Sashini Silva,Female,Physics,79.03,62.04,21,0,false,true,false,Low attendance
10684,Madhavi Ekanayake,Female,Biology,79.03,62.16,24,0,false,true,false,Low attendance
2336,Cesar Howard,Female,Computer Science,79.04,58.81,24,0,false,true,false,Low attendance
3060,Ishani Perera,Female,Computer Science,79.04,60.08,19,0,false,true,false,Low attendance
4025,Tharindu Ekanayake,Male,Physics,79.04,61.41,24,0,false,true,false,Low attendance
5822,Chamara Abeysekera,Male,Biology,79.04,62.12,24,0,false,true,false,Low attendance
2007,Valerie King,Male,Mathematics,79.04,63.09,21,0,false,true,false,Low attendance
8739,Dilini Ranatunga,Female,Mathematics,79.04,63.38,22,0,false,true,false,Low attendance
8920,Chamara Wijesinghe,Male,Computer Science,79.05,58.49,21,0,false,true,false,Low attendance
3167,Naveen Ranatunga,Male,Computer Science,79.05,59.2,24,0,false,true,false,Low attendance
10605,Amandi Abeysekera,Female,Biology,79.05,59.71,18,0,false,true,false,Low attendance
10559,Sanduni Peiris,Female,Mathematics,79.05,60.06,21,0,false,true,false,Low attendance
8783,Nethmi Gunawardena,Female,Computer Science,79.05,61.64,21,0,false,true,false,Low attendance
10936,Sanduni Rajapaksha,Female,Physics,79.05,62.06,21,0,false,true,false,Low attendance
6164,Kasun Wijesinghe,Male,Mathematics,79.05,62.74,17,0,false,true,false,Low attendance
2231,Michael Meza,Female,Mathematics,79.05,63.05,20,0,false,true,false,Low attendance
7070,Ishani Senanayake,Female,Physics,79.05,63.59,24,0,false,true,false,Low attendance
2769,Joseph Morales,Female,Biology,79.06,59.44,25,0,false,true,false,Low attendance
5190,Nadeesha Gunawardena,Female,Physics,79.06,62.68,21,0,false,true,false,Low attendance
3592,Amandi Fernando,Female,Computer Science,79.07,56.79,23,0,false,true,false,Low attendance
1071,Jeffrey Wilson,Male,Biology,79.07,57.88,23,0,false,true,false,Low attendance
3859,Piumi Perera,Female,Mathematics,79.07,58.54,21,0,false,true,false,Low attendance
10113,Tharushi Perera,Female,Physics,79.07,59.95,27,0,false,true,false,Low attendance
9656,Kusal Ekanayake,Male,Computer Science,79.07,61.53,21,0,false,true,false,Low attendance
8927,Sanduni Dias,Female,Biology,79.07,63.46,22,0,false,true,false,Low attendance
4097,Naveen Perera,Male,Biology,79.08,59.0,21,0,false,true,false,Low attendance
6346,Supun Rajapaksha,Male,Biology,79.08,61.27,20,0,false,true,false,Low attendance
3209,Ravindu Perera,Male,Biology,79.09,55.54,21,0,false,true,false,Low attendance
2520,Mark Freeman,Female,Computer Science,79.09,55.73,16,0,false,true,false,Low attendance
5723,Hiruni Ranatunga,Female,Physics,79.09,61.67,23,0,false,true,false,Low attendance
6952,Dilini Fernando,Female,Computer Science,79.09,62.36,19,0,false,true,false,Low attendance
9711,Ravindu Fernando,Male,Physics,79.09,64.55,20,0,false,true,false,Low attendance
2814,Phillip Smith,Female,Biology,79.1,59.46,23,0,false,true,false,Low attendance
3562,Dinithi Ranatunga,Female,Computer Science,79.1,60.85,23,0,false,true,false,Low attendance
10566,Naveen Dias,Male,Mathematics,79.1,64.59,19,0,false,true,false,Low attendance
7573,Ravindu Ekanayake,Male,Computer Science,79.1,64.8,24,0,false,true,false,Low attendance
1083,Patricia Hall,Male,Biology,79.11,58.9,21,0,false,true,false,Low attendance
5752,Kasun Jayasinghe,Male,Mathematics,79.11,59.11,21,0,false,true,false,Low attendance
4988,Ayesh Madushanka,Male,Computer Science,79.12,56.98,17,0,false,true,false,Low attendance
5361,Nimal Senanayake,Male,Computer Science,79.12,61.94,22,0,false,true,false,Low attendance
8882,Sashini Perera,Female,Biology,79.13,57.54,24,0,false,true,false,Low attendance
9269,Hiruni Silva,Female,Mathematics,79.13,60.79,22,0,false,true,false,Low attendance
6386,Ishara Gunawardena,Male,Mathematics,79.13,61.36,19,0,false,true,false,Low attendance
5836,Dinithi Rajapaksha,Female,Mathematics,79.13,61.42,19,0,false,true,false,Low attendance
7172,Piumi Abeysekera,Female,Biology,79.14,59.69,22,0,false,true,false,Low attendance
8818,Supun Peiris,Male,Physics,79.14,60.62,19,0,false,true,false,Low attendance
5348,Rashmi Ekanayake,Female,Biology,79.14,61.86,21,0,false,true,false,Low attendance
5332,Shehan Perera,Male,Mathematics,79.14,64.39,20,0,false,true,false,Low attendance
3216,Kusal Gunawardena,Male,Mathematics,79.14,64.51,25,0,false,true,false,Low attendance
4154,Dilini Ekanayake,Female,Biology,79.14,64.73,24,0,false,true,false,Low attendance
8191,Tharindu Gunawardena,Male,Computer Science,79.14,64.74,26,0,false,true,false,Low attendance
7125,Supun Dias,Male,Biology,79.15,56.09,18,0,false,true,false,Low attendance
8540,Tharushi Madushanka,Female,Computer Science,79.15,58.74,19,0,false,true,false,Low attendance
8965,Supun Gunawardena,Male,Biology,79.16,61.09,23,0,false,true,false,Low attendance
5129,Nethmi Madushanka,Female,Computer Science,79.16,61.49,19,0,false,true,false,Low attendance
2422,Nicholas King,Female,Mathematics,79.16,61.99,16,0,false,true,false,Low attendance
8127,Sachini Ekanayake,Female,Computer Science,79.17,61.55,20,0,false,true,false,Low attendance
3391,Piumi Jayasinghe,Female,Physics,79.17,62.53,19,0,false,true,false,Low attendance
7619,Lahiru Silva,Male,Physics,79.17,64.73,20,0,false,true,false,Low attendance
2100,Kimberly Morton,Female,Computer Science,79.18,55.29,22,0,false,true,false,Low attendance
6217,Dilan Ranatunga,Male,Physics,79.18,57.25,22,0,false,true,false,Low attendance
3269,Sashini Herath,Female,Mathematics,79.18,58.69,24,0,false,true,false,Low attendance
4450,Dilan Ranatunga,Male,Physics,79.18,59.35,19,0,false,true,false,Low attendance
3825,Tharindu Ranatunga,Male,Biology,79.18,61.54,21,0,false,true,false,Low attendance
1040,Timothy Myers,Female,Mathematics,79.18,62.71,18,0,false,true,false,Low attendance
9200,Ishani Abeysekera,Female,Computer Science,79.19,58.77,21,0,false,true,false,Low attendance
7820,Kavindi Rajapaksha,Female,Biology,79.19,60.65,20,0,false,true,false,Low attendance
9187,Rashmi Dias,Female,Mathematics,79.2,60.33,23,0,false,true,false,Low attendance
8658,Hiruni Herath,Female,Mathematics,79.21,59.97,18,0,false,true,false,Low attendance
7713,Dilini Gunawardena,Female,Biology,79.21,63.36,26,0,false,true,false,Low attendance
5904,Shehan Jayasinghe,Male,Physics,79.22,62.88,18,0,false,true,false,Low attendance
3054,Lahiru Ranatunga,Male,Mathematics,79.23,55.32,22,0,false,true,false,Low attendance
8130,Sachini Wijesinghe,Female,Biology,79.23,59.7,17,0,false,true,false,Low attendance
3062,Ayesh Gunawardena,Male,Mathematics,79.23,60.05,20,0,false,true,false,Low attendance
4229,Sashini Herath,Female,Computer Science,79.23,61.31,23,0,false,true,false,Low attendance
2102,Jasmine Stone,Female,Biology,79.23,62.12,17,0,false,true,false,Low attendance
2881,Jennifer Garcia,Male,Physics,79.23,62.77,21,0,false,true,false,Low attendance
2930,Bryan Sanchez,Female,Computer Science,79.23,63.23,22,0,false,true,false,Low attendance
6215,Ishani Wijesinghe,Female,Biology,79.24,57.47,22,0,false,true,false,Low attendance
9052,Shehan Madushanka,Male,Mathematics,79.24,58.28,19,0,false,true,false,Low attendance
4710,Dilan Senanayake,Male,Biology,79.24,58.69,21,0,false,true,false,Low attendance
9887,Tharindu Senanayake,Male,Mathematics,79.24,59.11,17,0,false,true,false,Low attendance
5916,Supun Gunawardena,Male,Mathematics,79.24,62.16,19,0,false,true,false,Low attendance
5260,Nadeesha Rajapaksha,Female,Mathematics,79.24,63.07,18,0,false,true,false,Low attendance
3941,Sachini Gunawardena,Female,Biology,79.24,64.93,21,0,false,true,false,Low attendance
9786,Sanduni Madushanka,Female,Physics,79.25,54.68,18,0,false,true,false,Low attendance
2278,Kaitlin Townsend,Female,Physics,79.25,57.63,17,0,false,true,false,Low attendance
2785,Randy Garcia,Male,Mathematics,79.25,58.28,22,0,false,true,false,Low attendance
1196,Miguel Wade,Male,Physics,79.25,62.78,21,0,false,true,false,Low attendance
3069,Ayesh Peiris,Male,Computer Science,79.25,63.04,21,0,false,true,false,Low attendance
9955,Hiruni Abeysekera,Female,Physics,79.26,54.08,21,0,false,true,false,Low attendance
4060,Shehan Jayasinghe,Male,Biology,79.26,57.35,25,0,false,true,false,Low attendance
3544,Madhavi Madushanka,Female,Biology,79.26,57.99,21,0,false,true,false,Low attendance
10244,Amal Perera,Male,Physics,79.26,58.02,19,0,false,true,false,Low attendance
5640,Ravindu Wijesinghe,Male,Physics,79.26,60.49,23,0,false,true,false,Low attendance
5823,Nadeesha Dias,Female,Biology,79.26,60.5,23,0,false,true,false,Low attendance
10526,Lahiru Madushanka,Male,Physics,79.26,61.64,19,0,false,true,false,Low attendance
9078,Sahan Fernando,Male,Computer Science,79.26,62.23,26,0,false,true,false,Low attendance
4716,Kusal Peiris,Male,Computer Science,79.26,63.12,22,0,false,true,false,Low attendance
4239,Dilini Wijesinghe,Female,Biology,79.26,63.18,23,0,false,true,false,Low attendance
2112,Robert Jenkins,Female,Physics,79.27,63.95,20,0,false,true,false,Low attendance
3132,Nethmi Jayasinghe,Female,Physics,79.27,64.14,18,0,false,true,false,Low attendance
9139,Ishara Perera,Male,Biology,79.27,64.76,23,0,false,true,false,Low attendance
9991,Hiruni Jayasinghe,Female,Biology,79.28,59.63,21,0,false,true,false,Low attendance
7195,Tharushi Madushanka,Female,Computer Science,79.28,63.32,21,0,false,true,false,Low attendance
8820,Tharindu Herath,Male,Computer Science,79.29,60.31,20,0,false,true,false,Low attendance
2819,Elizabeth Ponce,Female,Physics,79.29,61.32,23,0,false,true,false,Low attendance
10217,Sanduni Wijesinghe,Female,Biology,79.29,62.57,20,0,false,true,false,Low attendance
4541,Kavindi Dias,Female,Computer Science,79.29,63.28,17,0,false,true,false,Low attendance
6169,Naveen Ranatunga,Male,Biology,79.3,60.7,22,0,false,true,false,Low attendance
10530,Rashmi Senanayake,Female,Physics,79.3,62.62,23,0,false,true,false,Low attendance
9152,Nadeesha Perera,Female,Biology,79.3,63.47,20,0,false,true,false,Low attendance
7810,Ishara Wijesinghe,Male,Mathematics,79.31,60.56,22,0,false,true,false,Low attendance
1583,Eric Torres,Male,Physics,79.31,60.68,23,0,false,true,false,Low attendance
7524,Amal Herath,Male,Computer Science,79.31,63.47,18,0,false,true,false,Low attendance
9985,Sanduni Ranatunga,Female,Physics,79.32,54.68,19,0,false,true,false,Low attendance
7905,Madhavi Perera,Female,Physics,79.32,58.34,23,0,false,true,false,Low attendance
2523,Stephanie Anderson,Male,Computer Science,79.32,59.77,21,0,false,true,false,Low attendance
4010,Tharindu Ranatunga,Male,Computer Science,79.32,60.64,20,0,false,true,false,Low attendance
1272,Benjamin Olson,Male,Computer Science,79.32,61.57,18,0,false,true,false,Low attendance
6823,Madhavi Madushanka,Female,Biology,79.32,61.62,22,0,false,true,false,Low attendance
7731,Chamara Peiris,Male,Physics,79.33,60.67,26,0,false,true,false,Low attendance
5845,Nethmi Rajapaksha,Female,Computer Science,79.33,61.0,18,0,false,true,false,Low attendance
9584,Madhavi Dias,Female,Computer Science,79.33,61.89,19,0,false,true,false,Low attendance
1525,Michelle Reyes,Male,Computer Science,79.34,57.32,23,0,false,true,false,Low attendance
4997,Ravindu Peiris,Male,Mathematics,79.34,59.78,16,0,false,true,false,Low attendance
10694,Kasun Dias,Male,Physics,79.34,59.96,21,0,false,true,false,Low attendance
3561,Sahan Senanayake,Male,Physics,79.34,63.95,18,0,false,true,false,Low attendance
7223,Nadeesha Peiris,Female,Physics,79.35,59.74,21,0,false,true,false,Low attendance
6867,Sachini Rajapaksha,Female,Biology,79.35,60.24,18,0,false,true,false,Low attendance
5831,Piumi Perera,Female,Physics,79.35,61.23,20,0,false,true,false,Low attendance
9880,Amal Senanayake,Male,Mathematics,79.35,63.84,16,0,false,true,false,Low attendance
8634,Lahiru Madushanka,Male,Computer Science,79.36,55.22,19,0,false,true,false,Low attendance
6025,Ravindu Fernando,Male,Biology,79.37,58.97,21,0,false,true,false,Low attendance
10858,Chamara Senanayake,Male,Physics,79.37,59.73,21,0,false,true,false,Low attendance
1455,Clifford Gardner,Female,Physics,79.37,62.51,19,0,false,true,false,Low attendance
1339,James Thomas,Female,Mathematics,79.37,62.55,23,0,false,true,false,Low attendance
4234,Nimal Madushanka,Male,Computer Science,79.37,63.97,23,0,false,true,false,Low attendance
9693,Shehan Silva,Male,Computer Science,79.37,64.35,23,0,false,true,false,Low attendance
3362,Kusal Perera,Male,Mathematics,79.37,64.4,18,0,false,true,false,Low attendance
2767,Rebecca Marshall,Female,Biology,79.38,55.77,25,0,false,true,false,Low attendance
7363,Lahiru Dias,Male,Mathematics,79.38,56.44,24,0,false,true,false,Low attendance
6837,Dinithi Jayasinghe,Female,Physics,79.38,56.9,21,1,false,true,false,Low attendance
6420,Hiruni Senanayake,Female,Computer Science,79.38,58.25,23,0,false,true,false,Low attendance
6268,Dilini Rajapaksha,Female,Mathematics,79.38,61.53,19,0,false,true,false,Low attendance
9685,Shehan Herath,Male,Computer Science,79.38,62.0,20,0,false,true,false,Low attendance
2916,Michele West,Female,Mathematics,79.38,62.11,19,0,false,true,false,Low attendance
9773,Piumi Rajapaksha,Female,Computer Science,79.38,63.95,16,0,false,true,false,Low attendance
8413,Dilan Gunawardena,Male,Computer Science,79.39,55.12,21,0,false,true,false,Low attendance
10715,Ishani Dias,Female,Mathematics,79.39,56.0,26,0,false,true,false,Low attendance
4870,Rashmi Senanayake,Female,Biology,79.39,57.69,20,0,false,true,false,Low attendance
7136,Supun Madushanka,Male,Computer Science,79.39,61.75,16,0,false,true,false,Low attendance
5299,Naveen Dias,Male,Computer Science,79.39,62.83,19,0,false,true,false,Low attendance
9058,Sanduni Fernando,Female,Physics,79.4,55.63,18,0,false,true,false,Low attendance
5026,Nethmi Ekanayake,Female,Biology,79.4,57.41,20,0,false,true,false,Low attendance
7941,Kavindi Gunawardena,Female,Computer Science,79.4,58.14,18,0,false,true,false,Low attendance
7451,Ishara Silva,Male,Computer Science,79.4,59.54,21,0,false,true,false,Low attendance
2468,Jennifer Price,Male,Physics,79.4,62.17,21,0,false,true,false,Low attendance
4646,Sanduni Wijesinghe,Female,Computer Science,79.41,56.83,21,0,false,true,false,Low attendance
4608,Nimal Wijesinghe,Male,,79.41,59.73,20,0,false,true,false,Low attendance
6705,Rashmi Perera,Female,Mathematics,79.41,60.13,18,0,false,true,false,Low attendance
7439,Ravindu Wijesinghe,Male,Mathematics,79.42,57.85,25,0,false,true,false,Low attendance
2522,Christie Mckay,Male,Mathematics,79.42,63.37,15,0,false,true,false,Low attendance
6064,Sashini Rajapaksha,Female,Mathematics,79.43,51.86,22,0,false,true,false,Low attendance
2211,David Thompson,Female,Computer Science,79.43,58.78,27,0,false,true,false,Low attendance
3849,Ayesh Gunawardena,Male,Mathematics,79.43,59.79,20,0,false,true,false,Low attendance
9910,Kusal Gunawardena,Male,Mathematics,79.43,59.95,22,0,false,true,false,Low attendance
2272,Jennifer Leblanc,Male,Computer Science,79.43,60.03,18,0,false,true,false,Low attendance
1720,Sylvia Figueroa,Female,Physics,79.43,60.79,22,0,false,true,false,Low attendance
3556,Sahan Perera,Male,Physics,79.43,63.14,20,0,false,true,false,Low attendance
8338,Sashini Senanayake,Female,Computer Science,79.43,64.19,23,0,false,true,false,Low attendance
10004,Ayesh Madushanka,Male,Mathematics,79.44,56.63,16,0,false,true,false,Low attendance
10655,Amal Rajapaksha,Male,Computer Science,79.45,60.28,17,0,false,true,false,Low attendance
2425,Mackenzie Simpson,Female,Physics,79.45,61.19,17,0,false,true,false,Low attendance
3159,Sanduni Ranatunga,Female,Computer Science,79.45,62.81,20,0,false,true,false,Low attendance
4268,Sahan Herath,Male,Physics,79.45,63.07,20,0,false,true,false,Low attendance
6763,Sanduni Dias,Female,Mathematics,79.45,64.38,24,0,false,true,false,Low attendance
1934,Steven Johnson,Female,Computer Science,79.46,58.54,22,0,false,true,false,Low attendance
2232,Latoya Martin,Female,Computer Science,79.46,63.7,17,0,false,true,false,Low attendance
6488,Nethmi Madushanka,Female,Computer Science,79.47,60.67,19,0,false,true,false,Low attendance
1268,Amy Diaz,Male,Physics,79.47,62.03,19,0,false,true,false,Low attendance
4651,Sahan Jayasinghe,Male,Mathematics,79.47,62.43,21,0,false,true,false,Low attendance
3660,Sashini Herath,Female,Biology,79.47,64.61,22,0,false,true,false,Low attendance
4605,Nimal Madushanka,Male,Biology,79.48,60.22,22,0,false,true,false,Low attendance
4939,Kusal Ranatunga,Male,Biology,79.48,62.3,21,0,false,true,false,Low attendance
9403,Ishani Peiris,Female,Physics,79.49,56.69,24,0,false,true,false,Low attendance
2617,Tracy Nash,Male,Biology,79.49,59.35,20,0,false,true,false,Low attendance
5876,Hiruni Rajapaksha,Female,Physics,79.49,62.02,21,0,false,true,false,Low attendance
10586,Amal Ranatunga,Male,Physics,79.49,62.41,23,0,false,true,false,Low attendance
1138,Tara Brown,Female,Mathematics,79.49,62.61,22,0,false,true,false,Low attendance
2902,Jessica Chavez,Male,Computer Science,79.49,64.01,24,0,false,true,false,Low attendance
6824,Sashini Perera,Female,Mathematics,79.49,64.79,18,0,false,true,false,Low attendance
8604,Ravindu Ekanayake,Male,Physics,79.5,59.96,21,0,false,true,false,Low attendance
3701,Ishani Ekanayake,Female,Computer Science,79.5,61.25,20,0,false,true,false,Low attendance
1327,Christina Mcdonald,Female,Mathematics,79.5,62.83,25,0,false,true,false,Low attendance
1719,Miranda Reyes,Female,Computer Science,79.5,63.47,21,0,false,true,false,Low attendance
8267,Piumi Fernando,Female,Mathematics,79.5,64.98,21,0,false,true,false,Low attendance
1677,Brian Villegas,Male,Biology,79.51,53.55,19,0,false,true,false,Low attendance
2989,Bradley Caldwell,Female,Biology,79.51,55.11,25,0,false,true,false,Low attendance
1591,Lisa Schmitt,Female,Biology,79.51,57.58,21,0,false,true,false,Low attendance
6904,Rashmi Rajapaksha,Female,Computer Science,79.51,60.67,21,0,false,true,false,Low attendance
8236,Hiruni Ekanayake,Female,Biology,79.51,62.64,19,0,false,true,false,Low attendance
2570,Lori Matthews,Female,Computer Science,79.51,62.86,19,0,false,true,false,Low attendance
9186,Supun Wijesinghe,Male,Physics,79.51,63.86,23,0,false,true,false,Low attendance
7567,Nimal Fernando,Male,Biology,79.52,52.16,20,0,false,true,false,Low attendance
5731,Hiruni Fernando,Female,Computer Science,79.52,58.4,23,0,false,true,false,Low attendance
5670,Naveen Fernando,Male,Biology,79.52,59.19,19,0,false,true,false,Low attendance
4356,Nadeesha Ranatunga,Female,Computer Science,79.52,59.82,22,0,false,true,false,Low attendance
5017,Nadeesha Fernando,Female,Computer Science,79.52,60.24,20,0,false,true,false,Low attendance
6334,Supun Silva,Male,Physics,79.52,60.5,23,0,false,true,false,Low attendance
2032,Tonya Long,Male,Physics,79.52,62.57,19,0,false,true,false,Low attendance
1032,Karen Gates,Male,Computer Science,79.52,62.87,22,0,false,true,false,Low attendance
10216,Sachini Jayasinghe,Female,Mathematics,79.52,64.16,21,0,false,true,false,Low attendance
6556,Chamara Ranatunga,Male,Mathematics,79.53,59.44,14,0,false,true,false,Low attendance
5263,Kusal Perera,Male,Computer Science,79.53,60.84,21,0,false,true,false,Low attendance
8961,Ravindu Ranatunga,Male,Mathematics,79.53,61.7,18,0,false,true,false,Low attendance
9789,Kavindi Ekanayake,Female,Computer Science,79.53,62.52,17,0,false,true,false,Low attendance
6960,Ravindu Silva,Male,Physics,79.53,63.7,23,0,false,true,false,Low attendance
6677,Sanduni Dias,Female,Physics,79.53,63.81,26,0,false,true,false,Low attendance
10258,Kavindi Abeysekera,Female,Physics,79.54,56.67,19,0,false,true,false,Low attendance
4943,Sachini Madushanka,Female,Mathematics,79.54,59.1,22,0,false,true,false,Low attendance
7502,Ishara Perera,Male,Biology,79.54,59.7,19,0,false,true,false,Low attendance
1046,Sarah Smith,Female,Computer Science,79.54,61.06,21,0,false,true,false,Low attendance
9669,Lahiru Silva,Male,Biology,79.54,61.08,24,0,false,true,false,Low attendance
8380,Kusal Ranatunga,Male,Computer Science,79.54,63.56,26,0,false,true,false,Low attendance
3281,Sanduni Madushanka,Female,Biology,79.54,64.81,24,0,false,true,false,Low attendance
4851,Piumi Herath,Female,Physics,79.54,64.82,15,0,false,true,false,Low attendance
6139,Ishani Gunawardena,Female,Computer Science,79.55,60.8,20,0,false,true,false,Low attendance
3608,Sanduni Ranatunga,Female,Physics,79.55,64.78,23,0,false,true,false,Low attendance
6475,Dilini Herath,Female,Computer Science,79.56,58.14,21,0,false,true,false,Low attendance
7804,Madhavi Rajapaksha,Female,Physics,79.56,61.07,20,0,false,true,false,Low attendance
3669,Kasun Fernando,Male,Biology,79.56,62.09,22,0,false,true,false,Low attendance
10395,Sashini Dias,Female,Computer Science,79.56,64.19,24,0,false,true,false,Low attendance
10533,Nethmi Fernando,Female,Computer Science,79.56,64.68,17,0,false,true,false,Low attendance
10922,Supun Silva,Male,Mathematics,79.57,64.25,19,0,false,true,false,Low attendance
7611,Supun Abeysekera,Male,Physics,79.58,60.63,22,0,false,true,false,Low attendance
10522,Kusal Rajapaksha,Male,Biology,79.58,63.05,17,0,false,true,false,Low attendance
6047,Dilini Gunawardena,Female,Physics,79.58,63.42,23,0,false,true,false,Low attendance
9028,Tharushi Senanayake,Female,Mathematics,79.58,63.49,19,0,false,true,false,Low attendance
8598,Piumi Jayasinghe,Female,Mathematics,79.58,64.32,19,0,false,true,false,Low attendance
5186,Dinithi Wijesinghe,Female,Mathematics,79.59,60.56,19,0,false,true,false,Low attendance
3984,Ayesh Madushanka,Male,Physics,79.59,61.9,23,0,false,true,false,Low attendance
6118,Dinithi Jayasinghe,Female,Mathematics,79.59,62.35,20,0,false,true,false,Low attendance
10976,Piumi Ranatunga,Female,Physics,79.59,62.55,19,0,false,true,false,Low attendance
9953,Sachini Silva,Female,Biology,79.59,63.91,21,0,false,true,false,Low attendance
4754,Amal Rajapaksha,Male,Physics,79.59,64.71,20,0,false,true,false,Low attendance
8816,Shehan Rajapaksha,Male,Physics,79.6,54.21,23,0,false,true,false,Low attendance
1042,Christopher Ramos,Male,Computer Science,79.6,61.93,20,0,false,true,false,Low attendance
2482,Erin Adams,Female,Computer Science,79.6,62.21,20,0,false,true,false,Low attendance
3055,Sashini Herath,Female,Computer Science,79.6,62.39,24,0,false,true,false,Low attendance
10112,Ishani Fernando,Female,Biology,79.6,64.6,19,0,false,true,false,Low attendance
8304,Madhavi Madushanka,Female,Physics,79.61,60.1,20,0,false,true,false,Low attendance
1399,Sara Fox,Female,Biology,79.61,61.35,17,0,false,true,false,Low attendance
6862,Amal Perera,Male,Mathematics,79.61,62.74,19,0,false,true,false,Low attendance
7096,Nadeesha Madushanka,Female,Biology,79.61,63.34,22,0,false,true,false,Low attendance
10224,Tharushi Ekanayake,Female,Computer Science,79.61,63.68,17,0,false,true,false,Low attendance
1423,Amy Kelley,Female,Biology,79.61,64.1,20,0,false,true,false,Low attendance
2901,Sarah Whitaker,Male,Biology,79.62,61.73,22,0,false,true,false,Low attendance
2351,Jason Sanchez,Female,Biology,79.62,61.94,20,0,false,true,false,Low attendance
2791,Colin Christensen,Male,Mathematics,79.62,62.0,21,0,false,true,false,Low attendance
4919,Ayesh Madushanka,Male,Mathematics,79.62,64.99,20,0,false,true,false,Low attendance
3250,Naveen Herath,Male,Mathematics,79.63,55.6,21,0,false,true,false,Low attendance
8921,Supun Senanayake,Male,Mathematics,79.63,64.13,21,0,false,true,false,Low attendance
2716,Sarah Griffin,Female,Computer Science,79.64,59.5,20,0,false,true,false,Low attendance
5419,Nethmi Abeysekera,Female,Physics,79.64,60.4,22,0,false,true,false,Low attendance
5528,Piumi Rajapaksha,Female,Mathematics,79.64,61.78,18,0,false,true,false,Low attendance
6240,Piumi Ranatunga,Female,Mathematics,79.64,62.22,22,0,false,true,false,Low attendance
9604,Sachini Perera,Female,Computer Science,79.64,63.12,19,0,false,true,false,Low attendance
5412,Tharindu Peiris,Male,Biology,79.64,64.99,24,0,false,true,false,Low attendance
3939,Kavindi Ranatunga,Female,Computer Science,79.65,59.8,20,0,false,true,false,Low attendance
6550,Dilini Abeysekera,Female,Physics,79.66,61.91,22,0,false,true,false,Low attendance
1813,Sarah Butler,Female,Physics,79.66,63.32,22,0,false,true,false,Low attendance
2657,Robert White,Male,Biology,79.67,55.54,19,0,false,true,false,Low attendance
3685,Rashmi Fernando,Female,Biology,79.67,58.34,24,0,false,true,false,Low attendance
3079,Hiruni Silva,Female,Biology,79.67,62.74,22,0,false,true,false,Low attendance
7929,Supun Wijesinghe,Male,Mathematics,79.67,64.38,22,0,false,true,false,Low attendance
9537,Kavindi Gunawardena,Female,Mathematics,79.68,59.06,18,0,false,true,false,Low attendance
3211,Ishara Ranatunga,Male,Mathematics,79.68,59.43,20,0,false,true,false,Low attendance
2197,Diane Mckay,Female,Biology,79.68,60.01,24,0,false,true,false,Low attendance
4938,Rashmi Dias,Female,Biology,79.68,63.76,22,0,false,true,false,Low attendance
4639,Sachini Rajapaksha,Female,Mathematics,79.7,57.27,15,0,false,true,false,Low attendance
7931,Dilini Fernando,Female,Biology,79.7,61.04,19,0,false,true,false,Low attendance
5473,Sanduni Wijesinghe,Female,Mathematics,79.7,64.47,20,0,false,true,false,Low attendance
1357,William Henderson,Female,Mathematics,79.71,57.14,19,0,false,true,false,Low attendance
1870,Linda Gonzalez,Female,Biology,79.71,60.8,20,0,false,true,false,Low attendance
3935,Nadeesha Perera,Female,Biology,79.71,62.98,25,0,false,true,false,Low attendance
4386,Dinithi Herath,Female,Computer Science,79.71,63.56,20,0,false,true,false,Low attendance
1496,Eric Sims,Male,Physics,79.71,64.97,24,0,false,true,false,Low attendance
3298,Naveen Ranatunga,Male,Mathematics,79.72,60.27,20,0,false,true,false,Low attendance
9566,Dinithi Silva,Female,Biology,79.72,60.89,24,0,false,true,false,Low attendance
7176,Ishara Herath,Male,Biology,79.72,61.33,22,0,false,true,false,Low attendance
1631,Elizabeth Gonzalez,Female,Mathematics,79.72,62.33,19,0,false,true,false,Low attendance
3676,Dilan Perera,Male,Physics,79.72,62.64,18,0,false,true,false,Low attendance
7320,Naveen Ranatunga,Male,Biology,79.72,63.46,17,0,false,true,false,Low attendance
6152,Naveen Madushanka,Male,Biology,79.73,57.02,21,0,false,true,false,Low attendance
1363,Dana Gray,Female,Mathematics,79.74,62.86,21,0,false,true,false,Low attendance
10348,Tharindu Silva,Male,Mathematics,79.74,63.47,24,0,false,true,false,Low attendance
8075,Dilini Senanayake,Female,Biology,79.74,64.11,22,0,false,true,false,Low attendance
3041,Sashini Peiris,Female,Computer Science,79.75,57.38,18,0,false,true,false,Low attendance
9961,Amal Peiris,Male,Biology,79.75,59.06,18,0,false,true,false,Low attendance
3014,Dilan Rajapaksha,Male,Biology,79.75,59.12,23,0,false,true,false,Low attendance
1336,Matthew Johnson,Female,Physics,79.75,60.69,21,0,false,true,false,Low attendance
6714,Shehan Madushanka,Male,Mathematics,79.75,61.32,19,0,false,true,false,Low attendance
10777,Dilini Perera,Female,Biology,79.75,61.66,21,0,false,true,false,Low attendance
4382,Supun Silva,Male,Computer Science,79.75,63.43,17,0,false,true,false,Low attendance
3848,Amandi Gunawardena,Female,Computer Science,79.75,64.02,16,0,false,true,false,Low attendance
6577,Lahiru Ranatunga,Male,Computer Science,79.76,56.9,21,0,false,true,false,Low attendance
7473,Dinithi Jayasinghe,Female,Physics,79.76,61.96,19,0,false,true,false,Low attendance
7612,Sachini Peiris,Female,Mathematics,79.76,61.98,24,0,false,true,false,Low attendance
6409,Nethmi Silva,Female,Computer Science,79.76,64.41,21,0,false,true,false,Low attendance
3042,Supun Rajapaksha,Male,Computer Science,79.77,58.16,20,0,false,true,false,Low attendance
3263,Ishani Jayasinghe,Female,Biology,79.77,59.55,27,0,false,true,false,Low attendance
8500,Kasun Rajapaksha,Male,Biology,79.77,61.33,21,0,false,true,false,Low attendance
9712,Ayesh Madushanka,Male,Mathematics,79.77,62.0,21,0,false,true,false,Low attendance
3590,Ishani Peiris,Female,Biology,79.77,62.73,18,0,false,true,false,Low attendance
5406,Ishani Peiris,Female,Biology,79.77,62.74,25,0,false,true,false,Low attendance
10031,Kusal Dias,Male,Physics,79.77,64.13,21,0,false,true,false,Low attendance
3698,Nethmi Ranatunga,Female,Mathematics,79.77,64.36,16,0,false,true,false,Low attendance
7304,Sachini Ekanayake,Female,Physics,79.77,64.95,21,0,false,true,false,Low attendance
4458,Sachini Senanayake,Female,Computer Science,79.78,55.91,20,0,false,true,false,Low attendance
1121,Eric Briggs,Female,Mathematics,79.78,58.87,24,0,false,true,false,Low attendance
9045,Hiruni Fernando,Female,Computer Science,79.78,59.76,24,0,false,true,false,Low attendance
5444,Sanduni Fernando,Female,Computer Science,79.78,63.02,21,0,false,true,false,Low attendance
2620,Jennifer Hawkins,Female,Physics,79.79,57.32,18,0,false,true,false,Low attendance
3358,Dilan Silva,Male,Computer Science,79.79,58.83,25,0,false,true,false,Low attendance
3164,Ravindu Ekanayake,Male,Physics,79.79,60.35,24,0,false,true,false,Low attendance
5016,Sashini Gunawardena,Female,Biology,79.79,62.56,19,0,false,true,false,Low attendance
8736,Dilini Rajapaksha,Female,Computer Science,79.79,64.36,22,0,false,true,false,Low attendance
3149,Hiruni Wijesinghe,Female,Computer Science,79.8,60.5,21,0,false,true,false,Low attendance
3860,Ravindu Fernando,Male,Physics,79.8,60.56,21,0,false,true,false,Low attendance
10768,Sachini Dias,Female,Mathematics,79.8,61.31,22,0,false,true,false,Low attendance
9241,Nimal Ekanayake,Male,Mathematics,79.8,61.33,24,0,false,true,false,Low attendance
5840,Dinithi Perera,Female,Physics,79.8,61.52,19,0,false,true,false,Low attendance
7052,Tharindu Abeysekera,Male,Physics,79.8,61.71,19,0,false,true,false,Low attendance
2347,Daniel Burke,Male,Physics,79.8,63.37,22,0,false,true,false,Low attendance
9230,Amandi Rajapaksha,Female,Physics,79.81,56.24,21,0,false,true,false,Low attendance
4681,Rashmi Abeysekera,Female,Mathematics,79.81,60.38,20,0,false,true,false,Low attendance
4819,Lahiru Rajapaksha,Male,Physics,79.81,62.73,23,0,false,true,false,Low attendance
6015,Kasun Silva,Male,Physics,79.81,63.99,24,0,false,true,false,Low attendance
8713,Sachini Gunawardena,Female,Biology,79.81,64.86,19,0,false,true,false,Low attendance
5281,Nimal Jayasinghe,Male,Biology,79.82,57.79,22,0,false,true,false,Low attendance
7018,Dilan Jayasinghe,Male,Biology,79.82,61.12,21,0,false,true,false,Low attendance
6669,Tharindu Dias,Male,Biology,79.83,58.01,17,0,false,true,false,Low attendance
9924,Kusal Senanayake,Male,Mathematics,79.83,58.82,21,0,false,true,false,Low attendance
5945,Nimal Silva,Male,Mathematics,79.83,58.85,22,0,false,true,false,Low attendance
10081,Naveen Ranatunga,Male,Mathematics,79.83,60.73,17,0,false,true,false,Low attendance
10178,Sanduni Jayasinghe,Female,Biology,79.83,62.27,20,0,false,true,false,Low attendance
5898,Kusal Perera,Male,Biology,79.83,62.48,21,0,false,true,false,Low attendance
2374,Carl Carter,Male,Mathematics,79.84,57.56,22,0,false,true,false,Low attendance
6063,Ayesh Peiris,Male,Computer Science,79.84,62.24,22,0,false,true,false,Low attendance
10607,Hiruni Jayasinghe,Female,Physics,79.84,64.66,21,0,false,true,false,Low attendance
2748,Jerry Santiago,Male,Computer Science,79.84,64.88,19,0,false,true,false,Low attendance
2048,Joseph Delgado,Female,Computer Science,79.85,56.15,25,0,false,true,false,Low attendance
8519,Dilini Abeysekera,Female,Mathematics,79.85,60.94,24,0,false,true,false,Low attendance
10374,Nadeesha Silva,Female,Computer Science,79.85,64.26,21,0,false,true,false,Low attendance
8166,Amal Ranatunga,Male,Physics,79.85,64.87,21,0,false,true,false,Low attendance
7707,Dinithi Madushanka,Female,Physics,79.86,58.84,23,0,false,true,false,Low attendance
5148,Dilini Ranatunga,Female,Computer Science,79.86,60.06,19,0,false,true,false,Low attendance
8505,Dinithi Gunawardena,Female,Mathematics,79.86,61.26,20,0,false,true,false,Low attendance
3947,Sachini Jayasinghe,Female,Physics,79.86,61.47,23,0,false,true,false,Low attendance
5668,Madhavi Gunawardena,Female,Mathematics,79.86,61.57,24,0,false,true,false,Low attendance
3903,Ravindu Senanayake,Male,Biology,79.86,64.98,18,0,false,true,false,Low attendance
5829,Kusal Fernando,Male,Computer Science,79.87,57.72,18,0,false,true,false,Low attendance
9812,Kavindi Peiris,Female,Biology,79.87,60.05,23,0,false,true,false,Low attendance
4398,Dilini Senanayake,Female,Physics,79.87,63.24,26,0,false,true,false,Low attendance
5559,Tharushi Herath,Female,Mathematics,79.88,55.71,21,0,false,true,false,Low attendance
3437,Sachini Herath,Female,Computer Science,79.88,56.48,24,0,false,true,false,Low attendance
4525,Piumi Senanayake,Female,Mathematics,79.88,61.18,17,0,false,true,false,Low attendance
5755,Sanduni Fernando,Female,Physics,79.88,61.31,16,0,false,true,false,Low attendance
5307,Amal Gunawardena,Male,Physics,79.88,62.46,16,0,false,true,false,Low attendance
2746,Gabriel Watkins,Male,Computer Science,79.88,64.39,19,0,false,true,false,Low attendance
5223,Tharindu Senanayake,Male,Physics,79.89,53.65,19,0,false,true,false,Low attendance
10181,Sahan Ranatunga,Male,Biology,79.89,61.64,21,0,false,true,false,Low attendance
10330,Nadeesha Wijesinghe,Female,Biology,79.89,63.15,21,0,false,true,false,Low attendance
4803,Ishara Perera,Male,Biology,79.89,64.4,26,0,false,true,false,Low attendance
4822,Dinithi Ranatunga,Female,Computer Science,79.9,60.46,22,0,false,true,false,Low attendance
4138,Rashmi Rajapaksha,Female,Mathematics,79.91,54.91,17,0,false,true,false,Low attendance
6518,Lahiru Fernando,Male,Computer Science,79.91,58.84,20,0,false,true,false,Low attendance
6990,Naveen Herath,Male,Mathematics,79.91,61.34,18,0,false,true,false,Low attendance
9113,Tharindu Senanayake,Male,Computer Science,79.91,63.23,24,0,false,true,false,Low attendance
6450,Tharushi Fernando,Female,Mathematics,79.91,63.49,16,0,false,true,false,Low attendance
1804,Richard Kelly,Female,Mathematics,79.91,64.22,21,0,false,true,false,Low attendance
6976,Ishara Ranatunga,Male,Biology,79.92,58.5,22,0,false,true,false,Low attendance
2115,Rebecca Franklin,Male,Computer Science,79.92,59.54,22,0,false,true,false,Low attendance
8774,Nadeesha Ekanayake,Female,Mathematics,79.92,60.53,18,0,false,true,false,Low attendance
9190,Supun Peiris,Male,Biology,79.92,60.53,23,0,false,true,false,Low attendance
8461,Rashmi Ekanayake,Female,Computer Science,79.92,62.73,20,0,false,true,false,Low attendance
6683,Amal Senanayake,Male,Mathematics,79.92,63.41,19,0,false,true,false,Low attendance
3193,Naveen Abeysekera,Male,Physics,79.92,64.84,22,0,false,true,false,Low attendance
4242,Amandi Fernando,Female,Physics,79.93,52.99,19,0,false,true,false,Low attendance
7092,Supun Jayasinghe,Male,Mathematics,79.93,57.61,19,0,false,true,false,Low attendance
10214,Sahan Abeysekera,Male,Mathematics,79.93,59.61,19,0,false,true,false,Low attendance
3392,Piumi Ekanayake,Female,Mathematics,79.93,59.91,21,0,false,true,false,Low attendance
7177,Dinithi Madushanka,Female,Computer Science,79.93,60.04,23,0,false,true,false,Low attendance
2598,Theodore Evans,Male,Mathematics,79.93,62.54,18,0,false,true,false,Low attendance
9094,Sahan Ranatunga,Male,Biology,79.93,64.64,24,0,false,true,false,Low attendance
4479,Amal Ranatunga,Male,Computer Science,79.94,58.21,18,0,false,true,false,Low attendance
9127,Amandi Gunawardena,Female,Biology,79.94,60.7,21,0,false,true,false,Low attendance
4818,Ishani Perera,Female,Mathematics,79.94,62.88,15,0,false,true,false,Low attendance
2004,Louis Collins,Male,Mathematics,79.94,63.91,16,0,false,true,false,Low attendance
8277,Madhavi Rajapaksha,Female,Mathematics,79.95,58.67,21,0,false,true,false,Low attendance
4144,Dilan Gunawardena,Male,Physics,79.95,59.45,19,0,false,true,false,Low attendance
10632,Chamara Silva,Male,Physics,79.95,59.79,20,0,false,true,false,Low attendance
9506,Supun Senanayake,Male,Mathematics,79.95,60.0,20,0,false,true,false,Low attendance
4520,Ishara Wijesinghe,Male,Mathematics,79.96,56.44,24,0,false,true,false,Low attendance
2306,Clifford Fisher,Male,Mathematics,79.96,57.9,20,0,false,true,false,Low attendance
5482,Nadeesha Wijesinghe,Female,Computer Science,79.96,59.06,22,0,false,true,false,Low attendance
8995,Ayesh Wijesinghe,Male,Biology,79.96,60.83,20,0,false,true,false,Low attendance
8464,Amandi Dias,Female,Physics,79.96,61.04,23,0,false,true,false,Low attendance
4269,Lahiru Dias,Male,Mathematics,79.96,61.69,22,0,false,true,false,Low attendance
10592,Shehan Dias,Male,Mathematics,79.96,63.87,26,0,false,true,false,Low attendance
10350,Rashmi Madushanka,Female,Computer Science,79.97,55.21,17,0,false,true,false,Low attendance
7741,Tharushi Dias,Female,Mathematics,79.97,57.34,21,0,false,true,false,Low attendance
7226,Rashmi Wijesinghe,Female,Computer Science,79.97,57.35,17,0,false,true,false,Low attendance
9929,Madhavi Herath,Female,Physics,79.97,59.43,20,0,false,true,false,Low attendance
7854,Nimal Ranatunga,Male,Mathematics,79.97,60.82,18,0,false,true,false,Low attendance
5971,Ravindu Herath,Male,Computer Science,79.98,54.4,21,0,false,true,false,Low attendance
2498,Bryan Watkins,Male,Computer Science,79.98,55.29,21,0,false,true,false,Low attendance
9925,Ayesh Herath,Male,Biology,79.98,55.91,20,0,false,true,false,Low attendance
4944,Lahiru Wijesinghe,Male,Physics,79.98,60.4,22,0,false,true,false,Low attendance
8107,Kavindi Perera,Female,Computer Science,79.98,61.41,21,0,false,true,false,Low attendance
4305,Kavindi Jayasinghe,Female,Biology,79.99,58.3,21,0,false,true,false,Low attendance
5180,Kasun Senanayake,Male,Physics,79.99,58.86,24,0,false,true,false,Low attendance
1968,Emily Norris,Male,Biology,79.99,60.77,23,0,false,true,false,Low attendance
3019,Ravindu Abeysekera,Male,Mathematics,80.0,61.69,19,0,false,true,false,Low attendance
6404,Sanduni Ekanayake,Female,Mathematics,80.0,64.0,22,0,false,true,false,Low attendance
6506,Supun Gunawardena,Male,Mathematics,80.01,60.3,17,0,false,true,false,Low attendance
9085,Sashini Herath,Female,Computer Science,80.01,60.45,23,0,false,true,false,Low attendance
10158,Tharindu Herath,Male,Mathematics,80.01,60.9,16,0,false,true,false,Low attendance
3303,Kasun Abeysekera,Male,Mathematics,80.01,62.03,23,0,false,true,false,Low attendance
5006,Sahan Abeysekera,Male,Computer Science,80.02,56.5,20,0,false,true,false,Low attendance
8066,Ayesh Abeysekera,Male,Computer Science,80.02,58.8,22,0,false,true,false,Low attendance
5827,Sachini Wijesinghe,Female,Biology,80.02,61.93,21,0,false,true,false,Low attendance
4352,Ishani Dias,Female,Physics,80.03,57.79,22,0,false,true,false,Low attendance
7678,Sahan Senanayake,Male,Mathematics,80.03,59.22,19,0,false,true,false,Low attendance
1210,Jason Foster,Male,Computer Science,80.03,60.7,19,0,false,true,false,Low attendance
10399,Ishara Rajapaksha,Male,Mathematics,80.03,61.79,17,0,false,true,false,Low attendance
4987,Sachini Jayasinghe,Female,Computer Science,80.03,62.28,22,0,false,true,false,Low attendance
4433,Kasun Fernando,Male,Mathematics,80.03,62.8,19,0,false,true,false,Low attendance
2348,Michael Hill,Male,Physics,80.03,63.72,23,0,false,true,false,Low attendance
8314,Sachini Gunawardena,Female,Computer Science,80.03,63.75,25,0,false,true,false,Low attendance
2567,Rachel Sharp,Female,Biology,80.03,63.91,25,0,false,true,false,Low attendance
3948,Nadeesha Abeysekera,Female,Biology,80.03,64.77,23,0,false,true,false,Low attendance
9790,Ishara Abeysekera,Male,Physics,80.04,62.43,20,0,false,true,false,Low attendance
9118,Kusal Jayasinghe,Male,Physics,80.04,63.33,20,0,false,true,false,Low attendance
5691,Sanduni Gunawardena,Female,Biology,80.05,60.92,18,0,false,true,false,Low attendance
7709,Nadeesha Peiris,Female,Biology,80.05,61.15,27,0,false,true,false,Low attendance
6893,Ishara Dias,Male,Mathematics,80.05,61.4,19,0,false,true,false,Low attendance
4840,Supun Gunawardena,Male,Biology,80.05,62.53,17,0,false,true,false,Low attendance
8278,Shehan Rajapaksha,Male,Physics,80.06,62.64,20,0,false,true,false,Low attendance
6434,Piumi Jayasinghe,Female,Biology,80.06,64.88,24,0,false,true,false,Low attendance
10501,Dinithi Ranatunga,Female,Physics,80.07,54.03,18,0,false,true,false,Low attendance
8227,Nadeesha Ekanayake,Female,Mathematics,80.07,59.56,22,0,false,true,false,Low attendance
2258,Jason Gibson,Female,Computer Science,80.07,61.91,22,0,false,true,false,Low attendance
5246,Tharindu Abeysekera,Male,Mathematics,80.07,62.8,18,0,false,true,false,Low attendance
6269,Chamara Abeysekera,Male,Physics,80.08,59.2,20,0,false,true,false,Low attendance
2676,James Young,Male,Biology,80.08,60.43,23,0,false,true,false,Low attendance
8895,Chamara Dias,Male,Biology,80.08,62.47,20,0,false,true,false,Low attendance
3934,Kasun Abeysekera,Male,Computer Science,80.08,63.43,21,0,false,true,false,Low attendance
6172,Naveen Jayasinghe,Male,Physics,80.08,63.78,24,0,false,true,false,Low attendance
5673,Ayesh Herath,Male,Biology,80.08,63.81,19,0,false,true,false,Low attendance
1189,Robert Joyce,Male,Computer Science,80.08,64.38,23,0,false,true,false,Low attendance
2266,Roy Johnson,Male,Computer Science,80.08,64.66,20,0,false,true,false,Low attendance
3153,Ayesh Silva,Male,Physics,80.09,62.63,21,0,false,true,false,Low attendance
1665,Sean Phillips,Female,Biology,80.09,62.64,19,0,false,true,false,Low attendance
1577,Lisa Carroll,Male,Computer Science,80.09,64.73,18,0,false,true,false,Low attendance
4542,Naveen Jayasinghe,Male,Mathematics,80.1,55.78,19,0,false,true,false,Low attendance
7631,Dilini Jayasinghe,Female,Mathematics,80.1,57.77,22,0,false,true,false,Low attendance
8759,Nethmi Ekanayake,Female,Computer Science,80.1,61.64,21,0,false,true,false,Low attendance
2034,Brian Vasquez,Male,Biology,80.1,64.19,22,0,false,true,false,Low attendance
8729,Ayesh Peiris,Male,Biology,80.11,54.01,22,0,false,true,false,Low attendance
5097,Kavindi Jayasinghe,Female,Physics,80.11,54.14,21,0,false,true,false,Low attendance
3615,Nimal Ekanayake,Male,Mathematics,80.11,60.27,20,0,false,true,false,Low attendance
3982,Piumi Herath,Female,Mathematics,80.11,61.46,18,0,false,true,false,Low attendance
5432,Sashini Fernando,Female,Biology,80.11,62.58,23,0,false,true,false,Low attendance
4339,Madhavi Ranatunga,Female,Mathematics,80.11,62.6,20,0,false,true,false,Low attendance
9458,Sachini Silva,Female,Mathematics,80.11,62.94,17,0,false,true,false,Low attendance
9940,Chamara Silva,Male,Computer Science,80.11,64.25,18,0,false,true,false,Low attendance
7871,Madhavi Ekanayake,Female,Computer Science,80.11,64.27,20,0,false,true,false,Low attendance
9637,Ishara Gunawardena,Male,Computer Science,80.11,64.74,24,0,false,true,false,Low attendance
1738,Andrea Allen,Female,Computer Science,80.12,56.42,22,0,false,true,false,Low attendance
9076,Sanduni Wijesinghe,Female,Mathematics,80.12,60.88,18,0,false,true,false,Low attendance
6815,Ayesh Fernando,Male,Biology,80.12,62.31,19,0,false,true,false,Low attendance
7510,Nethmi Silva,Female,Mathematics,80.12,62.8,19,0,false,true,false,Low attendance
9974,Madhavi Rajapaksha,Female,Biology,80.12,63.3,20,0,false,true,false,Low attendance
6137,Dilini Ekanayake,Female,Mathematics,80.13,55.52,22,0,false,true,false,Low attendance
1420,Ann Walter,Male,Computer Science,80.13,58.36,23,0,false,true,false,Low attendance
4020,Tharindu Peiris,Male,Biology,80.13,60.15,23,0,false,true,false,Low attendance
4256,Sahan Abeysekera,Male,Computer Science,80.13,62.55,22,0,false,true,false,Low attendance
5067,Sashini Rajapaksha,Female,Computer Science,80.13,63.29,21,0,false,true,false,Low attendance
3549,Sahan Senanayake,Male,Computer Science,80.14,58.76,19,0,false,true,false,Low attendance
1987,Heidi Lopez,Male,Physics,80.14,61.56,24,0,false,true,false,Low attendance
7898,Nadeesha Rajapaksha,Female,Physics,80.14,61.93,19,0,false,true,false,Low attendance
7392,Naveen Fernando,Male,Physics,80.14,64.76,23,0,false,true,false,Low attendance
8439,Kavindi Dias,Female,Physics,80.15,60.44,20,0,false,true,false,Low attendance
7227,Sashini Silva,Female,Mathematics,80.15,61.05,19,0,false,true,false,Low attendance
4369,Dilan Dias,Male,Biology,80.15,62.66,18,0,false,true,false,Low attendance
3925,Kasun Gunawardena,Male,Physics,80.15,62.86,18,0,false,true,false,Low attendance
4666,Nadeesha Perera,Female,Computer Science,80.15,64.19,21,0,false,true,false,Low attendance
1471,Leslie Lowe,Male,Physics,80.16,60.05,15,0,false,true,false,Low attendance
8790,Sahan Rajapaksha,Male,Biology,80.16,60.14,19,0,false,true,false,Low attendance
2236,Erin Chen,Male,Biology,80.16,60.2,22,0,false,true,false,Low attendance
9096,Lahiru Ranatunga,Male,Biology,80.16,60.8,20,0,false,true,false,Low attendance
2096,Amber Short,Female,Physics,80.16,61.9,18,0,false,true,false,Low attendance
10289,Ravindu Silva,Male,Mathematics,80.16,63.28,18,0,false,true,false,Low attendance
2352,Kevin Spencer,Female,Biology,80.16,63.51,20,0,false,true,false,Low attendance
7812,Hiruni Silva,Female,Biology,80.17,60.86,19,0,false,true,false,Low attendance
7997,Sashini Peiris,Female,Mathematics,80.17,61.0,19,0,false,true,false,Low attendance
4669,Sachini Peiris,Female,Mathematics,80.17,63.18,19,0,false,true,false,Low attendance
7815,Rashmi Ranatunga,Female,Mathematics,80.18,57.54,21,0,false,true,false,Low attendance
2982,Kristin King,Male,Mathematics,80.18,61.87,23,0,false,true,false,Low attendance
1084,Sara Wagner,Female,Computer Science,80.18,62.5,22,0,false,true,false,Low attendance
2205,Alexander Haney,Female,Computer Science,80.18,62.79,19,0,false,true,false,Low attendance
9677,Dilini Madushanka,Female,Biology,80.18,63.76,20,0,false,true,false,Low attendance
5625,Supun Ekanayake,Male,Physics,80.18,64.43,22,0,false,true,false,Low attendance
9095,Madhavi Abeysekera,Female,Biology,80.19,54.94,21,0,false,true,false,Low attendance
7738,Dinithi Wijesinghe,Female,Physics,80.19,56.91,25,0,false,true,false,Low attendance
2173,Wesley Rhodes,Male,Biology,80.19,59.57,18,0,false,true,false,Low attendance
9151,Supun Wijesinghe,Male,Biology,80.19,62.72,21,0,false,true,false,Low attendance
1321,Megan Larson,Male,Biology,80.19,63.41,21,0,false,true,false,Low attendance
5296,Dilini Perera,Female,Computer Science,80.19,64.53,20,0,false,true,false,Low attendance
6410,Nimal Peiris,Male,Physics,80.2,57.45,21,0,false,true,false,Low attendance
9890,Nimal Ranatunga,Male,Biology,80.2,60.0,24,0,false,true,false,Low attendance
3441,Nimal Ranatunga,Male,Mathematics,80.2,60.03,16,0,false,true,false,Low attendance
6350,Naveen Silva,Male,Physics,80.2,61.92,19,0,false,true,false,Low attendance
4896,Sachini Rajapaksha,Female,Mathematics,80.2,62.7,20,0,false,true,false,Low attendance
5427,Chamara Madushanka,Male,Biology,80.21,56.33,19,0,false,true,false,Low attendance
10477,Tharindu Perera,Male,Mathematics,80.21,57.17,19,0,false,true,false,Low attendance
10093,Piumi Perera,Female,Computer Science,80.21,59.37,20,0,false,true,false,Low attendance
1170,Robert Maddox,Female,Computer Science,80.22,58.35,20,0,false,true,false,Low attendance
10700,Sanduni Herath,Female,Physics,80.22,58.99,21,0,false,true,false,Low attendance
3302,Dilan Silva,Male,Physics,80.22,61.14,18,0,false,true,false,Low attendance
7381,Ishani Ekanayake,Female,Computer Science,80.22,61.14,21,0,false,true,false,Low attendance
8873,Sahan Perera,Male,Computer Science,80.22,61.39,21,0,false,true,false,Low attendance
1013,Charles Hunt,Female,Biology,80.22,62.77,23,0,false,true,false,Low attendance
4817,Tharushi Senanayake,Female,Computer Science,80.22,64.45,23,0,false,true,false,Low attendance
1058,Tanya Walls,Male,Computer Science,80.23,62.34,19,0,false,true,false,Low attendance
6301,Kavindi Herath,Female,Biology,80.23,62.47,20,0,false,true,false,Low attendance
7200,Shehan Ranatunga,Male,Biology,80.23,62.59,21,0,false,true,false,Low attendance
8221,Sashini Rajapaksha,Female,Mathematics,80.23,63.31,20,0,false,true,false,Low attendance
6564,Piumi Madushanka,Female,Computer Science,80.23,64.45,20,0,false,true,false,Low attendance
4110,Dilini Jayasinghe,Female,Computer Science,80.23,64.89,19,0,false,true,false,Low attendance
9525,Nadeesha Dias,Female,Computer Science,80.24,60.58,21,0,false,true,false,Low attendance
8808,Tharindu Fernando,Male,Mathematics,80.24,62.73,23,0,false,true,false,Low attendance
7927,Dinithi Ekanayake,Female,Physics,80.24,62.98,19,0,false,true,false,Low attendance
8543,Ishani Madushanka,Female,Physics,80.24,64.74,19,0,false,true,false,Low attendance
5933,Ishara Peiris,Male,Computer Science,80.25,57.71,24,0,false,true,false,Low attendance
2887,Christine Weiss,Male,Mathematics,80.25,59.89,20,0,false,true,false,Low attendance
2815,William Brooks,Female,Biology,80.25,59.95,19,0,false,true,false,Low attendance
9290,Nethmi Rajapaksha,Female,Physics,80.25,63.35,22,0,false,true,false,Low attendance
8373,Ishara Ekanayake,Male,Computer Science,80.26,61.94,17,0,false,true,false,Low attendance
1341,Julie George,Female,Mathematics,80.26,62.8,21,0,false,true,false,Low attendance
1368,Richard Holloway,Female,Physics,80.26,63.36,20,0,false,true,false,Low attendance
10821,Hiruni Gunawardena,Female,Physics,80.27,56.85,18,0,false,true,false,Low attendance
9947,Piumi Senanayake,Female,Biology,80.27,59.49,23,0,false,true,false,Low attendance
2546,Robert Adams,Female,Computer Science,80.27,60.76,22,0,false,true,false,Low attendance
5403,Nimal Wijesinghe,Male,Mathematics,80.27,62.03,19,0,false,true,false,Low attendance
2419,Christopher Carter,Male,Biology,80.27,63.4,21,0,false,true,false,Low attendance
10959,Ayesh Gunawardena,Male,Physics,80.27,63.54,18,0,false,true,false,Low attendance
1038,Marie Mccoy,Male,Physics,80.28,54.9,22,0,false,true,false,Low attendance
9172,Ishara Gunawardena,Male,Biology,80.28,58.04,19,0,false,true,false,Low attendance
6213,Ravindu Gunawardena,Male,Biology,80.28,62.0,18,0,false,true,false,Low attendance
10080,Hiruni Senanayake,Female,Physics,80.28,62.8,19,0,false,true,false,Low attendance
1155,Jason Hull,Female,Biology,80.28,64.45,20,0,false,true,false,Low attendance
8980,Sahan Rajapaksha,Male,Computer Science,80.29,55.24,21,0,false,true,false,Low attendance
4134,Nethmi Fernando,Female,Computer Science,80.29,58.7,20,0,false,true,false,Low attendance
9676,Amal Dias,Male,Computer Science,80.29,59.3,23,0,false,true,false,Low attendance
4007,Hiruni Peiris,Female,Biology,80.29,61.13,24,0,false,true,false,Low attendance
1104,Caroline Miller,Male,Mathematics,80.29,61.91,18,0,false,true,false,Low attendance
4414,Nadeesha Senanayake,Female,Computer Science,80.29,64.39,21,0,false,true,false,Low attendance
10931,Tharushi Fernando,Female,Biology,80.3,58.47,26,0,false,true,false,Low attendance
9262,Sanduni Perera,Female,Physics,80.3,58.73,20,0,false,true,false,Low attendance
1164,Jenna Harding,Female,Computer Science,80.3,58.9,22,0,false,true,false,Low attendance
9006,Sanduni Ekanayake,Female,Physics,80.3,59.13,19,0,false,true,false,Low attendance
1874,Lisa Moreno,Female,Computer Science,80.3,59.71,14,0,false,true,false,Low attendance
9975,Piumi Gunawardena,Female,Biology,80.3,60.45,23,0,false,true,false,Low attendance
5048,Amandi Ekanayake,Female,Physics,80.3,60.9,23,0,false,true,false,Low attendance
5967,Supun Peiris,Male,Physics,80.3,63.33,22,0,false,true,false,Low attendance
6466,Amandi Madushanka,Female,Biology,80.3,64.05,25,0,false,true,false,Low attendance
3926,Sanduni Madushanka,Female,Biology,80.3,64.77,19,0,false,true,false,Low attendance
6180,Amandi Madushanka,Female,Computer Science,80.3,64.98,18,0,false,true,false,Low attendance
10994,Madhavi Perera,Female,Computer Science,80.31,60.38,20,0,false,true,false,Low attendance
1276,Aaron Garrett,Female,Computer Science,80.31,60.51,25,0,false,true,false,Low attendance
10966,Ravindu Ekanayake,Male,Computer Science,80.31,62.43,21,0,false,true,false,Low attendance
1682,Laura Bowen,Female,Physics,80.32,59.99,19,0,false,true,false,Low attendance
8512,Shehan Fernando,Male,Computer Science,80.32,62.35,23,0,false,true,false,Low attendance
10012,Piumi Ekanayake,Female,Physics,80.32,62.46,20,0,false,true,false,Low attendance
8510,Lahiru Ranatunga,Male,Physics,80.32,63.98,19,0,false,true,false,Low attendance
3278,Ravindu Jayasinghe,Male,Mathematics,80.33,57.62,21,0,false,true,false,Low attendance
6480,Sanduni Senanayake,Female,Computer Science,80.33,62.62,22,0,false,true,false,Low attendance
5791,Piumi Jayasinghe,Female,Computer Science,80.33,63.37,18,0,false,true,false,Low attendance
4711,Nethmi Fernando,Female,Biology,80.33,64.84,16,0,false,true,false,Low attendance
4801,Shehan Abeysekera,Male,Physics,80.34,57.59,20,0,false,true,false,Low attendance
8283,Sachini Ekanayake,Female,Biology,80.34,59.61,22,0,false,true,false,Low attendance
3033,Dilini Ekanayake,Female,Mathematics,80.34,61.92,22,0,false,true,false,Low attendance
4174,Rashmi Fernando,Female,Physics,80.34,62.33,21,0,false,true,false,Low attendance
3877,Sahan Senanayake,Male,Physics,80.35,58.06,20,0,false,true,false,Low attendance
10182,Amal Dias,Male,Biology,80.35,61.91,25,0,false,true,false,Low attendance
1797,Stephanie Walters,Male,Physics,80.35,62.26,19,0,false,true,false,Low attendance
3265,Lahiru Jayasinghe,Male,Physics,80.35,62.52,22,0,false,true,false,Low attendance
10188,Madhavi Abeysekera,Female,Biology,80.35,62.72,20,0,false,true,false,Low attendance
1173,Jerry Nichols,Female,Biology,80.35,63.99,21,0,false,true,false,Low attendance
7848,Chamara Dias,Male,Computer Science,80.35,64.55,24,0,false,true,false,Low attendance
8865,Madhavi Abeysekera,Female,Physics,80.36,58.33,19,0,false,true,false,Low attendance
8335,Shehan Fernando,Male,Mathematics,80.36,58.79,21,0,false,true,false,Low attendance
2577,Abigail Gillespie,Male,Mathematics,80.36,60.22,13,0,false,true,false,Low attendance
3394,Tharushi Peiris,Female,Mathematics,80.36,61.73,17,0,false,true,false,Low attendance
2061,Matthew Campbell,Male,Computer Science,80.38,49.83,20,0,false,true,false,Low attendance
3090,Shehan Herath,Male,Physics,80.38,52.42,23,0,false,true,false,Low attendance
1133,Timothy Colon,Female,Physics,80.38,58.81,24,0,false,true,false,Low attendance
1203,Krystal Mckinney,Female,Biology,80.38,60.84,23,0,false,true,false,Low attendance
6725,Amal Dias,Male,Biology,80.38,61.78,17,0,false,true,false,Low attendance
4073,Dilan Abeysekera,Male,Mathematics,80.38,61.89,18,0,false,true,false,Low attendance
3160,Nadeesha Dias,Female,Biology,80.38,64.45,21,0,false,true,false,Low attendance
2755,Candice Krause,Male,Mathematics,80.39,59.71,21,0,false,true,false,Low attendance
7203,Kavindi Wijesinghe,Female,Mathematics,80.39,60.53,23,0,false,true,false,Low attendance
9372,Kasun Senanayake,Male,Computer Science,80.39,60.88,20,0,false,true,false,Low attendance
9691,Nethmi Herath,Female,Computer Science,80.39,62.74,19,0,false,true,false,Low attendance
7427,Amal Peiris,Male,Mathematics,80.39,62.79,18,0,false,true,false,Low attendance
6018,Kusal Rajapaksha,Male,,80.39,63.58,22,0,false,true,false,Low attendance
6004,Shehan Senanayake,Male,Computer Science,80.41,58.6,22,0,false,true,false,Low attendance
5326,Tharindu Jayasinghe,Male,Biology,80.41,63.16,21,0,false,true,false,Low attendance
5178,Chamara Wijesinghe,Male,Physics,80.42,56.05,18,0,false,true,false,Low attendance
10301,Naveen Ekanayake,Male,Computer Science,80.42,63.07,27,0,false,true,false,Low attendance
10421,Kusal Ekanayake,Male,Biology,80.43,59.63,21,0,false,true,false,Low attendance
7068,Supun Peiris,Male,Mathematics,80.43,62.16,18,0,false,true,false,Low attendance
3748,Lahiru Perera,Male,Physics,80.44,59.46,20,0,false,true,false,Low attendance
9336,Rashmi Ranatunga,Female,Mathematics,80.44,61.84,25,0,false,true,false,Low attendance
1922,Jessica Jones,Female,Biology,80.44,63.8,22,0,false,true,false,Low attendance
5792,Nethmi Gunawardena,Female,Mathematics,80.45,59.49,19,0,false,true,false,Low attendance
2354,Casey Rodriguez,Female,Physics,80.45,60.45,26,0,false,true,false,Low attendance
7403,Tharindu Perera,Male,Mathematics,80.45,60.81,24,0,false,true,false,Low attendance
8838,Ravindu Jayasinghe,Male,Mathematics,80.45,63.81,19,0,false,true,false,Low attendance
7284,Ishara Madushanka,Male,Computer Science,80.46,59.68,20,0,false,true,false,Low attendance
5209,Nimal Wijesinghe,Male,Physics,80.46,60.52,22,0,false,true,false,Low attendance
4270,Kasun Senanayake,Male,Biology,80.46,61.4,22,0,false,true,false,Low attendance
9369,Ravindu Madushanka,Male,Physics,80.46,61.99,21,0,false,true,false,Low attendance
1342,Charles James,Male,Mathematics,80.46,63.5,20,0,false,true,false,Low attendance
1837,Jason Martin,Male,Physics,80.47,58.59,20,0,false,true,false,Low attendance
10000,Ayesh Ranatunga,Male,Biology,80.47,59.35,18,0,false,true,false,Low attendance
3700,Kasun Jayasinghe,Male,Physics,80.47,60.25,21,0,false,true,false,Low attendance
1558,Michael Stokes,Female,Biology,80.47,60.38,25,0,false,true,false,Low attendance
8367,Hiruni Jayasinghe,Female,Physics,80.47,62.03,20,0,false,true,false,Low attendance
5114,Naveen Dias,Male,Mathematics,80.48,59.43,20,0,false,true,false,Low attendance
1745,Robin Johnson,Male,Biology,80.48,60.26,18,0,false,true,false,Low attendance
4524,Kusal Ranatunga,Male,Biology,80.48,61.52,17,0,false,true,false,Low attendance
6696,Rashmi Ranatunga,Female,Mathematics,80.48,62.67,22,0,false,true,false,Low attendance
5548,Sashini Ranatunga,Female,Computer Science,80.48,63.6,23,0,false,true,false,Low attendance
4452,Kusal Perera,Male,Computer Science,80.48,64.35,20,0,false,true,false,Low attendance
10089,Sachini Perera,Female,Physics,80.49,61.92,19,0,false,true,false,Low attendance
1660,Tracy Gill,Female,Physics,80.49,62.65,20,0,false,true,false,Low attendance
4069,Amal Ekanayake,Male,Mathematics,80.49,63.06,21,0,false,true,false,Low attendance
10786,Ayesh Wijesinghe,Male,Biology,80.5,54.74,19,0,false,true,false,Low attendance
7056,Rashmi Abeysekera,Female,Physics,80.5,60.06,24,0,false,true,false,Low attendance
6242,Madhavi Silva,Female,Mathematics,80.5,64.44,26,0,false,true,false,Low attendance
2195,Kristin Chapman,Male,Computer Science,80.51,61.43,28,0,false,true,false,Low attendance
6492,Rashmi Rajapaksha,Female,Biology,80.51,63.1,19,0,false,true,false,Low attendance
7457,Dinithi Peiris,Female,Physics,80.52,59.19,18,0,false,true,false,Low attendance
1008,Jessica Stafford,Female,Physics,80.52,59.91,21,0,false,true,false,Low attendance
10557,Sashini Abeysekera,Female,Biology,80.53,58.52,21,0,false,true,false,Low attendance
5509,Nadeesha Silva,Female,Biology,80.53,64.76,23,0,false,true,false,Low attendance
10939,Dilini Jayasinghe,Female,Biology,80.54,56.02,22,0,false,true,false,Low attendance
7793,Naveen Rajapaksha,Male,Computer Science,80.54,58.5,23,0,false,true,false,Low attendance
2615,Robert Martin,Male,Physics,80.54,61.29,21,0,false,true,false,Low attendance
6280,Sashini Abeysekera,Female,Physics,80.55,56.52,23,0,false,true,false,Low attendance
9275,Piumi Wijesinghe,Female,Mathematics,80.55,57.56,20,0,false,true,false,Low attendance
1347,April Smith,Male,Mathematics,80.55,58.96,22,0,false,true,false,Low attendance
5314,Ishani Rajapaksha,Female,Computer Science,80.55,61.47,20,0,false,true,false,Low attendance
5588,Dilini Herath,Female,Computer Science,80.55,61.83,23,0,false,true,false,Low attendance
10989,Hiruni Madushanka,Female,Biology,80.56,62.15,20,0,false,true,false,Low attendance
10924,Sachini Perera,Female,Physics,80.56,62.71,21,0,false,true,false,Low attendance
5954,Naveen Jayasinghe,Male,Computer Science,80.56,62.95,20,0,false,true,false,Low attendance
3560,Kusal Perera,Male,Biology,80.57,60.73,21,0,false,true,false,Low attendance
1657,Michael Aguirre,Female,Computer Science,80.58,54.13,23,0,false,true,false,Low attendance
6854,Amandi Herath,Female,Computer Science,80.58,58.96,20,0,false,true,false,Low attendance
5150,Tharindu Ranatunga,Male,Computer Science,80.58,59.4,19,0,false,true,false,Low attendance
6622,Sanduni Herath,Female,Physics,80.58,62.45,18,0,false,true,false,Low attendance
7534,Hiruni Gunawardena,Female,Mathematics,80.58,64.79,18,0,false,true,false,Low attendance
9600,Chamara Silva,Male,Physics,80.59,55.19,21,0,false,true,false,Low attendance
10594,Madhavi Perera,Female,Mathematics,80.59,60.09,18,0,false,true,false,Low attendance
1007,Charles Green,Male,Physics,80.59,64.71,24,0,false,true,false,Low attendance
4376,Shehan Silva,Male,Computer Science,80.59,64.74,21,0,false,true,false,Low attendance
4164,Ishara Rajapaksha,Male,Mathematics,80.6,54.95,19,0,false,true,false,Low attendance
6138,Tharindu Ekanayake,Male,Physics,80.6,60.04,22,0,false,true,false,Low attendance
10660,Chamara Wijesinghe,Male,Biology,80.6,63.18,23,0,false,true,false,Low attendance
7561,Dilan Fernando,Male,Mathematics,80.6,63.22,18,0,false,true,false,Low attendance
4184,Sashini Ekanayake,Female,Mathematics,80.6,64.18,21,0,false,true,false,Low attendance
7869,Amandi Madushanka,Female,Computer Science,80.6,64.63,25,0,false,true,false,Low attendance
7259,Sanduni Peiris,Female,Physics,80.61,58.68,17,0,false,true,false,Low attendance
2515,William Sexton,Female,Computer Science,80.61,59.36,25,0,false,true,false,Low attendance
4481,Chamara Abeysekera,Male,Mathematics,80.61,59.53,22,0,false,true,false,Low attendance
6841,Ishani Madushanka,Female,Mathematics,80.61,60.15,19,0,false,true,false,Low attendance
1320,Charles Brown,Female,Biology,80.61,64.02,18,0,false,true,false,Low attendance
4557,Supun Fernando,Male,Biology,80.62,62.05,19,0,false,true,false,Low attendance
9998,Madhavi Silva,Female,Biology,80.63,56.9,19,0,false,true,false,Low attendance
5408,Ayesh Perera,Male,Biology,80.63,59.79,20,0,false,true,false,Low attendance
10085,Dinithi Ekanayake,Female,Biology,80.63,60.56,22,0,false,true,false,Low attendance
4591,Ravindu Herath,Male,Computer Science,80.63,61.64,20,0,false,true,false,Low attendance
2921,Bethany May,Female,Computer Science,80.63,62.98,17,0,false,true,false,Low attendance
3807,Dinithi Peiris,Female,Computer Science,80.63,63.32,20,0,false,true,false,Low attendance
7912,Amandi Ekanayake,Female,Computer Science,80.64,59.15,20,0,false,true,false,Low attendance
6427,Shehan Abeysekera,Male,Mathematics,80.65,59.02,22,0,false,true,false,Low attendance
7428,Rashmi Perera,Female,Computer Science,80.65,59.33,23,0,false,true,false,Low attendance
3266,Dilini Ranatunga,Female,Biology,80.65,61.25,22,0,false,true,false,Low attendance
5612,Tharushi Herath,Female,Computer Science,80.65,63.13,22,0,false,true,false,Low attendance
9245,Kasun Wijesinghe,Male,Mathematics,80.65,63.67,18,0,false,true,false,Low attendance
10291,Ravindu Herath,Male,Mathematics,80.66,59.83,18,0,false,true,false,Low attendance
8328,Rashmi Ekanayake,Female,Physics,80.66,60.82,21,0,false,true,false,Low attendance
4147,Amal Abeysekera,Male,Physics,80.66,64.44,19,0,false,true,false,Low attendance
1812,Teresa Collins,Male,Biology,80.67,58.86,23,0,false,true,false,Low attendance
3267,Hiruni Herath,Female,Mathematics,80.67,60.6,17,0,false,true,false,Low attendance
5477,Amandi Wijesinghe,Female,Physics,80.67,64.3,20,0,false,true,false,Low attendance
10627,Kavindi Senanayake,Female,Computer Science,80.68,60.76,18,0,false,true,false,Low attendance
1699,Beth Jones,Female,Biology,80.68,61.58,21,0,false,true,false,Low attendance
1553,Traci Anderson,Male,Mathematics,80.68,63.46,24,0,false,true,false,Low attendance
6509,Sahan Wijesinghe,Male,Physics,80.69,63.9,21,0,false,true,false,Low attendance
4471,Lahiru Jayasinghe,Male,Mathematics,80.69,64.97,20,0,false,true,false,Low attendance
4280,Ayesh Ekanayake,Male,Mathematics,80.7,57.4,18,0,false,true,false,Low attendance
4802,Madhavi Jayasinghe,Female,Physics,80.7,62.66,18,0,false,true,false,Low attendance
2009,Debbie Martin,Female,Physics,80.7,64.05,23,0,false,true,false,Low attendance
7596,Ravindu Fernando,Male,Physics,80.7,64.99,23,0,false,true,false,Low attendance
7034,Tharushi Silva,Female,Mathematics,80.71,60.94,19,0,false,true,false,Low attendance
1765,Jasmine Baker,Female,Computer Science,80.71,61.09,23,0,false,true,false,Low attendance
4159,Supun Fernando,Male,Computer Science,80.72,60.35,25,0,false,true,false,Low attendance
8163,Shehan Herath,Male,Biology,80.72,61.09,17,0,false,true,false,Low attendance
3708,Sanduni Rajapaksha,Female,Biology,80.72,61.11,21,0,false,true,false,Low attendance
3076,Dilini Wijesinghe,Female,Mathematics,80.72,62.64,19,0,false,true,false,Low attendance
4091,Rashmi Gunawardena,Female,Biology,80.72,63.14,18,0,false,true,false,Low attendance
5537,Kavindi Rajapaksha,Female,Physics,80.72,64.52,17,0,false,true,false,Low attendance
7965,Lahiru Peiris,Male,Physics,80.73,60.0,21,0,false,true,false,Low attendance
3315,Piumi Perera,Female,Biology,80.73,60.73,26,0,false,true,false,Low attendance
6207,Dilini Perera,Female,Computer Science,80.73,61.23,22,0,false,true,false,Low attendance
7078,Kusal Ranatunga,Male,Computer Science,80.73,64.29,17,0,false,true,false,Low attendance
3833,Kasun Abeysekera,Male,Physics,80.74,55.62,21,0,false,true,false,Low attendance
9741,Sachini Dias,Female,Physics,80.74,57.75,18,0,false,true,false,Low attendance
4105,Ishani Dias,Female,Computer Science,80.74,58.72,27,0,false,true,false,Low attendance
5163,Kavindi Rajapaksha,Female,Mathematics,80.74,59.82,21,0,false,true,false,Low attendance
8590,Ravindu Herath,Male,Physics,80.74,61.74,20,0,false,true,false,Low attendance
10121,Dinithi Silva,Female,Physics,80.74,63.19,20,0,false,true,false,Low attendance
10346,Madhavi Fernando,Female,Biology,80.74,63.33,19,0,false,true,false,Low attendance
9060,Naveen Abeysekera,Male,Mathematics,80.75,59.1,21,0,false,true,false,Low attendance
9419,Lahiru Fernando,Male,Mathematics,80.75,59.69,20,0,false,true,false,Low attendance
5076,Nethmi Madushanka,Female,Biology,80.75,63.82,22,0,false,true,false,Low attendance
5579,Hiruni Madushanka,Female,Physics,80.76,58.33,21,0,false,true,false,Low attendance
4696,Kasun Rajapaksha,Male,Computer Science,80.76,60.16,22,0,false,true,false,Low attendance
7072,Kasun Perera,Male,Computer Science,80.76,60.97,18,0,false,true,false,Low attendance
6735,Nadeesha Wijesinghe,Female,Mathematics,80.76,62.53,20,0,false,true,false,Low attendance
3122,Naveen Rajapaksha,Male,Mathematics,80.76,63.25,20,0,false,true,false,Low attendance
2321,Edward Simon,Male,Computer Science,80.77,59.34,23,0,false,true,false,Low attendance
1581,Susan Robinson,Male,Mathematics,80.77,60.74,17,0,false,true,false,Low attendance
4460,Piumi Madushanka,Female,Physics,80.77,60.78,17,0,false,true,false,Low attendance
3563,Rashmi Wijesinghe,Female,Computer Science,80.77,62.79,21,0,false,true,false,Low attendance
2730,Paula Smith,Male,Biology,80.77,64.43,18,0,false,true,false,Low attendance
9025,Tharushi Rajapaksha,Female,Biology,80.78,57.68,19,0,false,true,false,Low attendance
7374,Shehan Ekanayake,Male,Biology,80.78,58.92,20,0,false,true,false,Low attendance
3067,Rashmi Madushanka,Female,Mathematics,80.78,60.71,21,0,false,true,false,Low attendance
4220,Amandi Ranatunga,Female,Mathematics,80.78,62.42,15,0,false,true,false,Low attendance
1724,Danielle Cook,Male,Computer Science,80.79,58.86,21,0,false,true,false,Low attendance
10277,Tharindu Peiris,Male,Physics,80.8,57.86,18,0,false,true,false,Low attendance
10572,Dilini Fernando,Female,Biology,80.8,58.62,19,0,false,true,false,Low attendance
1877,Benjamin Melendez,Male,Computer Science,80.8,59.31,23,0,false,true,false,Low attendance
5621,Amandi Abeysekera,Female,Mathematics,80.8,63.34,18,0,false,true,false,Low attendance
8998,Kavindi Silva,Female,Computer Science,80.8,63.78,23,0,false,true,false,Low attendance
2097,Shelby Johnson,Female,Computer Science,80.81,61.42,25,0,false,true,false,Low attendance
8065,Hiruni Fernando,Female,Biology,80.81,62.1,21,0,false,true,false,Low attendance
5502,Lahiru Senanayake,Male,Physics,80.81,62.74,25,0,false,true,false,Low attendance
8272,Nimal Perera,Male,Physics,80.81,63.1,22,0,false,true,false,Low attendance
6752,Nadeesha Fernando,Female,Mathematics,80.81,63.26,21,0,false,true,false,Low attendance
9571,Nadeesha Abeysekera,Female,Biology,80.82,55.39,20,0,false,true,false,Low attendance
3032,Ayesh Peiris,Male,Biology,80.82,58.44,20,0,false,true,false,Low attendance
1552,Daniel Rasmussen,Male,Biology,80.82,59.75,18,0,false,true,false,Low attendance
9942,Ishara Gunawardena,Male,Mathematics,80.82,60.6,19,0,false,true,false,Low attendance
4211,Nimal Silva,Male,Mathematics,80.83,61.36,21,0,false,true,false,Low attendance
5493,Sanduni Rajapaksha,Female,Physics,80.83,63.66,17,0,false,true,false,Low attendance
8058,Kusal Silva,Male,Biology,80.84,61.86,18,0,false,true,false,Low attendance
1092,Dylan Diaz,Female,Biology,80.84,62.85,22,0,false,true,false,Low attendance
3214,Madhavi Fernando,Female,Biology,80.84,64.86,18,0,false,true,false,Low attendance
4417,Kavindi Abeysekera,Female,Biology,80.85,58.41,19,0,false,true,false,Low attendance
3596,Madhavi Fernando,Female,Biology,80.85,62.31,23,0,false,true,false,Low attendance
5159,Ishara Fernando,Male,Computer Science,80.85,62.75,21,0,false,true,false,Low attendance
4151,Shehan Perera,Male,Mathematics,80.85,63.27,19,0,false,true,false,Low attendance
3406,Sashini Senanayake,Female,Biology,80.85,63.69,22,0,false,true,false,Low attendance
7758,Ishani Madushanka,Female,Computer Science,80.86,58.94,21,0,false,true,false,Low attendance
6800,Kasun Fernando,Male,Biology,80.86,60.97,17,0,false,true,false,Low attendance
2894,Gregory Griffith,Male,Mathematics,80.86,61.07,23,0,false,true,false,Low attendance
5591,Shehan Senanayake,Male,Biology,80.86,63.02,23,0,false,true,false,Low attendance
9826,Supun Ekanayake,Male,Physics,80.87,54.91,21,0,false,true,false,Low attendance
7532,Shehan Senanayake,Male,Mathematics,80.87,59.72,21,0,false,true,false,Low attendance
5693,Tharindu Herath,Male,Mathematics,80.87,64.16,21,0,false,true,false,Low attendance
4326,Tharushi Fernando,Female,Mathematics,80.88,55.37,23,0,false,true,false,Low attendance
2204,Debra Gomez,Male,Physics,80.88,60.63,21,0,false,true,false,Low attendance
7296,Kavindi Ekanayake,Female,Biology,80.88,62.04,19,0,false,true,false,Low attendance
7822,Ayesh Senanayake,Male,Biology,80.88,62.05,20,0,false,true,false,Low attendance
4663,Nadeesha Jayasinghe,Female,Computer Science,80.88,62.4,21,0,false,true,false,Low attendance
1152,Cristina Rios,Male,Biology,80.88,64.36,24,0,false,true,false,Low attendance
5561,Naveen Gunawardena,Male,Physics,80.88,64.52,20,0,false,true,false,Low attendance
6715,Rashmi Herath,Female,Biology,80.89,59.71,22,0,false,true,false,Low attendance
9681,Ishara Madushanka,Male,Computer Science,80.89,59.9,18,0,false,true,false,Low attendance
10961,Madhavi Ranatunga,Female,Biology,80.89,60.23,18,0,false,true,false,Low attendance
6768,Shehan Ranatunga,Male,Mathematics,80.89,62.39,19,0,false,true,false,Low attendance
10308,Dinithi Ekanayake,Female,Computer Science,80.89,63.72,24,0,false,true,false,Low attendance
1993,Jennifer Herrera,Male,Biology,80.89,64.3,24,0,false,true,false,Low attendance
2330,Alexander Martin,Female,Biology,80.9,61.51,21,0,false,true,false,Low attendance
2216,Robert Michael,Female,Mathematics,80.9,63.79,17,0,false,true,false,Low attendance
7761,Sachini Wijesinghe,Female,Physics,80.91,58.7,23,0,false,true,false,Low attendance
9093,Ayesh Herath,Male,Physics,80.91,59.1,19,0,false,true,false,Low attendance
2381,Wayne Smith,Male,Mathematics,80.91,62.52,25,0,false,true,false,Low attendance
7598,Tharindu Herath,Male,Mathematics,80.92,61.97,20,0,false,true,false,Low attendance
2965,Garrett Whitehead,Female,Mathematics,80.93,56.54,21,0,false,true,false,Low attendance
1974,Allison Bell,Male,Computer Science,80.93,60.75,23,0,false,true,false,Low attendance
2766,Jose Johnson,Female,Biology,80.93,60.76,25,0,false,true,false,Low attendance
2416,Vincent Clements,Male,Computer Science,80.93,64.17,20,0,false,true,false,Low attendance
1486,Matthew Jones,Male,Mathematics,80.93,64.31,19,0,false,true,false,Low attendance
8988,Lahiru Abeysekera,Male,Mathematics,80.95,57.83,17,0,false,true,false,Low attendance
6391,Kavindi Abeysekera,Female,Biology,80.95,62.25,19,0,false,true,false,Low attendance
6332,Tharindu Silva,Male,Mathematics,80.95,63.47,19,0,false,true,false,Low attendance
1089,Kathryn Banks,Female,Biology,80.95,63.55,22,0,false,true,false,Low attendance
1308,Phillip Elliott,Female,Mathematics,80.95,64.07,18,0,false,true,false,Low attendance
8343,Kasun Wijesinghe,Male,Physics,80.96,58.93,24,0,false,true,false,Low attendance
10800,Nethmi Silva,Female,Mathematics,80.96,59.04,15,0,false,true,false,Low attendance
7121,Naveen Rajapaksha,Male,Mathematics,80.96,60.53,20,0,false,true,false,Low attendance
6276,Naveen Wijesinghe,Male,Biology,80.96,64.61,20,0,false,true,false,Low attendance
1385,Charles Mann,Female,Biology,80.97,53.01,24,0,false,true,false,Low attendance
3099,Rashmi Dias,Female,Physics,80.97,58.92,22,0,false,true,false,Low attendance
1971,Stacey Franklin,Male,Physics,80.97,61.79,22,0,false,true,false,Low attendance
4703,Nadeesha Peiris,Female,Biology,80.98,60.74,22,0,false,true,false,Low attendance
10517,Chamara Herath,Male,Computer Science,80.98,62.19,23,0,false,true,false,Low attendance
4149,Sanduni Dias,Female,Physics,80.98,62.7,23,0,false,true,false,Low attendance
7238,Tharushi Dias,Female,Computer Science,80.98,63.14,16,0,false,true,false,Low attendance
8726,Ishara Perera,Male,Biology,80.98,64.02,18,0,false,true,false,Low attendance
2360,Lisa Williams,Female,Computer Science,80.99,60.82,27,0,false,true,false,Low attendance
7734,Kavindi Fernando,Female,Computer Science,80.99,61.44,23,0,false,true,false,Low attendance
3794,Ishani Senanayake,Female,Physics,80.99,62.19,20,0,false,true,false,Low attendance
4880,Chamara Ranatunga,Male,Mathematics,80.99,63.24,23,0,false,true,false,Low attendance
7853,Nadeesha Peiris,Female,Biology,81.0,56.97,21,0,false,true,false,Low attendance
3612,Dilan Herath,Male,Mathematics,81.0,59.73,24,0,false,true,false,Low attendance
10726,Ishara Ekanayake,Male,Mathematics,81.01,57.69,20,0,false,true,false,Low attendance
6076,Nimal Herath,Male,Biology,81.01,58.57,20,0,false,true,false,Low attendance
6302,Chamara Abeysekera,Male,Computer Science,81.01,59.07,23,0,false,true,false,Low attendance
1915,Ashley Clark,Female,Mathematics,81.01,59.16,22,0,false,true,false,Low attendance
6008,Tharindu Silva,Male,Physics,81.01,60.39,25,0,false,true,false,Low attendance
1086,Jennifer Tran,Male,Biology,81.01,60.76,22,0,false,true,false,Low attendance
9530,Naveen Fernando,Male,Physics,81.01,62.95,20,0,false,true,false,Low attendance
9567,Supun Jayasinghe,Male,Physics,81.01,63.17,18,0,false,true,false,Low attendance
7958,Ishara Herath,Male,Biology,81.01,63.64,22,0,false,true,false,Low attendance
2010,Michael Richardson,Male,Physics,81.01,64.56,24,0,false,true,false,Low attendance
1015,Derek Johnson,Male,Biology,81.01,64.83,21,0,false,true,false,Low attendance
4528,Piumi Peiris,Female,Mathematics,81.02,62.63,21,0,false,true,false,Low attendance
7493,Chamara Peiris,Male,Biology,81.02,63.11,19,0,false,true,false,Low attendance
8669,Ishara Abeysekera,Male,Computer Science,81.02,63.49,25,0,false,true,false,Low attendance
3999,Rashmi Herath,Female,Mathematics,81.02,63.52,23,0,false,true,false,Low attendance
6288,Nimal Perera,Male,Mathematics,81.03,60.62,21,0,false,true,false,Low attendance
2509,Garrett Perez,Male,Biology,81.03,60.98,20,0,false,true,false,Low attendance
10642,Lahiru Senanayake,Male,Biology,81.03,61.7,18,0,false,true,false,Low attendance
8776,Sashini Gunawardena,Female,Biology,81.03,63.77,22,0,false,true,false,Low attendance
5683,Sanduni Dias,Female,Computer Science,81.04,55.38,20,0,false,true,false,Low attendance
5407,Lahiru Senanayake,Male,Computer Science,81.04,57.15,19,0,false,true,false,Low attendance
9446,Ayesh Wijesinghe,Male,Physics,81.04,59.06,19,0,false,true,false,Low attendance
8365,Naveen Gunawardena,Male,Biology,81.05,57.02,23,0,false,true,false,Low attendance
3945,Dilan Gunawardena,Male,Mathematics,81.05,61.15,21,0,false,true,false,Low attendance
9679,Nethmi Silva,Female,Physics,81.05,61.69,20,0,false,true,false,Low attendance
7339,Amal Abeysekera,Male,Computer Science,81.05,61.73,22,0,false,true,false,Low attendance
8248,Rashmi Peiris,Female,Biology,81.05,63.27,22,0,false,true,false,Low attendance
2866,Jacob Pope,Male,Mathematics,81.05,64.94,18,0,false,true,false,Low attendance
9744,Dinithi Wijesinghe,Female,Biology,81.06,62.8,16,0,false,true,false,Low attendance
9358,Sanduni Jayasinghe,Female,Physics,81.06,62.86,19,0,false,true,false,Low attendance
10011,Lahiru Peiris,Male,Physics,81.06,64.85,22,0,false,true,false,Low attendance
2084,Anthony Martin,Female,Physics,81.07,60.92,20,0,false,true,false,Low attendance
6352,Sashini Madushanka,Female,Mathematics,81.07,61.95,20,0,false,true,false,Low attendance
2368,Jacob Mcneil,Male,Mathematics,81.08,55.47,18,0,false,true,false,Low attendance
9387,Nadeesha Rajapaksha,Female,Computer Science,81.08,63.05,20,0,false,true,false,Low attendance
3261,Dilini Ranatunga,Female,Biology,81.08,63.87,13,0,false,true,false,Low attendance
10669,Tharushi Silva,Female,Biology,81.08,64.61,19,0,false,true,false,Low attendance
5510,Lahiru Dias,Male,Physics,81.08,64.97,22,0,false,true,false,Low attendance
9304,Supun Perera,Male,Physics,81.08,64.99,18,0,false,true,false,Low attendance
5597,Nimal Rajapaksha,Male,Mathematics,81.09,60.97,18,0,false,true,false,Low attendance
2925,Chad Goodwin,Female,Biology,81.09,61.05,17,0,false,true,false,Low attendance
5768,Amal Herath,Male,Biology,81.09,61.93,21,0,false,true,false,Low attendance
4518,Naveen Perera,Male,Biology,81.09,63.76,21,0,false,true,false,Low attendance
5140,Amandi Ekanayake,Female,Biology,81.09,64.43,21,0,false,true,false,Low attendance
9784,Piumi Herath,Female,Physics,81.09,64.5,23,0,false,true,false,Low attendance
1405,Alice Smith,Male,Biology,81.1,53.51,20,0,false,true,false,Low attendance
6965,Kusal Silva,Male,Mathematics,81.1,57.59,20,0,false,true,false,Low attendance
9123,Supun Perera,Male,Mathematics,81.1,60.51,21,0,false,true,false,Low attendance
5320,Dinithi Dias,Female,Computer Science,81.1,62.98,22,0,false,true,false,Low attendance
9035,Sashini Herath,Female,Physics,81.1,64.35,21,0,false,true,false,Low attendance
10220,Sachini Ranatunga,Female,Physics,81.11,58.69,19,0,false,true,false,Low attendance
4783,Ishani Silva,Female,Biology,81.11,59.83,25,0,false,true,false,Low attendance
3574,Nethmi Perera,Female,Biology,81.11,60.8,21,0,false,true,false,Low attendance
6688,Nadeesha Senanayake,Female,Physics,81.11,62.79,21,0,false,true,false,Low attendance
7053,Ishani Peiris,Female,Computer Science,81.11,62.99,19,0,false,true,false,Low attendance
7124,Kusal Senanayake,Male,Biology,81.11,63.87,24,0,false,true,false,Low attendance
1771,Brittany Ashley,Male,Computer Science,81.11,64.14,25,0,false,true,false,Low attendance
10309,Ishani Peiris,Female,Biology,81.12,60.06,22,0,false,true,false,Low attendance
9824,Piumi Herath,Female,Mathematics,81.12,62.07,20,0,false,true,false,Low attendance
3435,Ravindu Ekanayake,Male,Computer Science,81.13,59.52,24,0,false,true,false,Low attendance
6881,Kavindi Jayasinghe,Female,Biology,81.13,61.27,25,0,false,true,false,Low attendance
2221,Richard Garcia,Male,Physics,81.14,61.58,19,0,false,true,false,Low attendance
6264,Ayesh Rajapaksha,Male,Physics,81.14,62.07,19,0,false,true,false,Low attendance
1367,Mark Sanchez,Male,Physics,81.15,60.14,17,0,false,true,false,Low attendance
9390,Sashini Ekanayake,Female,Biology,81.15,63.26,20,0,false,true,false,Low attendance
2566,Damon Johnson,Female,Biology,81.15,63.52,20,0,false,true,false,Low attendance
3772,Ayesh Silva,Male,Mathematics,81.15,64.68,18,0,false,true,false,Low attendance
4075,Dilan Gunawardena,Male,Physics,81.16,58.53,20,0,false,true,false,Low attendance
10635,Amandi Silva,Female,Mathematics,81.16,59.37,15,0,false,true,false,Low attendance
1021,David Porter,Female,Biology,81.16,64.71,19,0,false,true,false,Low attendance
6668,Madhavi Ekanayake,Female,Mathematics,81.17,53.24,20,0,false,true,false,Low attendance
6674,Hiruni Ekanayake,Female,Physics,81.17,60.73,24,0,false,true,false,Low attendance
8537,Amal Jayasinghe,Male,Biology,81.17,60.92,23,0,false,true,false,Low attendance
2696,Katherine Smith,Female,Biology,81.17,61.79,23,0,false,true,false,Low attendance
4690,Sanduni Ranatunga,Female,Biology,81.17,62.24,23,0,false,true,false,Low attendance
8944,Dilan Jayasinghe,Male,Physics,81.17,62.26,22,0,false,true,false,Low attendance
6937,Ishani Herath,Female,Mathematics,81.17,63.1,18,0,false,true,false,Low attendance
7354,Ayesh Jayasinghe,Male,Biology,81.17,63.3,22,0,false,true,false,Low attendance
5464,Tharindu Rajapaksha,Male,Biology,81.17,64.55,19,0,false,true,false,Low attendance
5551,Sashini Madushanka,Female,Physics,81.18,59.06,21,0,false,true,false,Low attendance
9063,Sachini Fernando,Female,,81.18,60.63,21,0,false,true,false,Low attendance
8095,Tharindu Jayasinghe,Male,Physics,81.18,62.22,25,0,false,true,false,Low attendance
2547,Nicholas Velazquez,Male,Physics,81.18,63.43,24,0,false,true,false,Low attendance
8954,Hiruni Madushanka,Female,Mathematics,81.18,64.19,19,0,false,true,false,Low attendance
9306,Sashini Wijesinghe,Female,Physics,81.19,61.24,21,0,false,true,false,Low attendance
7239,Lahiru Madushanka,Male,Physics,81.19,63.62,24,0,false,true,false,Low attendance
2717,Lauren Barry,Female,Computer Science,81.19,64.6,26,0,false,true,false,Low attendance
6905,Lahiru Ranatunga,Male,Mathematics,81.2,57.23,20,0,false,true,false,Low attendance
5045,Dilan Ranatunga,Male,Mathematics,81.2,60.66,19,0,false,true,false,Low attendance
8875,Amal Fernando,Male,Computer Science,81.2,60.73,18,0,false,true,false,Low attendance
6552,Amandi Perera,Female,Biology,81.2,61.42,20,0,false,true,false,Low attendance
10574,Chamara Herath,Male,Physics,81.21,59.07,20,0,false,true,false,Low attendance
4793,Tharushi Silva,Female,Mathematics,81.21,62.94,19,0,false,true,false,Low attendance
1904,Tammy Jones,Female,Mathematics,81.21,63.96,16,0,false,true,false,Low attendance
8129,Ravindu Jayasinghe,Male,Computer Science,81.21,64.2,24,0,false,true,false,Low attendance
3352,Naveen Gunawardena,Male,Mathematics,81.22,59.31,18,0,false,true,false,Low attendance
10795,Nimal Ranatunga,Male,Mathematics,81.22,60.44,18,0,false,true,false,Low attendance
7261,Sahan Madushanka,Male,Mathematics,81.23,55.09,20,0,false,true,false,Low attendance
7668,Rashmi Ranatunga,Female,Computer Science,81.23,58.57,20,0,false,true,false,Low attendance
10400,Dilini Wijesinghe,Female,Mathematics,81.23,63.93,16,0,false,true,false,Low attendance
6845,Hiruni Silva,Female,Mathematics,81.24,57.63,19,0,false,true,false,Low attendance
5125,Dilini Ekanayake,Female,Physics,81.24,60.72,22,0,false,true,false,Low attendance
2287,Brittany Carroll,Female,Mathematics,81.24,63.34,25,0,false,true,false,Low attendance
1352,Amy Brown,Male,Physics,81.24,63.65,20,0,false,true,false,Low attendance
5496,Piumi Wijesinghe,Female,Computer Science,81.25,55.34,17,0,false,true,false,Low attendance
8606,Shehan Gunawardena,Male,Computer Science,81.25,61.49,21,0,false,true,false,Low attendance
5623,Ravindu Ekanayake,Male,Computer Science,81.25,62.88,16,0,false,true,false,Low attendance
4173,Sashini Rajapaksha,Female,Computer Science,81.25,64.44,21,0,false,true,false,Low attendance
5192,Naveen Peiris,Male,Biology,81.25,64.68,17,0,false,true,false,Low attendance
3351,Rashmi Jayasinghe,Female,Biology,81.26,56.83,22,0,false,true,false,Low attendance
4955,Kusal Wijesinghe,Male,Physics,81.26,62.9,20,0,false,true,false,Low attendance
10180,Ayesh Ekanayake,Male,Computer Science,81.26,64.96,23,0,false,true,false,Low attendance
7771,Kasun Wijesinghe,Male,Mathematics,81.27,56.78,17,0,false,true,false,Low attendance
10152,Amal Ranatunga,Male,Mathematics,81.27,64.37,20,0,false,true,false,Low attendance
10488,Sashini Dias,Female,Biology,81.28,58.04,19,0,false,true,false,Low attendance
8570,Kusal Peiris,Male,Biology,81.28,63.41,24,0,false,true,false,Low attendance
8394,Amal Gunawardena,Male,Computer Science,81.28,64.1,16,0,false,true,false,Low attendance
6484,Ishani Perera,Female,Physics,81.28,64.53,18,0,false,true,false,Low attendance
4459,Rashmi Silva,Female,Physics,81.29,59.96,18,0,false,true,false,Low attendance
7705,Nadeesha Ekanayake,Female,Mathematics,81.3,59.46,17,0,false,true,false,Low attendance
10525,Shehan Jayasinghe,Male,Biology,81.3,61.75,24,0,false,true,false,Low attendance
6828,Piumi Madushanka,Female,Biology,81.3,62.71,22,0,false,true,false,Low attendance
9177,Madhavi Fernando,Female,Biology,81.31,60.02,23,0,false,true,false,Low attendance
4894,Ishani Perera,Female,Computer Science,81.31,62.63,24,0,false,true,false,Low attendance
9270,Shehan Fernando,Male,Computer Science,81.31,64.8,19,0,false,true,false,Low attendance
1483,Jay Jackson,Male,Physics,81.32,57.31,23,0,false,true,false,Low attendance
1149,Larry Cooper,Female,Physics,81.32,58.6,25,0,false,true,false,Low attendance
9867,Amal Peiris,Male,Biology,81.32,62.27,21,0,false,true,false,Low attendance
1382,Nicole Blake,Female,Mathematics,81.32,63.25,19,0,false,true,false,Low attendance
1989,Joseph Young,Male,Biology,81.32,63.42,20,0,false,true,false,Low attendance
8775,Naveen Dias,Male,Mathematics,81.33,61.44,19,0,false,true,false,Low attendance
10136,Ayesh Dias,Male,Physics,81.33,63.77,21,0,false,true,false,Low attendance
5366,Dilini Abeysekera,Female,Biology,81.33,63.8,23,0,false,true,false,Low attendance
10423,Kasun Gunawardena,Male,Mathematics,81.33,64.62,21,0,false,true,false,Low attendance
10200,Ayesh Herath,Male,Computer Science,81.34,62.04,18,0,false,true,false,Low attendance
1435,Scott Petersen,Female,Biology,81.34,62.08,22,0,false,true,false,Low attendance
10654,Hiruni Herath,Female,Biology,81.34,62.47,23,0,false,true,false,Low attendance
2777,Troy White,Male,Physics,81.34,62.57,19,0,false,true,false,Low attendance
1775,Blake Perkins,Male,Physics,81.35,59.67,19,0,false,true,false,Low attendance
2667,Bobby Harvey,Female,Mathematics,81.35,60.24,20,0,false,true,false,Low attendance
4810,Amandi Abeysekera,Female,Biology,81.35,61.24,21,0,false,true,false,Low attendance
10645,Kasun Madushanka,Male,Physics,81.35,61.3,22,0,false,true,false,Low attendance
3838,Tharushi Ranatunga,Female,Biology,81.35,62.23,19,0,false,true,false,Low attendance
2534,Nathaniel Lopez,Male,Biology,81.35,63.45,23,0,false,true,false,Low attendance
8379,Supun Ranatunga,Male,Computer Science,81.35,64.13,21,0,false,true,false,Low attendance
5311,Ishara Ranatunga,Male,Biology,81.36,62.17,17,0,false,true,false,Low attendance
6128,Nethmi Senanayake,Female,Computer Science,81.36,62.7,18,0,false,true,false,Low attendance
8997,Sahan Fernando,Male,Physics,81.36,63.82,20,0,false,true,false,Low attendance
9816,Shehan Gunawardena,Male,Biology,81.36,64.06,21,0,false,true,false,Low attendance
2225,Patricia Velasquez,Male,Physics,81.36,64.77,21,0,false,true,false,Low attendance
1246,Ralph Orozco,Male,Mathematics,81.37,63.46,22,0,false,true,false,Low attendance
7593,Kusal Fernando,Male,Physics,81.38,58.41,19,0,false,true,false,Low attendance
10360,Shehan Ranatunga,Male,Mathematics,81.38,58.48,21,0,false,true,false,Low attendance
6105,Naveen Peiris,Male,Mathematics,81.38,59.33,19,0,false,true,false,Low attendance
8492,Ravindu Fernando,Male,Physics,81.38,59.55,25,0,false,true,false,Low attendance
8428,Rashmi Madushanka,Female,Biology,81.38,62.53,23,0,false,true,false,Low attendance
5720,Rashmi Jayasinghe,Female,Physics,81.38,63.04,21,0,false,true,false,Low attendance
7280,Sahan Dias,Male,Biology,81.38,64.44,21,0,false,true,false,Low attendance
3687,Sashini Perera,Female,Biology,81.39,59.04,21,0,false,true,false,Low attendance
3868,Rashmi Gunawardena,Female,Computer Science,81.39,60.66,20,0,false,true,false,Low attendance
2735,John Gonzalez,Female,Mathematics,81.39,62.04,23,0,false,true,false,Low attendance
9415,Rashmi Peiris,Female,Mathematics,81.4,56.82,20,0,false,true,false,Low attendance
6869,Tharindu Rajapaksha,Male,Computer Science,81.4,59.59,20,0,false,true,false,Low attendance
1914,Steven Rocha,Female,Physics,81.4,64.08,22,0,false,true,false,Low attendance
1903,Rose Johnson,Female,Physics,81.4,64.74,20,0,false,true,false,Low attendance
2968,Cesar Montoya,Male,Computer Science,81.41,59.2,22,0,false,true,false,Low attendance
8331,Dilini Wijesinghe,Female,Physics,81.41,59.74,20,0,false,true,false,Low attendance
9075,Rashmi Herath,Female,Computer Science,81.41,61.04,16,0,false,true,false,Low attendance
9180,Dilini Perera,Female,Computer Science,81.42,55.55,22,0,false,true,false,Low attendance
10986,Kasun Fernando,Male,Physics,81.42,61.22,23,0,false,true,false,Low attendance
7251,Dilini Silva,Female,Mathematics,81.42,62.47,17,0,false,true,false,Low attendance
5969,Nimal Wijesinghe,Male,Physics,81.42,63.88,21,0,false,true,false,Low attendance
7483,Dilini Jayasinghe,Female,Mathematics,81.43,57.82,19,0,false,true,false,Low attendance
4090,Tharushi Ekanayake,Female,Biology,81.43,60.92,22,0,false,true,false,Low attendance
3061,Tharindu Abeysekera,Male,Biology,81.43,61.51,19,0,false,true,false,Low attendance
7190,Hiruni Jayasinghe,Female,Mathematics,81.44,62.83,21,0,false,true,false,Low attendance
6086,Ravindu Senanayake,Male,Physics,81.44,63.3,19,0,false,true,false,Low attendance
3147,Supun Perera,Male,Biology,81.44,64.73,22,0,false,true,false,Low attendance
10783,Lahiru Ranatunga,Male,Physics,81.44,64.91,17,0,false,true,false,Low attendance
2295,Steven Hale,Female,Computer Science,81.45,57.45,24,0,false,true,false,Low attendance
6505,Hiruni Jayasinghe,Female,Mathematics,81.45,58.07,23,0,false,true,false,Low attendance
10585,Kasun Madushanka,Male,Mathematics,81.45,59.46,23,0,false,true,false,Low attendance
7795,Ayesh Senanayake,Male,Physics,81.45,61.79,19,0,false,true,false,Low attendance
7850,Kavindi Dias,Female,Physics,81.45,62.9,20,0,false,true,false,Low attendance
1202,Ashley Patterson,Female,Physics,81.45,62.93,22,0,false,true,false,Low attendance
3566,Sachini Herath,Female,Computer Science,81.45,63.96,21,0,false,true,false,Low attendance
7436,Madhavi Abeysekera,Female,Physics,81.45,64.49,20,0,false,true,false,Low attendance
7378,Chamara Rajapaksha,Male,Computer Science,81.46,61.27,23,0,false,true,false,Low attendance
8973,Kavindi Jayasinghe,Female,Biology,81.46,64.03,18,0,false,true,false,Low attendance
3896,Amandi Ranatunga,Female,Physics,81.47,56.46,20,0,false,true,false,Low attendance
10169,Shehan Senanayake,Male,Computer Science,81.47,58.57,20,0,false,true,false,Low attendance
7922,Dilini Fernando,Female,Biology,81.47,58.83,25,0,false,true,false,Low attendance
6034,Madhavi Silva,Female,Mathematics,81.47,61.03,19,0,false,true,false,Low attendance
5329,Ravindu Fernando,Male,Biology,81.47,61.56,26,0,false,true,false,Low attendance
5512,Amal Gunawardena,Male,Biology,81.47,63.06,20,0,false,true,false,Low attendance
4337,Naveen Dias,Male,Mathematics,81.47,63.32,18,0,false,true,false,Low attendance
7009,Tharindu Peiris,Male,Mathematics,81.47,63.54,18,0,false,true,false,Low attendance
9722,Kusal Perera,Male,Physics,81.47,64.64,20,0,false,true,false,Low attendance
8458,Sahan Abeysekera,Male,Physics,81.48,60.68,16,0,false,true,false,Low attendance
7675,Ayesh Gunawardena,Male,Mathematics,81.49,54.4,17,0,false,true,false,Low attendance
8676,Tharushi Madushanka,Female,Biology,81.49,58.58,22,0,false,true,false,Low attendance
3593,Hiruni Silva,Female,Physics,81.49,59.99,21,0,false,true,false,Low attendance
4449,Kasun Dias,Male,Computer Science,81.49,60.46,17,0,false,true,false,Low attendance
10869,Amal Senanayake,Male,Biology,81.49,61.58,19,0,false,true,false,Low attendance
1672,James Jones,Female,Mathematics,81.49,63.32,21,0,false,true,false,Low attendance
3658,Nethmi Abeysekera,Female,Biology,81.49,63.67,20,0,false,true,false,Low attendance
9552,Kasun Madushanka,Male,Biology,81.49,63.79,17,0,false,true,false,Low attendance
7599,Nethmi Ranatunga,Female,Physics,81.5,61.7,22,0,false,true,false,Low attendance
5795,Naveen Jayasinghe,Male,Computer Science,81.5,61.95,24,0,false,true,false,Low attendance
4109,Supun Fernando,Male,Biology,81.5,64.29,22,0,false,true,false,Low attendance
9543,Nethmi Abeysekera,Female,Biology,81.51,58.73,22,0,false,true,false,Low attendance
5011,Dinithi Dias,Female,Biology,81.51,61.01,20,0,false,true,false,Low attendance
2720,Laura Ellis,Male,Physics,81.51,62.86,20,0,false,true,false,Low attendance
6005,Nethmi Silva,Female,Computer Science,81.51,63.31,20,0,false,true,false,Low attendance
9792,Sashini Ranatunga,Female,Computer Science,81.51,63.43,24,0,false,true,false,Low attendance
8501,Amandi Jayasinghe,Female,Mathematics,81.51,63.62,17,0,false,true,false,Low attendance
8441,Tharindu Rajapaksha,Male,Biology,81.51,63.69,22,0,false,true,false,Low attendance
5778,Ishani Wijesinghe,Female,Physics,81.51,63.97,21,0,false,true,false,Low attendance
4796,Nimal Abeysekera,Male,Computer Science,81.52,58.42,20,0,false,true,false,Low attendance
5288,Ravindu Senanayake,Male,Physics,81.52,60.02,18,0,false,true,false,Low attendance
3968,Sanduni Gunawardena,Female,Mathematics,81.52,63.19,19,0,false,true,false,Low attendance
8064,Sachini Ekanayake,Female,Biology,81.52,63.39,20,0,false,true,false,Low attendance
2409,Raven Zuniga,Female,Biology,81.52,63.45,20,0,false,true,false,Low attendance
7330,Madhavi Ranatunga,Female,Mathematics,81.52,64.26,18,0,false,true,false,Low attendance
4056,Ishara Ekanayake,Male,Mathematics,81.53,60.38,24,0,false,true,false,Low attendance
3068,Tharushi Silva,Female,Biology,81.53,60.64,21,0,false,true,false,Low attendance
7244,Ishani Jayasinghe,Female,Physics,81.53,61.05,21,0,false,true,false,Low attendance
3918,Dilini Rajapaksha,Female,Biology,81.53,61.22,17,0,false,true,false,Low attendance
3662,Amandi Dias,Female,Biology,81.53,62.02,22,0,false,true,false,Low attendance
9339,Sashini Fernando,Female,Biology,81.53,62.52,20,0,false,true,false,Low attendance
5810,Naveen Wijesinghe,Male,Computer Science,81.54,60.16,21,0,false,true,false,Low attendance
6275,Hiruni Ranatunga,Female,Biology,81.54,61.43,21,0,false,true,false,Low attendance
9338,Nethmi Jayasinghe,Female,Computer Science,81.54,64.71,18,0,false,true,false,Low attendance
10895,Shehan Herath,Male,Mathematics,81.54,64.74,16,0,false,true,false,Low attendance
9599,Ayesh Wijesinghe,Male,Biology,81.55,61.66,17,0,false,true,false,Low attendance
4659,Tharushi Abeysekera,Female,Biology,81.55,62.03,20,0,false,true,false,Low attendance
9644,Supun Gunawardena,Male,Physics,81.55,63.9,24,0,false,true,false,Low attendance
2966,Jeffery Clark,Female,Physics,81.56,57.26,21,0,false,true,false,Low attendance
8514,Tharushi Wijesinghe,Female,Biology,81.56,62.11,22,0,false,true,false,Low attendance
10748,Ishara Dias,Male,Mathematics,81.56,62.21,15,0,false,true,false,Low attendance
5297,Kavindi Peiris,Female,Computer Science,81.56,64.9,22,0,false,true,false,Low attendance
3047,Ayesh Silva,Male,Mathematics,81.57,58.27,24,0,false,true,false,Low attendance
4135,Piumi Silva,Female,Physics,81.57,59.63,20,0,false,true,false,Low attendance
8869,Dilan Gunawardena,Male,Physics,81.57,60.82,22,0,false,true,false,Low attendance
7695,Kasun Gunawardena,Male,Mathematics,81.57,62.67,22,0,false,true,false,Low attendance
1436,Robert Meyers,Female,Computer Science,81.57,62.91,20,0,false,true,false,Low attendance
2359,Dawn West,Female,Physics,81.57,63.53,17,0,false,true,false,Low attendance
9341,Dinithi Silva,Female,Physics,81.57,64.31,19,0,false,true,false,Low attendance
7109,Chamara Madushanka,Male,Biology,81.58,61.2,19,0,false,true,false,Low attendance
10132,Dilini Ranatunga,Female,Physics,81.58,61.48,17,0,false,true,false,Low attendance
9795,Ishara Dias,Male,Biology,81.58,62.49,19,0,false,true,false,Low attendance
6033,Supun Rajapaksha,Male,Physics,81.58,62.97,16,0,false,true,false,Low attendance
4081,Tharindu Abeysekera,Male,Physics,81.58,64.22,22,0,false,true,false,Low attendance
8812,Madhavi Herath,Female,Physics,81.59,61.86,20,0,false,true,false,Low attendance
3635,Supun Senanayake,Male,Computer Science,81.59,64.01,23,0,false,true,false,Low attendance
3821,Amandi Peiris,Female,Physics,81.6,56.96,17,0,false,true,false,Low attendance
5550,Hiruni Wijesinghe,Female,Physics,81.6,60.51,16,0,false,true,false,Low attendance
6543,Kasun Silva,Male,Mathematics,81.6,60.78,18,0,false,true,false,Low attendance
8178,Tharindu Ranatunga,Male,Physics,81.6,61.34,19,0,false,true,false,Low attendance
2091,Heather Johnson,Male,Computer Science,81.6,63.31,20,0,false,true,false,Low attendance
5189,Nadeesha Silva,Female,Physics,81.6,63.86,20,0,false,true,false,Low attendance
9466,Ishara Herath,Male,Physics,81.6,64.73,23,0,false,true,false,Low attendance
6035,Amandi Peiris,Female,Biology,81.61,58.71,22,0,false,true,false,Low attendance
6787,Nadeesha Perera,Female,Computer Science,81.61,58.86,21,0,false,true,false,Low attendance
6331,Supun Gunawardena,Male,Physics,81.61,62.52,18,0,false,true,false,Low attendance
2089,Benjamin Williams,Male,Physics,81.61,62.53,20,0,false,true,false,Low attendance
9828,Madhavi Senanayake,Female,Mathematics,81.61,64.04,19,0,false,true,false,Low attendance
5521,Ayesh Ranatunga,Male,Mathematics,81.61,64.23,17,0,false,true,false,Low attendance
7197,Piumi Rajapaksha,Female,Physics,81.62,59.85,21,0,false,true,false,Low attendance
5242,Kusal Herath,Male,Computer Science,81.62,59.86,23,0,false,true,false,Low attendance
6546,Sashini Peiris,Female,Mathematics,81.62,60.25,25,0,false,true,false,Low attendance
7410,Tharindu Dias,Male,Biology,81.62,61.3,21,0,false,true,false,Low attendance
2556,Sarah David,Female,Mathematics,81.62,61.4,15,0,false,true,false,Low attendance
8699,Madhavi Perera,Female,Mathematics,81.62,61.44,20,0,false,true,false,Low attendance
4950,Supun Rajapaksha,Male,Physics,81.62,64.53,19,0,false,true,false,Low attendance
2215,Mark Collier,Female,Mathematics,81.63,60.87,22,0,false,true,false,Low attendance
8465,Sashini Gunawardena,Female,Physics,81.63,64.45,20,0,false,true,false,Low attendance
10122,Ishara Ekanayake,Male,Computer Science,81.64,55.37,21,0,false,true,false,Low attendance
3783,Nethmi Rajapaksha,Female,Physics,81.64,59.43,20,0,false,true,false,Low attendance
7026,Lahiru Perera,Male,Physics,81.64,60.93,18,0,false,true,false,Low attendance
6842,Hiruni Fernando,Female,Mathematics,81.64,63.05,17,0,false,true,false,Low attendance
4536,Kavindi Ekanayake,Female,Mathematics,81.64,63.05,17,0,false,true,false,Low attendance
4227,Amal Wijesinghe,Male,Physics,81.64,63.49,17,0,false,true,false,Low attendance
7724,Kavindi Fernando,Female,Biology,81.64,63.65,27,0,false,true,false,Low attendance
2180,Tyler Mclaughlin,Female,Mathematics,81.64,64.64,18,0,false,true,false,Low attendance
3037,Sashini Peiris,Female,Mathematics,81.64,64.7,19,0,false,true,false,Low attendance
7258,Nethmi Abeysekera,Female,Physics,81.65,56.79,16,0,false,true,false,Low attendance
3056,Naveen Perera,Male,Biology,81.65,60.92,23,0,false,true,false,Low attendance
8259,Kavindi Peiris,Female,Physics,81.65,62.38,22,0,false,true,false,Low attendance
10747,Rashmi Perera,Female,Physics,81.65,63.74,19,0,false,true,false,Low attendance
9783,Dilan Herath,Male,Computer Science,81.65,63.9,22,0,false,true,false,Low attendance
7504,Shehan Herath,Male,Computer Science,81.66,59.0,20,0,false,true,false,Low attendance
4575,Nadeesha Perera,Female,Biology,81.66,59.71,21,0,false,true,false,Low attendance
1295,Dale Neal,Female,Computer Science,81.66,63.1,19,0,false,true,false,Low attendance
3064,Tharindu Herath,Male,Computer Science,81.67,62.67,19,0,false,true,false,Low attendance
5056,Supun Herath,Male,Mathematics,81.68,58.86,21,0,false,true,false,Low attendance
2891,Angel Glass,Male,Computer Science,81.68,60.14,21,0,false,true,false,Low attendance
10626,Hiruni Peiris,Female,Mathematics,81.68,62.34,14,0,false,true,false,Low attendance
8471,Tharindu Madushanka,Male,Computer Science,81.68,63.06,26,0,false,true,false,Low attendance
1833,David Cannon,Female,Physics,81.69,56.88,22,0,false,true,false,Low attendance
7632,Rashmi Ranatunga,Female,Computer Science,81.69,63.63,18,0,false,true,false,Low attendance
9066,Kavindi Fernando,Female,Computer Science,81.69,64.03,21,0,false,true,false,Low attendance
6227,Nethmi Fernando,Female,Computer Science,81.7,63.42,18,0,false,true,false,Low attendance
1562,Austin Lee,Female,Computer Science,81.71,61.32,21,0,false,true,false,Low attendance
10957,Sashini Gunawardena,Female,Computer Science,81.71,62.26,23,0,false,true,false,Low attendance
6192,Nadeesha Perera,Female,Mathematics,81.72,54.06,22,0,false,true,false,Low attendance
7414,Rashmi Madushanka,Female,Computer Science,81.72,57.11,21,0,false,true,false,Low attendance
1441,Billy Thomas,Female,Computer Science,81.72,59.33,21,0,false,true,false,Low attendance
7387,Dinithi Abeysekera,Female,Biology,81.72,61.28,23,0,false,true,false,Low attendance
4430,Chamara Fernando,Male,Physics,81.72,63.31,18,0,false,true,false,Low attendance
7342,Dilini Ranatunga,Female,Computer Science,81.72,64.79,20,0,false,true,false,Low attendance
7384,Dilan Fernando,Male,Physics,81.73,57.19,25,0,false,true,false,Low attendance
2762,Bonnie Blake,Female,Physics,81.73,58.98,22,0,false,true,false,Low attendance
2936,Rachel Cooper,Female,Physics,81.73,61.26,21,0,false,true,false,Low attendance
7020,Lahiru Gunawardena,Male,Biology,81.73,63.38,21,0,false,true,false,Low attendance
10579,Tharindu Ranatunga,Male,Mathematics,81.74,56.53,20,0,false,true,false,Low attendance
1862,Wesley Castillo,Female,Biology,81.74,61.71,24,0,false,true,false,Low attendance
5370,Amal Senanayake,Male,Biology,81.74,63.16,24,0,false,true,false,Low attendance
8629,Rashmi Dias,Female,Physics,81.74,63.91,22,0,false,true,false,Low attendance
3457,Ayesh Ekanayake,Male,Biology,81.74,63.96,24,0,false,true,false,Low attendance
4844,Dilan Senanayake,Male,Biology,81.75,53.7,19,0,false,true,false,Low attendance
7989,Tharushi Gunawardena,Female,Biology,81.75,60.17,21,0,false,true,false,Low attendance
10410,Sachini Abeysekera,Female,Biology,81.76,57.55,23,0,false,true,false,Low attendance
8810,Tharushi Rajapaksha,Female,Mathematics,81.76,58.64,18,0,false,true,false,Low attendance
8017,Dilan Wijesinghe,Male,Physics,81.76,59.9,23,0,false,true,false,Low attendance
4550,Naveen Abeysekera,Male,Computer Science,81.76,63.76,14,0,false,true,false,Low attendance
10756,Sashini Senanayake,Female,Biology,81.76,63.88,20,0,false,true,false,Low attendance
9350,Ravindu Senanayake,Male,Physics,81.77,57.6,24,0,false,true,false,Low attendance
5492,Kusal Wijesinghe,Male,Physics,81.77,58.21,20,0,false,true,false,Low attendance
7604,Tharindu Ranatunga,Male,Physics,81.77,61.03,21,0,false,true,false,Low attendance
6494,Lahiru Fernando,Male,Physics,81.77,63.47,23,0,false,true,false,Low attendance
5578,Hiruni Wijesinghe,Female,Physics,81.77,63.98,22,0,false,true,false,Low attendance
8654,Piumi Abeysekera,Female,Biology,81.77,64.87,22,0,false,true,false,Low attendance
2824,Ebony Chen,Female,Physics,81.77,64.95,26,0,false,true,false,Low attendance
7317,Kusal Silva,Male,Mathematics,81.78,58.53,20,0,false,true,false,Low attendance
3366,Tharushi Gunawardena,Female,Biology,81.79,62.33,22,0,false,true,false,Low attendance
7902,Kusal Silva,Male,Physics,81.79,63.64,19,0,false,true,false,Low attendance
1945,Misty Gardner,Male,Biology,81.79,63.99,20,0,false,true,false,Low attendance
7206,Chamara Wijesinghe,Male,Mathematics,81.8,63.02,19,0,false,true,false,Low attendance
8899,Ravindu Fernando,Male,Mathematics,81.81,61.68,22,0,false,true,false,Low attendance
1686,Holly Hutchinson,Female,Physics,81.81,62.12,22,0,false,true,false,Low attendance
6339,Ishani Ekanayake,Female,Biology,81.82,60.42,21,0,false,true,false,Low attendance
6335,Kusal Herath,Male,Physics,81.82,62.77,22,0,false,true,false,Low attendance
8060,Tharushi Silva,Female,Biology,81.82,63.3,18,0,false,true,false,Low attendance
9468,Rashmi Ranatunga,Female,Physics,81.82,64.02,23,0,false,true,false,Low attendance
3870,Nethmi Ekanayake,Female,Computer Science,81.83,60.39,25,0,false,true,false,Low attendance
8256,Sahan Wijesinghe,Male,Computer Science,81.83,60.91,22,0,false,true,false,Low attendance
6343,Shehan Herath,Male,Mathematics,81.83,61.46,17,0,false,true,false,Low attendance
10856,Kasun Herath,Male,Mathematics,81.83,61.51,20,0,false,true,false,Low attendance
3219,Hiruni Rajapaksha,Female,Computer Science,81.83,62.35,19,0,false,true,false,Low attendance
3625,Kasun Madushanka,Male,Biology,81.83,64.05,20,0,false,true,false,Low attendance
1376,Elizabeth Brown,Female,Biology,81.84,55.12,23,0,false,true,false,Low attendance
6382,Sachini Peiris,Female,Computer Science,81.84,59.17,18,0,false,true,false,Low attendance
1417,Ryan Holmes,Female,Physics,81.84,60.91,21,0,false,true,false,Low attendance
6994,Ayesh Senanayake,Male,Mathematics,81.84,63.09,18,0,false,true,false,Low attendance
3329,Hiruni Senanayake,Female,Physics,81.84,64.23,19,0,false,true,false,Low attendance
8243,Sahan Gunawardena,Male,Physics,81.85,60.77,20,0,false,true,false,Low attendance
4349,Madhavi Perera,Female,Computer Science,81.85,64.24,24,0,false,true,false,Low attendance
8233,Tharushi Perera,Female,Physics,81.85,64.91,19,0,false,true,false,Low attendance
4816,Kasun Abeysekera,Male,Computer Science,81.87,58.39,22,0,false,true,false,Low attendance
4792,Kavindi Perera,Female,Computer Science,81.87,62.33,23,0,false,true,false,Low attendance
8460,Kavindi Ranatunga,Female,Computer Science,81.87,62.79,22,0,false,true,false,Low attendance
10672,Rashmi Peiris,Female,Physics,81.87,64.78,22,0,false,true,false,Low attendance
2842,Kristie Henderson,Female,Biology,81.88,58.4,20,0,false,true,false,Low attendance
2603,Rebecca Jimenez,Male,Computer Science,81.88,61.17,20,0,false,true,false,Low attendance
5756,Sahan Abeysekera,Male,Physics,81.88,61.87,18,0,false,true,false,Low attendance
5513,Ravindu Ekanayake,Male,Mathematics,81.88,63.84,17,0,false,true,false,Low attendance
2086,Danielle Atkinson,Female,Computer Science,81.89,61.32,21,0,false,true,false,Low attendance
7138,Piumi Peiris,Female,Physics,81.89,62.47,18,0,false,true,false,Low attendance
2510,Alexander Williams,Female,Computer Science,81.89,63.66,23,0,false,true,false,Low attendance
9590,Ravindu Fernando,Male,Physics,81.89,64.02,20,0,false,true,false,Low attendance
10159,Supun Peiris,Male,Mathematics,81.89,64.37,20,0,false,true,false,Low attendance
3724,Dilini Jayasinghe,Female,Biology,81.9,57.09,16,0,false,true,false,Low attendance
2099,Valerie Beck,Female,Biology,81.9,59.15,15,0,false,true,false,Low attendance
4489,Supun Ekanayake,Male,Computer Science,81.9,63.73,22,0,false,true,false,Low attendance
6757,Sahan Ekanayake,Male,Physics,81.91,56.82,20,0,false,true,false,Low attendance
8898,Nimal Fernando,Male,Biology,81.91,62.61,20,0,false,true,false,Low attendance
9918,Tharindu Ekanayake,Male,Computer Science,81.91,64.88,23,0,false,true,false,Low attendance
9473,Naveen Herath,Male,Computer Science,81.91,64.88,21,0,false,true,false,Low attendance
5767,Ishani Peiris,Female,Biology,81.92,61.86,19,0,false,true,false,Low attendance
8711,Tharindu Fernando,Male,Physics,81.92,62.59,19,0,false,true,false,Low attendance
4877,Sachini Madushanka,Female,Computer Science,81.93,55.16,19,0,false,true,false,Low attendance
7455,Sashini Herath,Female,Computer Science,81.93,58.22,19,0,false,true,false,Low attendance
7945,Ishara Silva,Male,Physics,81.93,62.28,24,0,false,true,false,Low attendance
2042,Steven Flores,Male,Computer Science,81.94,56.33,19,0,false,true,false,Low attendance
5498,Amal Gunawardena,Male,Computer Science,81.94,63.22,16,0,false,true,false,Low attendance
6205,Chamara Peiris,Male,Computer Science,81.94,63.52,21,0,false,true,false,Low attendance
5818,Amandi Abeysekera,Female,Biology,81.94,63.8,20,0,false,true,false,Low attendance
9863,Ayesh Ekanayake,Male,Biology,81.94,63.92,21,0,false,true,false,Low attendance
2473,Joseph Hahn,Female,Physics,81.94,64.79,18,0,false,true,false,Low attendance
6114,Supun Dias,Male,Computer Science,81.95,59.7,21,0,false,true,false,Low attendance
5310,Ishara Ranatunga,Male,Physics,81.95,61.99,22,0,false,true,false,Low attendance
7865,Supun Rajapaksha,Male,Mathematics,81.96,58.98,23,0,false,true,false,Low attendance
6775,Kasun Herath,Male,Computer Science,81.96,62.72,23,0,false,true,false,Low attendance
1748,Brittany Young,Male,Biology,81.96,63.34,20,0,false,true,false,Low attendance
8375,Amandi Jayasinghe,Female,Physics,81.96,63.71,18,0,false,true,false,Low attendance
1675,Brianna Dyer,Female,Physics,81.97,61.23,18,0,false,true,false,Low attendance
6570,Piumi Gunawardena,Female,Physics,81.97,63.15,24,0,false,true,false,Low attendance
1334,Kelly Wallace,Female,Physics,81.97,64.33,24,0,false,true,false,Low attendance
10718,Nethmi Perera,Female,Mathematics,81.98,59.84,21,0,false,true,false,Low attendance
5022,Sanduni Jayasinghe,Female,Computer Science,81.98,60.34,21,0,false,true,false,Low attendance
8033,Sahan Fernando,Male,Physics,81.98,63.96,22,0,false,true,false,Low attendance
3636,Ishara Rajapaksha,Male,Mathematics,81.99,61.08,20,0,false,true,false,Low attendance
9878,Dinithi Wijesinghe,Female,Physics,81.99,63.01,20,0,false,true,false,Low attendance
8007,Sahan Ranatunga,Male,Mathematics,81.99,63.95,21,0,false,true,false,Low attendance
10714,Nethmi Dias,Female,Physics,82.0,59.98,18,0,false,true,false,Low attendance
9036,Kasun Wijesinghe,Male,Mathematics,82.0,61.36,19,0,false,true,false,Low attendance
5217,Sachini Silva,Female,Biology,82.0,63.42,14,0,false,true,false,Low attendance
8051,Madhavi Madushanka,Female,Physics,82.0,63.92,21,0,false,true,false,Low attendance
2530,David Anthony,Male,Computer Science,82.0,64.34,25,0,false,true,false,Low attendance
2607,Todd Fuller,Male,Biology,82.01,62.28,23,0,false,true,false,Low attendance
3130,Amal Gunawardena,Male,Biology,82.01,62.85,23,0,false,true,false,Low attendance
10998,Chamara Ranatunga,Male,Mathematics,82.01,62.86,20,0,false,true,false,Low attendance
7970,Kasun Rajapaksha,Male,Biology,82.01,63.46,19,0,false,true,false,Low attendance
9818,Ravindu Herath,Male,Physics,82.01,64.28,19,0,false,true,false,Low attendance
5384,Ayesh Ranatunga,Male,Physics,82.02,59.54,25,0,false,true,false,Low attendance
3270,Lahiru Gunawardena,Male,Physics,82.02,60.6,24,0,false,true,false,Low attendance
3430,Sashini Rajapaksha,Female,Biology,82.02,61.17,20,0,false,true,false,Low attendance
5490,Piumi Jayasinghe,Female,Physics,82.02,64.13,19,0,false,true,false,Low attendance
9453,Amal Ekanayake,Male,Mathematics,82.02,64.3,21,0,false,true,false,Low attendance
6754,Sahan Dias,Male,Physics,82.02,64.43,21,0,false,true,false,Low attendance
7123,Ishani Perera,Female,Biology,82.03,58.45,19,0,false,true,false,Low attendance
2728,David Wood,Female,Mathematics,82.04,59.09,20,0,false,true,false,Low attendance
8147,Amandi Gunawardena,Female,Computer Science,82.04,61.72,20,0,false,true,false,Low attendance
6177,Madhavi Ekanayake,Female,Biology,82.04,62.51,20,0,false,true,false,Low attendance
9313,Sashini Herath,Female,Biology,82.06,58.74,25,0,false,true,false,Low attendance
5122,Nimal Silva,Male,Computer Science,82.06,60.89,20,0,false,true,false,Low attendance
6380,Nadeesha Ekanayake,Female,Computer Science,82.06,61.0,24,0,false,true,false,Low attendance
5433,Dilan Wijesinghe,Male,Physics,82.06,61.4,20,0,false,true,false,Low attendance
8352,Nadeesha Jayasinghe,Female,Mathematics,82.06,64.05,23,0,false,true,false,Low attendance
3824,Amandi Ekanayake,Female,Physics,82.07,62.51,19,0,false,true,false,Low attendance
9277,Hiruni Gunawardena,Female,Computer Science,82.07,63.15,21,0,false,true,false,Low attendance
7754,Sashini Peiris,Female,Biology,82.07,63.22,21,0,false,true,false,Low attendance
2582,Derrick Thornton,Male,Physics,82.08,57.96,22,0,false,true,false,Low attendance
5532,Lahiru Perera,Male,Biology,82.08,59.09,19,0,false,true,false,Low attendance
3829,Lahiru Jayasinghe,Male,,82.08,63.77,22,0,false,true,false,Low attendance
4827,Dinithi Fernando,Female,Mathematics,82.08,63.87,21,0,false,true,false,Low attendance
3766,Kusal Peiris,Male,Mathematics,82.08,64.19,21,0,false,true,false,Low attendance
1415,Jessica Drake,Male,Computer Science,82.08,64.78,23,0,false,true,false,Low attendance
9766,Ravindu Ranatunga,Male,Biology,82.09,59.34,19,0,false,true,false,Low attendance
1266,Steven Smith,Male,Mathematics,82.09,59.69,21,0,false,true,false,Low attendance
6201,Ishani Rajapaksha,Female,Biology,82.09,61.37,24,0,false,true,false,Low attendance
6762,Sahan Herath,Male,Physics,82.09,61.43,27,0,false,true,false,Low attendance
2188,Jeffrey Pollard,Male,Physics,82.09,64.15,22,0,false,true,false,Low attendance
7824,Sachini Perera,Female,Physics,82.1,57.39,19,0,false,true,false,Low attendance
3741,Piumi Ranatunga,Female,Computer Science,82.1,60.62,18,0,false,true,false,Low attendance
5282,Nadeesha Ranatunga,Female,Mathematics,82.1,60.91,18,0,false,true,false,Low attendance
1207,Charles Gonzalez,Male,Computer Science,82.1,62.73,24,0,false,true,false,Low attendance
7481,Dinithi Perera,Female,Computer Science,82.1,63.1,18,0,false,true,false,Low attendance
7101,Rashmi Rajapaksha,Female,Biology,82.11,58.48,21,0,false,true,false,Low attendance
7084,Ishani Herath,Female,Physics,82.11,60.2,19,0,false,true,false,Low attendance
10409,Sashini Silva,Female,Mathematics,82.11,61.77,20,0,false,true,false,Low attendance
10979,Kavindi Wijesinghe,Female,Biology,82.11,62.01,24,0,false,true,false,Low attendance
3813,Sahan Gunawardena,Male,Biology,82.11,63.2,24,0,false,true,false,Low attendance
2604,George Solis,Male,Computer Science,82.12,60.42,24,0,false,true,false,Low attendance
7646,Madhavi Peiris,Female,Biology,82.13,57.49,23,0,false,true,false,Low attendance
1648,Michael Orr,Male,Mathematics,82.13,59.04,18,0,false,true,false,Low attendance
5713,Kasun Dias,Male,Mathematics,82.13,62.3,18,0,false,true,false,Low attendance
2228,Laura Wilkinson,Female,Physics,82.13,64.56,20,0,false,true,false,Low attendance
9463,Ravindu Fernando,Male,Computer Science,82.14,57.35,21,0,false,true,false,Low attendance
6863,Sashini Wijesinghe,Female,Mathematics,82.14,60.09,16,0,false,true,false,Low attendance
9218,Madhavi Ekanayake,Female,Mathematics,82.16,60.12,20,0,false,true,false,Low attendance
5699,Amandi Jayasinghe,Female,Computer Science,82.16,61.1,21,0,false,true,false,Low attendance
9257,Ayesh Peiris,Male,Computer Science,82.16,62.92,18,0,false,true,false,Low attendance
5301,Rashmi Jayasinghe,Female,Biology,82.16,63.02,18,0,false,true,false,Low attendance
9483,Ishani Ekanayake,Female,Computer Science,82.16,63.54,21,0,false,true,false,Low attendance
4036,Supun Peiris,Male,Computer Science,82.16,63.73,21,0,false,true,false,Low attendance
9480,Sachini Ranatunga,Female,Mathematics,82.17,59.77,20,0,false,true,false,Low attendance
2281,Victoria Gonzalez,Male,Physics,82.17,59.78,19,0,false,true,false,Low attendance
9665,Lahiru Ranatunga,Male,Biology,82.17,60.63,23,0,false,true,false,Low attendance
4652,Sashini Perera,Female,Computer Science,82.17,60.64,19,0,false,true,false,Low attendance
2626,Valerie Lyons,Male,Biology,82.17,63.54,26,0,false,true,false,Low attendance
9414,Sahan Ranatunga,Male,Computer Science,82.17,63.6,20,0,false,true,false,Low attendance
5664,Tharindu Ekanayake,Male,Computer Science,82.17,64.21,21,0,false,true,false,Low attendance
10738,Sashini Peiris,Female,Physics,82.17,64.6,19,0,false,true,false,Low attendance
6032,Dilini Herath,Female,Computer Science,82.18,59.77,18,0,false,true,false,Low attendance
2172,Amanda Smith,Male,Biology,82.18,60.99,20,0,false,true,false,Low attendance
3468,Piumi Silva,Female,Physics,82.19,60.29,25,0,false,true,false,Low attendance
6517,Ishani Ranatunga,Female,Mathematics,82.19,60.73,16,0,false,true,false,Low attendance
2927,Sharon Mitchell,Female,Biology,82.19,61.57,22,0,false,true,false,Low attendance
8417,Amal Ranatunga,Male,Physics,82.19,62.31,25,0,false,true,false,Low attendance
7409,Madhavi Madushanka,Female,Physics,82.19,62.51,23,0,false,true,false,Low attendance
2529,Shelby Robinson,Female,Computer Science,82.19,62.71,19,0,false,true,false,Low attendance
9274,Ishani Gunawardena,Female,Computer Science,82.19,63.96,19,0,false,true,false,Low attendance
7255,Nethmi Perera,Female,Computer Science,82.19,64.29,16,0,false,true,false,Low attendance
1747,Eric Watson,Female,Biology,82.2,62.21,22,0,false,true,false,Low attendance
10168,Ravindu Abeysekera,Male,Biology,82.2,63.21,25,0,false,true,false,Low attendance
5118,Ishani Ranatunga,Female,Computer Science,82.2,63.99,21,0,false,true,false,Low attendance
7368,Kasun Perera,Male,Mathematics,82.21,61.67,21,0,false,true,false,Low attendance
2176,Timothy Norman,Male,Mathematics,82.21,61.77,24,0,false,true,false,Low attendance
10230,Lahiru Fernando,Male,Computer Science,82.21,61.85,20,0,false,true,false,Low attendance
10479,Dilini Ekanayake,Female,Biology,82.21,62.54,23,0,false,true,false,Low attendance
7725,Sanduni Herath,Female,Physics,82.21,63.59,26,0,false,true,false,Low attendance
6316,Sanduni Ranatunga,Female,Physics,82.22,58.35,22,0,false,true,false,Low attendance
10191,Dilini Peiris,Female,Physics,82.23,59.95,20,0,false,true,false,Low attendance
2834,Lauren Martinez,Female,Mathematics,82.23,62.09,20,0,false,true,false,Low attendance
7884,Kusal Wijesinghe,Male,Physics,82.23,62.87,20,0,false,true,false,Low attendance
6633,Piumi Peiris,Female,Biology,82.23,63.2,22,0,false,true,false,Low attendance
5029,Tharushi Ekanayake,Female,Biology,82.24,62.1,21,0,false,true,false,Low attendance
6070,Sachini Abeysekera,Female,Mathematics,82.24,62.61,18,0,false,true,false,Low attendance
7161,Shehan Madushanka,Male,Computer Science,82.24,64.21,21,0,false,true,false,Low attendance
1885,Denise Wolf,Male,Biology,82.24,64.41,20,0,false,true,false,Low attendance
2126,Sandra Winters,Male,Computer Science,82.26,62.97,21,0,false,true,false,Low attendance
4318,Sanduni Silva,Female,Biology,82.26,63.49,21,0,false,true,false,Low attendance
10688,Kavindi Ranatunga,Female,Biology,82.26,63.68,24,0,false,true,false,Low attendance
9967,Kasun Herath,Male,Computer Science,82.27,57.49,21,0,false,true,false,Low attendance
1732,Phillip Cherry,Female,Physics,82.27,59.34,20,0,false,true,false,Low attendance
6297,Dinithi Abeysekera,Female,Biology,82.27,61.67,18,0,false,true,false,Low attendance
8307,Sachini Senanayake,Female,Mathematics,82.27,63.77,16,0,false,true,false,Low attendance
9848,Shehan Rajapaksha,Male,Computer Science,82.28,62.33,22,0,false,true,false,Low attendance
2821,Jose Davis,Male,Mathematics,82.28,62.53,18,0,false,true,false,Low attendance
4620,Sashini Jayasinghe,Female,Physics,82.28,63.43,23,0,false,true,false,Low attendance
7134,Madhavi Herath,Female,Physics,82.29,54.65,22,0,false,true,false,Low attendance
9905,Sahan Herath,Male,Mathematics,82.29,59.45,17,0,false,true,false,Low attendance
9841,Kavindi Jayasinghe,Female,Mathematics,82.29,60.29,18,0,false,true,false,Low attendance
10068,Ravindu Gunawardena,Male,Mathematics,82.29,60.39,19,0,false,true,false,Low attendance
1572,Kathleen Anderson,Male,Mathematics,82.29,63.77,18,0,false,true,false,Low attendance
1241,Gina Murray,Female,Mathematics,82.3,58.58,24,0,false,true,false,Low attendance
3514,Nethmi Madushanka,Female,Physics,82.3,61.62,24,0,false,true,false,Low attendance
3871,Ayesh Gunawardena,Male,,82.3,63.5,22,0,false,true,false,Low attendance
2890,Joseph Henry,Female,Mathematics,82.32,63.46,21,0,false,true,false,Low attendance
6026,Sashini Silva,Female,Biology,82.32,64.35,19,0,false,true,false,Low attendance
10617,Hiruni Gunawardena,Female,Mathematics,82.32,64.5,22,0,false,true,false,Low attendance
10462,Dilini Jayasinghe,Female,Physics,82.32,64.55,20,0,false,true,false,Low attendance
1605,Ryan Jackson,Male,Physics,82.33,59.86,22,0,false,true,false,Low attendance
3884,Naveen Perera,Male,Physics,82.33,62.34,20,0,false,true,false,Low attendance
3803,Amandi Dias,Female,Physics,82.33,63.73,26,0,false,true,false,Low attendance
7049,Sashini Jayasinghe,Female,Mathematics,82.34,59.33,21,0,false,true,false,Low attendance
9195,Amandi Dias,Female,Physics,82.35,58.67,18,0,false,true,false,Low attendance
3663,Madhavi Wijesinghe,Female,Computer Science,82.35,59.18,18,0,false,true,false,Low attendance
5283,Ayesh Madushanka,Male,Biology,82.35,60.67,23,0,false,true,false,Low attendance
4084,Lahiru Silva,Male,Physics,82.35,61.1,23,0,false,true,false,Low attendance
7191,Ravindu Jayasinghe,Male,Physics,82.35,61.31,19,0,false,true,false,Low attendance
8909,Naveen Ekanayake,Male,Mathematics,82.36,60.62,20,0,false,true,false,Low attendance
9004,Shehan Madushanka,Male,Biology,82.36,64.84,26,0,false,true,false,Low attendance
9224,Sachini Rajapaksha,Female,Computer Science,82.37,60.36,19,0,false,true,false,Low attendance
3418,Ravindu Senanayake,Male,Mathematics,82.37,60.83,20,0,false,true,false,Low attendance
5278,Nadeesha Gunawardena,Female,Physics,82.38,60.3,23,0,false,true,false,Low attendance
6785,Dilini Perera,Female,Computer Science,82.38,63.16,21,0,false,true,false,Low attendance
6871,Lahiru Fernando,Male,Biology,82.38,63.83,23,0,false,true,false,Low attendance
1305,Peter Jennings,Female,Computer Science,82.39,60.66,25,0,false,true,false,Low attendance
4983,Sashini Abeysekera,Female,Mathematics,82.39,61.11,22,0,false,true,false,Low attendance
4434,Naveen Silva,Male,Physics,82.39,63.06,20,0,false,true,false,Low attendance
10319,Ishani Ekanayake,Female,Mathematics,82.39,63.9,19,0,false,true,false,Low attendance
2113,Robyn Williams,Male,Mathematics,82.4,54.8,17,0,false,true,false,Low attendance
5185,Dinithi Peiris,Female,Computer Science,82.4,56.12,25,0,false,true,false,Low attendance
1484,Gabriel Bailey,Female,Physics,82.4,61.77,20,0,false,true,false,Low attendance
10610,Amandi Jayasinghe,Female,Biology,82.41,59.98,21,0,false,true,false,Low attendance
7682,Sachini Madushanka,Female,Computer Science,82.41,62.31,22,0,false,true,false,Low attendance
3979,Dinithi Dias,Female,Physics,82.41,62.69,25,0,false,true,false,Low attendance
6807,Supun Rajapaksha,Male,Mathematics,82.41,62.93,21,0,false,true,false,Low attendance
9641,Hiruni Gunawardena,Female,Physics,82.41,63.84,19,0,false,true,false,Low attendance
5750,Dilini Peiris,Female,Physics,82.42,59.8,23,0,false,true,false,Low attendance
5244,Dilan Perera,Male,Computer Science,82.42,60.29,25,0,false,true,false,Low attendance
1346,Regina Perez,Male,Mathematics,82.42,60.36,22,0,false,true,false,Low attendance
2646,Joshua Williams,Male,Computer Science,82.42,61.06,20,0,false,true,false,Low attendance
9062,Rashmi Dias,Female,Computer Science,82.43,60.49,27,0,false,true,false,Low attendance
5978,Amandi Rajapaksha,Female,Biology,82.43,62.77,26,0,false,true,false,Low attendance
6957,Sashini Ekanayake,Female,Mathematics,82.43,63.2,21,0,false,true,false,Low attendance
8978,Nethmi Rajapaksha,Female,Computer Science,82.43,64.82,15,0,false,true,false,Low attendance
9080,Chamara Senanayake,Male,Computer Science,82.44,58.75,22,0,false,true,false,Low attendance
4789,Amal Perera,Male,Mathematics,82.44,62.56,19,0,false,true,false,Low attendance
2984,Valerie Berg,Female,Mathematics,82.45,60.89,17,0,false,true,false,Low attendance
10562,Naveen Peiris,Male,Computer Science,82.45,61.7,17,0,false,true,false,Low attendance
3202,Sachini Ranatunga,Female,Biology,82.46,62.63,20,0,false,true,false,Low attendance
1702,Sierra Kane,Female,Computer Science,82.46,64.26,22,0,false,true,false,Low attendance
1231,William Hall,Male,Mathematics,82.47,54.67,20,0,false,true,false,Low attendance
2649,Michael Garcia,Female,Biology,82.47,60.26,19,0,false,true,false,Low attendance
5173,Kasun Gunawardena,Male,Computer Science,82.47,61.11,23,0,false,true,false,Low attendance
2782,Lee Watson,Female,Physics,82.47,61.53,23,0,false,true,false,Low attendance
4546,Ravindu Madushanka,Male,Computer Science,82.47,64.06,21,0,false,true,false,Low attendance
3397,Kusal Ranatunga,Male,Biology,82.47,64.12,23,0,false,true,false,Low attendance
3751,Nethmi Silva,Female,Mathematics,82.47,64.72,19,0,false,true,false,Low attendance
1617,Patty Fry,Male,Mathematics,82.49,61.05,25,0,false,true,false,Low attendance
9208,Ishara Madushanka,Male,Mathematics,82.49,64.43,19,0,false,true,false,Low attendance
8794,Amandi Silva,Female,Computer Science,82.5,61.97,17,0,false,true,false,Low attendance
2350,Melanie Doyle,Male,Mathematics,82.5,62.69,24,0,false,true,false,Low attendance
2412,James Valdez,Female,Mathematics,82.5,64.04,18,0,false,true,false,Low attendance
8745,Kavindi Ranatunga,Female,Computer Science,82.5,64.7,20,0,false,true,false,Low attendance
5499,Naveen Silva,Male,Mathematics,82.51,63.0,21,0,false,true,false,Low attendance
7071,Sahan Senanayake,Male,Mathematics,82.51,64.73,17,0,false,true,false,Low attendance
4617,Sashini Peiris,Female,Physics,82.52,57.15,25,0,false,true,false,Low attendance
4830,Shehan Perera,Male,Biology,82.52,63.31,23,0,false,true,false,Low attendance
6361,Kusal Gunawardena,Male,Computer Science,82.53,57.22,20,0,false,true,false,Low attendance
7585,Sanduni Peiris,Female,Biology,82.53,61.68,18,0,false,true,false,Low attendance
7334,Kusal Rajapaksha,Male,Physics,82.53,61.99,21,0,false,true,false,Low attendance
3819,Ravindu Herath,Male,Physics,82.53,63.86,24,0,false,true,false,Low attendance
3503,Hiruni Senanayake,Female,Biology,82.53,63.96,22,0,false,true,false,Low attendance
5303,Piumi Ekanayake,Female,Biology,82.54,57.85,20,0,false,true,false,Low attendance
2900,William Edwards,Female,Physics,82.54,60.37,25,0,false,true,false,Low attendance
9439,Sachini Ekanayake,Female,Mathematics,82.54,63.12,21,0,false,true,false,Low attendance
7546,Ishani Dias,Female,Biology,82.55,58.63,20,0,false,true,false,Low attendance
6110,Sanduni Gunawardena,Female,Mathematics,82.55,61.76,23,0,false,true,false,Low attendance
4984,Kasun Gunawardena,Male,Computer Science,82.55,62.38,18,0,false,true,false,Low attendance
5783,Sashini Wijesinghe,Female,Computer Science,82.55,62.94,21,0,false,true,false,Low attendance
3029,Hiruni Wijesinghe,Female,Computer Science,82.55,63.89,19,0,false,true,false,Low attendance
6796,Piumi Silva,Female,Mathematics,82.55,64.44,19,0,false,true,false,Low attendance
4244,Tharindu Abeysekera,Male,Mathematics,82.55,64.45,15,0,false,true,false,Low attendance
5050,Ayesh Peiris,Male,Physics,82.56,55.77,17,0,false,true,false,Low attendance
9954,Sahan Ranatunga,Male,Mathematics,82.56,61.34,18,0,false,true,false,Low attendance
10677,Kasun Madushanka,Male,Physics,82.56,62.27,19,0,false,true,false,Low attendance
2975,Marc Mora,Female,Biology,82.56,62.81,20,0,false,true,false,Low attendance
6300,Amal Senanayake,Male,Computer Science,82.56,62.82,21,0,false,true,false,Low attendance
2390,Melissa Waller,Female,Mathematics,82.57,60.46,18,0,false,true,false,Low attendance
6354,Dinithi Silva,Female,Mathematics,82.57,60.72,21,0,false,true,false,Low attendance
1604,Gina Choi,Female,Mathematics,82.57,63.13,21,0,false,true,false,Low attendance
2991,Ana Saunders,Male,Mathematics,82.57,63.85,20,0,false,true,false,Low attendance
5838,Amal Ranatunga,Male,Physics,82.58,57.62,16,0,false,true,false,Low attendance
2749,Tiffany Collins,Male,Biology,82.58,62.95,23,0,false,true,false,Low attendance
7841,Ishani Wijesinghe,Female,Mathematics,82.58,63.38,16,0,false,true,false,Low attendance
1541,Cathy Davis,Female,Computer Science,82.59,61.6,22,0,false,true,false,Low attendance
1011,Monica Ray,Male,Computer Science,82.59,63.29,22,0,false,true,false,Low attendance
2512,Jamie Jones,Male,Mathematics,82.59,64.6,20,0,false,true,false,Low attendance
10082,Sachini Rajapaksha,Female,Physics,82.59,64.61,20,0,false,true,false,Low attendance
2833,Jimmy Peters,Male,Physics,82.6,61.58,19,0,false,true,false,Low attendance
4912,Lahiru Herath,Male,Computer Science,82.6,62.97,19,0,false,true,false,Low attendance
8841,Ayesh Jayasinghe,Male,Computer Science,82.6,63.73,22,0,false,true,false,Low attendance
7159,Sashini Gunawardena,Female,Biology,82.6,64.67,22,0,false,true,false,Low attendance
2070,Monica Rodriguez,Male,Mathematics,82.61,59.51,20,0,false,true,false,Low attendance
1252,James Harris,Male,Physics,82.61,63.26,21,0,false,true,false,Low attendance
8382,Shehan Wijesinghe,Male,Mathematics,82.62,61.72,17,0,false,true,false,Low attendance
8257,Amandi Dias,Female,Physics,82.62,63.03,22,0,false,true,false,Low attendance
7112,Sashini Silva,Female,Computer Science,82.62,63.7,22,0,false,true,false,Low attendance
9601,Dilan Madushanka,Male,Biology,82.65,64.91,18,0,false,true,false,Low attendance
7014,Tharindu Wijesinghe,Male,Physics,82.67,59.29,26,0,false,true,false,Low attendance
6571,Sashini Madushanka,Female,Biology,82.67,62.28,22,0,false,true,false,Low attendance
6124,Shehan Rajapaksha,Male,Computer Science,82.67,64.11,22,0,false,true,false,Low attendance
4781,Ishani Jayasinghe,Female,Computer Science,82.67,64.6,21,0,false,true,false,Low attendance
6292,Ishara Peiris,Male,Mathematics,82.68,60.6,21,0,false,true,false,Low attendance
9251,Dilini Senanayake,Female,Mathematics,82.68,63.34,24,0,false,true,false,Low attendance
5211,Sashini Peiris,Female,Physics,82.68,64.64,18,0,false,true,false,Low attendance
3398,Hiruni Dias,Female,Computer Science,82.69,63.49,20,0,false,true,false,Low attendance
7399,Dinithi Ranatunga,Female,Computer Science,82.7,56.57,19,0,false,true,false,Low attendance
5212,Sahan Senanayake,Male,Computer Science,82.7,60.83,20,0,false,true,false,Low attendance
10057,Ayesh Senanayake,Male,Physics,82.7,61.71,24,0,false,true,false,Low attendance
8041,Sachini Peiris,Female,Biology,82.7,62.92,15,0,false,true,false,Low attendance
2137,Lindsay Carroll,Male,Computer Science,82.71,63.46,20,0,false,true,false,Low attendance
3286,Sachini Madushanka,Female,Physics,82.71,64.63,18,0,false,true,false,Low attendance
1456,Tyler Murray,Female,Biology,82.71,64.96,20,0,false,true,false,Low attendance
4153,Kusal Senanayake,Male,Mathematics,82.72,57.56,23,0,false,true,false,Low attendance
2808,Joseph Hart,Male,Computer Science,82.72,58.95,18,0,false,true,false,Low attendance
6864,Dilan Abeysekera,Male,Mathematics,82.72,61.47,19,0,false,true,false,Low attendance
4012,Ravindu Herath,Male,Mathematics,82.72,63.01,19,0,false,true,false,Low attendance
4833,Madhavi Silva,Female,Mathematics,82.72,63.27,24,0,false,true,false,Low attendance
3776,Kasun Jayasinghe,Male,Physics,82.72,63.33,25,0,false,true,false,Low attendance
6702,Tharushi Abeysekera,Female,Biology,82.73,60.59,20,0,false,true,false,Low attendance
6797,Sahan Silva,Male,Mathematics,82.73,61.43,20,0,false,true,false,Low attendance
10042,Nimal Jayasinghe,Male,Physics,82.73,63.08,18,0,false,true,false,Low attendance
3888,Shehan Ranatunga,Male,Computer Science,82.73,64.43,22,0,false,true,false,Low attendance
5054,Piumi Madushanka,Female,Physics,82.74,51.24,19,0,false,true,false,Low attendance
7440,Tharindu Peiris,Male,Biology,82.74,62.32,19,0,false,true,false,Low attendance
6499,Shehan Gunawardena,Male,Computer Science,82.74,64.94,21,0,false,true,false,Low attendance
4294,Rashmi Peiris,Female,Biology,82.75,58.83,19,0,false,true,false,Low attendance
3985,Supun Fernando,Male,Computer Science,82.75,64.32,25,0,false,true,false,Low attendance
2226,Samuel Moyer,Male,Computer Science,82.75,64.61,22,0,false,true,false,Low attendance
4629,Madhavi Abeysekera,Female,Biology,82.76,61.71,21,0,false,true,false,Low attendance
4814,Sashini Fernando,Female,Biology,82.76,61.87,25,0,false,true,false,Low attendance
10157,Dilini Madushanka,Female,Computer Science,82.76,64.82,22,0,false,true,false,Low attendance
10340,Sahan Silva,Male,Biology,82.77,57.05,17,0,false,true,false,Low attendance
7094,Ravindu Madushanka,Male,Biology,82.77,59.99,23,0,false,true,false,Low attendance
3695,Ravindu Jayasinghe,Male,Computer Science,82.77,64.47,23,0,false,true,false,Low attendance
2427,David Taylor,Male,Mathematics,82.79,62.03,18,0,false,true,false,Low attendance
9705,Dilini Fernando,Female,Physics,82.79,64.46,19,0,false,true,false,Low attendance
7260,Supun Jayasinghe,Male,Physics,82.79,64.62,16,0,false,true,false,Low attendance
3271,Madhavi Abeysekera,Female,Computer Science,82.8,58.88,19,0,false,true,false,Low attendance
6291,Naveen Fernando,Male,Computer Science,82.8,63.03,23,0,false,true,false,Low attendance
7160,Kasun Ekanayake,Male,Biology,82.81,59.79,17,0,false,true,false,Low attendance
8155,Tharushi Dias,Female,Mathematics,82.81,61.23,19,0,false,true,false,Low attendance
9425,Madhavi Gunawardena,Female,Physics,82.81,61.6,21,0,false,true,false,Low attendance
10897,Tharindu Perera,Male,Computer Science,82.82,59.33,20,0,false,true,false,Low attendance
6649,Kusal Ekanayake,Male,Physics,82.82,64.08,20,0,false,true,false,Low attendance
9258,Nadeesha Jayasinghe,Female,Biology,82.82,64.76,22,0,false,true,false,Low attendance
4511,Nadeesha Madushanka,Female,Computer Science,82.83,58.98,18,0,false,true,false,Low attendance
6444,Ishani Ranatunga,Female,Biology,82.83,59.94,24,0,false,true,false,Low attendance
10383,Shehan Wijesinghe,Male,Mathematics,82.83,61.79,20,0,false,true,false,Low attendance
9179,Tharushi Fernando,Female,Physics,82.84,57.55,20,0,false,true,false,Low attendance
1809,Frank Rodriguez,Female,Biology,82.84,59.83,23,0,false,true,false,Low attendance
5428,Dilan Ekanayake,Male,Physics,82.84,61.3,21,0,false,true,false,Low attendance
10633,Kusal Rajapaksha,Male,Mathematics,82.84,63.76,17,0,false,true,false,Low attendance
6195,Naveen Madushanka,Male,Biology,82.85,58.78,24,0,false,true,false,Low attendance
7498,Nimal Ekanayake,Male,Biology,82.85,61.22,18,0,false,true,false,Low attendance
3628,Ishara Rajapaksha,Male,Physics,82.85,61.81,23,0,false,true,false,Low attendance
7572,Kusal Senanayake,Male,Mathematics,82.85,63.39,20,0,false,true,false,Low attendance
8244,Chamara Rajapaksha,Male,Physics,82.85,64.02,23,0,false,true,false,Low attendance
9137,Kasun Perera,Male,Biology,82.86,59.28,23,0,false,true,false,Low attendance
9717,Kusal Perera,Male,Biology,82.86,61.57,22,0,false,true,false,Low attendance
7351,Piumi Dias,Female,Physics,82.86,61.78,20,0,false,true,false,Low attendance
7470,Piumi Silva,Female,Computer Science,82.86,62.69,23,0,false,true,false,Low attendance
1372,Krista Hull,Female,Physics,82.86,63.38,23,0,false,true,false,Low attendance
5289,Nethmi Fernando,Female,Physics,82.86,63.97,19,0,false,true,false,Low attendance
3277,Rashmi Abeysekera,Female,Computer Science,82.87,63.1,27,0,false,true,false,Low attendance
1350,Maurice Robinson,Female,Biology,82.87,63.11,20,0,false,true,false,Low attendance
6071,Dilini Ranatunga,Female,Biology,82.87,64.23,27,0,false,true,false,Low attendance
1316,Andrew Butler,Female,Biology,82.87,64.39,23,0,false,true,false,Low attendance
4580,Kusal Madushanka,Male,Physics,82.88,56.62,17,0,false,true,false,Low attendance
2193,Teresa Cruz,Female,Biology,82.89,57.93,25,0,false,true,false,Low attendance
9320,Shehan Fernando,Male,Computer Science,82.89,59.89,23,0,false,true,false,Low attendance
3316,Sahan Silva,Male,Computer Science,82.89,60.74,18,0,false,true,false,Low attendance
6747,Supun Peiris,Male,Mathematics,82.89,62.58,20,0,false,true,false,Low attendance
8893,Chamara Perera,Male,Computer Science,82.9,54.42,21,0,false,true,false,Low attendance
3785,Tharushi Peiris,Female,Computer Science,82.92,57.16,21,0,false,true,false,Low attendance
2092,Evan Hall,Female,Computer Science,82.92,62.97,23,0,false,true,false,Low attendance
10111,Lahiru Senanayake,Male,Physics,82.93,59.36,20,0,false,true,false,Low attendance
9965,Lahiru Perera,Male,Physics,82.93,62.49,22,0,false,true,false,Low attendance
6469,Chamara Rajapaksha,Male,Physics,82.93,64.38,21,0,false,true,false,Low attendance
5208,Ishara Dias,Male,Computer Science,82.93,64.4,22,0,false,true,false,Low attendance
8910,Ishara Herath,Male,Biology,82.94,61.66,21,0,false,true,false,Low attendance
4116,Naveen Ranatunga,Male,Computer Science,82.94,62.45,22,0,false,true,false,Low attendance
9479,Dilan Senanayake,Male,Biology,82.94,62.59,19,0,false,true,false,Low attendance
2133,Sara Smith,Female,Biology,82.94,64.22,27,0,false,true,false,Low attendance
7417,Sashini Gunawardena,Female,Mathematics,82.95,58.2,24,0,false,true,false,Low attendance
2574,Jason Roman,Female,Mathematics,82.95,63.04,19,0,false,true,false,Low attendance
10001,Kasun Rajapaksha,Male,Biology,82.95,64.1,22,0,false,true,false,Low attendance
2479,Christopher Roth,Female,Physics,82.95,64.17,18,0,false,true,false,Low attendance
5305,Chamara Peiris,Male,Physics,82.96,62.36,21,0,false,true,false,Low attendance
3767,Naveen Rajapaksha,Male,Biology,82.97,61.39,19,0,false,true,false,Low attendance
1661,Charles Mcguire,Male,Biology,82.97,62.34,17,0,false,true,false,Low attendance
4923,Ayesh Wijesinghe,Male,Biology,82.97,63.37,23,0,false,true,false,Low attendance
4515,Naveen Gunawardena,Male,Mathematics,82.97,64.33,21,0,false,true,false,Low attendance
10781,Nimal Madushanka,Male,Biology,82.98,61.77,20,0,false,true,false,Low attendance
8093,Piumi Madushanka,Female,Mathematics,82.99,57.84,20,0,false,true,false,Low attendance
4375,Sahan Madushanka,Male,Mathematics,82.99,60.3,22,0,false,true,false,Low attendance
7407,Supun Herath,Male,Mathematics,82.99,64.13,22,0,false,true,false,Low attendance
4667,Madhavi Madushanka,Female,Biology,83.0,61.4,15,0,false,true,false,Low attendance
1447,Evelyn Parker,Male,Biology,83.01,60.42,19,0,false,true,false,Low attendance
4845,Naveen Abeysekera,Male,Biology,83.01,61.59,21,0,false,true,false,Low attendance
5955,Piumi Senanayake,Female,Computer Science,83.01,62.67,18,0,false,true,false,Low attendance
3500,Hiruni Herath,Female,Mathematics,83.02,61.69,22,0,false,true,false,Low attendance
9610,Nadeesha Gunawardena,Female,Mathematics,83.02,64.43,21,0,false,true,false,Low attendance
9815,Naveen Abeysekera,Male,Computer Science,83.03,58.18,22,0,false,true,false,Low attendance
1057,Christina Daniel,Male,Biology,83.03,62.15,27,0,false,true,false,Low attendance
4961,Kavindi Madushanka,Female,Computer Science,83.04,59.6,23,0,false,true,false,Low attendance
10199,Sanduni Silva,Female,Physics,83.04,64.52,23,0,false,true,false,Low attendance
10295,Sahan Madushanka,Male,Biology,83.04,64.64,20,0,false,true,false,Low attendance
1799,Kenneth Gomez,Male,Biology,83.04,64.8,20,0,false,true,false,Low attendance
9522,Shehan Dias,Male,Physics,83.05,62.68,21,0,false,true,false,Low attendance
2555,Joe Baker,Male,Mathematics,83.06,54.6,20,0,false,true,false,Low attendance
1949,Charles Thomas,Male,Computer Science,83.06,61.53,26,0,false,true,false,Low attendance
1645,Teresa Short,Female,Mathematics,83.06,62.57,21,0,false,true,false,Low attendance
5089,Tharindu Dias,Male,Computer Science,83.07,59.38,22,0,false,true,false,Low attendance
8656,Supun Madushanka,Male,Physics,83.07,59.79,16,0,false,true,false,Low attendance
4040,Nadeesha Perera,Female,Biology,83.07,64.14,21,0,false,true,false,Low attendance
7920,Nethmi Gunawardena,Female,Biology,83.08,56.52,22,0,false,true,false,Low attendance
10215,Amandi Dias,Female,Computer Science,83.08,58.3,19,0,false,true,false,Low attendance
6236,Sachini Herath,Female,Physics,83.08,59.01,20,0,false,true,false,Low attendance
1744,Todd Santiago,Female,Computer Science,83.08,59.5,18,0,false,true,false,Low attendance
2483,Rachel Harper,Female,Biology,83.08,62.42,24,0,false,true,false,Low attendance
8361,Hiruni Wijesinghe,Female,Computer Science,83.08,63.98,19,0,false,true,false,Low attendance
9264,Nadeesha Silva,Female,Physics,83.08,64.34,19,0,false,true,false,Low attendance
2862,Tracy Guerrero,Male,Biology,83.08,64.86,21,0,false,true,false,Low attendance
5033,Amandi Madushanka,Female,Computer Science,83.09,55.85,24,0,false,true,false,Low attendance
5381,Naveen Gunawardena,Male,Physics,83.09,62.07,17,0,false,true,false,Low attendance
6320,Sanduni Wijesinghe,Female,Computer Science,83.09,62.2,22,0,false,true,false,Low attendance
3264,Ayesh Gunawardena,Male,Computer Science,83.09,62.49,24,0,false,true,false,Low attendance
3048,Ishara Ekanayake,Male,Physics,83.09,64.25,20,0,false,true,false,Low attendance
1757,Tiffany Kelly,Male,Biology,83.1,60.18,16,0,false,true,false,Low attendance
9532,Ravindu Dias,Male,Physics,83.1,60.65,21,0,false,true,false,Low attendance
6438,Nadeesha Perera,Female,Mathematics,83.1,64.99,20,0,false,true,false,Low attendance
5811,Hiruni Peiris,Female,Mathematics,83.11,60.31,19,0,false,true,false,Low attendance
4850,Sahan Gunawardena,Male,Computer Science,83.11,61.04,16,0,false,true,false,Low attendance
7149,Lahiru Ekanayake,Male,Biology,83.12,61.81,22,0,false,true,false,Low attendance
2405,Melissa Garner,Female,Physics,83.12,63.35,28,0,false,true,false,Low attendance
3251,Tharushi Perera,Female,Mathematics,83.13,61.23,24,0,false,true,false,Low attendance
9884,Nimal Perera,Male,Biology,83.13,63.92,16,0,false,true,false,Low attendance
3412,Rashmi Abeysekera,Female,Computer Science,83.13,64.21,25,0,false,true,false,Low attendance
9250,Kasun Ekanayake,Male,Computer Science,83.13,64.38,22,0,false,true,false,Low attendance
10040,Naveen Rajapaksha,Male,Biology,83.13,64.73,21,0,false,true,false,Low attendance
9272,Kavindi Madushanka,Female,Mathematics,83.14,63.08,23,0,false,true,false,Low attendance
7069,Sashini Fernando,Female,Physics,83.14,63.17,21,0,false,true,false,Low attendance
6920,Sachini Ekanayake,Female,Biology,83.14,63.35,22,0,false,true,false,Low attendance
7391,Sanduni Madushanka,Female,Computer Science,83.14,63.49,24,0,false,true,false,Low attendance
2200,Jason Berry,Female,Biology,83.14,64.86,24,0,false,true,false,Low attendance
10073,Supun Perera,Male,Biology,83.15,57.8,22,0,false,true,false,Low attendance
5142,Lahiru Madushanka,Male,Computer Science,83.15,62.21,22,0,false,true,false,Low attendance
6089,Nadeesha Peiris,Female,Biology,83.15,62.63,20,0,false,true,false,Low attendance
8644,Rashmi Fernando,Female,Mathematics,83.15,64.02,20,0,false,true,false,Low attendance
9267,Sashini Jayasinghe,Female,Biology,83.16,63.11,21,0,false,true,false,Low attendance
3631,Kusal Silva,Male,Computer Science,83.16,63.78,25,0,false,true,false,Low attendance
1910,Cynthia Maxwell,Male,Computer Science,83.16,63.81,23,0,false,true,false,Low attendance
7362,Dilini Madushanka,Female,Mathematics,83.16,64.63,18,0,false,true,false,Low attendance
1079,Matthew Arnold,Female,Physics,83.17,59.02,22,0,false,true,false,Low attendance
2956,Chad Bell,Female,Physics,83.17,59.64,20,0,false,true,false,Low attendance
6625,Hiruni Fernando,Female,Physics,83.17,60.44,22,0,false,true,false,Low attendance
8306,Shehan Dias,Male,Biology,83.18,58.97,19,0,false,true,false,Low attendance
4887,Nadeesha Wijesinghe,Female,Computer Science,83.18,63.04,19,0,false,true,false,Low attendance
1273,Linda Gonzalez,Male,Physics,83.18,63.96,22,0,false,true,false,Low attendance
5735,Rashmi Jayasinghe,Female,Mathematics,83.19,62.42,18,0,false,true,false,Low attendance
1595,Gary Sullivan,Male,Computer Science,83.19,64.58,16,0,false,true,false,Low attendance
8052,Nadeesha Senanayake,Female,Computer Science,83.2,57.84,21,0,false,true,false,Low attendance
7562,Sachini Wijesinghe,Female,Biology,83.2,58.83,18,0,false,true,false,Low attendance
8474,Nadeesha Peiris,Female,Mathematics,83.2,61.19,19,0,false,true,false,Low attendance
2238,Arthur Horne,Female,Computer Science,83.2,63.74,21,0,false,true,false,Low attendance
3806,Rashmi Jayasinghe,Female,Physics,83.2,64.02,18,0,false,true,false,Low attendance
8418,Sanduni Wijesinghe,Female,Computer Science,83.2,64.99,22,0,false,true,false,Low attendance
9472,Kusal Peiris,Male,Computer Science,83.21,58.02,19,0,false,true,false,Low attendance
7282,Dilini Senanayake,Female,Computer Science,83.21,62.29,18,0,false,true,false,Low attendance
9807,Sashini Peiris,Female,Mathematics,83.22,62.63,16,0,false,true,false,Low attendance
4935,Nethmi Senanayake,Female,Physics,83.22,64.04,18,0,false,true,false,Low attendance
2601,Todd Leach,Female,Physics,83.23,54.47,16,0,false,true,false,Low attendance
10896,Hiruni Dias,Female,Computer Science,83.23,57.28,18,0,false,true,false,Low attendance
5858,Ravindu Abeysekera,Male,Mathematics,83.23,63.85,20,0,false,true,false,Low attendance
2517,Amanda Richardson,Male,Computer Science,83.24,62.38,22,0,false,true,false,Low attendance
8473,Sahan Senanayake,Male,Computer Science,83.25,56.39,17,0,false,true,false,Low attendance
3983,Dilini Rajapaksha,Female,Mathematics,83.25,59.81,21,0,false,true,false,Low attendance
7444,Madhavi Ranatunga,Female,Physics,83.25,60.21,21,0,false,true,false,Low attendance
6532,Kusal Madushanka,Male,Biology,83.25,61.22,24,0,false,true,false,Low attendance
2707,Teresa Miller,Female,Physics,83.25,62.3,19,0,false,true,false,Low attendance
8360,Ayesh Fernando,Male,Physics,83.25,62.32,21,0,false,true,false,Low attendance
3368,Nethmi Madushanka,Female,Physics,83.25,63.06,19,0,false,true,false,Low attendance
4841,Madhavi Abeysekera,Female,Biology,83.26,55.15,22,0,false,true,false,Low attendance
5315,Chamara Herath,Male,Biology,83.26,59.2,22,0,false,true,false,Low attendance
5501,Nimal Ekanayake,Male,Mathematics,83.26,59.93,23,0,false,true,false,Low attendance
5948,Amandi Dias,Female,Biology,83.27,57.12,21,0,false,true,false,Low attendance
6971,Naveen Jayasinghe,Male,Computer Science,83.27,57.54,16,0,false,true,false,Low attendance
7747,Sachini Abeysekera,Female,Mathematics,83.28,61.25,17,0,false,true,false,Low attendance
1608,Robert Johnson,Female,Mathematics,83.28,64.73,16,0,false,true,false,Low attendance
2182,Paul Anderson,Male,Physics,83.29,61.69,21,0,false,true,false,Low attendance
10621,Amandi Madushanka,Female,Biology,83.3,55.81,22,0,false,true,false,Low attendance
8016,Sachini Rajapaksha,Female,Mathematics,83.3,61.01,17,0,false,true,false,Low attendance
6946,Madhavi Herath,Female,Biology,83.3,61.39,24,0,false,true,false,Low attendance
9357,Dinithi Rajapaksha,Female,Computer Science,83.3,61.73,24,0,false,true,false,Low attendance
2268,James Sheppard,Female,Biology,83.3,63.27,22,0,false,true,false,Low attendance
4079,Ishani Peiris,Female,Computer Science,83.3,63.45,22,0,false,true,false,Low attendance
4946,Tharindu Abeysekera,Male,Physics,83.3,63.76,19,0,false,true,false,Low attendance
10555,Tharindu Ekanayake,Male,Biology,83.3,64.97,25,0,false,true,false,Low attendance
4314,Shehan Jayasinghe,Male,Physics,83.31,60.75,17,0,false,true,false,Low attendance
1249,Nancy Wallace,Female,Computer Science,83.31,62.85,21,0,false,true,false,Low attendance
9232,Dilan Jayasinghe,Male,Mathematics,83.31,63.55,20,0,false,true,false,Low attendance
4587,Kasun Abeysekera,Male,Computer Science,83.32,53.9,27,0,false,true,false,Low attendance
8788,Shehan Ranatunga,Male,Computer Science,83.32,60.7,17,0,false,true,false,Low attendance
2641,Jennifer Rogers,Female,Biology,83.32,62.62,17,0,false,true,false,Low attendance
5442,Madhavi Senanayake,Female,Computer Science,83.32,63.98,20,0,false,true,false,Low attendance
10877,Ishani Silva,Female,Computer Science,83.32,64.61,21,0,false,true,false,Low attendance
10320,Ishani Gunawardena,Female,Mathematics,83.33,63.62,17,0,false,true,false,Low attendance
10882,Dilini Silva,Female,Biology,83.34,59.1,22,0,false,true,false,Low attendance
4904,Ishani Ekanayake,Female,Mathematics,83.34,62.03,21,0,false,true,false,Low attendance
5126,Chamara Perera,Male,Mathematics,83.34,64.04,19,0,false,true,false,Low attendance
1535,Sheri Cooper,Female,Computer Science,83.34,64.24,17,0,false,true,false,Low attendance
9170,Tharindu Gunawardena,Male,Physics,83.35,57.26,20,0,false,true,false,Low attendance
1845,Caleb Jackson,Male,Computer Science,83.35,59.27,22,0,false,true,false,Low attendance
3280,Kavindi Dias,Female,Physics,83.35,62.48,21,0,false,true,false,Low attendance
3133,Madhavi Perera,Female,Physics,83.36,59.39,18,0,false,true,false,Low attendance
3749,Nethmi Perera,Female,Biology,83.36,60.0,21,0,false,true,false,Low attendance
2778,Christina Johnston,Male,Biology,83.36,60.35,21,0,false,true,false,Low attendance
4231,Hiruni Silva,Female,Physics,83.36,60.95,21,0,false,true,false,Low attendance
10131,Sachini Ekanayake,Female,Biology,83.37,62.16,21,0,false,true,false,Low attendance
3381,Naveen Abeysekera,Male,Computer Science,83.37,63.83,21,0,false,true,false,Low attendance
3750,Piumi Wijesinghe,Female,Computer Science,83.38,59.42,20,0,false,true,false,Low attendance
2623,Oscar Crawford,Female,Computer Science,83.38,62.29,20,0,false,true,false,Low attendance
5500,Sahan Madushanka,Male,Mathematics,83.38,62.88,18,0,false,true,false,Low attendance
6600,Kasun Fernando,Male,Physics,83.38,62.9,24,0,false,true,false,Low attendance
7935,Ishani Abeysekera,Female,Biology,83.38,63.52,23,0,false,true,false,Low attendance
7352,Ishani Perera,Female,Biology,83.38,64.9,19,0,false,true,false,Low attendance
2462,Matthew Warner,Female,Computer Science,83.39,59.88,23,0,false,true,false,Low attendance
6299,Chamara Dias,Male,Biology,83.39,60.6,23,0,false,true,false,Low attendance
2908,Brenda French,Female,Mathematics,83.4,61.55,19,0,false,true,false,Low attendance
5365,Chamara Senanayake,Male,Biology,83.4,61.98,21,0,false,true,false,Low attendance
7550,Supun Perera,Male,Biology,83.41,57.47,18,0,false,true,false,Low attendance
3083,Ishara Madushanka,Male,Physics,83.41,63.37,21,0,false,true,false,Low attendance
3533,Nethmi Peiris,Female,Mathematics,83.41,63.51,17,0,false,true,false,Low attendance
5430,Tharushi Dias,Female,Biology,83.42,59.18,23,0,false,true,false,Low attendance
2628,Charlotte Simmons,Male,Physics,83.43,64.48,27,0,false,true,false,Low attendance
4264,Dilan Fernando,Male,Mathematics,83.44,62.16,15,0,false,true,false,Low attendance
3184,Kusal Ranatunga,Male,Mathematics,83.45,60.74,22,0,false,true,false,Low attendance
7476,Sanduni Dias,Female,Computer Science,83.45,61.09,18,0,false,true,false,Low attendance
3680,Hiruni Rajapaksha,Female,Mathematics,83.46,57.46,18,0,false,true,false,Low attendance
3796,Shehan Herath,Male,Mathematics,83.46,58.12,21,0,false,true,false,Low attendance
8103,Ravindu Fernando,Male,Computer Science,83.46,59.74,24,0,false,true,false,Low attendance
6017,Kasun Ekanayake,Male,Mathematics,83.46,61.79,20,0,false,true,false,Low attendance
5115,Sahan Jayasinghe,Male,Computer Science,83.46,61.82,23,0,false,true,false,Low attendance
7375,Sashini Wijesinghe,Female,Biology,83.46,64.66,20,0,false,true,false,Low attendance
2564,Joshua Massey,Female,Computer Science,83.47,59.18,19,0,false,true,false,Low attendance
4094,Rashmi Peiris,Female,Biology,83.48,58.17,23,0,false,true,false,Low attendance
10353,Dilan Herath,Male,Biology,83.48,62.88,24,0,false,true,false,Low attendance
2110,Amanda Williams,Male,Physics,83.49,60.38,19,0,false,true,false,Low attendance
10108,Naveen Abeysekera,Male,Computer Science,83.49,63.27,19,0,false,true,false,Low attendance
2414,Susan Cox,Male,Biology,83.5,59.19,23,0,false,true,false,Low attendance
2934,Danielle Ward,Female,Physics,83.5,63.21,20,0,false,true,false,Low attendance
6795,Sashini Senanayake,Female,Computer Science,83.5,63.62,19,0,false,true,false,Low attendance
3681,Kusal Peiris,Male,Mathematics,83.5,64.6,21,0,false,true,false,Low attendance
1239,Nicholas Weaver,Female,Biology,83.5,64.61,19,0,false,true,false,Low attendance
1027,John Evans,Male,Mathematics,83.5,64.77,21,0,false,true,false,Low attendance
3696,Piumi Gunawardena,Female,Physics,83.51,57.6,20,0,false,true,false,Low attendance
5059,Naveen Gunawardena,Male,Biology,83.51,59.88,22,0,false,true,false,Low attendance
9577,Kasun Fernando,Male,Computer Science,83.51,64.26,22,0,false,true,false,Low attendance
5869,Dilini Rajapaksha,Female,Biology,83.52,56.55,22,0,false,true,false,Low attendance
7516,Ishara Madushanka,Male,Computer Science,83.52,60.19,22,0,false,true,false,Low attendance
10933,Tharindu Jayasinghe,Male,Biology,83.53,59.42,19,0,false,true,false,Low attendance
2946,Scott Martin,Female,Mathematics,83.53,63.47,17,0,false,true,false,Low attendance
6766,Sachini Ekanayake,Female,Mathematics,83.54,61.22,16,0,false,true,false,Low attendance
10124,Nimal Fernando,Male,Biology,83.54,63.47,22,0,false,true,false,Low attendance
1796,Brent Huynh,Female,Computer Science,83.55,63.09,27,0,false,true,false,Low attendance
5395,Shehan Madushanka,Male,Computer Science,83.55,63.91,21,0,false,true,false,Low attendance
7201,Nimal Ranatunga,Male,Mathematics,83.56,61.31,18,0,false,true,false,Low attendance
7881,Nimal Herath,Male,Physics,83.56,61.79,20,0,false,true,false,Low attendance
5170,Amandi Abeysekera,Female,Mathematics,83.57,61.69,19,0,false,true,false,Low attendance
9332,Naveen Herath,Male,Mathematics,83.57,61.97,18,0,false,true,false,Low attendance
5573,Hiruni Senanayake,Female,Mathematics,83.57,64.83,19,0,false,true,false,Low attendance
10315,Dilan Fernando,Male,Physics,83.58,64.32,22,0,false,true,false,Low attendance
4022,Dilan Madushanka,Male,Biology,83.58,64.58,25,0,false,true,false,Low attendance
10255,Hiruni Ekanayake,Female,Physics,83.59,62.04,22,0,false,true,false,Low attendance
8231,Kavindi Gunawardena,Female,Computer Science,83.59,63.15,19,0,false,true,false,Low attendance
4365,Sanduni Abeysekera,Female,Mathematics,83.59,63.25,18,0,false,true,false,Low attendance
3587,Kasun Peiris,Male,Physics,83.59,63.69,23,0,false,true,false,Low attendance
10951,Sashini Peiris,Female,Biology,83.6,57.42,23,0,false,true,false,Low attendance
7209,Sahan Rajapaksha,Male,Physics,83.6,58.36,22,0,false,true,false,Low attendance
7642,Nethmi Senanayake,Female,Mathematics,83.61,62.71,20,0,false,true,false,Low attendance
1878,Tara Neal,Female,Computer Science,83.62,61.57,20,0,false,true,false,Low attendance
10290,Shehan Gunawardena,Male,Mathematics,83.62,62.85,20,0,false,true,false,Low attendance
9746,Nadeesha Ranatunga,Female,Biology,83.62,64.1,25,0,false,true,false,Low attendance
5095,Dilan Herath,Male,Computer Science,83.63,61.71,19,0,false,true,false,Low attendance
10890,Madhavi Wijesinghe,Female,Computer Science,83.63,62.19,18,0,false,true,false,Low attendance
9538,Kavindi Dias,Female,Mathematics,83.63,64.36,21,0,false,true,false,Low attendance
1298,Andrew Gregory,Female,Computer Science,83.64,54.4,20,0,false,true,false,Low attendance
1108,Alexandra Vargas,Female,Computer Science,83.64,61.78,23,0,false,true,false,Low attendance
3049,Piumi Silva,Female,Biology,83.64,62.14,21,0,false,true,false,Low attendance
6383,Madhavi Herath,Female,Computer Science,83.64,63.85,22,0,false,true,false,Low attendance
10913,Madhavi Dias,Female,Biology,83.64,63.99,26,0,false,true,false,Low attendance
1356,Steven Robbins,Female,Computer Science,83.64,64.18,19,0,false,true,false,Low attendance
9287,Ayesh Herath,Male,Biology,83.65,59.98,21,0,false,true,false,Low attendance
9515,Ayesh Wijesinghe,Male,Computer Science,83.66,62.0,21,0,false,true,false,Low attendance
4994,Naveen Ranatunga,Male,Computer Science,83.67,60.41,23,0,false,true,false,Low attendance
3734,Dinithi Jayasinghe,Female,Computer Science,83.68,59.79,24,0,false,true,false,Low attendance
3581,Tharindu Perera,Male,Physics,83.68,61.71,20,0,false,true,false,Low attendance
2736,Raymond Long,Male,Physics,83.68,62.04,22,0,false,true,false,Low attendance
6665,Hiruni Ranatunga,Female,Biology,83.68,62.21,26,0,false,true,false,Low attendance
9086,Dinithi Herath,Female,Mathematics,83.69,60.61,21,0,false,true,false,Low attendance
4254,Sachini Jayasinghe,Female,Physics,83.69,60.67,23,0,false,true,false,Low attendance
1300,Derek Johnson,Male,Mathematics,83.69,62.44,21,0,false,true,false,Low attendance
8734,Sachini Gunawardena,Female,Biology,83.7,64.38,20,0,false,true,false,Low attendance
6802,Kusal Senanayake,Male,Mathematics,83.71,59.86,19,0,false,true,false,Low attendance
1074,Mark Perez,Male,Physics,83.71,63.36,21,0,false,true,false,Low attendance
4223,Sashini Dias,Female,Mathematics,83.71,64.82,19,0,false,true,false,Low attendance
7832,Hiruni Silva,Female,Mathematics,83.72,58.23,16,0,false,true,false,Low attendance
3630,Ishara Wijesinghe,Male,Computer Science,83.72,63.21,19,0,false,true,false,Low attendance
10908,Ishani Jayasinghe,Female,Physics,83.73,61.24,16,0,false,true,false,Low attendance
9756,Sahan Perera,Male,Biology,83.73,64.39,22,0,false,true,false,Low attendance
3801,Nethmi Ranatunga,Female,Computer Science,83.73,64.47,20,0,false,true,false,Low attendance
1973,Meagan Fritz,Male,Biology,83.73,64.91,26,0,false,true,false,Low attendance
1662,Michael Stewart,Female,Biology,83.74,58.49,22,0,false,true,false,Low attendance
8485,Hiruni Herath,Female,Physics,83.74,59.47,19,0,false,true,false,Low attendance
9648,Dinithi Ranatunga,Female,Physics,83.75,62.61,24,0,false,true,false,Low attendance
8805,Sashini Wijesinghe,Female,Biology,83.76,62.36,24,0,false,true,false,Low attendance
6653,Amal Madushanka,Male,Biology,83.76,62.97,23,0,false,true,false,Low attendance
8388,Kasun Ekanayake,Male,Physics,83.77,58.63,20,0,false,true,false,Low attendance
4604,Hiruni Herath,Female,Physics,83.77,59.49,18,0,false,true,false,Low attendance
1043,Brian Carr,Male,Mathematics,83.77,62.77,19,0,false,true,false,Low attendance
9316,Amandi Gunawardena,Female,Computer Science,83.78,57.04,20,0,false,true,false,Low attendance
4527,Sachini Rajapaksha,Female,Physics,83.79,59.34,21,0,false,true,false,Low attendance
9326,Rashmi Gunawardena,Female,Physics,83.79,61.2,20,0,false,true,false,Low attendance
5962,Sachini Peiris,Female,Biology,83.79,64.48,21,0,false,true,false,Low attendance
8673,Chamara Herath,Male,Computer Science,83.8,60.35,21,0,false,true,false,Low attendance
8687,Kusal Herath,Male,Biology,83.8,64.77,22,0,false,true,false,Low attendance
3927,Sashini Herath,Female,Biology,83.81,63.88,19,0,false,true,false,Low attendance
1026,Susan Nguyen,Male,Computer Science,83.81,64.15,22,0,false,true,false,Low attendance
5456,Tharushi Dias,Female,Biology,83.82,60.14,18,0,false,true,false,Low attendance
6933,Tharushi Jayasinghe,Female,Mathematics,83.82,62.43,19,0,false,true,false,Low attendance
8014,Shehan Ekanayake,Male,Physics,83.82,64.02,19,0,false,true,false,Low attendance
2377,Adam Nelson,Female,Computer Science,83.82,64.76,17,0,false,true,false,Low attendance
6431,Chamara Perera,Male,Physics,83.82,64.93,21,0,false,true,false,Low attendance
10022,Ayesh Rajapaksha,Male,Biology,83.83,61.69,24,0,false,true,false,Low attendance
6951,Kasun Gunawardena,Male,Biology,83.83,62.38,26,0,false,true,false,Low attendance
8754,Nethmi Rajapaksha,Female,Biology,83.84,61.44,22,0,false,true,false,Low attendance
5794,Kavindi Herath,Female,Physics,83.84,63.45,20,0,false,true,false,Low attendance
1187,Sarah Wallace,Male,Biology,83.85,60.53,22,0,false,true,false,Low attendance
6912,Lahiru Ekanayake,Male,Physics,83.85,62.7,16,0,false,true,false,Low attendance
1216,Sean Bryant,Female,Biology,83.85,62.88,27,0,false,true,false,Low attendance
3745,Naveen Peiris,Male,Physics,83.85,63.63,21,0,false,true,false,Low attendance
5317,Tharindu Fernando,Male,Biology,83.85,63.67,16,0,false,true,false,Low attendance
8223,Chamara Perera,Male,Physics,83.86,62.09,16,0,false,true,false,Low attendance
3842,Chamara Fernando,Male,Physics,83.86,63.36,21,0,false,true,false,Low attendance
4476,Kavindi Fernando,Female,Computer Science,83.87,61.25,19,0,false,true,false,Low attendance
6443,Sanduni Herath,Female,Computer Science,83.87,63.75,22,0,false,true,false,Low attendance
1041,Jennifer Hernandez,Female,Biology,83.88,61.13,21,0,false,true,false,Low attendance
5651,Hiruni Wijesinghe,Female,Mathematics,83.88,62.61,21,0,false,true,false,Low attendance
1213,April Boyle,Male,Physics,83.88,63.96,21,0,false,true,false,Low attendance
4145,Piumi Fernando,Female,Physics,83.89,60.54,24,0,false,true,false,Low attendance
9112,Ishara Wijesinghe,Male,Biology,83.89,61.03,23,0,false,true,false,Low attendance
8613,Piumi Ranatunga,Female,Physics,83.89,62.76,23,0,false,true,false,Low attendance
5213,Nadeesha Senanayake,Female,Mathematics,83.89,62.93,19,0,false,true,false,Low attendance
10649,Lahiru Silva,Male,Computer Science,83.89,62.93,21,0,false,true,false,Low attendance
2687,Wesley Rodriguez,Male,Biology,83.9,63.15,20,0,false,true,false,Low attendance
4734,Amandi Peiris,Female,Mathematics,83.9,63.76,20,0,false,true,false,Low attendance
8525,Dilan Ekanayake,Male,Physics,83.9,64.6,19,0,false,true,false,Low attendance
7221,Ravindu Herath,Male,Mathematics,83.9,64.73,19,0,false,true,false,Low attendance
5880,Naveen Ranatunga,Male,Physics,83.9,64.97,25,0,false,true,false,Low attendance
3312,Amandi Gunawardena,Female,Biology,83.9,64.99,20,0,false,true,false,Low attendance
5568,Shehan Wijesinghe,Male,Mathematics,83.91,58.31,20,0,false,true,false,Low attendance
3183,Kasun Herath,Male,Computer Science,83.91,60.42,19,0,false,true,false,Low attendance
7464,Ayesh Herath,Male,Biology,83.91,62.91,18,0,false,true,false,Low attendance
9219,Hiruni Dias,Female,Biology,83.91,63.68,26,0,false,true,false,Low attendance
3249,Supun Senanayake,Male,Mathematics,83.91,63.86,15,0,false,true,false,Low attendance
9492,Dilan Peiris,Male,Physics,83.92,63.78,18,0,false,true,false,Low attendance
5462,Nethmi Madushanka,Female,Biology,83.93,62.23,18,0,false,true,false,Low attendance
6211,Ishara Ekanayake,Male,Biology,83.93,63.16,20,0,false,true,false,Low attendance
2634,Cory Marquez,Male,Physics,83.93,63.26,22,0,false,true,false,Low attendance
6744,Amal Rajapaksha,Male,Biology,83.93,64.05,18,0,false,true,false,Low attendance
7625,Sahan Herath,Male,Physics,83.94,61.37,20,0,false,true,false,Low attendance
3081,Amal Senanayake,Male,Mathematics,83.94,62.86,22,0,false,true,false,Low attendance
5798,Madhavi Herath,Female,Physics,83.95,57.81,26,0,false,true,false,Low attendance
1863,Eddie Carpenter,Female,Mathematics,83.95,61.26,21,0,false,true,false,Low attendance
3577,Amal Dias,Male,Computer Science,83.95,61.77,22,0,false,true,false,Low attendance
10193,Kavindi Ranatunga,Female,Biology,83.95,64.4,16,0,false,true,false,Low attendance
3255,Tharindu Rajapaksha,Male,Mathematics,83.95,64.53,22,0,false,true,false,Low attendance
7910,Dilini Ranatunga,Female,Mathematics,83.96,57.79,20,0,false,true,false,Low attendance
3950,Nadeesha Peiris,Female,Biology,83.96,60.86,26,0,false,true,false,Low attendance
6859,Supun Herath,Male,Physics,83.96,61.72,20,0,false,true,false,Low attendance
8387,Sanduni Peiris,Female,Mathematics,83.96,62.99,23,0,false,true,false,Low attendance
2698,Sandra Campbell,Male,Physics,83.96,64.71,21,0,false,true,false,Low attendance
7745,Ishani Herath,Female,Mathematics,83.97,56.54,23,0,false,true,false,Low attendance
10608,Sahan Herath,Male,Mathematics,83.97,62.5,22,0,false,true,false,Low attendance
4072,Kavindi Jayasinghe,Female,Physics,83.98,61.9,22,0,false,true,false,Low attendance
1585,Abigail Adkins,Female,Mathematics,83.98,62.38,23,0,false,true,false,Low attendance
9686,Rashmi Perera,Female,Computer Science,83.99,59.61,23,0,false,true,false,Low attendance
2896,Michelle Carlson,Female,Physics,83.99,61.42,19,0,false,true,false,Low attendance
4324,Nimal Ranatunga,Male,Computer Science,83.99,61.8,22,0,false,true,false,Low attendance
8903,Kusal Dias,Male,Mathematics,83.99,62.51,19,0,false,true,false,Low attendance
4408,Kusal Abeysekera,Male,Mathematics,83.99,63.64,19,0,false,true,false,Low attendance
8440,Madhavi Madushanka,Female,Biology,84.0,57.45,20,0,false,true,false,Low attendance
5911,Ayesh Ranatunga,Male,Computer Science,84.0,58.18,21,0,false,true,false,Low attendance
1626,Timothy Hicks,Female,Computer Science,84.0,60.97,20,0,false,true,false,Low attendance
10504,Naveen Peiris,Male,Physics,84.0,62.83,18,0,false,true,false,Low attendance
3960,Tharushi Ranatunga,Female,Physics,84.0,63.28,21,0,false,true,false,Low attendance
3479,Chamara Rajapaksha,Male,Computer Science,84.0,63.61,23,0,false,true,false,Low attendance
3895,Ishani Jayasinghe,Female,Mathematics,84.01,60.84,25,0,false,true,false,Low attendance
4569,Ishani Abeysekera,Female,Biology,84.01,61.82,21,0,false,true,false,Low attendance
3384,Kavindi Wijesinghe,Female,Physics,84.01,64.72,19,0,false,true,false,Low attendance
3902,Sahan Ekanayake,Male,Biology,84.02,63.13,21,0,false,true,false,Low attendance
1889,Amy Mckee,Female,Computer Science,84.02,64.39,20,0,false,true,false,Low attendance
6037,Hiruni Rajapaksha,Female,Computer Science,84.03,60.56,19,0,false,true,false,Low attendance
6251,Naveen Ekanayake,Male,Physics,84.03,61.71,20,0,false,true,false,Low attendance
4736,Kasun Jayasinghe,Male,Physics,84.04,62.35,25,0,false,true,false,Low attendance
6935,Rashmi Senanayake,Female,Mathematics,84.04,62.98,17,0,false,true,false,Low attendance
5325,Naveen Madushanka,Male,Physics,84.04,63.97,21,0,false,true,false,Low attendance
9594,Nethmi Ekanayake,Female,Mathematics,84.04,63.98,18,0,false,true,false,Low attendance
6906,Amal Fernando,Male,Physics,84.04,64.56,20,0,false,true,false,Low attendance
7778,Tharindu Ranatunga,Male,Physics,84.05,61.1,18,0,false,true,false,Low attendance
10545,Dinithi Gunawardena,Female,Biology,84.05,63.52,22,0,false,true,false,Low attendance
5196,Shehan Abeysekera,Male,Physics,84.07,59.52,16,0,false,true,false,Low attendance
4140,Lahiru Wijesinghe,Male,Biology,84.07,62.27,22,0,false,true,false,Low attendance
8402,Amandi Senanayake,Female,Mathematics,84.07,64.95,23,0,false,true,false,Low attendance
7168,Nadeesha Fernando,Female,Mathematics,84.08,57.93,19,0,false,true,false,Low attendance
2446,Gerald Christensen,Female,Mathematics,84.08,60.44,19,0,false,true,false,Low attendance
2201,Austin Freeman,Male,Mathematics,84.08,62.11,22,0,false,true,false,Low attendance
3744,Shehan Herath,Male,Physics,84.08,64.15,19,0,false,true,false,Low attendance
6902,Kasun Ekanayake,Male,Biology,84.09,59.54,21,0,false,true,false,Low attendance
7584,Ayesh Rajapaksha,Male,Physics,84.09,60.34,20,0,false,true,false,Low attendance
5843,Dilan Perera,Male,Physics,84.09,64.77,24,0,false,true,false,Low attendance
3697,Piumi Silva,Female,Computer Science,84.1,63.24,17,0,false,true,false,Low attendance
8659,Ishani Dias,Female,Biology,84.1,63.35,21,0,false,true,false,Low attendance
7181,Sahan Perera,Male,Physics,84.1,63.47,20,0,false,true,false,Low attendance
5353,Shehan Herath,Male,Mathematics,84.1,64.38,22,0,false,true,false,Low attendance
9852,Ishani Madushanka,Female,Mathematics,84.11,64.59,21,0,false,true,false,Low attendance
3301,Nadeesha Rajapaksha,Female,Mathematics,84.12,64.43,15,0,false,true,false,Low attendance
1999,Alicia Cooke,Male,Mathematics,84.13,59.97,18,0,false,true,false,Low attendance
3197,Tharindu Gunawardena,Male,Physics,84.13,61.99,21,0,false,true,false,Low attendance
4857,Nimal Jayasinghe,Male,Biology,84.14,57.26,22,0,false,true,false,Low attendance
10899,Sahan Madushanka,Male,Computer Science,84.14,59.58,21,0,false,true,false,Low attendance
3617,Nadeesha Jayasinghe,Female,Physics,84.14,61.65,17,0,false,true,false,Low attendance
10025,Sashini Senanayake,Female,Computer Science,84.14,62.77,18,0,false,true,false,Low attendance
7067,Sahan Senanayake,Male,Computer Science,84.15,61.08,22,0,false,true,false,Low attendance
4451,Naveen Jayasinghe,Male,Physics,84.15,62.22,22,0,false,true,false,Low attendance
7082,Madhavi Peiris,Female,Physics,84.16,59.9,23,0,false,true,false,Low attendance
5690,Kavindi Wijesinghe,Female,Biology,84.17,62.35,16,0,false,true,false,Low attendance
2812,Susan Hendricks,Female,Physics,84.17,63.67,20,0,false,true,false,Low attendance
8073,Kusal Ekanayake,Male,Physics,84.18,61.81,18,0,false,true,false,Low attendance
3378,Kusal Senanayake,Male,Physics,84.18,62.8,22,0,false,true,false,Low attendance
10418,Shehan Abeysekera,Male,Physics,84.18,63.42,22,0,false,true,false,Low attendance
4258,Tharushi Madushanka,Female,Biology,84.18,64.58,21,0,false,true,false,Low attendance
6326,Sahan Senanayake,Male,Mathematics,84.19,61.92,21,0,false,true,false,Low attendance
9895,Amal Dias,Male,Computer Science,84.19,63.23,21,0,false,true,false,Low attendance
3408,Amal Wijesinghe,Male,Mathematics,84.19,64.22,23,0,false,true,false,Low attendance
1183,Bianca Dawson,Male,Biology,84.2,59.19,20,0,false,true,false,Low attendance
7022,Kavindi Madushanka,Female,Mathematics,84.2,62.75,20,0,false,true,false,Low attendance
8531,Supun Senanayake,Male,Physics,84.2,64.03,20,0,false,true,false,Low attendance
9708,Nethmi Senanayake,Female,Computer Science,84.21,56.38,18,0,false,true,false,Low attendance
6810,Madhavi Abeysekera,Female,Computer Science,84.21,61.9,22,0,false,true,false,Low attendance
8518,Chamara Dias,Male,,84.21,62.11,24,0,false,true,false,Low attendance
1692,Richard Franklin,Male,Physics,84.21,63.34,20,0,false,true,false,Low attendance
5037,Amandi Ekanayake,Female,Computer Science,84.21,64.38,21,0,false,true,false,Low attendance
3739,Madhavi Madushanka,Female,Biology,84.22,61.39,23,0,false,true,false,Low attendance
6495,Tharindu Rajapaksha,Male,Biology,84.23,56.6,23,0,false,true,false,Low attendance
10697,Sanduni Perera,Female,Biology,84.23,58.63,21,0,false,true,false,Low attendance
2243,Randall Byrd,Female,Mathematics,84.23,61.66,19,0,false,true,false,Low attendance
8652,Kasun Abeysekera,Male,Mathematics,84.24,63.43,19,0,false,true,false,Low attendance
4753,Nethmi Gunawardena,Female,Biology,84.25,64.57,20,0,false,true,false,Low attendance
7878,Ayesh Silva,Male,Mathematics,84.25,64.62,23,0,false,true,false,Low attendance
3735,Supun Fernando,Male,Mathematics,84.28,64.12,24,0,false,true,false,Low attendance
9642,Ishara Ekanayake,Male,Physics,84.3,57.89,19,0,false,true,false,Low attendance
10996,Sanduni Wijesinghe,Female,Biology,84.3,58.86,23,0,false,true,false,Low attendance
8546,Sachini Jayasinghe,Female,Computer Science,84.3,61.13,20,0,false,true,false,Low attendance
5291,Kusal Jayasinghe,Male,Mathematics,84.3,61.42,17,0,false,true,false,Low attendance
3530,Kusal Ekanayake,Male,Biology,84.31,62.9,22,0,false,true,false,Low attendance
3525,Ishani Dias,Female,Mathematics,84.32,60.1,20,0,false,true,false,Low attendance
8480,Naveen Ekanayake,Male,Biology,84.32,62.7,17,0,false,true,false,Low attendance
10003,Amal Abeysekera,Male,Computer Science,84.32,63.52,24,0,false,true,false,Low attendance
4216,Shehan Ranatunga,Male,Mathematics,84.32,63.95,18,0,false,true,false,Low attendance
8675,Amal Senanayake,Male,Computer Science,84.32,64.75,21,0,false,true,false,Low attendance
1603,Christopher Ramirez,Female,Biology,84.33,61.47,18,0,false,true,false,Low attendance
8268,Sahan Abeysekera,Male,Mathematics,84.33,63.06,17,0,false,true,false,Low attendance
7887,Sanduni Fernando,Female,Biology,84.33,63.16,24,0,false,true,false,Low attendance
8005,Tharushi Herath,Female,Biology,84.33,63.63,24,0,false,true,false,Low attendance
9072,Hiruni Ekanayake,Female,Computer Science,84.34,59.63,25,0,false,true,false,Low attendance
1260,Heather Williams,Male,Computer Science,84.34,60.63,19,0,false,true,false,Low attendance
8279,Dilan Silva,Male,Computer Science,84.34,61.27,20,0,false,true,false,Low attendance
3143,Hiruni Senanayake,Female,Mathematics,84.34,61.48,17,0,false,true,false,Low attendance
1928,Robert Norman,Female,Mathematics,84.34,64.6,24,0,false,true,false,Low attendance
3828,Amal Ranatunga,Male,Computer Science,84.35,63.11,22,0,false,true,false,Low attendance
3423,Lahiru Dias,Male,Mathematics,84.37,59.83,20,0,false,true,false,Low attendance
6587,Hiruni Dias,Female,Physics,84.37,62.04,24,0,false,true,false,Low attendance
10070,Lahiru Silva,Male,Physics,84.37,64.41,21,0,false,true,false,Low attendance
8567,Sahan Fernando,Male,Biology,84.38,63.42,18,0,false,true,false,Low attendance
9379,Nethmi Senanayake,Female,Computer Science,84.38,64.66,23,0,false,true,false,Low attendance
8925,Ishani Ekanayake,Female,Mathematics,84.39,61.36,18,0,false,true,false,Low attendance
5769,Rashmi Fernando,Female,Biology,84.4,60.51,23,0,false,true,false,Low attendance
9107,Chamara Ranatunga,Male,Biology,84.41,64.3,20,0,false,true,false,Low attendance
6061,Sachini Madushanka,Female,Computer Science,84.43,62.64,21,0,false,true,false,Low attendance
5901,Chamara Ekanayake,Male,Physics,84.43,64.41,16,0,false,true,false,Low attendance
7855,Nethmi Gunawardena,Female,Biology,84.44,58.43,20,0,false,true,false,Low attendance
4807,Ravindu Rajapaksha,Male,Mathematics,84.44,61.85,18,0,false,true,false,Low attendance
5824,Nadeesha Peiris,Female,Computer Science,84.44,62.22,19,0,false,true,false,Low attendance
8716,Ishara Dias,Male,Mathematics,84.46,61.12,22,0,false,true,false,Low attendance
3738,Sahan Wijesinghe,Male,Mathematics,84.46,63.52,19,0,false,true,false,Low attendance
4045,Rashmi Ekanayake,Female,Computer Science,84.46,64.72,21,0,false,true,false,Low attendance
1883,Francis Thompson,Female,Computer Science,84.47,61.85,21,0,false,true,false,Low attendance
6471,Ishani Jayasinghe,Female,Computer Science,84.47,61.85,23,0,false,true,false,Low attendance
7268,Ayesh Madushanka,Male,Computer Science,84.48,62.87,22,0,false,true,false,Low attendance
6662,Madhavi Abeysekera,Female,Biology,84.48,64.53,20,0,false,true,false,Low attendance
10815,Dilan Rajapaksha,Male,Mathematics,84.49,58.54,20,0,false,true,false,Low attendance
8422,Nimal Gunawardena,Male,Biology,84.49,64.14,23,0,false,true,false,Low attendance
2403,Christopher Pennington,Female,Mathematics,84.49,64.32,20,0,false,true,false,Low attendance
3376,Ishani Fernando,Female,Physics,84.5,62.55,22,0,false,true,false,Low attendance
1960,Tiffany Smith,Male,Mathematics,84.51,57.73,20,0,false,true,false,Low attendance
3244,Tharushi Jayasinghe,Female,Mathematics,84.51,62.43,17,0,false,true,false,Low attendance
9189,Ravindu Herath,Male,Physics,84.51,63.55,20,0,false,true,false,Low attendance
5626,Amandi Rajapaksha,Female,Computer Science,84.51,63.92,19,0,false,true,false,Low attendance
2008,John Frye,Male,Mathematics,84.52,60.96,19,0,false,true,false,Low attendance
4959,Supun Gunawardena,Male,Computer Science,84.53,63.38,22,0,false,true,false,Low attendance
8843,Dilini Ranatunga,Female,Physics,84.53,63.9,22,0,false,true,false,Low attendance
7213,Sahan Rajapaksha,Male,Biology,84.53,64.1,22,0,false,true,false,Low attendance
7770,Dinithi Fernando,Female,Computer Science,84.53,64.59,20,0,false,true,false,Low attendance
9051,Ravindu Wijesinghe,Male,Computer Science,84.54,62.19,22,0,false,true,false,Low attendance
10333,Nethmi Wijesinghe,Female,Biology,84.55,62.8,23,0,false,true,false,Low attendance
3899,Sashini Ekanayake,Female,Mathematics,84.55,63.98,20,0,false,true,false,Low attendance
1710,Amanda Davis,Female,Biology,84.56,59.55,20,0,false,true,false,Low attendance
6623,Rashmi Gunawardena,Female,Biology,84.56,64.75,20,0,false,true,false,Low attendance
6014,Madhavi Abeysekera,Female,Biology,84.56,64.85,20,0,false,true,false,Low attendance
1844,Mary Austin,Female,Computer Science,84.58,63.31,17,0,false,true,false,Low attendance
7995,Nimal Silva,Male,Physics,84.59,62.59,19,0,false,true,false,Low attendance
1324,John Patterson,Male,Biology,84.59,63.26,24,0,false,true,false,Low attendance
8696,Tharindu Peiris,Male,Mathematics,84.59,64.81,20,0,false,true,false,Low attendance
5634,Nethmi Madushanka,Female,Physics,84.6,62.57,22,0,false,true,false,Low attendance
5907,Piumi Dias,Female,Computer Science,84.61,57.21,19,0,false,true,false,Low attendance
9944,Naveen Senanayake,Male,Physics,84.62,62.71,23,0,false,true,false,Low attendance
7697,Hiruni Wijesinghe,Female,Mathematics,84.62,64.29,19,0,false,true,false,Low attendance
1527,Misty Stafford,Male,Physics,84.63,64.77,24,0,false,true,false,Low attendance
3512,Rashmi Ranatunga,Female,Physics,84.64,64.99,25,0,false,true,false,Low attendance
4024,Dilan Peiris,Male,Mathematics,84.65,59.05,17,0,false,true,false,Low attendance
8455,Amal Jayasinghe,Male,Biology,84.65,64.97,20,0,false,true,false,Low attendance
3103,Sahan Dias,Male,Biology,84.67,61.14,21,0,false,true,false,Low attendance
6519,Sachini Ranatunga,Female,Physics,84.67,62.73,19,0,false,true,false,Low attendance
2852,Rachel Phillips,Male,Biology,84.68,60.42,23,0,false,true,false,Low attendance
6306,Tharushi Jayasinghe,Female,Computer Science,84.69,64.27,19,0,false,true,false,Low attendance
9988,Dilan Madushanka,Male,Physics,84.7,61.26,20,0,false,true,false,Low attendance
8640,Hiruni Jayasinghe,Female,Mathematics,84.7,63.6,21,0,false,true,false,Low attendance
3678,Ravindu Dias,Male,Physics,84.7,63.9,19,0,false,true,false,Low attendance
6932,Ishani Gunawardena,Female,Physics,84.71,64.91,18,0,false,true,false,Low attendance
6102,Ishara Silva,Male,Biology,84.72,60.85,22,0,false,true,false,Low attendance
7430,Piumi Rajapaksha,Female,Computer Science,84.72,63.18,23,0,false,true,false,Low attendance
1022,Jessica Carter,Male,Physics,84.73,59.08,17,0,false,true,false,Low attendance
2279,Tina Tanner,Female,Biology,84.73,62.06,23,0,false,true,false,Low attendance
3473,Sashini Fernando,Female,Physics,84.73,64.56,19,0,false,true,false,Low attendance
10035,Shehan Peiris,Male,Mathematics,84.75,60.5,20,0,false,true,false,Low attendance
6566,Hiruni Senanayake,Female,Computer Science,84.75,61.8,23,0,false,true,false,Low attendance
5600,Dinithi Perera,Female,Mathematics,84.75,63.59,28,0,false,true,false,Low attendance
1053,Robert Burke,Male,Biology,84.75,64.94,20,0,false,true,false,Low attendance
6314,Shehan Abeysekera,Male,Biology,84.76,62.95,18,0,false,true,false,Low attendance
4487,Kasun Ekanayake,Male,Physics,84.76,64.26,20,0,false,true,false,Low attendance
4117,Tharushi Rajapaksha,Female,Computer Science,84.76,64.37,25,0,false,true,false,Low attendance
9165,Lahiru Abeysekera,Male,Physics,84.77,62.39,24,0,false,true,false,Low attendance
7578,Lahiru Silva,Male,Computer Science,84.77,62.98,18,0,false,true,false,Low attendance
5523,Ishara Abeysekera,Male,Physics,84.77,63.65,24,0,false,true,false,Low attendance
8747,Dinithi Gunawardena,Female,Computer Science,84.78,63.35,22,0,false,true,false,Low attendance
4120,Piumi Peiris,Female,Physics,84.78,64.64,19,0,false,true,false,Low attendance
3573,Ishara Peiris,Male,Computer Science,84.79,57.92,21,0,false,true,false,Low attendance
6680,Kasun Ekanayake,Male,Mathematics,84.79,62.54,19,0,false,true,false,Low attendance
2477,Garrett Hopkins,Female,Physics,84.81,63.21,20,0,false,true,false,Low attendance
1821,Jason Taylor,Female,Physics,84.82,58.57,19,0,false,true,false,Low attendance
2161,Timothy Perry,Female,Mathematics,84.82,61.87,17,0,false,true,false,Low attendance
10238,Kavindi Abeysekera,Female,Biology,84.83,61.03,23,0,false,true,false,Low attendance
1044,Jeffrey Osborne,Male,Computer Science,84.83,62.13,23,0,false,true,false,Low attendance
1980,Carly Kramer,Female,Biology,84.83,62.68,23,0,false,true,false,Low attendance
7076,Madhavi Perera,Female,Mathematics,84.83,64.99,22,0,false,true,false,Low attendance
7400,Lahiru Fernando,Male,Computer Science,84.85,60.01,17,0,false,true,false,Low attendance
6959,Ishani Madushanka,Female,Mathematics,84.85,61.87,22,0,false,true,false,Low attendance
9724,Sahan Senanayake,Male,Biology,84.85,64.66,19,0,false,true,false,Low attendance
2981,Manuel Brown,Female,Computer Science,84.89,58.3,21,0,false,true,false,Low attendance
1093,Stanley Gomez,Female,Mathematics,84.89,62.93,18,0,false,true,false,Low attendance
10276,Ishani Ekanayake,Female,Mathematics,84.89,64.61,17,0,false,true,false,Low attendance
10848,Shehan Dias,Male,Mathematics,84.91,58.38,17,0,false,true,false,Low attendance
7932,Dilini Herath,Female,Mathematics,84.91,62.64,17,0,false,true,false,Low attendance
9640,Piumi Abeysekera,Female,Mathematics,84.91,64.05,19,0,false,true,false,Low attendance
2130,Jennifer Stafford,Female,Physics,84.92,59.86,21,0,false,true,false,Low attendance
5801,Chamara Wijesinghe,Male,Computer Science,84.92,62.12,20,0,false,true,false,Low attendance
1594,Nicole Hicks,Female,Computer Science,84.92,64.77,18,0,false,true,false,Low attendance
5963,Sashini Senanayake,Female,Physics,84.93,58.88,20,0,false,true,false,Low attendance
5774,Shehan Peiris,Male,Physics,84.93,59.52,21,0,false,true,false,Low attendance
10606,Chamara Herath,Male,Computer Science,84.93,64.17,27,0,false,true,false,Low attendance
9022,Kasun Abeysekera,Male,Physics,84.94,59.19,23,0,false,true,false,Low attendance
4771,Amandi Ekanayake,Female,Biology,84.94,63.68,23,0,false,true,false,Low attendance
9593,Ishara Herath,Male,Biology,84.94,64.3,22,0,false,true,false,Low attendance
6234,Shehan Fernando,Male,Computer Science,84.98,62.2,22,0,false,true,false,Low attendance
6199,Dilini Ranatunga,Female,Mathematics,84.98,63.88,21,0,false,true,false,Low attendance
7290,Ishara Ranatunga,Male,Computer Science,84.99,63.1,20,0,false,true,false,Low attendance
1262,Lori Fleming,Male,Computer Science,84.99,64.09,25,0,false,true,false,Low attendance
6980,Kavindi Herath,Female,Mathematics,84.99,64.66,20,0,false,true,false,Low attendance
9736,Sahan Abeysekera,Male,Biology,85.0,60.52,20,0,false,true,false,Low attendance
9163,Amandi Perera,Female,Physics,85.01,63.4,22,0,false,true,false,Low attendance
10919,Nimal Madushanka,Male,Physics,85.02,63.86,22,0,false,true,false,Low attendance
2673,Elizabeth Huffman,Female,Biology,85.02,64.23,21,0,false,true,false,Low attendance
7377,Naveen Jayasinghe,Male,Biology,85.03,64.2,25,0,false,true,false,Low attendance
6191,Naveen Ekanayake,Male,Biology,85.04,60.42,20,0,false,true,false,Low attendance
1442,Kimberly Woodward,Male,Computer Science,85.04,61.93,25,0,false,true,false,Low attendance
5064,Amandi Perera,Female,Biology,85.06,62.61,25,0,false,true,false,Low attendance
10292,Shehan Dias,Male,Mathematics,85.06,64.62,20,0,false,true,false,Low attendance
6931,Tharindu Dias,Male,Computer Science,85.07,62.45,23,0,false,true,false,Low attendance
6895,Sanduni Ranatunga,Female,Computer Science,85.07,63.92,24,0,false,true,false,Low attendance
4797,Piumi Herath,Female,Computer Science,85.08,58.05,21,0,false,true,false,Low attendance
8011,Tharushi Rajapaksha,Female,Physics,85.08,64.02,21,0,false,true,false,Low attendance
4312,Nimal Dias,Male,Computer Science,85.08,64.96,24,0,false,true,false,Low attendance
6120,Nimal Silva,Male,Biology,85.09,61.77,21,0,false,true,false,Low attendance
5728,Nethmi Ekanayake,Female,Mathematics,85.09,62.65,23,0,false,true,false,Low attendance
9337,Hiruni Senanayake,Female,Mathematics,85.1,63.65,22,0,false,true,false,Low attendance
3213,Piumi Jayasinghe,Female,Physics,85.11,61.3,21,0,false,true,false,Low attendance
10755,Lahiru Wijesinghe,Male,Computer Science,85.11,61.98,21,0,false,true,false,Low attendance
8802,Ravindu Fernando,Male,Mathematics,85.11,64.12,21,0,false,true,false,Low attendance
6679,Supun Ekanayake,Male,Physics,85.11,64.46,21,0,false,true,false,Low attendance
9069,Tharindu Fernando,Male,Computer Science,85.11,64.51,20,0,false,true,false,Low attendance
10302,Kasun Abeysekera,Male,Biology,85.11,64.62,23,0,false,true,false,Low attendance
5982,Ayesh Madushanka,Male,Mathematics,85.12,64.97,18,0,false,true,false,Low attendance
3757,Kavindi Silva,Female,Physics,85.13,61.79,19,0,false,true,false,Low attendance
6419,Tharindu Senanayake,Male,Biology,85.13,64.8,18,0,false,true,false,Low attendance
10833,Dilini Dias,Female,Physics,85.14,60.91,21,0,false,true,false,Low attendance
6940,Lahiru Jayasinghe,Male,Biology,85.14,62.65,16,0,false,true,false,Low attendance
5992,Kasun Ekanayake,Male,Biology,85.14,64.2,20,0,false,true,false,Low attendance
2277,Sharon Clark,Male,Physics,85.15,62.33,22,0,false,true,false,Low attendance
4317,Kusal Madushanka,Male,Mathematics,85.16,62.86,16,0,false,true,false,Low attendance
5762,Hiruni Rajapaksha,Female,Biology,85.17,62.61,18,0,false,true,false,Low attendance
9668,Shehan Abeysekera,Male,Computer Science,85.17,62.9,21,0,false,true,false,Low attendance
9753,Tharindu Ekanayake,Male,Biology,85.17,63.86,21,0,false,true,false,Low attendance
1638,Sheryl Jones,Male,Computer Science,85.18,62.25,19,0,false,true,false,Low attendance
4993,Dilan Fernando,Male,Physics,85.18,63.43,24,0,false,true,false,Low attendance
8039,Kasun Silva,Male,Mathematics,85.18,63.74,17,0,false,true,false,Low attendance
2183,Kim Hurst,Female,Mathematics,85.19,63.23,19,0,false,true,false,Low attendance
6113,Shehan Jayasinghe,Male,Biology,85.2,63.72,21,0,false,true,false,Low attendance
1386,Walter Crawford,Male,Physics,85.21,61.86,25,0,false,true,false,Low attendance
1783,Calvin Clark,Male,Physics,85.22,64.24,22,0,false,true,false,Low attendance
7980,Ishara Rajapaksha,Male,Computer Science,85.23,61.33,18,0,false,true,false,Low attendance
9529,Nadeesha Dias,Female,Computer Science,85.24,61.61,22,0,false,true,false,Low attendance
4131,Piumi Fernando,Female,Mathematics,85.24,62.42,19,0,false,true,false,Low attendance
10736,Tharindu Wijesinghe,Male,Mathematics,85.24,63.22,17,0,false,true,false,Low attendance
7294,Sashini Rajapaksha,Female,Mathematics,85.24,64.17,19,0,false,true,false,Low attendance
8545,Amandi Herath,Female,Biology,85.25,64.09,20,0,false,true,false,Low attendance
4574,Kasun Abeysekera,Male,Biology,85.26,57.84,22,0,false,true,false,Low attendance
3689,Sashini Dias,Female,Physics,85.26,61.47,22,0,false,true,false,Low attendance
10366,Naveen Ekanayake,Male,Physics,85.26,61.97,19,0,false,true,false,Low attendance
7218,Madhavi Wijesinghe,Female,Physics,85.26,62.2,22,0,false,true,false,Low attendance
2970,Thomas Foster,Female,Biology,85.26,63.05,21,0,false,true,false,Low attendance
8137,Dilan Fernando,Male,Computer Science,85.27,60.72,24,0,false,true,false,Low attendance
8933,Supun Dias,Male,Biology,85.27,61.77,20,0,false,true,false,Low attendance
8907,Nethmi Abeysekera,Female,Physics,85.27,62.19,18,0,false,true,false,Low attendance
8204,Madhavi Madushanka,Female,Physics,85.27,63.57,23,0,false,true,false,Low attendance
8932,Ishani Jayasinghe,Female,Mathematics,85.27,63.8,19,0,false,true,false,Low attendance
9156,Kusal Silva,Male,Biology,85.27,64.87,20,0,false,true,false,Low attendance
8924,Sachini Abeysekera,Female,Computer Science,85.28,61.92,19,0,false,true,false,Low attendance
9844,Rashmi Gunawardena,Female,Biology,85.28,63.51,25,0,false,true,false,Low attendance
10127,Nimal Madushanka,Male,Mathematics,85.29,62.59,17,0,false,true,false,Low attendance
10734,Naveen Peiris,Male,Physics,85.29,64.04,19,0,false,true,false,Low attendance
4910,Kusal Gunawardena,Male,Mathematics,85.29,64.57,16,0,false,true,false,Low attendance
8357,Nimal Rajapaksha,Male,Mathematics,85.29,64.96,21,0,false,true,false,Low attendance
10358,Nadeesha Gunawardena,Female,Computer Science,85.32,61.57,22,0,false,true,false,Low attendance
3390,Amal Dias,Male,Mathematics,85.33,58.14,19,0,false,true,false,Low attendance
2371,Barbara Lyons,Male,Biology,85.34,63.32,18,0,false,true,false,Low attendance
6430,Ishara Dias,Male,Physics,85.34,64.12,17,0,false,true,false,Low attendance
2672,Jonathan Hale,Female,Computer Science,85.34,64.23,21,0,false,true,false,Low attendance
1209,Michelle Williams,Male,Mathematics,85.35,56.24,23,0,false,true,false,Low attendance
9005,Dinithi Fernando,Female,Physics,85.35,61.07,20,0,false,true,false,Low attendance
6751,Tharushi Perera,Female,Biology,85.36,58.09,20,0,false,true,false,Low attendance
10826,Dilan Senanayake,Male,Physics,85.36,60.38,24,0,false,true,false,Low attendance
8668,Amandi Fernando,Female,Biology,85.36,64.09,19,0,false,true,false,Low attendance
9627,Lahiru Madushanka,Male,Computer Science,85.37,58.74,22,0,false,true,false,Low attendance
8868,Shehan Ekanayake,Male,Physics,85.37,58.88,21,0,false,true,false,Low attendance
1081,James Butler,Male,Computer Science,85.38,61.72,18,0,false,true,false,Low attendance
9650,Lahiru Perera,Male,Computer Science,85.39,62.24,23,0,false,true,false,Low attendance
9683,Nimal Fernando,Male,Computer Science,85.39,62.73,21,0,false,true,false,Low attendance
5438,Dilan Peiris,Male,Biology,85.39,63.97,23,0,false,true,false,Low attendance
2387,Scott Green,Male,Biology,85.4,64.67,17,0,false,true,false,Low attendance
9949,Nethmi Madushanka,Female,Biology,85.41,62.08,23,0,false,true,false,Low attendance
8383,Ayesh Herath,Male,Biology,85.41,64.26,23,0,false,true,false,Low attendance
9718,Nethmi Ekanayake,Female,,85.42,63.01,24,0,false,true,false,Low attendance
6132,Supun Senanayake,Male,Mathematics,85.42,63.47,20,0,false,true,false,Low attendance
10032,Ishara Abeysekera,Male,Mathematics,85.43,60.51,24,0,false,true,false,Low attendance
9071,Tharushi Jayasinghe,Female,Biology,85.43,63.54,22,0,false,true,false,Low attendance
3836,Nadeesha Fernando,Female,Biology,85.43,64.73,20,0,false,true,false,Low attendance
1248,Anthony Keller,Female,Mathematics,85.44,61.7,17,0,false,true,false,Low attendance
3123,Kusal Fernando,Male,Physics,85.44,63.96,22,0,false,true,false,Low attendance
7603,Lahiru Ranatunga,Male,Physics,85.44,64.14,19,0,false,true,false,Low attendance
5985,Madhavi Senanayake,Female,Computer Science,85.44,64.23,26,0,false,true,false,Low attendance
8342,Chamara Fernando,Male,Computer Science,85.45,63.94,20,0,false,true,false,Low attendance
1085,Rebecca Davis,Female,Physics,85.45,64.09,20,0,false,true,false,Low attendance
9145,Kasun Herath,Male,Biology,85.45,64.2,23,0,false,true,false,Low attendance
10529,Amal Herath,Male,Physics,85.46,60.33,20,0,false,true,false,Low attendance
10106,Ishani Gunawardena,Female,Mathematics,85.47,61.32,16,0,false,true,false,Low attendance
5392,Lahiru Dias,Male,Computer Science,85.47,61.32,18,0,false,true,false,Low attendance
5004,Shehan Abeysekera,Male,Biology,85.49,61.17,19,0,false,true,false,Low attendance
9564,Naveen Ekanayake,Male,Biology,85.49,63.95,22,0,false,true,false,Low attendance
2709,Paul Torres,Female,Physics,85.5,62.88,22,0,false,true,false,Low attendance
4806,Hiruni Dias,Female,Biology,85.51,57.34,19,0,false,true,false,Low attendance
8557,Hiruni Gunawardena,Female,Computer Science,85.51,62.92,25,0,false,true,false,Low attendance
2159,Robert Patton,Female,Mathematics,85.51,63.23,20,0,false,true,false,Low attendance
4825,Supun Rajapaksha,Male,Computer Science,85.51,64.44,20,0,false,true,false,Low attendance
1504,Thomas Hayden,Female,Computer Science,85.52,62.3,21,0,false,true,false,Low attendance
3494,Sachini Perera,Female,Computer Science,85.52,64.19,22,0,false,true,false,Low attendance
6155,Dinithi Rajapaksha,Female,Physics,85.55,59.59,19,0,false,true,false,Low attendance
5094,Ayesh Rajapaksha,Male,Mathematics,85.55,61.82,20,0,false,true,false,Low attendance
2895,Alyssa Davenport,Male,Computer Science,85.56,63.57,20,0,false,true,false,Low attendance
3575,Nethmi Perera,Female,Biology,85.57,62.68,23,0,false,true,false,Low attendance
2307,Steve Harris,Female,Computer Science,85.57,63.69,17,0,false,true,false,Low attendance
9689,Lahiru Peiris,Male,Mathematics,85.57,63.87,18,0,false,true,false,Low attendance
2465,Debra Adams,Female,Biology,85.58,63.04,21,0,false,true,false,Low attendance
5527,Tharindu Rajapaksha,Male,Physics,85.59,62.94,23,0,false,true,false,Low attendance
5674,Shehan Perera,Male,Physics,85.59,64.94,20,0,false,true,false,Low attendance
3400,Piumi Madushanka,Female,Mathematics,85.6,62.0,22,0,false,true,false,Low attendance
10873,Madhavi Madushanka,Female,Computer Science,85.6,62.19,20,0,false,true,false,Low attendance
1401,Brandi Clarke,Male,Physics,85.6,63.28,23,0,false,true,false,Low attendance
9672,Dilini Herath,Female,Biology,85.62,59.19,23,0,false,true,false,Low attendance
2996,Brandy Wade,Male,Biology,85.62,63.86,20,0,false,true,false,Low attendance
10914,Nethmi Wijesinghe,Female,Mathematics,85.62,64.22,22,0,false,true,false,Low attendance
2083,Walter Martin,Male,Mathematics,85.64,60.94,18,0,false,true,false,Low attendance
7538,Sashini Senanayake,Female,Biology,85.64,62.33,22,0,false,true,false,Low attendance
7938,Ravindu Jayasinghe,Male,Physics,85.65,62.99,21,0,false,true,false,Low attendance
1957,Thomas Weaver,Male,Computer Science,85.65,63.96,23,0,false,true,false,Low attendance
3120,Sanduni Rajapaksha,Female,Mathematics,85.66,58.2,18,0,false,true,false,Low attendance
8484,Sachini Abeysekera,Female,Biology,85.66,60.65,18,0,false,true,false,Low attendance
4692,Nethmi Abeysekera,Female,Physics,85.66,63.37,22,0,false,true,false,Low attendance
5582,Kasun Jayasinghe,Male,Mathematics,85.67,60.97,20,0,false,true,false,Low attendance
10050,Dilan Ranatunga,Male,Computer Science,85.67,64.55,21,0,false,true,false,Low attendance
3654,Dinithi Fernando,Female,Physics,85.68,58.78,24,0,false,true,false,Low attendance
1503,Fernando Moreno,Male,Computer Science,85.68,60.2,21,0,false,true,false,Low attendance
9088,Sahan Senanayake,Male,Computer Science,85.68,63.41,20,0,false,true,false,Low attendance
7127,Hiruni Perera,Female,Biology,85.68,64.0,20,0,false,true,false,Low attendance
1172,Julia Lopez,Male,Biology,85.68,64.27,18,0,false,true,false,Low attendance
10612,Hiruni Herath,Female,Mathematics,85.69,61.28,20,0,false,true,false,Low attendance
3915,Nethmi Dias,Female,Computer Science,85.69,63.96,21,0,false,true,false,Low attendance
2863,Melissa Harrell,Female,Mathematics,85.7,60.91,22,0,false,true,false,Low attendance
10591,Kavindi Rajapaksha,Female,Mathematics,85.7,62.61,20,0,false,true,false,Low attendance
2440,Cameron Pennington,Male,Biology,85.7,63.19,21,0,false,true,false,Low attendance
6704,Amal Gunawardena,Male,Physics,85.7,64.08,19,0,false,true,false,Low attendance
2140,Brandon King,Male,Biology,85.7,64.81,20,0,false,true,false,Low attendance
10862,Kavindi Senanayake,Female,Computer Science,85.71,61.64,21,0,false,true,false,Low attendance
8793,Supun Ekanayake,Male,Biology,85.71,63.12,20,0,false,true,false,Low attendance
2568,Catherine Vaughn,Female,Computer Science,85.71,63.67,22,0,false,true,false,Low attendance
6078,Amal Wijesinghe,Male,Physics,85.72,59.42,16,0,false,true,false,Low attendance
10631,Chamara Ranatunga,Male,Physics,85.72,63.3,24,0,false,true,false,Low attendance
8591,Tharindu Madushanka,Male,Computer Science,85.72,64.0,17,0,false,true,false,Low attendance
4404,Dilan Rajapaksha,Male,Biology,85.73,62.86,18,0,false,true,false,Low attendance
4621,Ayesh Dias,Male,Biology,85.74,64.92,19,0,false,true,false,Low attendance
7542,Sachini Herath,Female,Biology,85.76,62.91,21,0,false,true,false,Low attendance
5781,Nimal Abeysekera,Male,Mathematics,85.77,64.45,22,0,false,true,false,Low attendance
7077,Sashini Herath,Female,Computer Science,85.78,63.32,23,0,false,true,false,Low attendance
7293,Ravindu Senanayake,Male,Physics,85.78,63.69,18,0,false,true,false,Low attendance
5292,Shehan Abeysekera,Male,Biology,85.78,64.07,20,0,false,true,false,Low attendance
3781,Sahan Perera,Male,Computer Science,85.79,63.65,20,0,false,true,false,Low attendance
1868,Anne Lang,Female,Biology,85.79,64.32,16,0,false,true,false,Low attendance
10372,Nimal Senanayake,Male,Biology,85.79,64.71,18,0,false,true,false,Low attendance
2053,Marissa Burns,Female,Physics,85.79,64.79,18,0,false,true,false,Low attendance
8219,Supun Gunawardena,Male,Mathematics,85.8,60.53,16,0,false,true,false,Low attendance
2129,Nicole Martin,Male,Physics,85.8,64.52,24,0,false,true,false,Low attendance
3318,Ishara Abeysekera,Male,Mathematics,85.8,64.67,23,0,false,true,false,Low attendance
7843,Chamara Herath,Male,Biology,85.81,59.25,20,0,false,true,false,Low attendance
6274,Naveen Herath,Male,Computer Science,85.81,59.34,22,0,false,true,false,Low attendance
10987,Naveen Fernando,Male,Computer Science,85.81,61.4,19,0,false,true,false,Low attendance
6956,Hiruni Madushanka,Female,Mathematics,85.81,62.95,20,0,false,true,false,Low attendance
6981,Dilini Herath,Female,Biology,85.81,63.79,19,0,false,true,false,Low attendance
3782,Ishara Jayasinghe,Male,Mathematics,85.83,61.47,19,0,false,true,false,Low attendance
6922,Naveen Senanayake,Male,Computer Science,85.83,63.92,19,0,false,true,false,Low attendance
10741,Madhavi Ekanayake,Female,Physics,85.84,57.48,22,0,false,true,false,Low attendance
4911,Sashini Gunawardena,Female,Computer Science,85.84,61.48,22,0,false,true,false,Low attendance
1359,Christopher Mcguire,Female,Physics,85.84,64.83,20,0,false,true,false,Low attendance
5802,Hiruni Perera,Female,Biology,85.85,63.76,19,0,false,true,false,Low attendance
8237,Kavindi Ranatunga,Female,Mathematics,85.86,61.91,22,0,false,true,false,Low attendance
8923,Kasun Fernando,Male,Computer Science,85.87,64.05,17,0,false,true,false,Low attendance
4360,Nethmi Wijesinghe,Female,Biology,85.88,61.4,22,0,false,true,false,Low attendance
4306,Ravindu Madushanka,Male,Biology,85.88,64.41,25,0,false,true,false,Low attendance
8172,Sachini Perera,Female,Computer Science,85.88,64.98,22,0,false,true,false,Low attendance
7890,Supun Fernando,Male,Biology,85.89,62.44,19,0,false,true,false,Low attendance
8799,Ayesh Madushanka,Male,Mathematics,85.9,63.99,19,0,false,true,false,Low attendance
6203,Tharindu Herath,Male,Computer Science,85.92,62.46,19,0,false,true,false,Low attendance
2622,Robin Carrillo,Female,Physics,85.92,63.58,22,0,false,true,false,Low attendance
2885,Paula Salazar,Female,Physics,85.93,62.69,20,0,false,true,false,Low attendance
7308,Nethmi Madushanka,Female,Physics,85.93,63.46,22,0,false,true,false,Low attendance
1411,Joyce Jackson,Female,Computer Science,85.94,60.16,22,0,false,true,false,Low attendance
6805,Piumi Abeysekera,Female,Physics,85.96,63.39,22,0,false,true,false,Low attendance
6818,Ayesh Perera,Male,Mathematics,85.97,64.35,20,0,false,true,false,Low attendance
4869,Dilini Ekanayake,Female,Physics,85.97,64.56,22,0,false,true,false,Low attendance
10401,Ayesh Gunawardena,Male,Biology,85.98,57.6,21,0,false,true,false,Low attendance
9421,Supun Dias,Male,Mathematics,85.98,64.11,23,0,false,true,false,Low attendance
5772,Lahiru Madushanka,Male,Physics,86.0,57.49,17,0,false,true,false,Low attendance
3644,Supun Madushanka,Male,Mathematics,86.02,59.7,17,0,false,true,false,Low attendance
7202,Lahiru Perera,Male,Physics,86.02,63.12,22,0,false,true,false,Low attendance
9633,Shehan Peiris,Male,Biology,86.03,60.87,21,0,false,true,false,Low attendance
7693,Ayesh Senanayake,Male,Computer Science,86.04,60.77,22,0,false,true,false,Low attendance
2196,Mitchell Robinson,Male,Physics,86.04,61.78,18,0,false,true,false,Low attendance
3989,Nethmi Silva,Female,Computer Science,86.04,63.25,23,0,false,true,false,Low attendance
2932,Laura Flores,Female,Computer Science,86.05,63.14,22,0,false,true,false,Low attendance
1977,Kaitlin Berry,Male,Computer Science,86.06,61.57,17,0,false,true,false,Low attendance
6642,Nethmi Herath,Female,Mathematics,86.07,62.99,20,0,false,true,false,Low attendance
5852,Kavindi Madushanka,Female,Computer Science,86.08,60.95,20,0,false,true,false,Low attendance
3093,Kasun Wijesinghe,Male,Biology,86.08,64.61,23,0,false,true,false,Low attendance
2629,Jose Compton,Male,Computer Science,86.1,56.12,24,0,false,true,false,Low attendance
2752,Katherine Monroe,Female,Biology,86.11,63.94,24,0,false,true,false,Low attendance
6713,Sachini Wijesinghe,Female,Computer Science,86.12,61.87,21,0,false,true,false,Low attendance
3835,Supun Ekanayake,Male,Computer Science,86.12,63.46,20,0,false,true,false,Low attendance
3295,Ishani Senanayake,Female,Mathematics,86.13,63.66,20,0,false,true,false,Low attendance
3220,Kusal Gunawardena,Male,Physics,86.14,62.9,20,0,false,true,false,Low attendance
8009,Lahiru Rajapaksha,Male,Computer Science,86.14,64.34,22,0,false,true,false,Low attendance
5116,Dilini Peiris,Female,Mathematics,86.14,64.66,21,0,false,true,false,Low attendance
5166,Sashini Abeysekera,Female,Mathematics,86.16,64.05,19,0,false,true,false,Low attendance
7406,Kasun Ranatunga,Male,Biology,86.17,63.43,21,0,false,true,false,Low attendance
5998,Ravindu Perera,Male,Biology,86.17,63.48,18,0,false,true,false,Low attendance
6559,Supun Gunawardena,Male,Physics,86.17,64.64,21,0,false,true,false,Low attendance
9016,Sahan Herath,Male,Computer Science,86.18,61.6,21,0,false,true,false,Low attendance
3856,Hiruni Gunawardena,Female,Biology,86.18,61.84,20,0,false,true,false,Low attendance
7211,Naveen Rajapaksha,Male,Physics,86.18,62.67,23,0,false,true,false,Low attendance
1841,Cheryl Smith,Female,Physics,86.19,55.66,20,0,false,true,false,Low attendance
2713,Amber Browning,Female,Biology,86.19,62.78,21,0,false,true,false,Low attendance
8766,Sachini Madushanka,Female,Mathematics,86.19,63.53,19,0,false,true,false,Low attendance
6156,Naveen Abeysekera,Male,Biology,86.19,64.68,20,0,false,true,false,Low attendance
4625,Ayesh Rajapaksha,Male,Computer Science,86.2,62.03,22,0,false,true,false,Low attendance
8723,Dilan Dias,Male,Biology,86.2,63.79,21,0,false,true,false,Low attendance
4413,Sanduni Wijesinghe,Female,Computer Science,86.2,63.84,21,0,false,true,false,Low attendance
5764,Tharushi Peiris,Female,Biology,86.21,62.66,20,0,false,true,false,Low attendance
10514,Amandi Fernando,Female,Physics,86.21,63.32,19,0,false,true,false,Low attendance
9720,Amal Dias,Male,Computer Science,86.21,64.07,20,0,false,true,false,Low attendance
3851,Naveen Ranatunga,Male,Mathematics,86.21,64.16,19,0,false,true,false,Low attendance
10009,Nethmi Madushanka,Female,Computer Science,86.22,56.98,16,0,false,true,false,Low attendance
2218,Autumn Ferguson,Female,Computer Science,86.22,60.66,16,0,false,true,false,Low attendance
8481,Amal Senanayake,Male,Computer Science,86.23,63.0,23,0,false,true,false,Low attendance
7432,Ishara Peiris,Male,Computer Science,86.25,61.84,19,0,false,true,false,Low attendance
10854,Dinithi Gunawardena,Female,Computer Science,86.25,64.53,24,0,false,true,false,Low attendance
5758,Ravindu Jayasinghe,Male,Computer Science,86.28,63.27,22,0,false,true,false,Low attendance
4205,Nethmi Dias,Female,Mathematics,86.31,60.28,23,0,false,true,false,Low attendance
8772,Ishani Jayasinghe,Female,Biology,86.32,64.23,16,0,false,true,false,Low attendance
6403,Dinithi Dias,Female,Biology,86.33,62.52,18,0,false,true,false,Low attendance
1823,Shannon Norris,Male,Mathematics,86.33,62.85,17,0,false,true,false,Low attendance
4465,Amal Fernando,Male,Biology,86.34,63.84,17,0,false,true,false,Low attendance
10725,Piumi Wijesinghe,Female,Mathematics,86.34,64.9,18,0,false,true,false,Low attendance
9312,Sanduni Rajapaksha,Female,Computer Science,86.36,64.19,21,0,false,true,false,Low attendance
1251,Heather Nelson,Male,Physics,86.37,59.77,19,0,false,true,false,Low attendance
7728,Sashini Fernando,Female,Mathematics,86.37,63.31,20,0,false,true,false,Low attendance
1100,Nancy Turner,Female,Physics,86.37,64.13,27,0,false,true,false,Low attendance
2505,John Simpson,Male,Computer Science,86.38,64.02,21,0,false,true,false,Low attendance
6806,Kasun Senanayake,Male,Physics,86.38,64.42,21,0,false,true,false,Low attendance
9512,Amal Senanayake,Male,Computer Science,86.39,61.74,18,0,false,true,false,Low attendance
4415,Supun Madushanka,Male,Biology,86.39,63.97,22,0,false,true,false,Low attendance
3570,Hiruni Rajapaksha,Female,Biology,86.4,59.88,22,0,false,true,false,Low attendance
8232,Tharindu Silva,Male,Computer Science,86.41,59.91,23,0,false,true,false,Low attendance
2051,Ronald Jordan,Male,Computer Science,86.42,59.48,22,0,false,true,false,Low attendance
2116,Carol Morris,Male,Computer Science,86.42,64.37,22,0,false,true,false,Low attendance
3659,Madhavi Wijesinghe,Female,Mathematics,86.43,61.29,21,0,false,true,false,Low attendance
4982,Supun Fernando,Male,Computer Science,86.43,62.26,22,0,false,true,false,Low attendance
5583,Ishara Ekanayake,Male,Mathematics,86.43,62.34,20,0,false,true,false,Low attendance
3128,Chamara Ranatunga,Male,Mathematics,86.43,63.81,21,0,false,true,false,Low attendance
1315,Ashley Carter,Female,Mathematics,86.44,63.93,20,0,false,true,false,Low attendance
5936,Ishara Fernando,Male,Physics,86.45,63.72,15,0,false,true,false,Low attendance
4565,Naveen Silva,Male,Mathematics,86.46,61.91,19,0,false,true,false,Low attendance
7718,Rashmi Madushanka,Female,Physics,86.46,62.94,24,0,false,true,false,Low attendance
6356,Sahan Perera,Male,Mathematics,86.47,59.94,22,0,false,true,false,Low attendance
7388,Naveen Wijesinghe,Male,Physics,86.48,62.51,17,0,false,true,false,Low attendance
6087,Sahan Gunawardena,Male,Physics,86.49,62.63,21,0,false,true,false,Low attendance
10491,Ayesh Senanayake,Male,Physics,86.5,59.41,22,0,false,true,false,Low attendance
7836,Sashini Wijesinghe,Female,Biology,86.52,63.7,18,0,false,true,false,Low attendance
9007,Lahiru Ekanayake,Male,Computer Science,86.52,63.73,19,0,false,true,false,Low attendance
6245,Chamara Gunawardena,Male,Computer Science,86.53,64.04,19,0,false,true,false,Low attendance
4610,Sashini Gunawardena,Female,Biology,86.54,62.36,24,0,false,true,false,Low attendance
7732,Sahan Abeysekera,Male,Physics,86.57,61.88,24,0,false,true,false,Low attendance
7495,Tharushi Silva,Female,Computer Science,86.58,59.66,16,0,false,true,false,Low attendance
4960,Nimal Silva,Male,Physics,86.58,62.56,21,0,false,true,false,Low attendance
3639,Rashmi Fernando,Female,Computer Science,86.59,60.42,17,0,false,true,false,Low attendance
8182,Shehan Dias,Male,Biology,86.59,62.82,23,0,false,true,false,Low attendance
8581,Nimal Peiris,Male,Mathematics,86.6,62.55,20,0,false,true,false,Low attendance
7040,Tharindu Senanayake,Male,Computer Science,86.61,64.23,21,0,false,true,false,Low attendance
6181,Naveen Senanayake,Male,Biology,86.62,59.14,23,0,false,true,false,Low attendance
2941,Christopher Anderson,Female,Mathematics,86.64,63.68,22,0,false,true,false,Low attendance
2131,Kristin Cook,Female,Biology,86.65,59.87,22,0,false,true,false,Low attendance
6991,Piumi Perera,Female,Physics,86.66,62.92,24,0,false,true,false,Low attendance
1881,Jennifer Carroll,Female,Computer Science,86.66,63.37,19,0,false,true,false,Low attendance
4582,Amandi Madushanka,Female,Computer Science,86.7,63.14,24,0,false,true,false,Low attendance
4454,Ravindu Perera,Male,Biology,86.71,63.23,22,0,false,true,false,Low attendance
1858,Matthew Garza,Male,Biology,86.73,64.52,20,0,false,true,false,Low attendance
7710,Madhavi Ranatunga,Female,Mathematics,86.75,57.72,19,0,false,true,false,Low attendance
9061,Amandi Ranatunga,Female,Computer Science,86.75,64.1,20,0,false,true,false,Low attendance
3643,Ravindu Abeysekera,Male,Physics,86.77,59.81,18,0,false,true,false,Low attendance
6551,Dinithi Abeysekera,Female,Biology,86.77,62.64,18,0,false,true,false,Low attendance
8913,Sachini Herath,Female,Computer Science,86.78,58.34,17,0,false,true,false,Low attendance
2367,Gloria Sanchez,Female,Physics,86.78,64.46,19,0,false,true,false,Low attendance
8506,Amandi Jayasinghe,Female,Mathematics,86.8,64.86,23,0,false,true,false,Low attendance
6501,Nadeesha Senanayake,Female,Mathematics,86.81,62.55,22,0,false,true,false,Low attendance
9987,Sahan Peiris,Male,Computer Science,86.81,62.56,21,0,false,true,false,Low attendance
3837,Amandi Senanayake,Female,Physics,86.81,62.84,16,0,false,true,false,Low attendance
7790,Dilan Abeysekera,Male,Physics,86.81,64.85,22,0,false,true,false,Low attendance
7901,Kusal Madushanka,Male,Computer Science,86.83,62.7,20,0,false,true,false,Low attendance
5049,Ishani Perera,Female,Computer Science,86.84,61.76,18,0,false,true,false,Low attendance
1946,Sarah West,Male,Mathematics,86.84,61.99,24,0,false,true,false,Low attendance
10799,Amandi Dias,Female,Mathematics,86.87,64.11,17,0,false,true,false,Low attendance
2533,William Burke,Male,Biology,86.87,64.35,21,0,false,true,false,Low attendance
3913,Nimal Ranatunga,Male,Physics,86.88,64.25,22,0,false,true,false,Low attendance
2986,Haley Hutchinson,Female,Mathematics,86.89,62.95,18,0,false,true,false,Low attendance
2481,Tamara Williams,Male,Physics,86.89,64.04,19,0,false,true,false,Low attendance
6878,Naveen Fernando,Male,Computer Science,86.9,63.21,19,0,false,true,false,Low attendance
9913,Hiruni Jayasinghe,Female,Computer Science,86.91,62.6,21,0,false,true,false,Low attendance
10902,Tharindu Madushanka,Male,Biology,86.91,62.91,25,0,false,true,false,Low attendance
8467,Supun Ekanayake,Male,Biology,86.92,62.7,20,0,false,true,false,Low attendance
6616,Madhavi Madushanka,Female,Computer Science,86.92,63.77,21,0,false,true,false,Low attendance
1116,Ryan Dunlap,Male,Biology,86.98,62.32,21,0,false,true,false,Low attendance
9739,Tharindu Jayasinghe,Male,Computer Science,86.98,64.62,18,0,false,true,false,Low attendance
3586,Sanduni Ekanayake,Female,Biology,87.0,63.08,26,0,false,true,false,Low attendance
5201,Amal Abeysekera,Male,Biology,87.01,64.45,25,0,false,true,false,Low attendance
10658,Nadeesha Abeysekera,Female,Mathematics,87.02,61.73,21,0,false,true,false,Low attendance
4054,Shehan Ekanayake,Male,Biology,87.04,59.33,22,0,false,true,false,Low attendance
7423,Ravindu Gunawardena,Male,Biology,87.04,63.43,22,0,false,true,false,Low attendance
2424,Adam Bailey,Male,Computer Science,87.04,63.64,21,0,false,true,false,Low attendance
5389,Dilini Perera,Female,Mathematics,87.06,59.23,17,0,false,true,false,Low attendance
5999,Ishara Abeysekera,Male,Computer Science,87.06,60.0,22,0,false,true,false,Low attendance
6755,Tharushi Peiris,Female,Biology,87.07,62.12,24,0,false,true,false,Low attendance
10901,Rashmi Ekanayake,Female,Biology,87.08,60.92,20,0,false,true,false,Low attendance
1267,Bobby Nelson,Female,Computer Science,87.1,63.95,19,0,false,true,false,Low attendance
4808,Tharushi Herath,Female,Physics,87.11,62.78,24,0,false,true,false,Low attendance
4931,Chamara Ranatunga,Male,Mathematics,87.12,64.06,18,0,false,true,false,Low attendance
7147,Ravindu Ranatunga,Male,Physics,87.14,62.95,25,0,false,true,false,Low attendance
3619,Amandi Silva,Female,Computer Science,87.14,63.93,21,0,false,true,false,Low attendance
8081,Sashini Abeysekera,Female,Computer Science,87.15,62.83,24,0,false,true,false,Low attendance
8592,Tharushi Dias,Female,Mathematics,87.17,59.82,21,0,false,true,false,Low attendance
8448,Sashini Peiris,Female,Computer Science,87.18,62.16,19,0,false,true,false,Low attendance
3537,Dilan Herath,Male,Biology,87.21,63.91,19,0,false,true,false,Low attendance
5686,Tharushi Fernando,Female,Computer Science,87.22,62.68,21,0,false,true,false,Low attendance
2358,Brooke Doyle,Male,Physics,87.23,64.67,21,0,false,true,false,Low attendance
2878,Tracey Larson,Female,Physics,87.24,64.15,22,0,false,true,false,Low attendance
5426,Amandi Wijesinghe,Female,Biology,87.25,63.63,21,0,false,true,false,Low attendance
8885,Ayesh Silva,Male,Computer Science,87.26,62.39,27,0,false,true,false,Low attendance
1070,Stephen Nelson,Male,Mathematics,87.28,62.77,21,0,false,true,false,Low attendance
10225,Naveen Abeysekera,Male,Computer Science,87.3,63.52,22,0,false,true,false,Low attendance
10125,Nimal Herath,Male,Biology,87.32,62.36,25,0,false,true,false,Low attendance
10458,Hiruni Fernando,Female,Biology,87.32,64.29,17,0,false,true,false,Low attendance
1578,Benjamin Smith,Male,Computer Science,87.33,63.2,20,0,false,true,false,Low attendance
6233,Madhavi Ekanayake,Female,Computer Science,87.33,64.96,20,0,false,true,false,Low attendance
1306,Anthony Miller,Male,Mathematics,87.34,61.2,19,0,false,true,false,Low attendance
10254,Ishani Fernando,Female,Physics,87.34,62.16,17,0,false,true,false,Low attendance
5451,Amandi Silva,Female,Biology,87.34,63.99,18,0,false,true,false,Low attendance
8409,Ravindu Senanayake,Male,Mathematics,87.36,59.27,17,0,false,true,false,Low attendance
2139,Jeffrey Taylor,Female,Biology,87.37,63.43,22,0,false,true,false,Low attendance
1111,Catherine Welch,Female,Biology,87.38,61.22,21,0,false,true,false,Low attendance
1636,Russell Vargas,Female,Mathematics,87.4,63.46,20,0,false,true,false,Low attendance
3834,Sashini Ranatunga,Female,Computer Science,87.42,60.37,22,0,false,true,false,Low attendance
10484,Sashini Jayasinghe,Female,Mathematics,87.42,64.17,19,0,false,true,false,Low attendance
6926,Ishani Peiris,Female,Mathematics,87.43,64.8,18,0,false,true,false,Low attendance
7000,Lahiru Senanayake,Male,Mathematics,87.45,57.34,18,0,false,true,false,Low attendance
7010,Supun Dias,Male,Biology,87.45,61.7,19,0,false,true,false,Low attendance
7141,Chamara Ekanayake,Male,Computer Science,87.45,63.2,24,0,false,true,false,Low attendance
9667,Sachini Fernando,Female,Mathematics,87.46,63.19,20,0,false,true,false,Low attendance
10527,Dilini Senanayake,Female,Mathematics,87.47,63.61,20,0,false,true,false,Low attendance
4178,Amandi Perera,Female,Physics,87.48,61.17,19,0,false,true,false,Low attendance
5879,Nethmi Fernando,Female,Computer Science,87.48,63.4,18,0,false,true,false,Low attendance
8496,Tharushi Ranatunga,Female,Computer Science,87.48,64.65,19,0,false,true,false,Low attendance
1853,Kimberly Lewis,Male,Computer Science,87.49,62.16,17,0,false,true,false,Low attendance
3613,Tharindu Perera,Male,Mathematics,87.51,58.72,21,0,false,true,false,Low attendance
6394,Kusal Ekanayake,Male,Biology,87.51,63.24,21,0,false,true,false,Low attendance
9034,Lahiru Dias,Male,Mathematics,87.53,64.67,18,0,false,true,false,Low attendance
9489,Rashmi Ekanayake,Female,Physics,87.54,64.06,21,0,false,true,false,Low attendance
3930,Supun Perera,Male,Physics,87.55,64.4,20,0,false,true,false,Low attendance
5730,Kasun Dias,Male,Physics,87.57,60.48,19,0,false,true,false,Low attendance
1051,Cindy Tucker,Female,Physics,87.61,63.4,20,0,false,true,false,Low attendance
1195,Melissa Small,Female,Biology,87.61,64.97,23,0,false,true,false,Low attendance
1344,Ivan Cook,Male,Computer Science,87.62,63.15,24,0,false,true,false,Low attendance
1388,Daisy Johnson,Female,Computer Science,87.62,63.99,22,0,false,true,false,Low attendance
2559,Laurie Burgess,Male,Computer Science,87.63,61.27,24,0,false,true,false,Low attendance
4115,Kusal Gunawardena,Male,Mathematics,87.63,63.74,23,0,false,true,false,Low attendance
2033,Donna Lewis,Male,Biology,87.64,63.57,21,0,false,true,false,Low attendance
1778,Nicole Montgomery,Female,Mathematics,87.64,63.67,18,0,false,true,false,Low attendance
8986,Dilini Abeysekera,Female,Biology,87.64,64.0,19,0,false,true,false,Low attendance
4113,Dilini Abeysekera,Female,Mathematics,87.64,64.58,18,0,false,true,false,Low attendance
5121,Dilan Wijesinghe,Male,Computer Science,87.67,62.17,26,0,false,true,false,Low attendance
8494,Amal Jayasinghe,Male,Computer Science,87.68,62.96,20,0,false,true,false,Low attendance
1650,Jackson Rivas,Male,Biology,87.68,63.89,22,0,false,true,false,Low attendance
1846,John Chang,Female,Computer Science,87.71,62.04,20,0,false,true,false,Low attendance
2500,Michelle Morris,Female,Biology,87.71,64.38,22,0,false,true,false,Low attendance
5545,Sanduni Dias,Female,Computer Science,87.71,64.41,21,0,false,true,false,Low attendance
9847,Hiruni Madushanka,Female,Biology,87.72,63.02,21,0,false,true,false,Low attendance
9654,Kasun Herath,Male,Mathematics,87.76,62.23,19,0,false,true,false,Low attendance
2945,Autumn White,Female,Biology,87.83,61.84,20,0,false,true,false,Low attendance
6851,Kusal Wijesinghe,Male,Mathematics,87.83,63.89,18,0,false,true,false,Low attendance
10205,Ravindu Dias,Male,Computer Science,87.83,64.9,18,0,false,true,false,Low attendance
3155,Nadeesha Ekanayake,Female,Computer Science,87.84,63.1,23,0,false,true,false,Low attendance
4740,Kavindi Abeysekera,Female,Biology,87.86,59.02,16,0,false,true,false,Low attendance
7247,Sashini Fernando,Female,Computer Science,87.88,63.13,25,0,false,true,false,Low attendance
5400,Nethmi Rajapaksha,Female,Biology,87.89,63.79,18,0,false,true,false,Low attendance
2375,Denise Odom,Female,Biology,87.91,64.03,24,0,false,true,false,Low attendance
1598,Lori Taylor,Female,Mathematics,87.92,63.2,19,0,false,true,false,Low attendance
7956,Shehan Fernando,Male,Physics,87.92,64.3,23,0,false,true,false,Low attendance
5972,Naveen Rajapaksha,Male,Computer Science,87.92,64.51,20,0,false,true,false,Low attendance
10703,Ravindu Fernando,Male,Mathematics,87.92,64.92,20,0,false,true,false,Low attendance
8302,Tharushi Perera,Female,Physics,87.97,63.4,18,0,false,true,false,Low attendance
4522,Shehan Ekanayake,Male,Mathematics,87.98,63.79,18,0,false,true,false,Low attendance
10103,Dilan Senanayake,Male,Physics,87.99,64.1,21,0,false,true,false,Low attendance
2575,Joshua Smith,Female,Mathematics,88.0,63.89,20,0,false,true,false,Low attendance
2136,Matthew Barnes,Female,Biology,88.04,61.19,25,0,false,true,false,Low attendance
3620,Supun Ekanayake,Male,Computer Science,88.04,63.09,21,0,false,true,false,Low attendance
7425,Hiruni Abeysekera,Female,Biology,88.06,64.41,25,0,false,true,false,Low attendance
2504,Joshua Ortiz,Male,Physics,88.07,60.55,22,0,false,true,false,Low attendance
1055,Robert Ellis,Female,Mathematics,88.07,64.59,21,0,false,true,false,Low attendance
10359,Lahiru Abeysekera,Male,Mathematics,88.08,64.25,19,0,false,true,false,Low attendance
6608,Ayesh Silva,Male,Biology,88.1,62.83,26,0,false,true,false,Low attendance
6249,Ayesh Silva,Male,Computer Science,88.13,64.48,27,0,false,true,false,Low attendance
8362,Madhavi Ekanayake,Female,Biology,88.2,64.99,22,0,false,true,false,Low attendance
1754,Bryan Woods,Male,Mathematics,88.21,63.65,19,0,false,true,false,Low attendance
7171,Nethmi Senanayake,Female,Mathematics,88.22,63.83,18,0,false,true,false,Low attendance
2840,Matthew Hall,Male,Biology,88.23,60.91,23,0,false,true,false,Low attendance
6746,Shehan Madushanka,Male,Computer Science,88.24,61.64,17,0,false,true,false,Low attendance
1460,Samantha Duke,Female,Computer Science,88.28,62.49,20,0,false,true,false,Low attendance
6400,Nethmi Senanayake,Female,Computer Science,88.29,64.42,17,0,false,true,false,Low attendance
4146,Supun Gunawardena,Male,Physics,88.33,64.63,22,0,false,true,false,Low attendance
2860,Nicole Morales,Male,Biology,88.36,62.6,20,0,false,true,false,Low attendance
5268,Chamara Perera,Male,Physics,88.39,63.98,21,0,false,true,false,Low attendance
7219,Ishani Fernando,Female,Biology,88.43,64.66,21,0,false,true,false,Low attendance
5740,Sanduni Perera,Female,Biology,88.46,63.21,20,0,false,true,false,Low attendance
4719,Amandi Senanayake,Female,Computer Science,88.48,57.63,20,0,false,true,false,Low attendance
7844,Nimal Wijesinghe,Male,Biology,88.49,59.67,21,0,false,true,false,Low attendance
7500,Hiruni Senanayake,Female,Mathematics,88.49,61.86,20,0,false,true,false,Low attendance
9730,Ishani Wijesinghe,Female,Mathematics,88.5,57.18,18,0,false,true,false,Low attendance
7699,Kusal Wijesinghe,Male,Physics,88.52,64.56,19,0,false,true,false,Low attendance
7252,Dinithi Madushanka,Female,Computer Science,88.57,61.09,20,0,false,true,false,Low attendance
8167,Ishani Rajapaksha,Female,Computer Science,88.65,64.85,22,0,false,true,false,Low attendance
1547,Jessica Bates,Male,Computer Science,88.66,63.72,20,0,false,true,false,Low attendance
10425,Tharushi Madushanka,Female,Mathematics,88.66,64.93,20,0,false,true,false,Low attendance
9820,Naveen Senanayake,Male,Computer Science,88.67,63.7,25,0,false,true,false,Low attendance
5146,Ishara Peiris,Male,Mathematics,88.67,64.8,19,0,false,true,false,Low attendance
1898,Jesse Garner,Female,Mathematics,88.69,63.75,18,0,false,true,false,Low attendance
5274,Madhavi Perera,Female,Biology,88.71,62.16,22,0,false,true,false,Low attendance
5685,Kasun Jayasinghe,Male,Mathematics,88.74,64.7,19,0,false,true,false,Low attendance
4029,Amandi Rajapaksha,Female,Mathematics,88.82,63.84,16,0,false,true,false,Low attendance
6133,Nethmi Herath,Female,Mathematics,88.83,61.26,18,0,false,true,false,Low attendance
5072,Rashmi Senanayake,Female,Biology,88.85,64.39,23,0,false,true,false,Low attendance
9713,Ishara Senanayake,Male,Mathematics,88.86,64.04,22,0,false,true,false,Low attendance
4496,Tharushi Abeysekera,Female,Mathematics,88.87,64.64,22,0,false,true,false,Low attendance
4019,Nadeesha Madushanka,Female,Mathematics,88.91,64.12,19,0,false,true,false,Low attendance
8608,Kavindi Gunawardena,Female,Physics,88.95,64.79,20,0,false,true,false,Low attendance
7681,Kavindi Rajapaksha,Female,Physics,88.98,63.79,15,0,false,true,false,Low attendance
9701,Sanduni Gunawardena,Female,Biology,89.01,64.67,19,0,false,true,false,Low attendance
2951,Kelly Rodriguez,Female,Computer Science,89.03,64.66,18,0,false,true,false,Low attendance
7651,Sashini Perera,Female,Physics,89.04,60.82,18,0,false,true,false,Low attendance
1130,Maria Lopez,Male,Biology,89.07,63.45,24,0,false,true,false,Low attendance
7064,Supun Ekanayake,Male,Physics,89.08,63.72,20,0,false,true,false,Low attendance
1725,Margaret Morgan,Female,Computer Science,89.16,63.46,25,0,false,true,false,Low attendance
8070,Rashmi Ranatunga,Female,Physics,89.17,64.0,20,0,false,true,false,Low attendance
3759,Hiruni Rajapaksha,Female,Biology,89.22,64.75,19,0,false,true,false,Low attendance
7877,Lahiru Perera,Male,Computer Science,89.23,64.57,22,0,false,true,false,Low attendance
1969,Edward Haney,Female,Biology,89.24,64.32,20,0,false,true,false,Low attendance
10666,Piumi Gunawardena,Female,Biology,89.25,63.04,23,0,false,true,false,Low attendance
5273,Ravindu Wijesinghe,Male,Biology,89.27,63.34,20,0,false,true,false,Low attendance
5909,Hiruni Abeysekera,Female,Physics,89.28,61.45,16,0,false,true,false,Low attendance
1602,Jamie Mcgrath,Male,Physics,89.31,60.9,23,0,false,true,false,Low attendance
3262,Sanduni Rajapaksha,Female,Mathematics,89.34,64.42,16,0,false,true,false,Low attendance
8301,Lahiru Ekanayake,Male,Biology,89.36,63.5,21,0,false,true,false,Low attendance
3426,Nethmi Madushanka,Female,Computer Science,89.4,64.81,18,0,false,true,false,Low attendance
6921,Tharushi Senanayake,Female,Physics,89.42,63.89,23,0,false,true,false,Low attendance
5866,Dinithi Fernando,Female,Computer Science,89.42,64.64,20,0,false,true,false,Low attendance
1966,David Juarez,Female,Physics,89.47,62.8,22,0,false,true,false,Low attendance
7250,Dilan Rajapaksha,Male,Biology,89.52,63.78,21,0,false,true,false,Low attendance
9138,Amal Herath,Male,Computer Science,89.52,64.95,20,0,false,true,false,Low attendance
6216,Ishara Abeysekera,Male,Mathematics,89.58,64.17,17,0,false,true,false,Low attendance
1963,Daniel Wong,Female,Mathematics,89.69,64.72,21,0,false,true,false,Low attendance
4088,Ayesh Senanayake,Male,Biology,89.73,64.7,20,0,false,true,false,Low attendance
2806,Kenneth Poole,Male,Computer Science,89.84,62.29,24,0,false,true,false,Low attendance
7503,Nimal Fernando,Male,Physics,89.89,62.95,21,0,false,true,false,Low attendance
1395,Michael Osborne,Female,Biology,89.91,60.75,21,0,false,true,false,Low attendance
9835,Kusal Gunawardena,Male,Biology,89.95,62.85,19,0,false,true,false,Low attendance
6740,Amandi Peiris,Female,Physics,90.04,64.93,21,0,false,true,false,Low attendance
2318,Judy Merritt,Female,Physics,90.29,63.44,23,0,false,true,false,Low attendance
8806,Ravindu Abeysekera,Male,Biology,90.38,63.97,19,0,false,true,false,Low attendance
2969,Sherry Sutton,Female,Physics,90.43,64.92,18,0,false,true,false,Low attendance
4895,Piumi Gunawardena,Female,Physics,90.51,64.11,22,0,false,true,false,Low attendance
7058,Sashini Dias,Female,Mathematics,90.52,64.65,19,0,false,true,false,Low attendance
2690,Lindsey Lane,Male,Mathematics,90.56,64.07,19,0,false,true,false,Low attendance
3257,Rashmi Dias,Female,Physics,90.58,60.28,20,0,false,true,false,Low attendance
10151,Sahan Dias,Male,Mathematics,90.67,62.17,16,0,false,true,false,Low attendance
7916,Lahiru Perera,Male,Physics,90.73,64.68,23,0,false,true,false,Low attendance
4066,Ravindu Abeysekera,Male,Biology,90.74,63.6,21,0,false,true,false,Low attendance
8479,Sahan Ranatunga,Male,Biology,90.81,64.1,21,0,false,true,false,Low attendance
10580,Sashini Herath,Female,Mathematics,90.82,61.04,22,0,false,true,false,Low attendance
2012,Anthony Anderson,Male,Biology,90.84,61.06,22,0,false,true,false,Low attendance
10344,Sahan Dias,Male,Physics,90.93,64.79,19,0,false,true,false,Low attendance
9182,Ravindu Silva,Male,Biology,91.09,62.19,19,0,false,true,false,Low attendance
8926,Dinithi Madushanka,Female,Computer Science,91.2,64.67,17,0,false,true,false,Low attendance
4463,Dilini Dias,Female,Biology,91.28,61.75,21,0,false,true,false,Low attendance
9018,Supun Abeysekera,Male,Biology,91.38,64.5,19,0,false,true,false,Low attendance
5424,Madhavi Perera,Female,Mathematics,91.8,64.23,18,0,false,true,false,Low attendance
4780,Nethmi Herath,Female,Mathematics,91.99,63.02,19,0,false,true,false,Low attendance
10788,Madhavi Senanayake,Female,Mathematics,92.02,60.85,16,0,false,true,false,Low attendance
5450,Naveen Ekanayake,Male,Biology,92.2,61.0,22,0,false,true,false,Low attendance
1814,Shelly Buchanan,Male,Biology,92.28,64.76,22,0,false,true,false,Low attendance
7794,Ravindu Madushanka,Male,Biology,92.62,62.21,19,0,false,true,false,Low attendance
8206,Nethmi Wijesinghe,Female,Mathematics,92.65,62.75,22,0,false,true,false,Low attendance
8350,Lahiru Perera,Male,Computer Science,92.83,62.47,20,0,false,true,false,Low attendance
8616,Piumi Senanayake,Female,Computer Science,93.15,63.58,21,0,false,true,false,Low attendance
