student_id,full_name,gender,major,overall_average_score,overall_attendance_percentage,course_count,failed_courses
1917,Matthew Gaines,Male,Mathematics,94.93,67.09,22,0
10569,Chamara Abeysekera,Male,Computer Science,94.7,71.72,19,0
7692,Piumi Silva,Female,Biology,94.56,77.82,21,0
5156,Supun Ranatunga,Male,Mathematics,94.53,72.47,16,0
5346,Tharindu Senanayake,Male,Physics,94.4,73.18,21,0
3127,Lahiru Jayasinghe,Male,Physics,94.37,72.37,20,0
6476,Tharindu Wijesinghe,Male,Biology,94.36,75.98,23,0
10284,Kavindi Jayasinghe,Female,Computer Science,94.23,74.66,20,0
5188,Hiruni Senanayake,Female,Biology,94.18,72.7,18,0
5719,Ayesh Madushanka,Male,Mathematics,93.99,74.88,17,0
9201,Kusal Herath,Male,Computer Science,93.88,71.97,19,0
10288,Shehan Herath,Male,Biology,93.86,71.43,17,0
1235,Christine Delgado,Female,Biology,93.85,71.84,21,0
9407,Dilan Herath,Male,Biology,93.83,69.16,20,0
2192,Michael Gonzalez,Female,Computer Science,93.81,78.1,23,0
4103,Supun Peiris,Male,Physics,93.79,74.07,19,0
7606,Tharushi Herath,Female,Computer Science,93.78,67.7,20,0
5066,Ravindu Ekanayake,Male,Computer Science,93.73,72.39,16,0
4645,Ayesh Jayasinghe,Male,Biology,93.68,70.4,20,0
1855,Rhonda Stone,Male,Biology,93.68,69.09,22,0
9115,Piumi Jayasinghe,Female,Computer Science,93.65,75.89,24,0
10950,Ravindu Herath,Male,Biology,93.61,70.92,23,0
3958,Ishara Fernando,Male,Physics,93.6,68.82,22,0
4480,Kavindi Ranatunga,Female,Biology,93.59,71.25,17,0
8647,Shehan Abeysekera,Male,Computer Science,93.58,69.73,22,0
2220,Tonya Green,Female,Physics,93.58,69.27,22,0
1644,Jeffrey Thompson,Female,Biology,93.56,73.41,24,0
6697,Kavindi Senanayake,Female,Mathematics,93.53,69.64,19,0
5331,Ravindu Silva,Male,Physics,93.51,72.33,23,0
5243,Ravindu Silva,Male,Biology,93.5,72.29,24,0
8862,Nethmi Jayasinghe,Female,Physics,93.5,70.79,20,0
2684,William Combs,Male,Physics,93.49,75.53,18,0
5036,Kavindi Madushanka,Female,Biology,93.47,74.53,20,0
7551,Dilan Ekanayake,Male,Biology,93.42,71.61,20,0
5162,Nadeesha Herath,Female,Computer Science,93.42,69.43,19,0
1733,Brandon Hudson,Male,Mathematics,93.39,73.25,20,0
1413,Christina Bolton,Male,Biology,93.38,73.47,18,0
2037,Stephanie Jackson,Female,Mathematics,93.38,72.05,19,0
8527,Lahiru Peiris,Male,Computer Science,93.38,68.58,21,0
2076,Jessica Gibbs,Male,Physics,93.37,69.19,23,0
6858,Ayesh Abeysekera,Male,Mathematics,93.36,72.0,20,0
3730,Tharushi Abeysekera,Female,Computer Science,93.36,68.18,18,0
6322,Sashini Rajapaksha,Female,Biology,93.32,74.12,19,0
10489,Amal Ekanayake,Male,Physics,93.31,71.47,18,0
7059,Ayesh Fernando,Male,Mathematics,93.31,69.18,17,0
4246,Nethmi Rajapaksha,Female,Biology,93.3,74.0,26,0
3085,Naveen Herath,Male,Biology,93.28,76.14,21,0
2631,Jennifer Rodriguez,Male,Mathematics,93.28,71.86,20,0
2643,Megan Wheeler,Female,Biology,93.27,71.5,20,0
6593,Tharindu Senanayake,Male,Computer Science,93.26,70.05,25,0
10058,Dinithi Silva,Female,Computer Science,93.24,76.83,24,0
9804,Dilini Ranatunga,Female,Physics,93.23,72.68,17,0
10098,Amandi Silva,Female,Biology,93.23,72.36,19,0
5540,Dilan Abeysekera,Male,Computer Science,93.21,68.06,20,0
8994,Nethmi Fernando,Female,Computer Science,93.2,67.88,21,0
7236,Sashini Senanayake,Female,Computer Science,93.19,71.9,19,0
1378,Lisa Wallace,Male,Computer Science,93.16,73.99,20,0
8616,Piumi Senanayake,Female,Computer Science,93.15,63.58,21,0
4442,Dilini Abeysekera,Female,Mathematics,93.13,76.83,19,0
4074,Dilini Fernando,Female,Biology,93.13,76.69,22,0
1097,John Trujillo,Male,Biology,93.13,73.35,21,0
1948,Christopher Nguyen,Male,Mathematics,93.13,71.6,21,0
6016,Dilan Gunawardena,Male,Biology,93.13,69.79,20,0
8554,Kasun Jayasinghe,Male,Biology,93.13,67.74,22,0
3554,Kavindi Ekanayake,Female,Physics,93.13,66.72,23,0
5920,Rashmi Ekanayake,Female,Physics,93.13,66.05,19,0
7962,Shehan Peiris,Male,Physics,93.11,74.98,23,0
9996,Dilini Ekanayake,Female,Computer Science,93.11,73.29,19,0
2545,Amy Forbes,Male,Physics,93.11,70.79,19,0
7501,Chamara Abeysekera,Male,Mathematics,93.09,73.13,19,0
8084,Nadeesha Fernando,Female,Computer Science,93.09,71.22,20,0
2541,Meghan Thomas,Female,Mathematics,93.09,65.31,20,0
7302,Dilan Rajapaksha,Male,Physics,93.07,72.04,24,0
1421,Robert Freeman,Male,Mathematics,93.06,76.17,18,0
2006,Jason Barber,Male,Mathematics,93.06,67.99,24,0
4052,Rashmi Herath,Female,Physics,93.03,77.46,21,0
3823,Ravindu Abeysekera,Male,Computer Science,93.01,71.12,26,0
7686,Kasun Dias,Male,Physics,92.99,70.17,20,0
10680,Kusal Senanayake,Male,Mathematics,92.97,71.15,20,0
6042,Supun Ranatunga,Male,Physics,92.96,75.95,19,0
2711,Danielle Reyes,Male,Biology,92.95,73.16,21,0
8297,Sashini Herath,Female,Physics,92.94,74.44,21,0
5734,Tharushi Silva,Female,Physics,92.93,76.44,20,0
9362,Kavindi Madushanka,Female,Biology,92.93,74.44,22,0
1191,Jose Ortiz,Male,Physics,92.93,68.41,20,0
8559,Amal Herath,Male,Physics,92.91,74.94,19,0
10874,Shehan Ranatunga,Male,Computer Science,92.9,71.0,21,0
4738,Amandi Gunawardena,Female,Mathematics,92.87,72.78,20,0
3889,Nadeesha Herath,Female,Mathematics,92.85,68.52,18,0
5078,Sahan Peiris,Male,Mathematics,92.84,72.17,22,0
8350,Lahiru Perera,Male,Computer Science,92.83,62.47,20,0
7698,Amandi Abeysekera,Female,Computer Science,92.82,68.35,22,0
1505,Erica Bailey,Female,Biology,92.79,72.41,20,0
2156,Kelly Chapman,Male,Physics,92.78,78.39,21,0
7214,Madhavi Silva,Female,Mathematics,92.78,71.2,22,0
9837,Lahiru Rajapaksha,Male,Biology,92.78,68.42,22,0
5133,Dilini Fernando,Female,Mathematics,92.76,69.43,25,0
9768,Sahan Fernando,Male,Computer Science,92.76,68.54,22,0
1790,Kimberly Castro,Male,Physics,92.75,72.69,22,0
2252,Donald Sweeney,Female,Biology,92.75,72.08,16,0
4618,Kasun Herath,Male,Mathematics,92.74,67.69,17,0
9553,Tharindu Silva,Male,Mathematics,92.73,74.83,22,0
6198,Ravindu Gunawardena,Male,Physics,92.72,70.87,20,0
8957,Naveen Rajapaksha,Male,Biology,92.7,71.48,23,0
5423,Amandi Madushanka,Female,Mathematics,92.7,70.84,18,0
4548,Amandi Ekanayake,Female,Mathematics,92.69,75.06,20,0
7186,Sachini Fernando,Female,Mathematics,92.69,73.97,21,0
6166,Madhavi Wijesinghe,Female,Biology,92.69,73.61,24,0
9568,Sashini Dias,Female,Physics,92.69,69.9,20,0
2595,Alicia Smith,Male,Physics,92.68,77.51,21,0
10578,Nimal Fernando,Male,Physics,92.68,73.36,23,0
6929,Nadeesha Herath,Female,Computer Science,92.68,72.41,21,0
10202,Amal Ranatunga,Male,Physics,92.67,71.93,21,0
1817,Danielle Campos,Male,Physics,92.66,72.05,22,0
2275,Steven Davis,Female,Computer Science,92.65,69.13,26,0
8206,Nethmi Wijesinghe,Female,Mathematics,92.65,62.75,22,0
3146,Sachini Abeysekera,Female,Biology,92.64,71.94,24,0
3095,Amandi Silva,Female,Computer Science,92.64,69.25,23,0
2596,Laura Parsons,Female,Biology,92.63,74.02,18,0
9626,Tharushi Senanayake,Female,Computer Science,92.63,70.49,20,0
7794,Ravindu Madushanka,Male,Biology,92.62,62.21,19,0
2987,Michaela Martin,Male,Mathematics,92.61,73.64,22,0
5899,Kusal Peiris,Male,Computer Science,92.61,72.14,22,0
9009,Ishani Silva,Female,Biology,92.6,67.41,21,0
10556,Dilini Ranatunga,Female,Computer Science,92.59,73.48,20,0
8755,Nimal Rajapaksha,Male,Mathematics,92.59,68.55,17,0
4162,Ishani Wijesinghe,Female,Physics,92.58,78.08,25,0
1119,Stacy White,Female,Computer Science,92.58,75.58,23,0
10515,Sahan Wijesinghe,Male,Biology,92.58,75.05,20,0
3403,Nadeesha Silva,Female,Computer Science,92.58,70.65,21,0
7098,Ishani Silva,Female,Physics,92.58,67.6,23,0
4981,Amandi Dias,Female,Mathematics,92.57,69.24,19,0
8720,Shehan Ranatunga,Male,Physics,92.57,69.07,22,0
4204,Supun Abeysekera,Male,Biology,92.56,66.13,18,0
5368,Sashini Gunawardena,Female,Computer Science,92.55,72.58,22,0
8854,Chamara Ranatunga,Male,Biology,92.55,68.21,20,0
2848,Seth Myers,Male,Mathematics,92.53,77.29,22,0
9544,Naveen Peiris,Male,Computer Science,92.53,71.43,17,0
10767,Ayesh Ekanayake,Male,Biology,92.52,71.16,20,0
2813,Stephanie Morgan,Female,Computer Science,92.52,69.3,26,0
2825,Brent Rivas,Female,Mathematics,92.51,68.84,15,0
3325,Kavindi Wijesinghe,Female,Computer Science,92.51,66.59,19,0
4832,Hiruni Wijesinghe,Female,Physics,92.5,75.04,20,0
3853,Amal Dias,Male,Biology,92.5,70.86,20,0
1956,Jonathan Wilson,Male,Biology,92.48,73.64,19,0
6811,Sashini Senanayake,Female,Mathematics,92.48,72.96,17,0
1199,Jeremy Lawrence,Female,Mathematics,92.48,68.25,25,0
1807,Todd Rogers,Female,Computer Science,92.48,68.12,23,0
7979,Ravindu Gunawardena,Male,Biology,92.48,66.89,23,0
1597,Marc Perez,Female,Physics,92.46,73.75,22,0
6489,Kavindi Ranatunga,Female,Physics,92.46,72.54,20,0
4477,Ishara Peiris,Male,Computer Science,92.46,70.13,19,0
4236,Tharindu Herath,Male,Computer Science,92.46,68.29,18,0
9428,Kasun Madushanka,Male,Biology,92.45,68.31,23,0
7727,Ishara Perera,Male,Biology,92.45,66.32,22,0
5789,Nethmi Peiris,Female,Biology,92.44,76.93,24,0
1742,Benjamin Jensen,Female,Physics,92.43,71.46,21,0
1175,Timothy Evans,Male,Physics,92.43,69.66,20,0
2666,Richard Bullock,Male,Physics,92.43,67.18,19,0
9597,Kusal Jayasinghe,Male,Biology,92.43,66.38,21,0
5932,Kavindi Ranatunga,Female,Biology,92.42,70.82,20,0
7355,Tharindu Silva,Male,Physics,92.41,73.65,19,0
10239,Shehan Gunawardena,Male,Physics,92.39,70.87,18,0
5347,Amandi Perera,Female,Physics,92.39,69.34,18,0
5002,Dilan Wijesinghe,Male,Physics,92.38,75.7,21,0
7036,Nimal Rajapaksha,Male,Biology,92.38,72.63,19,0
8271,Lahiru Silva,Male,Computer Science,92.38,69.02,21,0
10991,Naveen Herath,Male,Physics,92.37,70.57,19,0
4570,Sahan Dias,Male,Biology,92.36,70.98,17,0
2994,Stephanie Galvan,Female,Computer Science,92.35,72.02,16,0
7398,Shehan Fernando,Male,Biology,92.35,70.89,23,0
7198,Shehan Dias,Male,Computer Science,92.34,72.31,17,0
7472,Hiruni Perera,Female,Mathematics,92.34,68.74,18,0
5742,Kasun Herath,Male,Physics,92.33,72.0,19,0
4129,Chamara Rajapaksha,Male,Physics,92.32,73.02,24,0
5491,Nimal Senanayake,Male,Computer Science,92.32,72.3,23,0
7739,Tharindu Peiris,Male,Mathematics,92.31,73.95,20,0
9727,Dilini Herath,Female,Mathematics,92.3,73.82,19,0
2933,Megan Maxwell,Male,Biology,92.3,71.57,18,0
3217,Nethmi Ranatunga,Female,Computer Science,92.3,71.54,23,0
6542,Ayesh Madushanka,Male,Mathematics,92.29,74.21,17,0
2264,Joan Baker,Male,Physics,92.29,73.41,21,0
2503,James Schwartz,Female,Physics,92.28,70.63,19,0
1814,Shelly Buchanan,Male,Biology,92.28,64.76,22,0
9966,Supun Perera,Male,Physics,92.27,68.0,21,0
10107,Sashini Herath,Female,Computer Science,92.24,77.85,21,0
5753,Sahan Madushanka,Male,Physics,92.24,72.41,23,0
5534,Naveen Peiris,Male,Computer Science,92.23,72.02,21,0
2041,Jessica Jones,Female,Physics,92.23,66.08,19,0
3606,Hiruni Wijesinghe,Female,Physics,92.22,70.43,22,0
3765,Sahan Silva,Male,Mathematics,92.21,73.26,19,0
4170,Dinithi Ekanayake,Female,Biology,92.21,66.83,20,0
8503,Nethmi Senanayake,Female,Biology,92.2,75.54,19,0
7687,Lahiru Madushanka,Male,Mathematics,92.2,74.57,19,0
5900,Amal Ranatunga,Male,,92.2,68.78,19,0
5450,Naveen Ekanayake,Male,Biology,92.2,61.0,22,0
6140,Nimal Jayasinghe,Male,Computer Science,92.19,71.54,19,0
10343,Kasun Senanayake,Male,Physics,92.18,72.71,18,0
8466,Dinithi Peiris,Female,Biology,92.18,70.07,20,0
8371,Ayesh Ranatunga,Male,Biology,92.18,68.92,21,0
10099,Sanduni Ranatunga,Female,Biology,92.17,73.65,20,0
9945,Dinithi Rajapaksha,Female,Mathematics,92.16,73.64,20,0
4973,Amal Rajapaksha,Male,Biology,92.16,69.33,21,0
4307,Kasun Jayasinghe,Male,Physics,92.16,69.29,21,0
2026,Willie Smith,Male,Biology,92.15,75.62,17,0
8801,Rashmi Senanayake,Female,Biology,92.15,72.89,23,0
10251,Sashini Peiris,Female,Physics,92.15,69.05,24,0
10024,Ayesh Perera,Male,Biology,92.14,69.54,21,0
10653,Dinithi Senanayake,Female,Mathematics,92.14,67.19,17,0
10439,Sahan Jayasinghe,Male,Physics,92.13,73.92,21,0
6148,Nimal Herath,Male,Biology,92.12,67.05,22,0
2639,Christopher Simmons,Male,Physics,92.11,76.52,20,0
2274,Elizabeth Jackson,Female,Biology,92.11,72.14,18,0
4583,Lahiru Madushanka,Male,Physics,92.1,71.52,20,0
10033,Nadeesha Wijesinghe,Female,Mathematics,92.08,70.49,20,0
1784,Jonathan Montgomery,Female,Computer Science,92.08,66.05,23,0
9990,Dinithi Ekanayake,Female,Physics,92.06,75.63,20,0
2579,Jenna Wilson,Male,Mathematics,92.06,70.53,21,0
8969,Tharushi Peiris,Female,Physics,92.05,74.13,20,0
6060,Chamara Senanayake,Male,Physics,92.05,70.9,20,0
4712,Dinithi Fernando,Female,Physics,92.05,69.45,18,0
4095,Supun Gunawardena,Male,Computer Science,92.05,66.58,24,0
3268,Naveen Abeysekera,Male,Biology,92.04,75.71,21,0
4396,Madhavi Jayasinghe,Female,Mathematics,92.04,68.66,23,0
7494,Madhavi Wijesinghe,Female,Physics,92.03,70.42,19,0
10788,Madhavi Senanayake,Female,Mathematics,92.02,60.85,16,0
6682,Dilini Ekanayake,Female,Physics,92.01,69.1,20,0
5338,Lahiru Silva,Male,Computer Science,92.01,68.75,21,0
7856,Kusal Senanayake,Male,Computer Science,91.99,74.3,25,0
8780,Rashmi Ranatunga,Female,Mathematics,91.99,73.31,16,0
6121,Dilini Dias,Female,Biology,91.99,72.8,21,0
8822,Rashmi Perera,Female,Mathematics,91.99,72.01,18,0
4780,Nethmi Herath,Female,Mathematics,91.99,63.02,19,0
3773,Ishara Abeysekera,Male,Physics,91.98,73.09,19,0
2119,Sarah Lee,Female,Biology,91.97,72.53,22,0
6711,Dilan Silva,Male,Biology,91.96,68.57,23,0
2763,Eric Carpenter,Female,Computer Science,91.95,67.52,20,0
4183,Nimal Ranatunga,Male,Biology,91.94,75.11,21,0
2572,Joshua Garcia,Female,Computer Science,91.94,67.76,18,0
4698,Ishani Ekanayake,Female,Physics,91.93,75.96,25,0
2047,Kevin Stewart,Male,Physics,91.92,68.74,26,0
7835,Kasun Silva,Male,Mathematics,91.92,65.98,16,0
3274,Madhavi Silva,Female,Biology,91.91,70.43,20,0
4641,Hiruni Wijesinghe,Female,Biology,91.91,70.27,15,0
8684,Madhavi Silva,Female,Computer Science,91.91,68.53,22,0
2693,Danny Wilson,Female,Physics,91.9,72.76,21,0
7730,Madhavi Herath,Female,Mathematics,91.89,75.82,20,0
8092,Kasun Dias,Male,Biology,91.89,71.69,24,0
6093,Hiruni Abeysekera,Female,Mathematics,91.88,75.09,23,0
7393,Kusal Senanayake,Male,Mathematics,91.86,76.69,22,0
1233,Sandra Tyler,Female,Computer Science,91.86,73.84,19,0
6228,Chamara Ranatunga,Male,Biology,91.86,68.21,18,0
4795,Tharindu Ranatunga,Male,Biology,91.85,72.52,23,0
5009,Chamara Madushanka,Male,Biology,91.84,73.19,20,0
10620,Dilan Peiris,Male,Biology,91.84,71.34,20,0
9153,Shehan Madushanka,Male,Computer Science,91.83,74.69,24,0
3409,Dinithi Abeysekera,Female,Physics,91.82,73.45,20,0
3568,Ayesh Perera,Male,Computer Science,91.82,68.6,17,0
1616,Julian Walter,Female,Physics,91.81,77.12,20,0
6666,Naveen Wijesinghe,Male,Physics,91.81,73.06,18,0
4579,Hiruni Jayasinghe,Female,Physics,91.81,68.12,23,0
9273,Tharushi Peiris,Female,Biology,91.81,68.07,22,0
10487,Dilan Perera,Male,Mathematics,91.8,72.91,19,0
10038,Tharushi Jayasinghe,Female,Physics,91.8,72.41,20,0
9675,Kasun Madushanka,Male,Computer Science,91.8,70.59,20,0
5424,Madhavi Perera,Female,Mathematics,91.8,64.23,18,0
7802,Ishani Gunawardena,Female,Mathematics,91.79,68.12,19,0
2712,Cheryl Graham,Female,Physics,91.77,75.54,21,0
4632,Amandi Senanayake,Female,Mathematics,91.77,74.85,21,0
2376,Loretta Lewis,Male,Biology,91.77,72.48,18,0
6613,Nadeesha Abeysekera,Female,Mathematics,91.77,68.49,20,0
2741,Steven Hall,Female,Physics,91.77,67.05,19,0
4892,Chamara Abeysekera,Male,Mathematics,91.76,71.87,22,0
9555,Sahan Abeysekera,Male,Physics,91.75,71.45,18,0
3912,Lahiru Ekanayake,Male,Biology,91.75,70.25,18,0
8579,Nimal Madushanka,Male,Computer Science,91.74,78.35,22,0
3051,Madhavi Rajapaksha,Female,Mathematics,91.73,76.06,20,0
3538,Hiruni Fernando,Female,Mathematics,91.73,75.77,20,0
9821,Lahiru Perera,Male,Biology,91.73,70.29,20,0
7210,Ayesh Peiris,Male,Biology,91.73,69.03,20,0
5321,Ayesh Rajapaksha,Male,Computer Science,91.73,67.23,24,0
5839,Rashmi Wijesinghe,Female,Mathematics,91.72,66.44,19,0
8482,Lahiru Rajapaksha,Male,Biology,91.71,76.95,23,0
8263,Chamara Silva,Male,Biology,91.71,72.83,16,0
6624,Sahan Jayasinghe,Male,Mathematics,91.71,70.32,21,0
2719,Taylor Hunter,Female,Mathematics,91.7,70.86,20,0
9491,Ishani Herath,Female,Computer Science,91.7,68.1,20,0
8633,Naveen Fernando,Male,Biology,91.69,72.58,18,0
5538,Kavindi Peiris,Female,Computer Science,91.69,67.41,21,0
4085,Nadeesha Senanayake,Female,Physics,91.68,72.88,23,0
9199,Kusal Senanayake,Male,Physics,91.68,72.8,26,0
10692,Dilini Ekanayake,Female,Computer Science,91.68,72.27,26,0
8030,Kavindi Herath,Female,Mathematics,91.68,69.63,19,0
6801,Ayesh Rajapaksha,Male,Mathematics,91.67,73.83,21,0
9363,Shehan Ranatunga,Male,Biology,91.66,77.57,23,0
8502,Supun Perera,Male,Mathematics,91.66,72.66,19,0
1281,Lindsay Garcia,Female,Physics,91.65,72.2,21,0
6727,Hiruni Gunawardena,Female,Biology,91.64,75.69,27,0
1979,Sherry Johnson,Female,Physics,91.64,70.37,20,0
4552,Tharindu Wijesinghe,Male,Physics,91.64,66.41,18,0
10928,Kusal Rajapaksha,Male,Computer Science,91.63,74.21,18,0
7627,Shehan Senanayake,Male,Biology,91.62,70.13,24,0
1997,Robert Ramos,Male,Mathematics,91.61,74.3,17,0
8323,Kusal Ekanayake,Male,Computer Science,91.61,70.64,19,0
3236,Dilan Silva,Male,Computer Science,91.61,68.16,25,0
5340,Kasun Dias,Male,Computer Science,91.61,66.91,19,0
6223,Sahan Madushanka,Male,Biology,91.59,73.08,17,0
4656,Kusal Abeysekera,Male,Mathematics,91.59,68.75,19,0
6151,Tharindu Jayasinghe,Male,Biology,91.58,78.46,18,0
6208,Shehan Jayasinghe,Male,Biology,91.58,74.32,24,0
9917,Ishani Ekanayake,Female,Biology,91.58,72.75,20,0
10978,Ishara Herath,Male,Mathematics,91.58,70.83,22,0
2423,Kristen Hernandez,Female,Physics,91.57,73.31,20,0
1826,Nicholas Terry,Female,Biology,91.57,70.9,20,0
8830,Supun Ranatunga,Male,Biology,91.57,70.87,20,0
2060,Dorothy Jackson,Female,Mathematics,91.56,74.81,21,0
5888,Dilan Fernando,Male,Computer Science,91.56,72.69,23,0
2442,Mikayla Cooley,Male,Biology,91.56,68.1,19,0
7952,Nimal Ranatunga,Male,Physics,91.56,66.73,16,0
7212,Piumi Gunawardena,Female,Biology,91.56,65.27,21,0
1538,Susan Daniels,Male,Biology,91.55,70.62,25,0
6355,Nimal Jayasinghe,Male,Computer Science,91.54,73.84,22,0
7998,Piumi Senanayake,Female,Mathematics,91.54,71.09,18,0
1684,Sophia Gay,Female,Biology,91.54,70.28,15,0
10271,Amal Fernando,Male,Physics,91.54,67.1,19,0
9352,Ravindu Jayasinghe,Male,Computer Science,91.53,71.73,21,0
8712,Tharindu Jayasinghe,Male,Mathematics,91.53,65.06,19,0
2843,Jessica Kerr,Female,Biology,91.52,71.78,24,0
4371,Piumi Ranatunga,Female,Mathematics,91.51,71.99,22,0
6528,Supun Rajapaksha,Male,Physics,91.51,71.47,20,0
8563,Piumi Dias,Female,Biology,91.51,70.23,20,0
2519,Megan Foster,Female,Biology,91.51,69.42,20,0
6067,Shehan Dias,Male,Mathematics,91.5,73.78,20,0
5088,Amal Dias,Male,Biology,91.5,70.71,19,0
9283,Tharindu Silva,Male,Physics,91.47,75.11,22,0
6646,Ishani Fernando,Female,Computer Science,91.46,70.92,19,0
6081,Nethmi Ekanayake,Female,Biology,91.46,70.14,20,0
4077,Dinithi Herath,Female,Biology,91.44,74.03,22,0
4561,Shehan Herath,Male,Physics,91.44,73.54,20,0
7895,Naveen Madushanka,Male,Mathematics,91.44,72.46,16,0
1156,Sean West,Male,Biology,91.44,68.9,20,0
3971,Shehan Jayasinghe,Male,Computer Science,91.44,65.75,21,0
2826,Charles Holmes,Female,Physics,91.43,73.4,19,0
1637,Manuel Werner,Male,Biology,91.43,71.82,22,0
1940,Rachel Gardner,Female,Mathematics,91.42,77.75,25,0
2138,Justin Whitehead,Male,Physics,91.42,72.97,23,0
1283,Lynn Nelson,Female,Physics,91.42,72.24,19,0
9485,Dinithi Gunawardena,Female,Physics,91.42,71.99,18,0
4172,Amal Perera,Male,Biology,91.42,71.77,23,0
8881,Sahan Rajapaksha,Male,Mathematics,91.42,68.24,21,0
1893,Wendy Casey,Male,Mathematics,91.41,76.98,25,0
10832,Rashmi Ranatunga,Female,Biology,91.41,71.56,21,0
4409,Rashmi Gunawardena,Female,Biology,91.41,68.54,24,0
1873,Willie Patel,Female,Biology,91.4,72.37,22,0
5765,Supun Ekanayake,Male,Computer Science,91.4,68.27,18,0
3201,Nethmi Gunawardena,Female,Biology,91.38,72.85,22,0
9018,Supun Abeysekera,Male,Biology,91.38,64.5,19,0
5202,Kasun Wijesinghe,Male,Physics,91.36,76.86,19,0
8683,Sachini Jayasinghe,Female,Computer Science,91.36,66.92,18,0
2333,Tony Leonard,Male,Physics,91.35,72.35,21,0
9788,Piumi Jayasinghe,Female,Biology,91.34,73.32,21,0
6271,Dilini Rajapaksha,Female,Physics,91.33,74.4,23,0
8695,Tharushi Senanayake,Female,Computer Science,91.33,70.98,17,0
6330,Supun Perera,Male,Physics,91.32,75.57,20,0
5014,Kavindi Dias,Female,Mathematics,91.32,70.56,19,0
5519,Nadeesha Madushanka,Female,Mathematics,91.31,76.35,20,0
8743,Kasun Fernando,Male,Biology,91.31,72.99,19,0
9840,Rashmi Herath,Female,Computer Science,91.31,72.72,24,0
1935,Nichole Robertson,Male,Biology,91.31,72.31,24,0
6756,Chamara Senanayake,Male,Computer Science,91.31,72.06,22,0
6694,Supun Wijesinghe,Male,Computer Science,91.31,72.0,20,0
6100,Amandi Jayasinghe,Female,Mathematics,91.29,74.21,20,0
9193,Nethmi Senanayake,Female,Biology,91.29,70.07,20,0
6903,Rashmi Senanayake,Female,Computer Science,91.29,66.34,22,0
3665,Amandi Herath,Female,Physics,91.28,76.51,23,0
10079,Ishani Ranatunga,Female,Computer Science,91.28,74.77,17,0
4463,Dilini Dias,Female,Biology,91.28,61.75,21,0
2726,Hayley Evans,Female,Biology,91.27,73.01,21,0
3463,Sachini Perera,Female,Physics,91.27,68.79,25,0
9026,Dinithi Ekanayake,Female,Biology,91.26,76.41,24,0
10820,Kavindi Wijesinghe,Female,Physics,91.26,72.06,24,0
9819,Kasun Perera,Male,Mathematics,91.26,66.32,22,0
4543,Supun Fernando,Male,Biology,91.25,75.38,18,0
5308,Supun Herath,Male,Biology,91.25,73.83,19,0
2257,Alexandra Cameron,Female,Physics,91.25,73.37,19,0
6406,Sahan Silva,Male,Mathematics,91.24,68.76,18,0
3222,Dilini Rajapaksha,Female,Physics,91.23,74.26,18,0
10144,Kasun Jayasinghe,Male,Computer Science,91.23,73.55,25,0
6883,Ishara Herath,Male,Mathematics,91.23,72.6,21,0
8694,Dinithi Herath,Female,Biology,91.23,71.06,20,0
9229,Shehan Abeysekera,Male,Mathematics,91.23,65.24,18,0
2867,Jeffrey James,Female,Physics,91.22,73.02,22,0
10464,Kusal Perera,Male,Biology,91.21,65.17,22,0
6515,Tharindu Rajapaksha,Male,Mathematics,91.2,68.87,17,0
8926,Dinithi Madushanka,Female,Computer Science,91.2,64.67,17,0
10964,Chamara Abeysekera,Male,Mathematics,91.19,73.06,21,0
9366,Nethmi Jayasinghe,Female,Computer Science,91.19,68.94,20,0
2688,Mark Sanchez,Female,Physics,91.18,67.45,18,0
5294,Dilini Gunawardena,Female,Biology,91.17,76.91,20,0
10665,Sachini Ekanayake,Female,Physics,91.17,75.16,21,0
1717,John Bowman,Male,Mathematics,91.17,73.45,21,0
1379,Amy Carr,Female,Mathematics,91.17,72.87,21,0
6729,Naveen Ekanayake,Male,Computer Science,91.16,66.9,24,0
5766,Amal Rajapaksha,Male,Mathematics,91.15,69.99,19,0
2540,Mary Larson,Male,Mathematics,91.15,68.6,20,0
8431,Sanduni Peiris,Female,Physics,91.13,75.8,20,0
9293,Ishani Madushanka,Female,Physics,91.13,68.83,21,0
10865,Sachini Silva,Female,Mathematics,91.11,70.07,20,0
1361,Joel Molina,Male,Biology,91.11,68.96,26,0
3284,Ishani Madushanka,Female,Computer Science,91.1,71.74,24,0
4517,Ishara Ranatunga,Male,Physics,91.1,71.17,21,0
3504,Dilan Ranatunga,Male,Computer Science,91.1,71.12,23,0
5780,Piumi Madushanka,Female,Computer Science,91.1,70.44,21,0
4980,Naveen Senanayake,Male,Mathematics,91.09,75.01,20,0
1403,Jonathan Prince,Female,Biology,91.09,71.0,21,0
9182,Ravindu Silva,Male,Biology,91.09,62.19,19,0
2670,Daniel Miller,Female,Biology,91.08,71.68,21,0
1348,Michelle Baker,Male,Mathematics,91.08,71.11,19,0
6781,Dinithi Dias,Female,Physics,91.07,73.08,21,0
10339,Ayesh Ekanayake,Male,Computer Science,91.07,70.01,21,0
10810,Nimal Rajapaksha,Male,Physics,91.06,73.3,23,0
1634,Angela Espinoza,Female,Physics,91.06,72.1,19,0
4008,Lahiru Ranatunga,Male,Physics,91.06,71.5,19,0
1760,Stacy Robertson,Male,Computer Science,91.05,73.73,19,0
1727,Edgar Poole,Male,Physics,91.05,73.59,18,0
9839,Nadeesha Jayasinghe,Female,Mathematics,91.05,73.47,22,0
3717,Nadeesha Peiris,Female,Biology,91.03,69.14,24,0
3664,Madhavi Wijesinghe,Female,Computer Science,91.02,69.83,21,0
6287,Tharindu Madushanka,Male,Mathematics,91.01,72.7,24,0
9696,Naveen Wijesinghe,Male,Computer Science,91.01,68.3,23,0
3461,Tharindu Wijesinghe,Male,Biology,91.0,76.73,23,0
4975,Kasun Perera,Male,Mathematics,91.0,69.16,26,0
2344,Cynthia White,Female,Computer Science,90.99,68.82,27,0
8845,Chamara Madushanka,Male,Physics,90.98,72.64,20,0
7882,Sashini Fernando,Female,Physics,90.98,66.86,19,0
6783,Ravindu Perera,Male,Computer Science,90.97,73.23,22,0
3952,Sachini Senanayake,Female,Mathematics,90.97,71.19,19,0
3583,Shehan Senanayake,Male,Biology,90.97,70.76,26,0
2506,William Ramirez,Female,Computer Science,90.97,70.32,22,0
6989,Kasun Ekanayake,Male,Physics,90.95,73.46,16,0
3742,Supun Ranatunga,Male,Computer Science,90.94,73.31,19,0
8605,Sahan Ekanayake,Male,Mathematics,90.93,75.71,16,0
9452,Ayesh Ekanayake,Male,Biology,90.93,66.55,22,0
8551,Madhavi Rajapaksha,Female,Computer Science,90.93,66.12,18,0
10344,Sahan Dias,Male,Physics,90.93,64.79,19,0
8020,Amal Silva,Male,Mathematics,90.92,72.71,19,0
3458,Lahiru Herath,Male,Computer Science,90.92,70.75,24,0
7911,Chamara Jayasinghe,Male,Physics,90.91,71.56,21,0
2315,Travis Gonzalez,Male,Physics,90.9,70.15,24,0
2820,Brenda Bailey,Male,Biology,90.9,68.43,19,0
4201,Dinithi Ekanayake,Female,Biology,90.89,70.62,20,0
5435,Ishani Fernando,Female,Computer Science,90.87,71.44,24,0
3780,Nimal Perera,Male,Mathematics,90.87,70.91,23,0
1452,Brian Brown,Female,Physics,90.86,70.28,20,0
7065,Rashmi Jayasinghe,Female,Computer Science,90.86,68.55,25,0
5638,Sashini Fernando,Female,Physics,90.86,67.74,23,0
6654,Supun Rajapaksha,Male,Biology,90.85,69.48,23,0
8026,Madhavi Fernando,Female,Biology,90.85,68.03,22,0
4788,Tharushi Gunawardena,Female,Computer Science,90.84,78.97,17,0
2012,Anthony Anderson,Male,Biology,90.84,61.06,22,0
9632,Ayesh Madushanka,Male,Physics,90.82,70.95,20,0
10580,Sashini Herath,Female,Mathematics,90.82,61.04,22,0
8479,Sahan Ranatunga,Male,Biology,90.81,64.1,21,0
4654,Chamara Perera,Male,Biology,90.8,71.6,21,0
6691,Sanduni Ranatunga,Female,Computer Science,90.8,70.26,20,0
4292,Sahan Wijesinghe,Male,Computer Science,90.8,66.88,23,0
8959,Lahiru Perera,Male,Physics,90.79,71.25,22,0
9360,Ishara Dias,Male,Biology,90.78,74.29,17,0
9081,Naveen Gunawardena,Male,Biology,90.78,68.8,21,0
3239,Sanduni Madushanka,Female,Biology,90.77,73.08,21,0
6123,Kavindi Abeysekera,Female,Physics,90.77,68.18,22,0
6224,Sachini Peiris,Female,Mathematics,90.76,71.14,20,0
9879,Sahan Fernando,Male,Biology,90.76,67.13,22,0
10260,Chamara Madushanka,Male,Biology,90.76,67.03,20,0
2120,Patricia Brandt,Female,Physics,90.75,74.7,22,0
7178,Tharushi Jayasinghe,Female,Mathematics,90.75,74.2,16,0
5914,Naveen Silva,Male,Physics,90.75,73.56,20,0
7405,Ishani Gunawardena,Female,Mathematics,90.75,70.82,19,0
8692,Shehan Senanayake,Male,Biology,90.74,74.88,21,0
4136,Ishara Dias,Male,Physics,90.74,70.05,20,0
6463,Kusal Herath,Male,Computer Science,90.74,69.31,20,0
4066,Ravindu Abeysekera,Male,Biology,90.74,63.6,21,0
5698,Piumi Madushanka,Female,Physics,90.73,68.87,23,0
7916,Lahiru Perera,Male,Physics,90.73,64.68,23,0
1521,Heather Cooper,Male,Physics,90.72,75.16,21,0
2999,Briana Bailey,Male,Physics,90.72,74.02,19,0
8072,Rashmi Herath,Female,Computer Science,90.72,72.53,22,0
3992,Piumi Ekanayake,Female,Computer Science,90.72,70.27,21,0
6561,Lahiru Abeysekera,Male,Biology,90.72,69.27,25,0
2800,Mariah Harris,Female,Computer Science,90.72,68.66,20,0
5861,Naveen Perera,Male,Biology,90.71,74.3,18,0
2208,Randy Meyer,Male,Physics,90.71,70.01,20,0
3179,Nadeesha Senanayake,Female,Mathematics,90.71,67.76,20,0
8700,Nethmi Fernando,Female,Computer Science,90.71,67.33,18,0
9032,Ayesh Peiris,Male,Biology,90.7,70.66,24,0
9738,Kavindi Rajapaksha,Female,Physics,90.7,67.08,23,0
6263,Hiruni Senanayake,Female,Computer Science,90.69,71.28,25,0
4966,Sanduni Jayasinghe,Female,Biology,90.69,70.46,22,0
2847,Alan Peterson,Male,Mathematics,90.69,68.89,18,0
1466,Yolanda Nelson,Male,Mathematics,90.69,67.67,20,0
4866,Hiruni Ranatunga,Female,Computer Science,90.68,73.73,21,0
5276,Kavindi Fernando,Female,Physics,90.68,71.28,20,0
1694,Christy Melton,Male,Mathematics,90.67,72.44,22,0
7348,Sashini Perera,Female,Computer Science,90.67,71.92,21,0
5654,Kavindi Fernando,Female,Mathematics,90.67,69.92,23,0
6178,Nethmi Silva,Female,Mathematics,90.67,69.43,21,0
10151,Sahan Dias,Male,Mathematics,90.67,62.17,16,0
7568,Piumi Jayasinghe,Female,Mathematics,90.66,70.75,16,0
4058,Nimal Gunawardena,Male,Physics,90.66,66.09,24,0
7994,Sanduni Gunawardena,Female,Physics,90.64,72.84,23,0
10623,Tharindu Silva,Male,Mathematics,90.64,70.86,22,0
1211,John Duarte,Female,Physics,90.64,68.8,21,0
5511,Ishara Fernando,Male,Physics,90.64,66.94,20,0
2664,Melanie Reed,Female,Computer Science,90.63,69.35,23,0
2372,Joe Carson,Male,Computer Science,90.63,68.47,21,0
6327,Ravindu Wijesinghe,Male,Computer Science,90.62,68.95,22,0
4139,Rashmi Silva,Female,Computer Science,90.62,68.09,20,0
6861,Lahiru Herath,Male,Mathematics,90.61,70.08,20,0
3710,Chamara Jayasinghe,Male,Computer Science,90.61,69.28,21,0
4092,Nimal Gunawardena,Male,Computer Science,90.6,70.49,18,0
4823,Kavindi Ranatunga,Female,Computer Science,90.6,70.01,26,0
4237,Tharindu Jayasinghe,Male,Biology,90.6,69.12,23,0
2949,Walter Francis,Male,Physics,90.59,70.89,23,0
8569,Dinithi Silva,Female,Biology,90.59,69.35,21,0
6362,Ishara Senanayake,Male,Biology,90.58,70.98,23,0
1095,Daniel Petersen,Female,Biology,90.58,68.68,19,0
3257,Rashmi Dias,Female,Physics,90.58,60.28,20,0
4843,Amandi Ranatunga,Female,Biology,90.57,65.82,23,0
2690,Lindsey Lane,Male,Mathematics,90.56,64.07,19,0
6122,Tharindu Fernando,Male,Biology,90.55,73.23,24,0
3597,Kusal Perera,Male,Computer Science,90.55,70.3,22,0
3111,Naveen Peiris,Male,Computer Science,90.55,66.27,21,0
2432,Brandi Cochran,Female,Physics,90.54,71.74,23,0
2457,Selena Nicholson,Female,Biology,90.53,74.25,19,0
10843,Sashini Abeysekera,Female,Computer Science,90.53,67.0,20,0
7173,Piumi Rajapaksha,Female,Physics,90.52,71.45,23,0
5030,Ishani Rajapaksha,Female,Computer Science,90.52,67.69,20,0
5061,Rashmi Gunawardena,Female,Computer Science,90.52,67.63,22,0
7893,Ayesh Wijesinghe,Male,Computer Science,90.52,66.91,20,0
7058,Sashini Dias,Female,Mathematics,90.52,64.65,19,0
7062,Naveen Herath,Male,Computer Science,90.51,69.38,16,0
4895,Piumi Gunawardena,Female,Physics,90.51,64.11,22,0
4829,Shehan Dias,Male,Mathematics,90.5,76.99,20,0
2597,Benjamin Espinoza,Female,Biology,90.5,74.92,20,0
6692,Chamara Abeysekera,Male,Mathematics,90.5,74.26,17,0
9434,Amandi Ranatunga,Female,Mathematics,90.5,72.14,23,0
1667,Hannah Fisher,Female,Biology,90.5,70.32,21,0
10744,Supun Dias,Male,Physics,90.5,68.76,25,0
9173,Ayesh Gunawardena,Male,Mathematics,90.48,69.71,17,0
6596,Dinithi Wijesinghe,Female,Mathematics,90.47,69.07,20,0
5751,Naveen Fernando,Male,Biology,90.47,66.78,21,0
1482,Elijah Lawrence,Male,Mathematics,90.46,72.16,23,0
4192,Rashmi Silva,Female,Biology,90.45,69.55,19,0
5547,Madhavi Gunawardena,Female,Computer Science,90.45,69.28,22,0
10062,Ishara Abeysekera,Male,Mathematics,90.44,72.32,21,0
6996,Sachini Dias,Female,Physics,90.44,70.15,22,0
4751,Kasun Gunawardena,Male,Physics,90.44,67.23,22,0
7416,Dilan Dias,Male,Biology,90.43,72.42,22,0
2969,Sherry Sutton,Female,Physics,90.43,64.92,18,0
3145,Shehan Madushanka,Male,Computer Science,90.42,69.99,23,0
5069,Naveen Jayasinghe,Male,Physics,90.41,67.12,20,0
3991,Amal Ekanayake,Male,Mathematics,90.4,75.19,22,0
6231,Sahan Jayasinghe,Male,Biology,90.4,69.41,20,0
10879,Amandi Abeysekera,Female,Mathematics,90.4,69.13,21,0
6502,Amal Dias,Male,,90.4,67.21,21,0
3790,Sashini Peiris,Female,Biology,90.39,73.53,21,0
5371,Sachini Gunawardena,Female,Biology,90.39,71.61,19,0
6379,Chamara Senanayake,Male,Mathematics,90.39,68.85,20,0
9531,Nadeesha Peiris,Female,Physics,90.38,67.82,24,0
8806,Ravindu Abeysekera,Male,Biology,90.38,63.97,19,0
2734,Lisa Davis,Female,Mathematics,90.37,72.6,19,0
6525,Nadeesha Abeysekera,Female,Mathematics,90.36,68.21,18,0
9719,Shehan Gunawardena,Male,Computer Science,90.36,68.2,21,0
1671,Adam Malone,Male,Physics,90.36,67.12,22,0
7389,Ishara Rajapaksha,Male,Biology,90.35,73.08,22,0
5313,Kusal Madushanka,Male,Biology,90.35,70.62,16,0
10550,Amandi Ranatunga,Female,Biology,90.35,69.95,19,0
10221,Tharindu Jayasinghe,Male,Physics,90.35,68.16,21,0
2401,Whitney Jones,Female,Biology,90.34,77.08,23,0
3307,Piumi Peiris,Female,Mathematics,90.34,76.22,24,0
4787,Amandi Rajapaksha,Female,Mathematics,90.34,70.72,22,0
10609,Nimal Abeysekera,Male,Computer Science,90.34,68.01,23,0
5034,Amal Fernando,Male,Mathematics,90.34,65.39,15,0
1923,Colleen Cuevas,Female,Mathematics,90.33,73.42,19,0
3542,Ishara Rajapaksha,Male,Biology,90.32,72.6,23,0
2302,Stephanie Smith,Male,Biology,90.32,71.41,19,0
3070,Ravindu Rajapaksha,Male,Computer Science,90.32,69.04,22,0
6323,Naveen Ranatunga,Male,Biology,90.31,68.06,20,0
1838,Debra Wallace,Male,Physics,90.31,67.5,23,0
4122,Nethmi Dias,Female,Computer Science,90.29,74.21,20,0
9067,Supun Herath,Male,Physics,90.29,70.42,17,0
6758,Kavindi Fernando,Female,Mathematics,90.29,68.17,20,0
2318,Judy Merritt,Female,Physics,90.29,63.44,23,0
2224,Marcus Mccarthy,Male,Biology,90.28,72.38,24,0
10845,Kusal Gunawardena,Male,Mathematics,90.28,70.67,19,0
1028,Denise Stewart,Male,Physics,90.27,75.92,24,0
5889,Tharindu Dias,Male,Mathematics,90.27,71.23,21,0
4859,Naveen Fernando,Male,Physics,90.27,68.19,19,0
7006,Rashmi Silva,Female,Biology,90.26,75.99,25,0
10370,Tharushi Jayasinghe,Female,Computer Science,90.26,71.21,21,0
6204,Dinithi Peiris,Female,Mathematics,90.26,70.26,17,0
6241,Kusal Madushanka,Male,Computer Science,90.26,68.29,22,0
3169,Nethmi Madushanka,Female,Computer Science,90.25,70.88,20,0
6982,Nimal Abeysekera,Male,Biology,90.25,68.62,18,0
5471,Madhavi Dias,Female,Physics,90.25,67.76,21,0
1731,Carrie Kelly,Male,Computer Science,90.24,71.99,23,0
4872,Nethmi Herath,Female,Mathematics,90.23,74.71,21,0
2744,Sara Kelly,Male,Physics,90.23,74.25,18,0
2750,Jennifer King,Female,Mathematics,90.23,71.24,19,0
3652,Chamara Herath,Male,Physics,90.22,76.33,18,0
9040,Sanduni Ekanayake,Female,Biology,90.22,70.38,21,0
4922,Sachini Abeysekera,Female,Computer Science,90.22,67.25,23,0
8124,Ishani Fernando,Female,Computer Science,90.21,66.73,25,0
3539,Lahiru Wijesinghe,Male,Computer Science,90.2,75.55,23,0
8406,Dilini Madushanka,Female,Mathematics,90.2,73.1,22,0
7667,Ishani Wijesinghe,Female,Mathematics,90.2,70.55,20,0
7467,Dilini Fernando,Female,Physics,90.2,69.46,20,0
6597,Dilini Madushanka,Female,Computer Science,90.19,72.16,21,0
9044,Nethmi Dias,Female,Mathematics,90.18,71.29,19,0
3981,Nimal Gunawardena,Male,Physics,90.18,69.97,18,0
10063,Dilan Dias,Male,Computer Science,90.16,70.77,19,0
7366,Kusal Fernando,Male,Biology,90.15,67.62,18,0
1394,Cheryl Miranda,Male,Physics,90.14,74.78,19,0
2737,Rebecca Lin,Male,Physics,90.14,70.56,22,0
8054,Sachini Perera,Female,Physics,90.13,74.19,19,0
9581,Nimal Fernando,Male,Physics,90.13,73.89,21,0
3464,Sahan Wijesinghe,Male,Computer Science,90.13,73.3,25,0
1331,Caitlyn Campos,Male,Computer Science,90.13,72.23,21,0
3022,Chamara Senanayake,Male,Computer Science,90.13,70.93,23,0
10232,Dilini Wijesinghe,Female,Physics,90.11,70.14,17,0
5360,Kasun Wijesinghe,Male,Physics,90.11,69.93,22,0
6262,Sachini Wijesinghe,Female,Computer Science,90.11,69.77,17,0
6963,Supun Ekanayake,Male,Physics,90.11,65.5,22,0
1392,Matthew Fisher,Female,Physics,90.1,72.78,23,0
1451,David Jones,Male,Mathematics,90.1,68.24,23,0
5564,Kasun Jayasinghe,Male,Computer Science,90.09,76.79,25,0
10296,Shehan Perera,Male,Computer Science,90.09,73.94,23,0
7721,Sashini Rajapaksha,Female,Physics,90.09,69.08,20,0
6603,Piumi Peiris,Female,Computer Science,90.08,72.72,23,0
9611,Amandi Silva,Female,Computer Science,90.08,71.4,22,0
4273,Hiruni Peiris,Female,Biology,90.08,71.32,17,0
10780,Hiruni Senanayake,Female,Physics,90.08,69.62,21,0
1004,Laurie Cross,Male,Physics,90.08,67.16,19,0
1031,David Roberts,Male,Physics,90.07,69.91,21,0
1834,Melanie Garner,Male,Physics,90.07,68.65,22,0
1589,Amy Ayala,Male,Computer Science,90.07,68.44,21,0
7237,Sahan Peiris,Male,Biology,90.06,74.46,21,0
7990,Nimal Perera,Male,Computer Science,90.06,74.02,21,0
3035,Tharushi Jayasinghe,Female,Computer Science,90.06,68.86,18,0
6847,Amal Herath,Male,Biology,90.05,78.02,22,0
8398,Kavindi Ranatunga,Female,Computer Science,90.05,70.04,23,0
7278,Nethmi Fernando,Female,Biology,90.05,69.35,24,0
4322,Tharushi Wijesinghe,Female,Computer Science,90.05,66.43,21,0
9629,Shehan Herath,Male,Physics,90.04,67.14,22,0
6740,Amandi Peiris,Female,Physics,90.04,64.93,21,0
5807,Ravindu Wijesinghe,Male,Biology,90.03,71.88,17,0
1024,Sandra Wells,Female,Biology,90.02,66.22,22,0
8943,Sanduni Wijesinghe,Female,Computer Science,90.0,73.89,20,0
8062,Naveen Ekanayake,Male,Computer Science,90.0,69.7,18,0
3775,Chamara Silva,Male,Computer Science,90.0,66.36,25,0
8010,Dinithi Madushanka,Female,Mathematics,89.99,69.22,23,0
5871,Supun Peiris,Male,Physics,89.98,75.76,18,0
2593,James Martin,Female,Computer Science,89.97,72.24,20,0
9100,Sanduni Wijesinghe,Female,Computer Science,89.96,66.5,22,0
2686,Paul Winters,Female,Biology,89.95,68.58,24,0
9835,Kusal Gunawardena,Male,Biology,89.95,62.85,19,0
2417,Kimberly Campos,Male,Biology,89.94,74.6,26,0
10589,Sachini Senanayake,Female,Mathematics,89.94,70.44,21,0
7886,Sahan Wijesinghe,Male,Mathematics,89.94,68.93,18,0
3699,Chamara Dias,Male,Physics,89.94,66.12,21,0
1752,Samantha Ball,Male,Physics,89.94,65.69,21,0
4293,Supun Rajapaksha,Male,Computer Science,89.93,79.79,21,0
5443,Sachini Rajapaksha,Female,Computer Science,89.93,70.13,19,0
7329,Kavindi Peiris,Female,Mathematics,89.93,69.86,21,0
6780,Kavindi Abeysekera,Female,Mathematics,89.92,74.62,19,0
8181,Dilan Senanayake,Male,Biology,89.92,69.89,22,0
8018,Amandi Abeysekera,Female,Mathematics,89.91,69.35,20,0
1395,Michael Osborne,Female,Biology,89.91,60.75,21,0
4670,Madhavi Madushanka,Female,Mathematics,89.9,75.06,20,0
10588,Dilini Rajapaksha,Female,Computer Science,89.9,70.97,21,0
8709,Ravindu Madushanka,Male,Physics,89.9,69.83,18,0
10558,Dinithi Fernando,Female,Mathematics,89.9,67.21,18,0
8106,Sachini Rajapaksha,Female,Mathematics,89.9,66.69,20,0
6088,Chamara Gunawardena,Male,Mathematics,89.89,73.07,16,0
10305,Sahan Ekanayake,Male,Mathematics,89.89,67.39,23,0
7503,Nimal Fernando,Male,Physics,89.89,62.95,21,0
9146,Madhavi Herath,Female,Mathematics,89.88,75.39,13,0
6648,Ravindu Madushanka,Male,Mathematics,89.88,70.15,20,0
8636,Dinithi Herath,Female,Computer Science,89.88,67.63,20,0
3688,Tharindu Peiris,Male,Mathematics,89.88,65.69,23,0
3258,Tharushi Abeysekera,Female,Mathematics,89.87,71.18,16,0
2328,Linda Powers,Female,Biology,89.86,72.71,22,0
2098,Tracy Brown,Female,Mathematics,89.86,72.13,18,0
10436,Sachini Jayasinghe,Female,Computer Science,89.86,67.39,17,0
1588,Tyler Briggs,Female,Computer Science,89.85,75.46,20,0
5862,Nadeesha Peiris,Female,Mathematics,89.85,69.71,23,0
6907,Dilini Rajapaksha,Female,Physics,89.85,69.68,24,0
1681,Paul Johnston,Male,Physics,89.85,69.2,19,0
2125,Bailey Calderon,Female,Physics,89.84,67.82,24,0
2806,Kenneth Poole,Male,Computer Science,89.84,62.29,24,0
3572,Nadeesha Ranatunga,Female,Biology,89.83,72.64,25,0
7336,Kasun Fernando,Male,Biology,89.83,70.36,20,0
9482,Naveen Silva,Male,Computer Science,89.83,66.85,19,0
3465,Kusal Perera,Male,Mathematics,89.82,73.73,20,0
3199,Kusal Perera,Male,Biology,89.82,71.63,21,0
7716,Sashini Madushanka,Female,Mathematics,89.82,69.03,23,0
1954,Jennifer Martin,Male,Computer Science,89.81,75.04,23,0
1151,Dean Duncan,Female,Physics,89.8,71.2,20,0
8308,Ravindu Gunawardena,Male,Biology,89.8,70.45,17,0
7126,Kusal Madushanka,Male,Computer Science,89.79,71.18,22,0
3427,Piumi Fernando,Female,Mathematics,89.78,70.72,18,0
7111,Nimal Ekanayake,Male,Computer Science,89.77,73.13,23,0
2062,Anthony Woods,Female,Biology,89.77,70.06,14,0
3489,Sanduni Abeysekera,Female,Mathematics,89.76,73.11,22,0
10474,Sahan Wijesinghe,Male,Physics,89.76,72.65,23,0
5944,Nethmi Ekanayake,Female,Computer Science,89.75,71.78,23,0
6189,Tharushi Rajapaksha,Female,Biology,89.75,68.21,30,0
8877,Dilan Senanayake,Male,Biology,89.75,65.95,23,0
4241,Ravindu Senanayake,Male,Biology,89.74,69.65,19,0
10540,Dinithi Madushanka,Female,Computer Science,89.74,69.2,20,0
4501,Dinithi Abeysekera,Female,Physics,89.73,70.24,24,0
6013,Dinithi Peiris,Female,Mathematics,89.73,67.55,19,0
4088,Ayesh Senanayake,Male,Biology,89.73,64.7,20,0
1829,Kimberly Brown,Male,Physics,89.72,71.07,24,0
6442,Chamara Perera,Male,Physics,89.72,69.11,18,0
10369,Chamara Jayasinghe,Male,Computer Science,89.71,75.54,18,0
4773,Sashini Perera,Female,Physics,89.71,67.36,20,0
1039,Nicholas Juarez,Female,Physics,89.71,66.74,23,0
10828,Ishani Rajapaksha,Female,Mathematics,89.71,65.98,22,0
9116,Ravindu Rajapaksha,Male,Computer Science,89.7,68.43,23,0
5478,Shehan Ranatunga,Male,Biology,89.7,67.65,22,0
9462,Nadeesha Jayasinghe,Female,Biology,89.69,71.6,23,0
1217,Dawn Parks,Male,Mathematics,89.69,67.09,19,0
1963,Daniel Wong,Female,Mathematics,89.69,64.72,21,0
7811,Sashini Abeysekera,Female,Physics,89.68,71.24,25,0
2701,Nicholas White,Male,Physics,89.68,70.59,20,0
3651,Ravindu Fernando,Male,Biology,89.66,75.69,24,0
2816,Brandy Bradley,Male,Physics,89.66,71.62,19,0
4856,Sahan Gunawardena,Male,Physics,89.66,70.79,19,0
3237,Sachini Ranatunga,Female,Mathematics,89.66,70.67,19,0
8826,Sahan Madushanka,Male,Physics,89.65,70.3,19,0
5557,Naveen Wijesinghe,Male,Mathematics,89.65,69.06,19,0
1491,Joel Chandler,Female,Computer Science,89.64,70.97,25,0
9931,Dilan Herath,Male,Mathematics,89.64,66.16,20,0
5980,Dilini Fernando,Female,Computer Science,89.64,65.29,23,0
8697,Lahiru Silva,Male,Physics,89.63,69.57,21,0
5354,Sanduni Senanayake,Female,Computer Science,89.62,73.09,22,0
5357,Amandi Silva,Female,Biology,89.62,70.8,23,0
2797,Heather Cohen,Female,Physics,89.61,67.98,20,0
5732,Sashini Ranatunga,Female,Mathematics,89.61,67.79,19,0
1067,Tiffany Schwartz,Female,Mathematics,89.6,68.87,21,0
6041,Rashmi Abeysekera,Female,Biology,89.59,71.52,24,0
2239,Barbara Cannon,Male,Physics,89.58,71.43,21,0
7295,Dilan Herath,Male,Physics,89.58,69.67,22,0
9307,Kusal Abeysekera,Male,Biology,89.58,68.65,22,0
6216,Ishara Abeysekera,Male,Mathematics,89.58,64.17,17,0
4252,Chamara Perera,Male,Physics,89.57,75.4,16,0
3375,Piumi Rajapaksha,Female,Physics,89.57,74.67,21,0
9346,Tharushi Wijesinghe,Female,Physics,89.57,66.41,22,0
1294,John Miller,Male,Physics,89.56,75.93,22,0
8701,Madhavi Gunawardena,Female,Mathematics,89.56,73.2,20,0
9898,Amandi Wijesinghe,Female,Mathematics,89.56,66.27,19,0
4759,Nimal Dias,Male,Physics,89.55,74.83,23,0
10356,Rashmi Madushanka,Female,Mathematics,89.55,72.25,17,0
3379,Piumi Dias,Female,Mathematics,89.55,72.17,19,0
5543,Ishani Peiris,Female,Mathematics,89.55,68.2,21,0
4185,Ishara Ekanayake,Male,,89.55,67.19,22,0
9937,Sanduni Ranatunga,Female,Mathematics,89.54,72.04,21,0
10457,Dilini Dias,Female,Biology,89.53,69.65,22,0
4431,Sachini Ekanayake,Female,Mathematics,89.53,69.63,14,0
3506,Sanduni Madushanka,Female,Computer Science,89.52,70.59,22,0
9138,Amal Herath,Male,Computer Science,89.52,64.95,20,0
7250,Dilan Rajapaksha,Male,Biology,89.52,63.78,21,0
2904,Randall Miller,Female,Physics,89.51,72.87,22,0
4032,Ishara Gunawardena,Male,Biology,89.51,70.56,17,0
6974,Dinithi Madushanka,Female,Mathematics,89.51,66.81,17,0
4411,Hiruni Jayasinghe,Female,Physics,89.51,65.4,17,0
4394,Naveen Dias,Male,Physics,89.5,68.43,19,0
8136,Sashini Abeysekera,Female,,89.5,67.51,23,0
1060,Lisa Mayer,Female,Mathematics,89.5,66.21,21,0
6538,Chamara Abeysekera,Male,Physics,89.49,73.54,22,0
7106,Sashini Wijesinghe,Female,Physics,89.49,73.21,20,0
7310,Sanduni Abeysekera,Female,Physics,89.49,67.52,20,0
1966,David Juarez,Female,Physics,89.47,62.8,22,0
1819,Sean Carlson,Male,Mathematics,89.46,72.38,20,0
2015,Kristin Brown,Female,Physics,89.46,70.93,22,0
6310,Nethmi Jayasinghe,Female,Physics,89.46,68.54,21,0
1307,Christy Gray,Male,Mathematics,89.46,66.39,23,0
7263,Dilan Fernando,Male,Computer Science,89.46,66.14,23,0
10118,Amandi Peiris,Female,Physics,89.45,72.09,19,0
9598,Dilini Ranatunga,Female,Physics,89.44,72.22,18,0
4104,Kasun Herath,Male,Biology,89.44,70.75,21,0
4028,Amal Jayasinghe,Male,Biology,89.44,67.81,20,0
2952,Angelica Lopez,Male,Computer Science,89.44,67.46,17,0
8960,Kavindi Abeysekera,Female,Mathematics,89.44,65.58,18,0
1788,Danielle Ramos,Female,Biology,89.43,74.62,21,0
9969,Kusal Rajapaksha,Male,Computer Science,89.42,78.18,19,0
10565,Hiruni Madushanka,Female,Physics,89.42,71.9,20,0
4974,Sahan Ekanayake,Male,Computer Science,89.42,67.08,25,0
10962,Dilini Silva,Female,Physics,89.42,66.91,22,0
5866,Dinithi Fernando,Female,Computer Science,89.42,64.64,20,0
6921,Tharushi Senanayake,Female,Physics,89.42,63.89,23,0
9126,Sahan Perera,Male,Biology,89.41,70.79,21,0
6098,Naveen Abeysekera,Male,Mathematics,89.4,74.32,16,0
2644,Gary Bennett,Female,Computer Science,89.4,71.67,21,0
5749,Dinithi Rajapaksha,Female,Biology,89.4,68.83,19,0
9073,Kasun Madushanka,Male,Biology,89.4,65.59,21,0
3426,Nethmi Madushanka,Female,Computer Science,89.4,64.81,18,0
5837,Sanduni Rajapaksha,Female,Biology,89.39,69.61,22,0
2184,April Hernandez,Female,Physics,89.39,68.84,23,0
9663,Amal Senanayake,Male,Physics,89.38,73.06,18,0
3171,Dilini Jayasinghe,Female,Physics,89.38,72.31,19,0
7545,Lahiru Wijesinghe,Male,Physics,89.37,73.75,19,0
10449,Amal Madushanka,Male,Physics,89.37,70.0,26,0
7142,Tharushi Gunawardena,Female,Biology,89.37,65.19,22,0
9309,Kusal Senanayake,Male,Computer Science,89.36,68.03,17,0
8301,Lahiru Ekanayake,Male,Biology,89.36,63.5,21,0
1469,Calvin Fisher,Female,Physics,89.35,75.89,24,0
1438,Meghan Jackson,Female,Physics,89.35,75.56,18,0
6918,Supun Dias,Male,Physics,89.35,73.97,20,0
4941,Ravindu Herath,Male,Mathematics,89.34,74.36,21,0
10652,Chamara Peiris,Male,Biology,89.34,73.02,19,0
4750,Shehan Silva,Male,Computer Science,89.34,70.03,21,0
3262,Sanduni Rajapaksha,Female,Mathematics,89.34,64.42,16,0
1433,John Wilson,Female,Mathematics,89.33,69.59,19,0
7335,Ayesh Jayasinghe,Male,Biology,89.33,67.99,17,0
2978,Robert Scott,Female,Physics,89.32,65.62,20,0
1781,Deanna Sanchez,Female,Biology,89.31,77.69,22,0
1602,Jamie Mcgrath,Male,Physics,89.31,60.9,23,0
2190,Cassandra Powell,Female,Biology,89.3,71.4,23,0
1285,Jessica Baker,Male,Mathematics,89.3,71.16,21,0
2539,Lori Cuevas,Male,Physics,89.3,71.09,18,0
2152,Brandi Bush,Female,Biology,89.3,70.42,20,0
9499,Amal Wijesinghe,Male,Computer Science,89.29,73.73,19,0
7985,Shehan Herath,Male,Computer Science,89.29,71.98,21,0
4598,Ishara Dias,Male,Physics,89.29,71.04,20,0
1371,Rachel Cisneros,Female,Mathematics,89.29,70.91,17,0
9638,Dilan Dias,Male,Physics,89.29,70.2,21,0
4333,Shehan Ranatunga,Male,Mathematics,89.29,68.46,19,0
8609,Amandi Herath,Female,Physics,89.29,67.34,18,0
9782,Nadeesha Ranatunga,Female,Computer Science,89.28,74.38,21,0
2331,Brad Case,Female,Biology,89.28,67.36,23,0
2832,Charles Blair,Male,Mathematics,89.28,67.01,24,0
7433,Ravindu Wijesinghe,Male,Physics,89.28,65.21,18,0
5909,Hiruni Abeysekera,Female,Physics,89.28,61.45,16,0
6473,Nimal Peiris,Male,Computer Science,89.27,69.78,19,0
10929,Nadeesha Senanayake,Female,Computer Science,89.27,69.46,21,0
1601,Andrew Barber,Female,Mathematics,89.27,66.46,25,0
5273,Ravindu Wijesinghe,Male,Biology,89.27,63.34,20,0
9558,Madhavi Silva,Female,Mathematics,89.26,70.3,17,0
10028,Nethmi Jayasinghe,Female,Mathematics,89.25,71.64,17,0
10666,Piumi Gunawardena,Female,Biology,89.25,63.04,23,0
2995,Diana Ray,Female,Mathematics,89.24,69.66,18,0
10120,Hiruni Rajapaksha,Female,Computer Science,89.24,68.42,25,0
5052,Nadeesha Wijesinghe,Female,Biology,89.24,67.04,22,0
3811,Dinithi Herath,Female,Computer Science,89.24,65.78,20,0
1969,Edward Haney,Female,Biology,89.24,64.32,20,0
4964,Amandi Silva,Female,Computer Science,89.23,76.25,19,0
7558,Madhavi Abeysekera,Female,Biology,89.23,76.21,18,0
7877,Lahiru Perera,Male,Computer Science,89.23,64.57,22,0
3892,Amandi Dias,Female,Mathematics,89.22,71.88,23,0
3759,Hiruni Rajapaksha,Female,Biology,89.22,64.75,19,0
8282,Chamara Silva,Male,Computer Science,89.21,72.99,20,0
9023,Kasun Perera,Male,Computer Science,89.21,70.86,19,0
6888,Kavindi Rajapaksha,Female,Computer Science,89.21,70.04,24,0
7462,Rashmi Gunawardena,Female,Mathematics,89.21,68.39,20,0
2679,Laura Lopez,Female,Physics,89.21,67.6,21,0
8390,Ishara Ranatunga,Male,Computer Science,89.2,78.28,20,0
10947,Lahiru Wijesinghe,Male,Mathematics,89.2,70.23,20,0
4770,Chamara Silva,Male,Biology,89.19,66.1,23,0
6253,Rashmi Ekanayake,Female,Mathematics,89.18,68.59,23,0
7087,Nadeesha Fernando,Female,Physics,89.17,73.02,20,0
10502,Dilan Abeysekera,Male,Mathematics,89.17,71.1,18,0
8070,Rashmi Ranatunga,Female,Physics,89.17,64.0,20,0
2386,Scott Williams,Male,Physics,89.16,72.72,18,0
6790,Ishani Madushanka,Female,Mathematics,89.16,68.34,20,0
9526,Sashini Perera,Female,Mathematics,89.16,66.01,22,0
1725,Margaret Morgan,Female,Computer Science,89.16,63.46,25,0
4093,Amandi Gunawardena,Female,Physics,89.14,73.75,22,0
6773,Piumi Gunawardena,Female,Computer Science,89.14,68.84,25,0
10404,Hiruni Gunawardena,Female,Biology,89.14,67.16,24,0
8068,Supun Ekanayake,Male,Computer Science,89.14,66.97,19,0
1296,Darryl Anderson,Male,Computer Science,89.13,75.92,22,0
5199,Dilini Rajapaksha,Female,Mathematics,89.13,71.47,20,0
7194,Nadeesha Dias,Female,Physics,89.12,72.39,19,0
1678,Alyssa Moreno,Male,Physics,89.12,71.97,22,0
8586,Nethmi Fernando,Female,Computer Science,89.12,70.52,20,0
7269,Hiruni Herath,Female,Physics,89.12,69.31,17,0
3732,Sahan Herath,Male,Computer Science,89.12,67.23,24,0
4429,Kusal Senanayake,Male,Mathematics,89.12,66.87,22,0
8771,Nadeesha Senanayake,Female,Computer Science,89.11,73.03,17,0
9154,Nimal Abeysekera,Male,Mathematics,89.11,66.04,21,0
7557,Kasun Ekanayake,Male,Biology,89.1,71.44,24,0
6788,Kusal Perera,Male,Physics,89.1,68.6,19,0
10207,Shehan Perera,Male,Mathematics,89.09,66.35,17,0
4763,Nimal Madushanka,Male,Mathematics,89.08,68.79,19,0
6910,Ravindu Herath,Male,Physics,89.08,68.07,16,0
5592,Tharindu Madushanka,Male,Computer Science,89.08,65.09,22,0
7064,Supun Ekanayake,Male,Physics,89.08,63.72,20,0
10419,Sachini Dias,Female,Physics,89.07,77.45,19,0
9646,Ayesh Fernando,Male,Physics,89.07,68.33,16,0
1130,Maria Lopez,Male,Biology,89.07,63.45,24,0
4758,Nethmi Senanayake,Female,Biology,89.06,68.26,23,0
3094,Chamara Gunawardena,Male,Biology,89.05,73.45,27,0
7653,Piumi Dias,Female,Physics,89.05,68.18,22,0
5134,Nadeesha Peiris,Female,Computer Science,89.05,66.71,20,0
5386,Sachini Perera,Female,Computer Science,89.04,73.0,20,0
8550,Ayesh Fernando,Male,Physics,89.04,65.46,22,0
7651,Sashini Perera,Female,Physics,89.04,60.82,18,0
4193,Rashmi Abeysekera,Female,Biology,89.03,75.12,21,0
2463,Cynthia Thompson,Male,Computer Science,89.03,73.69,19,0
6985,Sanduni Gunawardena,Female,Mathematics,89.03,69.48,18,0
2846,Vanessa Chapman,Female,Biology,89.03,67.34,19,0
2951,Kelly Rodriguez,Female,Computer Science,89.03,64.66,18,0
5950,Dilini Abeysekera,Female,Physics,89.02,72.13,20,0
10926,Sanduni Abeysekera,Female,Biology,89.01,70.34,21,0
8047,Sanduni Senanayake,Female,Biology,89.01,69.64,21,0
2625,Ryan Adams,Female,Physics,89.01,66.95,22,0
9701,Sanduni Gunawardena,Female,Biology,89.01,64.67,19,0
10941,Dilan Jayasinghe,Male,Mathematics,88.99,73.12,22,0
6225,Nadeesha Senanayake,Female,Physics,88.99,68.98,21,0
9327,Ayesh Madushanka,Male,Physics,88.98,69.84,19,0
1163,Richard Watts,Male,Computer Science,88.98,67.84,15,0
7681,Kavindi Rajapaksha,Female,Physics,88.98,63.79,15,0
4606,Shehan Dias,Male,Biology,88.97,71.76,24,0
9132,Ishani Rajapaksha,Female,Biology,88.97,68.73,19,0
5124,Rashmi Silva,Female,Computer Science,88.97,67.37,25,0
1991,Kevin Marshall,Female,Physics,88.96,74.89,16,0
10146,Nethmi Madushanka,Female,Biology,88.96,72.25,24,0
1072,Andrea Ward,Male,Biology,88.96,68.96,20,0
2378,Kiara Brewer,Male,Biology,88.96,68.63,19,0
6023,Sachini Dias,Female,Computer Science,88.96,68.33,22,0
3882,Sanduni Silva,Female,Mathematics,88.96,65.47,25,0
5520,Naveen Peiris,Male,Physics,88.95,65.2,23,0
8608,Kavindi Gunawardena,Female,Physics,88.95,64.79,20,0
10116,Hiruni Herath,Female,Computer Science,88.94,70.32,22,0
2393,Jessica Simon,Male,Computer Science,88.94,69.31,24,0
10685,Chamara Ranatunga,Male,Mathematics,88.93,77.99,17,0
8564,Nadeesha Senanayake,Female,Physics,88.93,74.82,17,0
8115,Naveen Ekanayake,Male,Biology,88.93,70.44,26,0
1792,Daniel Martinez,Male,Biology,88.91,75.05,21,0
5859,Kasun Abeysekera,Male,Biology,88.91,70.99,22,0
9140,Kasun Peiris,Male,Computer Science,88.91,70.01,21,0
1908,Danielle Holland,Female,Physics,88.91,68.79,22,0
3256,Kasun Peiris,Male,Computer Science,88.91,68.0,20,0
4019,Nadeesha Madushanka,Female,Mathematics,88.91,64.12,19,0
9651,Tharindu Ekanayake,Male,Computer Science,88.9,70.59,19,0
9761,Sanduni Wijesinghe,Female,Mathematics,88.9,68.2,20,0
3485,Shehan Fernando,Male,Mathematics,88.9,66.08,21,0
6700,Kusal Ranatunga,Male,Mathematics,88.89,73.88,18,0
8947,Rashmi Herath,Female,Physics,88.89,72.81,24,0
7735,Ishani Perera,Female,Physics,88.89,69.8,24,0
9331,Nadeesha Fernando,Female,Physics,88.89,69.61,22,0
7460,Piumi Ekanayake,Female,Computer Science,88.89,68.24,22,0
3487,Kavindi Peiris,Female,Mathematics,88.89,66.51,15,0
2990,Amanda Moore,Female,Mathematics,88.88,68.15,20,0
4800,Nethmi Fernando,Female,Computer Science,88.88,67.76,16,0
1227,Brittany Medina,Male,Physics,88.87,73.31,21,0
2157,Jesse Willis,Male,Computer Science,88.87,69.16,20,0
8553,Hiruni Jayasinghe,Female,Computer Science,88.87,66.93,20,0
4467,Sachini Peiris,Female,Biology,88.87,65.6,21,0
4496,Tharushi Abeysekera,Female,Mathematics,88.87,64.64,22,0
9713,Ishara Senanayake,Male,Mathematics,88.86,64.04,22,0
2765,Jessica Powell,Male,Biology,88.85,67.04,23,0
5072,Rashmi Senanayake,Female,Biology,88.85,64.39,23,0
3185,Naveen Herath,Male,Mathematics,88.84,72.87,16,0
8337,Rashmi Gunawardena,Female,Mathematics,88.84,68.3,19,0
8577,Ayesh Rajapaksha,Male,Computer Science,88.84,65.65,20,0
7325,Kasun Abeysekera,Male,Physics,88.83,70.31,22,0
3176,Kavindi Perera,Female,Mathematics,88.83,67.57,20,0
6133,Nethmi Herath,Female,Mathematics,88.83,61.26,18,0
9141,Sachini Senanayake,Female,Physics,88.82,68.23,23,0
4029,Amandi Rajapaksha,Female,Mathematics,88.82,63.84,16,0
1566,Shelby Compton,Female,Biology,88.81,72.78,17,0
9011,Piumi Fernando,Female,Computer Science,88.8,70.81,23,0
1632,Wanda Stein,Female,Computer Science,88.8,70.45,27,0
7175,Nadeesha Rajapaksha,Female,Biology,88.79,72.44,20,0
2325,William Mccormick,Male,Mathematics,88.79,68.96,24,0
9135,Sashini Ranatunga,Female,Biology,88.79,67.39,22,0
1573,Alicia Martinez,Male,Biology,88.79,66.73,21,0
7007,Ishara Gunawardena,Male,Mathematics,88.78,71.29,18,0
6816,Hiruni Rajapaksha,Female,Physics,88.78,69.04,20,0
10593,Ishani Senanayake,Female,Mathematics,88.77,73.08,19,0
4130,Naveen Peiris,Male,Mathematics,88.77,69.98,19,0
4089,Sanduni Ekanayake,Female,Biology,88.77,68.94,22,0
8765,Lahiru Fernando,Male,Computer Science,88.77,67.94,19,0
1787,Daniel Pittman,Male,Biology,88.77,67.52,20,0
5039,Dilini Peiris,Female,Physics,88.77,67.0,22,0
2810,Stephanie Kim,Female,Physics,88.76,72.55,21,0
2043,Jessica Shannon,Female,Biology,88.76,70.03,24,0
8344,Tharushi Silva,Female,Physics,88.76,69.92,18,0
8318,Dinithi Dias,Female,Computer Science,88.76,67.83,21,0
2057,Tiffany Dawson,Female,Computer Science,88.76,65.67,23,0
6650,Nimal Dias,Male,,88.75,74.38,23,0
1831,Jonathon Garcia,Male,Mathematics,88.75,70.75,20,0
5934,Tharindu Herath,Male,Physics,88.75,66.54,18,0
3943,Tharushi Ranatunga,Female,Biology,88.74,73.91,22,0
3874,Nethmi Gunawardena,Female,Mathematics,88.74,70.83,20,0
7788,Tharushi Silva,Female,Computer Science,88.74,66.41,21,0
2248,David Garcia,Female,Biology,88.74,65.36,25,0
5685,Kasun Jayasinghe,Male,Mathematics,88.74,64.7,19,0
3388,Naveen Silva,Male,Physics,88.73,67.7,18,0
7934,Sanduni Senanayake,Female,Biology,88.71,70.72,18,0
5518,Nethmi Herath,Female,Mathematics,88.71,70.57,19,0
9560,Ravindu Senanayake,Male,Physics,88.71,70.36,16,0
5274,Madhavi Perera,Female,Biology,88.71,62.16,22,0
3814,Piumi Rajapaksha,Female,Physics,88.7,73.99,20,0
5657,Lahiru Senanayake,Male,Biology,88.7,67.75,21,0
3720,Kavindi Fernando,Female,Biology,88.69,73.99,21,0
6664,Lahiru Ranatunga,Male,Biology,88.69,70.12,19,0
3449,Tharushi Herath,Female,Mathematics,88.69,67.68,20,0
1898,Jesse Garner,Female,Mathematics,88.69,63.75,18,0
2642,Karen Blevins,Female,Mathematics,88.68,67.23,21,0
3348,Ishani Madushanka,Female,Physics,88.67,65.72,21,0
5146,Ishara Peiris,Male,Mathematics,88.67,64.8,19,0
9820,Naveen Senanayake,Male,Computer Science,88.67,63.7,25,0
10425,Tharushi Madushanka,Female,Mathematics,88.66,64.93,20,0
1547,Jessica Bates,Male,Computer Science,88.66,63.72,20,0
8642,Tharushi Gunawardena,Female,Physics,88.65,78.0,19,0
8167,Ishani Rajapaksha,Female,Computer Science,88.65,64.85,22,0
10480,Madhavi Ranatunga,Female,Physics,88.64,71.49,23,0
5672,Nethmi Fernando,Female,Computer Science,88.64,68.48,24,0
2632,Jill Horn,Male,Computer Science,88.64,67.42,21,0
7833,Madhavi Gunawardena,Female,Physics,88.64,66.8,22,0
9950,Ravindu Ekanayake,Male,Mathematics,88.63,75.26,16,0
1065,Amanda Caldwell,Male,Mathematics,88.63,72.97,20,0
2217,James Pacheco,Female,Biology,88.63,68.45,20,0
3994,Kavindi Gunawardena,Female,Biology,88.62,74.68,19,0
9108,Lahiru Senanayake,Male,Mathematics,88.62,65.01,19,0
10447,Kusal Jayasinghe,Male,Computer Science,88.61,70.44,23,0
5117,Tharindu Madushanka,Male,Physics,88.61,68.41,21,0
2078,Jennifer Wilson,Female,Mathematics,88.6,72.22,23,0
1587,Terri Hale,Male,Physics,88.6,69.05,20,0
2944,Benjamin Espinoza,Female,Mathematics,88.6,68.19,20,0
9923,Ishara Herath,Male,Computer Science,88.6,67.22,19,0
9808,Nadeesha Ekanayake,Female,Mathematics,88.59,70.29,15,0
8571,Naveen Ekanayake,Male,Biology,88.59,69.25,21,0
8601,Ravindu Gunawardena,Male,Physics,88.59,68.84,21,0
3893,Nimal Ranatunga,Male,Mathematics,88.58,67.98,18,0
9570,Ayesh Fernando,Male,Mathematics,88.57,67.23,20,0
7252,Dinithi Madushanka,Female,Computer Science,88.57,61.09,20,0
3338,Rashmi Abeysekera,Female,Computer Science,88.56,74.71,21,0
8566,Tharindu Abeysekera,Male,Biology,88.56,73.8,22,0
10026,Kasun Senanayake,Male,Mathematics,88.56,70.43,18,0
8222,Hiruni Wijesinghe,Female,Computer Science,88.56,68.69,23,0
2492,Kimberly Villanueva,Male,Physics,88.56,65.83,25,0
5414,Tharushi Wijesinghe,Female,Biology,88.55,68.33,21,0
2000,Kelly Spencer,Male,Computer Science,88.55,68.17,20,0
6733,Naveen Abeysekera,Male,Computer Science,88.54,71.26,22,0
1431,Christine Morrison,Male,Physics,88.54,66.39,19,0
7061,Dilan Senanayake,Male,Mathematics,88.54,66.25,20,0
10287,Ravindu Peiris,Male,Computer Science,88.52,74.66,20,0
10886,Nimal Madushanka,Male,Computer Science,88.52,68.36,21,0
2979,Brian Garza,Male,Physics,88.52,66.98,25,0
7699,Kusal Wijesinghe,Male,Physics,88.52,64.56,19,0
10300,Hiruni Herath,Female,Physics,88.51,73.9,23,0
1365,Laurie Gamble,Male,Biology,88.51,70.97,26,0
5893,Sachini Abeysekera,Female,Biology,88.51,68.1,18,0
2818,Benjamin Jackson,Female,Mathematics,88.5,67.01,19,0
9730,Ishani Wijesinghe,Female,Mathematics,88.5,57.18,18,0
1759,Brianna Gonzalez,Male,Mathematics,88.49,74.53,27,0
2044,Joshua Bender,Female,Mathematics,88.49,71.61,20,0
7500,Hiruni Senanayake,Female,Mathematics,88.49,61.86,20,0
7844,Nimal Wijesinghe,Male,Biology,88.49,59.67,21,0
3768,Dilini Fernando,Female,Biology,88.48,73.81,16,0
5577,Ayesh Perera,Male,Computer Science,88.48,70.92,23,0
7918,Rashmi Abeysekera,Female,Physics,88.48,69.26,22,0
9324,Piumi Silva,Female,Computer Science,88.48,68.21,18,0
2518,Laura Harris,Male,Physics,88.48,66.93,22,0
4719,Amandi Senanayake,Female,Computer Science,88.48,57.63,20,0
4087,Piumi Rajapaksha,Female,Biology,88.47,73.66,22,0
2514,Brandon Walter,Female,Physics,88.47,71.57,20,0
5650,Ishara Silva,Male,Computer Science,88.46,68.38,23,0
5740,Sanduni Perera,Female,Biology,88.46,63.21,20,0
3231,Nethmi Ranatunga,Female,Mathematics,88.45,75.13,19,0
3869,Kusal Peiris,Male,Physics,88.45,71.15,24,0
2080,Melanie Gonzales,Female,Computer Science,88.45,66.11,23,0
6182,Dilini Gunawardena,Female,Physics,88.45,65.96,23,0
6106,Madhavi Madushanka,Female,Biology,88.44,73.46,17,0
8158,Madhavi Fernando,Female,Physics,88.44,70.41,24,0
4210,Piumi Herath,Female,Biology,88.44,66.85,18,0
8391,Dinithi Silva,Female,Mathematics,88.43,72.9,20,0
3598,Nethmi Rajapaksha,Female,Mathematics,88.43,72.43,19,0
7277,Ishani Gunawardena,Female,Physics,88.43,72.22,20,0
4627,Nethmi Gunawardena,Female,Physics,88.43,68.69,21,0
5487,Lahiru Ranatunga,Male,Computer Science,88.43,65.66,21,0
7219,Ishani Fernando,Female,Biology,88.43,64.66,21,0
5743,Ishara Ranatunga,Male,Biology,88.42,67.69,24,0
5449,Dinithi Ekanayake,Female,Biology,88.41,72.11,20,0
7274,Sashini Abeysekera,Female,Physics,88.41,70.44,23,0
9873,Naveen Ranatunga,Male,Mathematics,88.41,70.05,18,0
3478,Sahan Jayasinghe,Male,Mathematics,88.41,68.59,18,0
5032,Amal Peiris,Male,Biology,88.41,67.24,19,0
7110,Ishani Gunawardena,Female,Mathematics,88.4,69.17,21,0
5135,Ishani Madushanka,Female,Physics,88.39,67.87,21,0
5268,Chamara Perera,Male,Physics,88.39,63.98,21,0
2324,Cameron Rodriguez,Female,Computer Science,88.36,71.99,22,0
2549,Jaime Scott,Female,Mathematics,88.36,71.98,18,0
7356,Kavindi Wijesinghe,Female,Physics,88.36,70.88,19,0
2860,Nicole Morales,Male,Biology,88.36,62.6,20,0
6470,Madhavi Ekanayake,Female,Physics,88.35,71.31,21,0
5763,Ishani Fernando,Female,Biology,88.35,70.14,23,0
10064,Tharindu Ekanayake,Male,Biology,88.35,69.91,23,0
8289,Sanduni Dias,Female,Mathematics,88.35,68.03,23,0
1106,Peter Moreno,Female,Mathematics,88.35,67.03,23,0
7712,Ishani Silva,Female,Physics,88.35,67.01,20,0
1786,Tara Robertson,Male,Mathematics,88.35,66.45,22,0
7257,Ishara Silva,Male,Physics,88.34,65.72,18,0
4482,Kasun Abeysekera,Male,Physics,88.34,65.08,20,0
6073,Dilan Fernando,Male,Biology,88.33,70.88,20,0
9692,Hiruni Herath,Female,Biology,88.33,70.75,21,0
10940,Ishani Wijesinghe,Female,Biology,88.33,69.06,16,0
4357,Sahan Rajapaksha,Male,Mathematics,88.33,68.56,17,0
10518,Dilini Wijesinghe,Female,Computer Science,88.33,67.84,20,0
1951,Christopher Jones,Female,Biology,88.33,66.53,23,0
2361,Sophia Harris,Male,Mathematics,88.33,65.32,22,0
4146,Supun Gunawardena,Male,Physics,88.33,64.63,22,0
10034,Kusal Fernando,Male,Biology,88.32,71.48,19,0
5942,Piumi Abeysekera,Female,Biology,88.32,68.93,20,0
6315,Supun Perera,Male,Physics,88.32,68.57,20,0
6498,Ayesh Jayasinghe,Male,Biology,88.31,72.89,19,0
9021,Sahan Ranatunga,Male,Computer Science,88.31,71.68,22,0
2036,Robert Cowan,Female,Mathematics,88.31,67.83,19,0
6589,Dilan Dias,Male,Biology,88.29,69.46,22,0
6400,Nethmi Senanayake,Female,Computer Science,88.29,64.42,17,0
2839,Veronica Palmer,Male,Physics,88.28,75.2,19,0
4556,Sanduni Gunawardena,Female,Mathematics,88.28,68.85,20,0
1460,Samantha Duke,Female,Computer Science,88.28,62.49,20,0
7151,Piumi Abeysekera,Female,Biology,88.27,69.75,21,0
3789,Piumi Fernando,Female,Computer Science,88.27,67.81,20,0
2410,Holly Odonnell,Male,Biology,88.27,67.67,22,0
1758,Andrea Tyler,Male,Computer Science,88.26,69.13,21,0
7324,Dinithi Ekanayake,Female,Biology,88.26,68.29,20,0
6157,Kusal Dias,Male,Physics,88.25,71.92,23,0
1983,Kimberly Cooper,Female,Mathematics,88.25,65.35,20,0
7559,Ravindu Ranatunga,Male,Biology,88.24,74.84,20,0
7772,Nadeesha Madushanka,Female,Biology,88.24,72.36,19,0
1465,Teresa Lara,Male,Physics,88.24,68.36,23,0
6746,Shehan Madushanka,Male,Computer Science,88.24,61.64,17,0
1443,Daniel Thomas,Male,Computer Science,88.23,71.64,23,0
10840,Dinithi Rajapaksha,Female,Physics,88.23,69.12,19,0
5350,Tharindu Madushanka,Male,Mathematics,88.23,66.34,21,0
2840,Matthew Hall,Male,Biology,88.23,60.91,23,0
2959,Ryan Hendricks,Female,Mathematics,88.22,70.07,18,0
1596,Hannah Welch,Male,Biology,88.22,67.28,26,0
10347,Sahan Silva,Male,Mathematics,88.22,66.98,18,0
7171,Nethmi Senanayake,Female,Mathematics,88.22,63.83,18,0
1754,Bryan Woods,Male,Mathematics,88.21,63.65,19,0
8397,Supun Dias,Male,Computer Science,88.2,69.26,18,0
8362,Madhavi Ekanayake,Female,Biology,88.2,64.99,22,0
10673,Lahiru Jayasinghe,Male,Mathematics,88.19,66.12,20,0
10187,Ayesh Dias,Male,Mathematics,88.18,68.98,19,0
2143,Sarah Schroeder,Female,Mathematics,88.17,72.72,19,0
10045,Sanduni Abeysekera,Female,Physics,88.17,66.47,18,0
9725,Lahiru Jayasinghe,Male,Biology,88.17,65.54,21,0
2389,Christopher Brown,Male,Computer Science,88.16,75.31,19,0
4531,Nimal Dias,Male,Physics,88.16,69.81,19,0
5856,Dinithi Jayasinghe,Female,Biology,88.15,70.67,21,0
10266,Ishani Dias,Female,Biology,88.14,71.98,22,0
4885,Tharindu Fernando,Male,Biology,88.14,65.71,19,0
3763,Ishani Fernando,Female,Physics,88.14,65.6,19,0
7660,Ravindu Perera,Male,Physics,88.14,65.29,21,0
1387,Stephanie Wilson,Female,Biology,88.13,71.49,22,0
5237,Shehan Herath,Male,Biology,88.13,69.89,22,0
6249,Ayesh Silva,Male,Computer Science,88.13,64.48,27,0
8804,Hiruni Abeysekera,Female,Mathematics,88.12,73.11,17,0
10189,Shehan Peiris,Male,Mathematics,88.12,70.09,18,0
1501,Jill Wallace,Female,Computer Science,88.12,69.26,21,0
9702,Sachini Rajapaksha,Female,Biology,88.11,72.9,21,0
9300,Supun Wijesinghe,Male,Computer Science,88.11,69.71,19,0
8425,Ishani Jayasinghe,Female,Mathematics,88.11,68.69,22,0
8035,Tharindu Herath,Male,Physics,88.11,66.45,25,0
1080,Aimee Obrien,Male,Computer Science,88.11,66.07,26,0
6779,Sanduni Ekanayake,Female,Mathematics,88.1,67.78,17,0
6608,Ayesh Silva,Male,Biology,88.1,62.83,26,0
7032,Sachini Ranatunga,Female,Physics,88.09,71.35,19,0
6281,Ravindu Ranatunga,Male,Computer Science,88.09,66.69,25,0
2254,Brian Ward,Female,Mathematics,88.08,74.77,21,0
8558,Piumi Abeysekera,Female,Biology,88.08,70.25,25,0
9121,Nadeesha Herath,Female,Biology,88.08,69.68,24,0
7152,Ishara Ranatunga,Male,Computer Science,88.08,69.42,22,0
10065,Tharindu Perera,Male,Physics,88.08,68.14,22,0
10359,Lahiru Abeysekera,Male,Mathematics,88.08,64.25,19,0
7733,Sahan Madushanka,Male,Mathematics,88.07,72.84,22,0
4359,Supun Dias,Male,Computer Science,88.07,68.72,25,0
10651,Nethmi Peiris,Female,Physics,88.07,68.29,18,0
4406,Dinithi Gunawardena,Female,Biology,88.07,66.47,21,0
9912,Shehan Dias,Male,Computer Science,88.07,65.44,19,0
1055,Robert Ellis,Female,Mathematics,88.07,64.59,21,0
2504,Joshua Ortiz,Male,Physics,88.07,60.55,22,0
1693,Scott Farmer,Female,Physics,88.06,72.3,25,0
8266,Ishara Herath,Male,Biology,88.06,66.35,23,0
10872,Madhavi Madushanka,Female,Mathematics,88.06,65.44,14,0
7425,Hiruni Abeysekera,Female,Biology,88.06,64.41,25,0
5526,Nadeesha Peiris,Female,Computer Science,88.05,69.86,21,0
2756,Brenda Maddox,Male,Physics,88.05,69.21,20,0
6154,Ravindu Herath,Male,Physics,88.05,68.02,21,0
2802,Diana Boyd,Female,Computer Science,88.05,67.45,21,0
10049,Shehan Abeysekera,Male,Mathematics,88.04,74.14,22,0
8950,Nadeesha Silva,Female,Physics,88.04,65.96,22,0
3620,Supun Ekanayake,Male,Computer Science,88.04,63.09,21,0
2136,Matthew Barnes,Female,Biology,88.04,61.19,25,0
10918,Supun Wijesinghe,Male,Physics,88.03,68.31,17,0
3642,Ishara Perera,Male,Physics,88.03,66.7,21,0
7291,Nadeesha Jayasinghe,Female,Physics,88.02,78.58,21,0
5957,Dilini Herath,Female,Mathematics,88.02,71.47,21,0
7860,Nadeesha Jayasinghe,Female,Biology,88.02,70.84,20,0
3656,Kasun Herath,Male,Physics,88.02,65.55,21,0
9494,Naveen Perera,Male,Computer Science,88.0,73.29,21,0
6027,Tharindu Ekanayake,Male,Physics,88.0,72.49,20,0
5258,Ishara Madushanka,Male,Computer Science,88.0,68.38,17,0
7657,Dinithi Senanayake,Female,Computer Science,88.0,66.61,17,0
2575,Joshua Smith,Female,Mathematics,88.0,63.89,20,0
10426,Tharushi Dias,Female,Biology,87.99,68.17,24,0
10103,Dilan Senanayake,Male,Physics,87.99,64.1,21,0
5494,Ishara Herath,Male,Computer Science,87.98,71.55,25,0
4544,Madhavi Madushanka,Female,Mathematics,87.98,71.43,19,0
3754,Ayesh Abeysekera,Male,Physics,87.98,70.56,20,0
4522,Shehan Ekanayake,Male,Mathematics,87.98,63.79,18,0
1569,Jesse Nunez,Female,Physics,87.97,72.34,21,0
2170,Gina Rivera,Female,Computer Science,87.97,71.84,25,0
2858,Daniel Walton,Male,Biology,87.97,70.27,24,0
5137,Lahiru Gunawardena,Male,Mathematics,87.97,68.76,19,0
10553,Sahan Wijesinghe,Male,Physics,87.97,67.72,22,0
8302,Tharushi Perera,Female,Physics,87.97,63.4,18,0
2706,Dana Greer,Female,Mathematics,87.96,75.7,23,0
4508,Amandi Gunawardena,Female,Physics,87.96,67.4,19,0
7155,Nimal Rajapaksha,Male,Computer Science,87.95,71.33,23,0
6260,Kasun Silva,Male,Physics,87.95,67.68,23,0
2502,Penny Stephens,Female,Biology,87.95,67.41,21,0
5298,Ravindu Ekanayake,Male,Mathematics,87.94,73.67,19,0
8312,Tharushi Madushanka,Female,Computer Science,87.94,72.6,20,0
2830,Gerald Raymond,Male,Biology,87.94,72.16,23,0
3446,Sachini Fernando,Female,Computer Science,87.94,67.54,23,0
4584,Dilini Fernando,Female,Biology,87.94,65.8,18,0
1225,Kimberly Wilkins,Female,Biology,87.93,72.22,24,0
6257,Dilini Senanayake,Female,Biology,87.93,70.5,25,0
1397,Brandon Sanford,Male,Biology,87.93,67.84,23,0
5695,Ravindu Rajapaksha,Male,Mathematics,87.93,66.76,17,0
1490,Alexandra Brown,Male,Physics,87.92,69.77,20,0
10703,Ravindu Fernando,Male,Mathematics,87.92,64.92,20,0
5972,Naveen Rajapaksha,Male,Computer Science,87.92,64.51,20,0
7956,Shehan Fernando,Male,Physics,87.92,64.3,23,0
1598,Lori Taylor,Female,Mathematics,87.92,63.2,19,0
5460,Nimal Ranatunga,Male,Biology,87.91,73.64,22,0
9984,Sachini Senanayake,Female,Computer Science,87.91,71.18,22,0
6782,Sanduni Fernando,Female,Mathematics,87.91,70.5,20,0
3601,Kasun Rajapaksha,Male,Physics,87.91,70.14,24,0
7248,Sashini Gunawardena,Female,Computer Science,87.91,67.93,24,0
1366,Abigail Thomas,Male,Physics,87.91,66.85,16,0
6835,Sashini Wijesinghe,Female,Computer Science,87.91,65.82,22,0
8393,Kusal Rajapaksha,Male,Physics,87.91,65.5,25,0
2375,Denise Odom,Female,Biology,87.91,64.03,24,0
8264,Piumi Silva,Female,Mathematics,87.9,69.07,19,0
2747,Sarah Alvarado,Female,Mathematics,87.9,67.66,19,0
6059,Sanduni Rajapaksha,Female,Computer Science,87.9,67.6,23,0
6799,Lahiru Jayasinghe,Male,Computer Science,87.89,76.36,22,0
1494,Katrina Cruz,Female,Biology,87.89,70.51,19,0
5400,Nethmi Rajapaksha,Female,Biology,87.89,63.79,18,0
2508,Tom Brown,Female,Mathematics,87.88,67.31,16,0
4062,Tharindu Jayasinghe,Male,Physics,87.88,67.14,27,0
10571,Nadeesha Gunawardena,Female,Physics,87.88,66.4,22,0
7247,Sashini Fernando,Female,Computer Science,87.88,63.13,25,0
1512,Amy Flores,Male,Physics,87.87,67.95,18,0
5608,Sashini Perera,Female,Computer Science,87.87,67.22,25,0
10782,Chamara Herath,Male,Computer Science,87.87,66.87,21,0
9092,Dilini Herath,Female,Computer Science,87.86,71.25,21,0
5535,Supun Peiris,Male,Mathematics,87.86,70.53,20,0
5553,Ishani Jayasinghe,Female,Computer Science,87.86,68.04,21,0
1741,James Watson,Male,Physics,87.86,65.75,18,0
2404,Erica Kennedy,Female,Computer Science,87.86,65.61,20,0
4050,Ravindu Herath,Male,Computer Science,87.86,65.31,19,0
4740,Kavindi Abeysekera,Female,Biology,87.86,59.02,16,0
4889,Ayesh Ranatunga,Male,Computer Science,87.85,69.55,21,0
6487,Lahiru Gunawardena,Male,Mathematics,87.84,75.77,20,0
8962,Chamara Ekanayake,Male,Computer Science,87.84,71.44,23,0
9427,Sahan Dias,Male,Biology,87.84,67.79,19,0
2150,Matthew Zamora,Female,Computer Science,87.84,67.35,21,0
1891,Jennifer Wagner,Male,Biology,87.84,67.32,20,0
2971,Nancy Rasmussen,Female,Physics,87.84,66.51,19,0
4067,Chamara Senanayake,Male,Computer Science,87.84,66.04,20,0
3155,Nadeesha Ekanayake,Female,Computer Science,87.84,63.1,23,0
6512,Supun Jayasinghe,Male,Computer Science,87.83,69.87,22,0
10775,Sanduni Wijesinghe,Female,Computer Science,87.83,69.03,18,0
4420,Ishara Perera,Male,Physics,87.83,67.74,23,0
4221,Shehan Gunawardena,Male,Mathematics,87.83,65.4,17,0
10205,Ravindu Dias,Male,Computer Science,87.83,64.9,18,0
6851,Kusal Wijesinghe,Male,Mathematics,87.83,63.89,18,0
2945,Autumn White,Female,Biology,87.83,61.84,20,0
8595,Rashmi Ekanayake,Female,Physics,87.82,71.09,26,0
3078,Lahiru Silva,Male,Mathematics,87.82,70.04,21,0
9043,Ishani Ekanayake,Female,Computer Science,87.82,69.48,15,0
4001,Naveen Ranatunga,Male,Computer Science,87.82,69.31,23,0
10008,Ishani Silva,Female,Physics,87.82,68.34,24,0
6022,Piumi Perera,Female,Mathematics,87.82,67.91,19,0
8238,Tharushi Peiris,Female,Physics,87.82,67.76,21,0
4940,Sashini Senanayake,Female,Mathematics,87.82,67.26,16,0
9986,Sahan Abeysekera,Male,Mathematics,87.81,73.17,16,0
2935,Troy Lawson,Male,Physics,87.81,72.97,22,0
8728,Nimal Senanayake,Male,Biology,87.81,71.51,24,0
6311,Ishara Dias,Male,Physics,87.81,69.53,21,0
4873,Kusal Herath,Male,Biology,87.81,67.23,21,0
1354,Kevin Ramirez,Female,Physics,87.81,66.92,16,0
8529,Ishara Rajapaksha,Male,Computer Science,87.81,66.09,22,0
2332,Kim Meyers,Male,Biology,87.81,65.44,19,0
1531,Alexander Cantu,Male,Mathematics,87.81,65.42,19,0
3354,Ayesh Madushanka,Male,Computer Science,87.8,71.29,17,0
1461,Jennifer Moyer,Male,Biology,87.8,68.69,19,0
9318,Ishara Gunawardena,Male,Mathematics,87.8,66.11,19,0
10773,Tharushi Fernando,Female,Physics,87.8,66.05,20,0
3507,Nadeesha Silva,Female,Computer Science,87.79,73.18,19,0
6376,Madhavi Ranatunga,Female,Mathematics,87.79,73.08,15,0
2561,Janet Mendoza,Female,Biology,87.79,71.69,19,0
5842,Sachini Madushanka,Female,Mathematics,87.79,69.03,18,0
10021,Kusal Herath,Male,Mathematics,87.79,66.97,21,0
1690,Dawn Ortiz,Male,Computer Science,87.78,71.65,19,0
1707,Laurie Cobb,Male,Computer Science,87.77,72.71,25,0
4057,Kasun Perera,Male,Mathematics,87.77,70.46,19,0
9454,Kasun Fernando,Male,Computer Science,87.77,69.62,21,0
7914,Kavindi Gunawardena,Female,Computer Science,87.77,69.33,18,0
1687,Sarah Collins,Male,Physics,87.76,70.61,23,0
7395,Nadeesha Gunawardena,Female,Biology,87.76,65.53,22,0
9654,Kasun Herath,Male,Mathematics,87.76,62.23,19,0
5229,Madhavi Herath,Female,Mathematics,87.75,75.07,18,0
9502,Rashmi Dias,Female,Computer Science,87.75,71.35,18,0
1059,Kara Martin,Female,Biology,87.75,68.48,23,0
9380,Shehan Gunawardena,Male,Physics,87.75,66.52,21,0
2219,Grace Hunter,Male,Physics,87.75,65.18,23,0
1635,Peter Hodges,Female,,87.74,70.92,21,0
6393,Sashini Silva,Female,Physics,87.73,71.67,20,0
4628,Lahiru Abeysekera,Male,Computer Science,87.73,66.95,17,0
4156,Madhavi Ranatunga,Female,Computer Science,87.72,70.87,19,0
4985,Naveen Senanayake,Male,Physics,87.72,69.72,20,0
6349,Ayesh Madushanka,Male,Computer Science,87.72,68.27,20,0
9847,Hiruni Madushanka,Female,Biology,87.72,63.02,21,0
4902,Chamara Abeysekera,Male,Biology,87.71,70.58,25,0
9417,Amandi Wijesinghe,Female,Mathematics,87.71,70.55,21,0
5956,Kasun Madushanka,Male,Mathematics,87.71,67.8,20,0
8600,Ayesh Senanayake,Male,Physics,87.71,66.19,23,0
5545,Sanduni Dias,Female,Computer Science,87.71,64.41,21,0
2500,Michelle Morris,Female,Biology,87.71,64.38,22,0
1846,John Chang,Female,Computer Science,87.71,62.04,20,0
5748,Sanduni Abeysekera,Female,Mathematics,87.7,72.23,21,0
1882,Blake Lopez,Female,Computer Science,87.7,69.88,18,0
3023,Amal Gunawardena,Male,Biology,87.7,68.03,18,0
9851,Kusal Ranatunga,Male,Biology,87.69,73.08,21,0
9687,Tharindu Ekanayake,Male,Physics,87.69,72.07,22,0
5549,Piumi Wijesinghe,Female,Computer Science,87.69,70.27,23,0
3729,Nadeesha Wijesinghe,Female,Physics,87.69,68.81,23,0
8738,Dilan Ekanayake,Male,Mathematics,87.69,68.05,16,0
4765,Ayesh Madushanka,Male,Physics,87.68,69.97,21,0
1650,Jackson Rivas,Male,Biology,87.68,63.89,22,0
8494,Amal Jayasinghe,Male,Computer Science,87.68,62.96,20,0
10702,Madhavi Fernando,Female,Mathematics,87.67,69.94,22,0
3787,Lahiru Peiris,Male,Computer Science,87.67,69.16,23,0
7497,Shehan Silva,Male,Biology,87.67,67.4,19,0
5121,Dilan Wijesinghe,Male,Computer Science,87.67,62.17,26,0
7477,Piumi Dias,Female,Physics,87.66,71.03,21,0
3182,Dilini Senanayake,Female,Mathematics,87.65,71.72,18,0
5853,Sanduni Dias,Female,Physics,87.65,70.24,21,0
8627,Kavindi Wijesinghe,Female,Physics,87.65,68.23,26,0
8495,Nadeesha Peiris,Female,Mathematics,87.65,66.1,20,0
7515,Nadeesha Rajapaksha,Female,Biology,87.64,70.37,19,0
9854,Nethmi Silva,Female,Mathematics,87.64,69.72,21,0
2976,Gabriel Casey,Male,Biology,87.64,68.88,20,0
4113,Dilini Abeysekera,Female,Mathematics,87.64,64.58,18,0
8986,Dilini Abeysekera,Female,Biology,87.64,64.0,19,0
1778,Nicole Montgomery,Female,Mathematics,87.64,63.67,18,0
2033,Donna Lewis,Male,Biology,87.64,63.57,21,0
4100,Rashmi Perera,Female,Physics,87.63,72.32,21,0
1185,Heather Gonzalez,Male,Computer Science,87.63,70.35,19,0
4593,Nimal Madushanka,Male,Biology,87.63,68.87,22,0
7845,Dinithi Rajapaksha,Female,Mathematics,87.63,65.46,20,0
4115,Kusal Gunawardena,Male,Mathematics,87.63,63.74,23,0
2559,Laurie Burgess,Male,Computer Science,87.63,61.27,24,0
1388,Daisy Johnson,Female,Computer Science,87.62,63.99,22,0
1344,Ivan Cook,Male,Computer Science,87.62,63.15,24,0
7288,Nethmi Abeysekera,Female,Computer Science,87.61,69.25,23,0
3779,Dilan Jayasinghe,Male,Mathematics,87.61,67.66,24,0
4838,Kusal Ekanayake,Male,Physics,87.61,66.66,19,0
8100,Shehan Gunawardena,Male,Computer Science,87.61,66.23,20,0
4364,Tharindu Herath,Male,Physics,87.61,66.0,20,0
1195,Melissa Small,Female,Biology,87.61,64.97,23,0
1051,Cindy Tucker,Female,Physics,87.61,63.4,20,0
9545,Nimal Rajapaksha,Male,Biology,87.6,68.46,23,0
8119,Kavindi Senanayake,Female,Mathematics,87.6,67.04,18,0
4217,Dilini Perera,Female,Mathematics,87.6,66.93,23,0
7759,Shehan Senanayake,Male,Mathematics,87.59,75.09,22,0
7445,Tharushi Madushanka,Female,Physics,87.59,72.24,21,0
1620,Shane Reyes,Male,Physics,87.59,69.22,24,0
4315,Kavindi Madushanka,Female,Computer Science,87.59,68.44,19,0
5567,Chamara Ekanayake,Male,Physics,87.59,66.74,18,0
1066,Jeremy Walker,Male,Mathematics,87.58,70.51,21,0
7883,Kusal Senanayake,Male,Mathematics,87.57,71.91,20,0
3058,Tharushi Abeysekera,Female,Mathematics,87.57,69.14,19,0
8358,Ravindu Fernando,Male,Physics,87.57,66.36,23,0
9752,Amal Peiris,Male,Mathematics,87.57,65.38,20,0
5730,Kasun Dias,Male,Physics,87.57,60.48,19,0
3907,Ravindu Senanayake,Male,Mathematics,87.56,69.16,21,0
2718,Joshua Guzman,Female,Computer Science,87.56,68.11,23,0
9628,Ishara Ranatunga,Male,Computer Science,87.55,67.53,25,0
2433,Jessica Warren,Male,Computer Science,87.55,65.36,23,0
3930,Supun Perera,Male,Physics,87.55,64.4,20,0
7529,Shehan Jayasinghe,Male,Computer Science,87.54,72.18,17,0
4191,Madhavi Abeysekera,Female,Biology,87.54,71.09,24,0
2611,Maria Villanueva,Male,Mathematics,87.54,70.12,26,0
4068,Dilini Ranatunga,Female,Computer Science,87.54,69.94,20,0
1714,Lori Sims,Female,Biology,87.54,67.87,22,0
8731,Sashini Abeysekera,Female,Mathematics,87.54,66.59,21,0
9489,Rashmi Ekanayake,Female,Physics,87.54,64.06,21,0
10314,Dilini Abeysekera,Female,Physics,87.53,73.59,20,0
9034,Lahiru Dias,Male,Mathematics,87.53,64.67,18,0
1550,Jennifer Walker,Female,Mathematics,87.52,68.39,22,0
2583,Victor Reese,Male,Biology,87.52,66.42,23,0
5508,Sachini Silva,Female,Mathematics,87.52,66.16,21,0
1618,Alexis Wood,Female,Computer Science,87.51,71.14,19,0
2313,Allison Jenkins,Female,Mathematics,87.51,66.96,20,0
1432,Joseph Walker,Female,Mathematics,87.51,65.22,24,0
6394,Kusal Ekanayake,Male,Biology,87.51,63.24,21,0
3613,Tharindu Perera,Male,Mathematics,87.51,58.72,21,0
3916,Ishani Peiris,Female,Physics,87.5,70.0,24,0
5676,Ishara Herath,Male,Mathematics,87.5,65.21,18,0
6565,Ravindu Abeysekera,Male,Physics,87.49,68.79,21,0
9728,Piumi Senanayake,Female,Mathematics,87.49,67.36,22,0
1853,Kimberly Lewis,Male,Computer Science,87.49,62.16,17,0
2980,Bruce White,Female,Physics,87.48,68.28,19,0
9279,Shehan Madushanka,Male,Physics,87.48,68.25,18,0
7933,Sanduni Ranatunga,Female,Biology,87.48,67.87,19,0
1847,Lisa Summers,Female,Computer Science,87.48,66.53,17,0
8914,Nadeesha Silva,Female,Mathematics,87.48,66.49,17,0
8496,Tharushi Ranatunga,Female,Computer Science,87.48,64.65,19,0
5879,Nethmi Fernando,Female,Computer Science,87.48,63.4,18,0
4178,Amandi Perera,Female,Physics,87.48,61.17,19,0
1124,Tina Taylor,Female,Physics,87.47,75.6,21,0
10086,Piumi Ekanayake,Female,Biology,87.47,68.59,22,0
10527,Dilini Senanayake,Female,Mathematics,87.47,63.61,20,0
4070,Naveen Wijesinghe,Male,Physics,87.46,72.18,20,0
1961,Rebecca Solis,Male,Mathematics,87.46,70.86,19,0
9667,Sachini Fernando,Female,Mathematics,87.46,63.19,20,0
2398,James Delgado,Male,Biology,87.45,69.51,21,0
7141,Chamara Ekanayake,Male,Computer Science,87.45,63.2,24,0
7010,Supun Dias,Male,Biology,87.45,61.7,19,0
7000,Lahiru Senanayake,Male,Mathematics,87.45,57.34,18,0
3672,Ayesh Abeysekera,Male,Physics,87.44,76.63,23,0
3850,Tharushi Herath,Female,Biology,87.44,68.16,25,0
8837,Sachini Gunawardena,Female,Biology,87.44,66.54,21,0
4277,Sachini Abeysekera,Female,Mathematics,87.44,65.15,18,0
10371,Kasun Abeysekera,Male,Physics,87.43,72.55,24,0
1768,Stephanie Hale,Female,Mathematics,87.43,69.04,20,0
5302,Amandi Jayasinghe,Female,Physics,87.43,65.06,25,0
6926,Ishani Peiris,Female,Mathematics,87.43,64.8,18,0
10176,Ayesh Madushanka,Male,Physics,87.42,73.72,22,0
2379,Erica Robinson,Female,Physics,87.42,69.2,25,0
2222,Daniel Andrews,Female,Physics,87.42,68.48,18,0
10484,Sashini Jayasinghe,Female,Mathematics,87.42,64.17,19,0
3834,Sashini Ranatunga,Female,Computer Science,87.42,60.37,22,0
7959,Kusal Rajapaksha,Male,Biology,87.41,72.23,19,0
8354,Kasun Peiris,Male,Mathematics,87.41,70.2,23,0
8082,Piumi Jayasinghe,Female,Biology,87.41,69.59,16,0
2525,Gabriel Brooks,Female,Computer Science,87.41,67.36,20,0
10453,Dilan Gunawardena,Male,Biology,87.41,67.33,21,0
9291,Sachini Senanayake,Female,Computer Science,87.41,66.25,17,0
4571,Piumi Madushanka,Female,Biology,87.4,66.16,20,0
1636,Russell Vargas,Female,Mathematics,87.4,63.46,20,0
9533,Nadeesha Ekanayake,Female,Physics,87.39,68.46,20,0
6798,Ravindu Abeysekera,Male,Computer Science,87.39,68.18,18,0
6188,Tharindu Ranatunga,Male,Mathematics,87.38,71.8,17,0
9311,Sahan Ranatunga,Male,Mathematics,87.38,69.4,24,0
6202,Nimal Madushanka,Male,Computer Science,87.38,69.06,24,0
10968,Naveen Rajapaksha,Male,Physics,87.38,69.02,23,0
4340,Dilan Fernando,Male,Biology,87.38,66.83,20,0
10584,Madhavi Silva,Female,Biology,87.38,66.63,22,0
1111,Catherine Welch,Female,Biology,87.38,61.22,21,0
2127,Brittany Young,Male,Computer Science,87.37,71.99,22,0
10317,Ishani Perera,Female,Physics,87.37,67.02,21,0
2139,Jeffrey Taylor,Female,Biology,87.37,63.43,22,0
2448,Latoya Chaney,Female,Computer Science,87.36,76.04,16,0
7969,Naveen Gunawardena,Male,Biology,87.36,65.89,19,0
8409,Ravindu Senanayake,Male,Mathematics,87.36,59.27,17,0
10091,Amal Senanayake,Male,Computer Science,87.35,68.7,20,0
7903,Sachini Abeysekera,Female,Mathematics,87.34,68.17,20,0
5451,Amandi Silva,Female,Biology,87.34,63.99,18,0
10254,Ishani Fernando,Female,Physics,87.34,62.16,17,0
1306,Anthony Miller,Male,Mathematics,87.34,61.2,19,0
6486,Sachini Ekanayake,Female,Computer Science,87.33,74.29,22,0
7740,Rashmi Madushanka,Female,Computer Science,87.33,70.98,23,0
6233,Madhavi Ekanayake,Female,Computer Science,87.33,64.96,20,0
1578,Benjamin Smith,Male,Computer Science,87.33,63.2,20,0
3234,Sanduni Herath,Female,Physics,87.32,68.92,19,0
3634,Rashmi Senanayake,Female,Mathematics,87.32,68.56,19,0
5040,Nethmi Jayasinghe,Female,Biology,87.32,67.72,20,0
6096,Ishani Gunawardena,Female,Physics,87.32,66.91,25,0
10458,Hiruni Fernando,Female,Biology,87.32,64.29,17,0
10125,Nimal Herath,Male,Biology,87.32,62.36,25,0
3254,Sashini Fernando,Female,Mathematics,87.31,69.27,15,0
8377,Dinithi Perera,Female,Biology,87.31,68.7,21,0
2297,Stephanie Bray,Female,Mathematics,87.31,66.08,23,0
10198,Chamara Madushanka,Male,Mathematics,87.31,65.93,18,0
7487,Chamara Wijesinghe,Male,Computer Science,87.3,71.2,22,0
6168,Ishara Perera,Male,Computer Science,87.3,68.26,19,0
10521,Kavindi Gunawardena,Female,Mathematics,87.3,67.94,18,0
10225,Naveen Abeysekera,Male,Computer Science,87.3,63.52,22,0
6378,Sanduni Ekanayake,Female,Physics,87.29,69.92,20,0
9709,Shehan Wijesinghe,Male,Physics,87.29,69.28,21,0
8270,Tharushi Dias,Female,Computer Science,87.28,74.52,21,0
2246,Sandy Smith,Female,Computer Science,87.28,68.52,25,0
8434,Sahan Ranatunga,Male,Computer Science,87.28,68.49,22,0
3998,Dilan Rajapaksha,Male,Physics,87.28,65.86,18,0
6135,Rashmi Ranatunga,Female,Physics,87.28,65.73,20,0
1070,Stephen Nelson,Male,Mathematics,87.28,62.77,21,0
9317,Hiruni Madushanka,Female,Computer Science,87.27,66.94,19,0
4071,Dilan Perera,Male,Mathematics,87.27,66.12,15,0
4905,Lahiru Dias,Male,Biology,87.27,65.29,23,0
4291,Naveen Silva,Male,Computer Science,87.27,65.23,20,0
6266,Ishara Herath,Male,Biology,87.26,72.75,18,0
4492,Hiruni Silva,Female,Physics,87.26,71.44,21,0
8645,Sachini Madushanka,Female,Biology,87.26,69.18,21,0
6954,Ishara Peiris,Male,Mathematics,87.26,68.18,17,0
8885,Ayesh Silva,Male,Computer Science,87.26,62.39,27,0
5083,Ayesh Jayasinghe,Male,Biology,87.25,73.35,23,0
7028,Kavindi Peiris,Female,Biology,87.25,69.54,25,0
9992,Lahiru Senanayake,Male,Biology,87.25,65.72,21,0
5426,Amandi Wijesinghe,Female,Biology,87.25,63.63,21,0
3424,Hiruni Peiris,Female,Computer Science,87.24,71.19,19,0
10511,Sashini Dias,Female,Physics,87.24,71.07,22,0
1892,John Simmons,Female,Computer Science,87.24,67.14,24,0
5913,Nimal Dias,Male,Physics,87.24,66.69,20,0
2878,Tracey Larson,Female,Physics,87.24,64.15,22,0
6179,Nethmi Herath,Female,Biology,87.23,70.06,22,0
9386,Nadeesha Rajapaksha,Female,Biology,87.23,68.49,20,0
7095,Tharindu Gunawardena,Male,Physics,87.23,65.38,14,0
2358,Brooke Doyle,Male,Physics,87.23,64.67,21,0
4126,Supun Gunawardena,Male,Biology,87.22,75.27,23,0
1012,Ann Ritter,Female,Mathematics,87.22,74.29,17,0
1698,Derek Garza,Male,Computer Science,87.22,68.5,20,0
6953,Amal Gunawardena,Male,Biology,87.22,67.71,18,0
5686,Tharushi Fernando,Female,Computer Science,87.22,62.68,21,0
1459,Matthew Haley,Female,Biology,87.21,70.68,20,0
5530,Ayesh Fernando,Male,Computer Science,87.21,68.15,22,0
3537,Dilan Herath,Male,Biology,87.21,63.91,19,0
4672,Dinithi Madushanka,Female,Biology,87.2,73.43,23,0
9083,Ishara Madushanka,Male,Computer Science,87.2,67.17,23,0
1409,Kenneth Franklin,Female,Physics,87.18,74.32,21,0
2353,Cheryl Delgado,Female,Mathematics,87.18,72.19,17,0
8753,Nadeesha Gunawardena,Female,Physics,87.18,68.08,21,0
5688,Kavindi Rajapaksha,Female,Biology,87.18,67.58,20,0
8448,Sashini Peiris,Female,Computer Science,87.18,62.16,19,0
2754,Amanda Nelson,Male,Computer Science,87.17,77.0,23,0
3310,Kusal Jayasinghe,Male,Physics,87.17,67.07,20,0
3614,Sachini Herath,Female,Computer Science,87.17,65.94,21,0
8592,Tharushi Dias,Female,Mathematics,87.17,59.82,21,0
10476,Sanduni Abeysekera,Female,Biology,87.16,74.51,20,0
2668,Andre Wells,Female,Biology,87.15,67.49,18,0
8081,Sashini Abeysekera,Female,Computer Science,87.15,62.83,24,0
2803,Bryan Miller,Female,Mathematics,87.14,71.4,15,0
9652,Dilan Gunawardena,Male,Biology,87.14,68.39,23,0
3619,Amandi Silva,Female,Computer Science,87.14,63.93,21,0
7147,Ravindu Ranatunga,Male,Physics,87.14,62.95,25,0
9520,Hiruni Jayasinghe,Female,Mathematics,87.13,72.34,21,0
7592,Kusal Silva,Male,Physics,87.13,71.96,18,0
10046,Shehan Abeysekera,Male,Computer Science,87.13,69.79,22,0
2474,Randy Davidson,Male,Mathematics,87.12,69.89,20,0
4677,Dilan Perera,Male,Mathematics,87.12,68.41,19,0
4931,Chamara Ranatunga,Male,Mathematics,87.12,64.06,18,0
9285,Nadeesha Madushanka,Female,Physics,87.11,70.04,21,0
3300,Kavindi Silva,Female,Biology,87.11,68.55,20,0
1077,Daniel Thomas,Male,Biology,87.11,67.85,19,0
4596,Kusal Peiris,Male,Computer Science,87.11,66.26,22,0
4808,Tharushi Herath,Female,Physics,87.11,62.78,24,0
4288,Supun Rajapaksha,Male,Physics,87.1,72.22,22,0
5662,Nethmi Gunawardena,Female,Physics,87.1,71.64,26,0
1864,Matthew Lucas,Female,Biology,87.1,71.48,22,0
10851,Nadeesha Ranatunga,Female,Mathematics,87.1,68.35,22,0
4381,Ravindu Dias,Male,Computer Science,87.1,67.94,19,0
1267,Bobby Nelson,Female,Computer Science,87.1,63.95,19,0
9412,Piumi Wijesinghe,Female,Mathematics,87.09,72.38,19,0
4392,Sashini Peiris,Female,Computer Science,87.09,72.37,22,0
10864,Dilini Rajapaksha,Female,Physics,87.09,71.14,19,0
6485,Ishani Wijesinghe,Female,Biology,87.09,68.16,21,0
5224,Ishara Dias,Male,Physics,87.09,66.06,25,0
2919,Corey Romero,Female,Mathematics,87.09,65.84,27,0
10901,Rashmi Ekanayake,Female,Biology,87.08,60.92,20,0
10261,Tharindu Ekanayake,Male,Biology,87.07,72.37,20,0
2309,Allison Wade,Female,Computer Science,87.07,71.9,25,0
4839,Nethmi Silva,Female,Computer Science,87.07,70.62,19,0
6755,Tharushi Peiris,Female,Biology,87.07,62.12,24,0
5999,Ishara Abeysekera,Male,Computer Science,87.06,60.0,22,0
5389,Dilini Perera,Female,Mathematics,87.06,59.23,17,0
5090,Tharindu Ekanayake,Male,Computer Science,87.04,71.41,22,0
4909,Chamara Madushanka,Male,Biology,87.04,69.41,22,0
4767,Ayesh Senanayake,Male,Biology,87.04,66.54,17,0
2424,Adam Bailey,Male,Computer Science,87.04,63.64,21,0
7423,Ravindu Gunawardena,Male,Biology,87.04,63.43,22,0
4054,Shehan Ekanayake,Male,Biology,87.04,59.33,22,0
4747,Naveen Perera,Male,Physics,87.03,72.09,23,0
5099,Supun Jayasinghe,Male,Biology,87.03,71.81,22,0
4212,Ravindu Gunawardena,Male,Computer Science,87.03,69.59,19,0
3071,Ravindu Ranatunga,Male,Biology,87.03,65.71,21,0
2066,Ann Baldwin,Male,Physics,87.02,71.46,20,0
3706,Lahiru Fernando,Male,Mathematics,87.02,71.42,23,0
4956,Ayesh Perera,Male,Physics,87.02,67.44,21,0
1633,Andrew Huff,Male,Physics,87.02,66.36,22,0
8293,Ishani Abeysekera,Female,Mathematics,87.02,65.52,19,0
10658,Nadeesha Abeysekera,Female,Mathematics,87.02,61.73,21,0
8412,Dilini Senanayake,Female,Computer Science,87.01,68.94,17,0
8523,Hiruni Jayasinghe,Female,Physics,87.01,65.74,21,0
5201,Amal Abeysekera,Male,Biology,87.01,64.45,25,0
3586,Sanduni Ekanayake,Female,Biology,87.0,63.08,26,0
6103,Nimal Dias,Male,Mathematics,86.98,70.15,21,0
9087,Lahiru Madushanka,Male,Biology,86.98,69.19,18,0
9739,Tharindu Jayasinghe,Male,Computer Science,86.98,64.62,18,0
1116,Ryan Dunlap,Male,Biology,86.98,62.32,21,0
1337,Sandra Goodman,Female,Physics,86.97,71.46,24,0
2621,Sarah Crawford,Male,Biology,86.97,68.03,23,0
4325,Sanduni Jayasinghe,Female,Physics,86.97,65.76,18,0
1374,Erica Long,Female,Mathematics,86.96,70.12,21,0
9927,Dilini Rajapaksha,Female,Biology,86.96,69.59,19,0
9583,Piumi Rajapaksha,Female,Biology,86.96,68.86,24,0
2496,Joyce Dixon,Male,Biology,86.95,69.98,23,0
6657,Nethmi Rajapaksha,Female,Mathematics,86.95,67.96,20,0
8979,Madhavi Rajapaksha,Female,Biology,86.95,66.1,21,0
3371,Hiruni Peiris,Female,Physics,86.94,65.95,18,0
10516,Ayesh Peiris,Male,Computer Science,86.94,65.89,19,0
8251,Hiruni Silva,Female,Computer Science,86.94,65.68,18,0
4968,Sanduni Silva,Female,Physics,86.93,71.9,20,0
9497,Kavindi Senanayake,Female,Biology,86.93,69.49,21,0
1876,James Bryant,Male,Physics,86.93,67.32,21,0
10993,Supun Madushanka,Male,Biology,86.92,65.39,20,0
6616,Madhavi Madushanka,Female,Computer Science,86.92,63.77,21,0
8467,Supun Ekanayake,Male,Biology,86.92,62.7,20,0
4799,Sashini Ranatunga,Female,Mathematics,86.91,72.26,20,0
6745,Supun Peiris,Male,Physics,86.91,70.59,21,0
7469,Kavindi Ranatunga,Female,Mathematics,86.91,69.88,19,0
6359,Sahan Abeysekera,Male,Physics,86.91,65.25,20,0
10902,Tharindu Madushanka,Male,Biology,86.91,62.91,25,0
9913,Hiruni Jayasinghe,Female,Computer Science,86.91,62.6,21,0
4860,Madhavi Senanayake,Female,Mathematics,86.9,71.15,22,0
3910,Supun Silva,Male,Computer Science,86.9,66.7,21,0
6878,Naveen Fernando,Male,Computer Science,86.9,63.21,19,0
10312,Kasun Abeysekera,Male,Computer Science,86.89,72.29,24,0
9517,Sahan Ekanayake,Male,Computer Science,86.89,65.08,18,0
2481,Tamara Williams,Male,Physics,86.89,64.04,19,0
2986,Haley Hutchinson,Female,Mathematics,86.89,62.95,18,0
1776,Jennifer Turner,Male,Biology,86.88,71.97,20,0
3913,Nimal Ranatunga,Male,Physics,86.88,64.25,22,0
5708,Chamara Perera,Male,Physics,86.87,66.44,22,0
2533,William Burke,Male,Biology,86.87,64.35,21,0
10799,Amandi Dias,Female,Mathematics,86.87,64.11,17,0
4233,Madhavi Ranatunga,Female,Biology,86.86,72.55,21,0
10499,Sahan Jayasinghe,Male,Biology,86.86,68.62,19,0
4453,Amandi Rajapaksha,Female,Biology,86.86,65.16,18,0
3448,Lahiru Wijesinghe,Male,Physics,86.85,71.12,20,0
10269,Piumi Perera,Female,Computer Science,86.85,66.42,18,0
1946,Sarah West,Male,Mathematics,86.84,61.99,24,0
5049,Ishani Perera,Female,Computer Science,86.84,61.76,18,0
10454,Hiruni Dias,Female,Computer Science,86.83,74.8,24,0
5726,Rashmi Herath,Female,Physics,86.83,71.32,23,0
8860,Dilini Jayasinghe,Female,Physics,86.83,70.48,19,0
1033,Paul Jones,Female,Computer Science,86.83,70.39,23,0
7720,Sachini Herath,Female,Physics,86.83,66.42,16,0
7901,Kusal Madushanka,Male,Computer Science,86.83,62.7,20,0
7762,Dilini Dias,Female,Biology,86.82,70.58,22,0
3674,Amal Senanayake,Male,Computer Science,86.82,67.79,23,0
3668,Sashini Madushanka,Female,Physics,86.82,66.62,21,0
6150,Sashini Senanayake,Female,Physics,86.81,76.95,21,0
1625,Christopher Smith,Female,Computer Science,86.81,72.25,19,0
10500,Sahan Jayasinghe,Male,Biology,86.81,70.45,24,0
2162,Alison Anderson,Female,Physics,86.81,67.75,21,0
8831,Tharindu Herath,Male,Physics,86.81,66.88,21,0
7790,Dilan Abeysekera,Male,Physics,86.81,64.85,22,0
3837,Amandi Senanayake,Female,Physics,86.81,62.84,16,0
9987,Sahan Peiris,Male,Computer Science,86.81,62.56,21,0
6501,Nadeesha Senanayake,Female,Mathematics,86.81,62.55,22,0
5455,Kusal Gunawardena,Male,Computer Science,86.8,71.99,21,0
9963,Piumi Wijesinghe,Female,Mathematics,86.8,71.42,20,0
6003,Piumi Herath,Female,Biology,86.8,68.14,21,0
1362,Caitlin Warner,Female,Computer Science,86.8,67.4,26,0
6794,Hiruni Jayasinghe,Female,Mathematics,86.8,66.82,19,0
1122,Steven Moore,Female,Computer Science,86.8,66.18,21,0
8506,Amandi Jayasinghe,Female,Mathematics,86.8,64.86,23,0
4581,Sahan Senanayake,Male,Biology,86.79,70.78,19,0
10536,Hiruni Madushanka,Female,Mathematics,86.79,65.13,20,0
5587,Naveen Gunawardena,Male,Mathematics,86.78,68.45,21,0
2367,Gloria Sanchez,Female,Physics,86.78,64.46,19,0
8913,Sachini Herath,Female,Computer Science,86.78,58.34,17,0
9122,Dilini Wijesinghe,Female,Computer Science,86.77,74.62,17,0
7230,Ayesh Ranatunga,Male,Computer Science,86.77,71.49,19,0
10380,Tharindu Rajapaksha,Male,Physics,86.77,69.79,24,0
10988,Dilini Perera,Female,Computer Science,86.77,68.82,23,0
6913,Naveen Gunawardena,Male,Biology,86.77,66.85,16,0
10613,Rashmi Herath,Female,Physics,86.77,66.84,20,0
6551,Dinithi Abeysekera,Female,Biology,86.77,62.64,18,0
3643,Ravindu Abeysekera,Male,Physics,86.77,59.81,18,0
8305,Amandi Perera,Female,Mathematics,86.76,74.62,19,0
8216,Tharushi Ekanayake,Female,Mathematics,86.76,69.58,17,0
6924,Piumi Perera,Female,Physics,86.76,67.17,22,0
7199,Rashmi Wijesinghe,Female,Physics,86.75,76.78,19,0
10552,Ayesh Wijesinghe,Male,Mathematics,86.75,70.9,14,0
1404,Amy Pacheco,Female,Computer Science,86.75,67.6,24,0
9779,Ishani Jayasinghe,Female,Mathematics,86.75,67.35,21,0
9061,Amandi Ranatunga,Female,Computer Science,86.75,64.1,20,0
7710,Madhavi Ranatunga,Female,Mathematics,86.75,57.72,19,0
2117,Joseph Trujillo,Female,Computer Science,86.74,73.34,27,0
4152,Amandi Abeysekera,Female,Physics,86.74,69.97,20,0
10818,Ishani Gunawardena,Female,Biology,86.74,67.47,20,0
1351,Elizabeth Weaver,Male,Biology,86.73,69.1,26,0
1208,Bob Gonzalez,Male,Biology,86.73,68.61,23,0
5182,Ishara Herath,Male,Physics,86.73,65.33,19,0
1858,Matthew Garza,Male,Biology,86.73,64.52,20,0
3192,Ishara Madushanka,Male,Computer Science,86.72,70.25,21,0
3467,Sahan Fernando,Male,Biology,86.72,66.42,21,0
8929,Sanduni Rajapaksha,Female,Mathematics,86.72,65.98,18,0
7838,Amal Silva,Male,Physics,86.72,65.42,20,0
1651,Nicholas Stewart,Female,Mathematics,86.71,74.3,24,0
5108,Tharushi Peiris,Female,Computer Science,86.71,71.88,22,0
9575,Naveen Senanayake,Male,Computer Science,86.71,71.54,17,0
6599,Kavindi Herath,Female,Biology,86.71,66.99,24,0
7146,Sashini Fernando,Female,Physics,86.71,65.03,22,0
4454,Ravindu Perera,Male,Biology,86.71,63.23,22,0
1381,Melissa Jones,Male,Biology,86.7,71.2,23,0
5447,Nimal Ranatunga,Male,Mathematics,86.7,67.62,20,0
1828,Justin Smith,Male,,86.7,66.04,22,0
1886,Stacey Owens,Male,Biology,86.7,65.52,21,0
4582,Amandi Madushanka,Female,Computer Science,86.7,63.14,24,0
6870,Naveen Peiris,Male,Biology,86.69,69.45,27,0
10429,Tharushi Ranatunga,Female,Biology,86.69,68.35,24,0
9237,Tharushi Senanayake,Female,Biology,86.69,66.74,17,0
2003,Nichole Miller,Female,Biology,86.68,69.29,20,0
6353,Hiruni Senanayake,Female,Physics,86.67,71.21,23,0
1658,Antonio Dodson,Male,Physics,86.67,71.05,18,0
10213,Kavindi Fernando,Female,Mathematics,86.67,69.35,20,0
1112,Darren Flowers,Female,Computer Science,86.66,70.45,20,0
7964,Sanduni Wijesinghe,Female,Physics,86.66,68.48,19,0
1642,Ronald Fox,Male,Biology,86.66,65.73,24,0
1881,Jennifer Carroll,Female,Computer Science,86.66,63.37,19,0
6991,Piumi Perera,Female,Physics,86.66,62.92,24,0
1649,Garrett Hale,Female,Computer Science,86.65,69.31,21,0
4426,Amandi Dias,Female,Physics,86.65,67.15,24,0
6673,Sashini Senanayake,Female,Mathematics,86.65,67.04,19,0
2131,Kristin Cook,Female,Biology,86.65,59.87,22,0
3725,Naveen Ranatunga,Male,Biology,86.64,70.59,19,0
5204,Piumi Jayasinghe,Female,Physics,86.64,68.74,19,0
8459,Kasun Herath,Male,Computer Science,86.64,66.41,21,0
2941,Christopher Anderson,Female,Mathematics,86.64,63.68,22,0
7862,Naveen Abeysekera,Male,Physics,86.63,72.62,18,0
2913,Dawn Adams,Female,Computer Science,86.63,72.1,25,0
6244,Sachini Ekanayake,Female,Mathematics,86.63,66.05,21,0
9106,Lahiru Fernando,Male,Mathematics,86.63,65.16,20,0
9048,Sanduni Fernando,Female,Biology,86.62,70.9,22,0
5416,Tharindu Madushanka,Male,Mathematics,86.62,69.5,18,0
2273,Daniel Hunt,Female,Physics,86.62,68.35,25,0
6181,Naveen Senanayake,Male,Biology,86.62,59.14,23,0
2255,Alexandra Barnes,Female,Physics,86.61,65.62,26,0
7040,Tharindu Senanayake,Male,Computer Science,86.61,64.23,21,0
2795,John Sweeney,Female,Computer Science,86.6,72.46,23,0
9682,Kusal Abeysekera,Male,Physics,86.6,71.42,20,0
9876,Ravindu Senanayake,Male,Biology,86.6,68.39,24,0
8581,Nimal Peiris,Male,Mathematics,86.6,62.55,20,0
2087,Andrew Ward,Male,Physics,86.59,74.65,22,0
8347,Amandi Senanayake,Female,Mathematics,86.59,69.28,21,0
1737,Douglas Carter,Female,Mathematics,86.59,67.96,19,0
3650,Dinithi Jayasinghe,Female,Physics,86.59,67.38,23,0
1292,Daniel Myers,Male,Physics,86.59,66.65,22,0
8182,Shehan Dias,Male,Biology,86.59,62.82,23,0
3639,Rashmi Fernando,Female,Computer Science,86.59,60.42,17,0
10123,Ishani Ekanayake,Female,Mathematics,86.58,70.33,20,0
1454,Richard Montgomery,Male,Computer Science,86.58,69.87,24,0
4960,Nimal Silva,Male,Physics,86.58,62.56,21,0
7495,Tharushi Silva,Female,Computer Science,86.58,59.66,16,0
5563,Nadeesha Rajapaksha,Female,Computer Science,86.57,70.18,20,0
3816,Hiruni Senanayake,Female,Physics,86.57,68.21,22,0
8548,Piumi Gunawardena,Female,Biology,86.57,65.15,23,0
7732,Sahan Abeysekera,Male,Physics,86.57,61.88,24,0
3481,Sashini Rajapaksha,Female,Biology,86.56,70.37,23,0
6307,Piumi Wijesinghe,Female,Biology,86.56,67.59,23,0
8667,Sanduni Perera,Female,Computer Science,86.56,65.72,21,0
8153,Sanduni Wijesinghe,Female,Mathematics,86.55,73.29,16,0
9223,Ishani Senanayake,Female,Mathematics,86.55,72.72,21,0
6793,Supun Wijesinghe,Male,Biology,86.55,70.96,24,0
10264,Lahiru Ranatunga,Male,Computer Science,86.55,70.65,17,0
5738,Amal Abeysekera,Male,Mathematics,86.54,74.53,17,0
5922,Chamara Peiris,Male,Biology,86.54,71.98,20,0
4610,Sashini Gunawardena,Female,Biology,86.54,62.36,24,0
3098,Chamara Peiris,Male,Mathematics,86.53,72.38,19,0
1515,Erica Castillo,Male,Physics,86.53,69.45,24,0
5394,Kusal Silva,Male,Biology,86.53,67.49,21,0
10915,Kusal Fernando,Male,Biology,86.53,65.05,21,0
6245,Chamara Gunawardena,Male,Computer Science,86.53,64.04,19,0
4743,Sahan Wijesinghe,Male,Biology,86.52,69.63,23,0
5474,Supun Wijesinghe,Male,Mathematics,86.52,67.4,20,0
9007,Lahiru Ekanayake,Male,Computer Science,86.52,63.73,19,0
7836,Sashini Wijesinghe,Female,Biology,86.52,63.7,18,0
4768,Kasun Dias,Male,Computer Science,86.51,70.33,24,0
6770,Ravindu Herath,Male,Mathematics,86.51,69.79,24,0
10600,Sahan Senanayake,Male,Biology,86.51,67.43,19,0
10577,Lahiru Rajapaksha,Male,Computer Science,86.51,67.14,20,0
3928,Ishani Dias,Female,Biology,86.51,65.72,23,0
8404,Chamara Wijesinghe,Male,Mathematics,86.51,65.33,19,0
6422,Tharushi Dias,Female,Biology,86.5,73.84,20,0
10491,Ayesh Senanayake,Male,Physics,86.5,59.41,22,0
8568,Shehan Gunawardena,Male,Physics,86.49,68.8,21,0
6087,Sahan Gunawardena,Male,Physics,86.49,62.63,21,0
3462,Ishara Wijesinghe,Male,Mathematics,86.48,70.94,19,0
2395,Russell Brown,Female,Computer Science,86.48,67.04,25,0
6324,Kusal Dias,Male,Biology,86.48,65.39,23,0
7388,Naveen Wijesinghe,Male,Physics,86.48,62.51,17,0
3655,Supun Senanayake,Male,Computer Science,86.47,75.6,22,0
6730,Supun Peiris,Male,Physics,86.47,69.82,20,0
7367,Chamara Rajapaksha,Male,Physics,86.47,68.99,20,0
2988,Eugene Lawson,Female,Biology,86.47,66.94,20,0
2796,Francis Mckay,Female,Mathematics,86.47,66.65,24,0
6356,Sahan Perera,Male,Mathematics,86.47,59.94,22,0
8118,Ayesh Fernando,Male,Biology,86.46,68.86,25,0
3795,Amal Madushanka,Male,Mathematics,86.46,67.24,16,0
7718,Rashmi Madushanka,Female,Physics,86.46,62.94,24,0
4565,Naveen Silva,Male,Mathematics,86.46,61.91,19,0
1061,Joshua Anderson,Female,Biology,86.45,74.62,24,0
7715,Amal Dias,Male,Computer Science,86.45,70.95,23,0
2650,Jesse Barker,Female,Biology,86.45,69.39,23,0
6531,Ayesh Senanayake,Male,Biology,86.45,68.42,26,0
10891,Sahan Rajapaksha,Male,Physics,86.45,66.83,24,0
5936,Ishara Fernando,Male,Physics,86.45,63.72,15,0
5892,Supun Peiris,Male,Biology,86.44,73.81,17,0
10930,Kusal Madushanka,Male,Computer Science,86.44,71.84,23,0
4378,Lahiru Abeysekera,Male,Biology,86.44,70.37,20,0
2121,Kristin Cobb,Female,Physics,86.44,69.05,22,0
1315,Ashley Carter,Female,Mathematics,86.44,63.93,20,0
4846,Lahiru Herath,Male,Physics,86.43,70.01,20,0
6239,Chamara Fernando,Male,Mathematics,86.43,69.18,19,0
3629,Kusal Abeysekera,Male,Physics,86.43,67.47,21,0
5284,Ravindu Madushanka,Male,Computer Science,86.43,66.16,21,0
3128,Chamara Ranatunga,Male,Mathematics,86.43,63.81,21,0
5583,Ishara Ekanayake,Male,Mathematics,86.43,62.34,20,0
4982,Supun Fernando,Male,Computer Science,86.43,62.26,22,0
3659,Madhavi Wijesinghe,Female,Mathematics,86.43,61.29,21,0
8610,Nethmi Ekanayake,Female,Computer Science,86.42,69.53,22,0
9210,Nadeesha Wijesinghe,Female,Biology,86.42,66.67,24,0
2116,Carol Morris,Male,Computer Science,86.42,64.37,22,0
2051,Ronald Jordan,Male,Computer Science,86.42,59.48,22,0
10801,Amandi Fernando,Female,Biology,86.41,72.68,17,0
3863,Sanduni Wijesinghe,Female,Computer Science,86.41,69.24,21,0
2627,Samantha Clements,Male,Biology,86.41,68.53,23,0
2544,Christopher Pacheco,Female,Biology,86.41,68.19,27,0
9582,Kavindi Abeysekera,Female,Computer Science,86.41,65.99,21,0
8232,Tharindu Silva,Male,Computer Science,86.41,59.91,23,0
2884,Carol Strickland,Female,Mathematics,86.4,69.58,25,0
7786,Dinithi Madushanka,Female,Physics,86.4,66.64,20,0
3570,Hiruni Rajapaksha,Female,Biology,86.4,59.88,22,0
10713,Hiruni Gunawardena,Female,Mathematics,86.39,68.5,17,0
1005,Elizabeth Bird,Male,Biology,86.39,68.21,22,0
1728,Alicia French,Female,Physics,86.39,66.34,21,0
7024,Nadeesha Dias,Female,Physics,86.39,65.76,19,0
9432,Nadeesha Madushanka,Female,Mathematics,86.39,65.41,20,0
4415,Supun Madushanka,Male,Biology,86.39,63.97,22,0
9512,Amal Senanayake,Male,Computer Science,86.39,61.74,18,0
6753,Sahan Wijesinghe,Male,Mathematics,86.38,66.13,21,0
6806,Kasun Senanayake,Male,Physics,86.38,64.42,21,0
2505,John Simpson,Male,Computer Science,86.38,64.02,21,0
4945,Dinithi Abeysekera,Female,Biology,86.37,68.5,19,0
6516,Dinithi Madushanka,Female,Mathematics,86.37,66.84,19,0
3297,Hiruni Jayasinghe,Female,Physics,86.37,66.12,23,0
10165,Dinithi Madushanka,Female,Biology,86.37,65.41,22,0
1100,Nancy Turner,Female,Physics,86.37,64.13,27,0
7728,Sashini Fernando,Female,Mathematics,86.37,63.31,20,0
1251,Heather Nelson,Male,Physics,86.37,59.77,19,0
8165,Dinithi Gunawardena,Female,Biology,86.36,70.78,24,0
2923,April Daugherty,Female,Physics,86.36,67.45,19,0
9312,Sanduni Rajapaksha,Female,Computer Science,86.36,64.19,21,0
8134,Tharushi Silva,Female,Physics,86.35,72.99,21,0
5431,Sanduni Rajapaksha,Female,Computer Science,86.35,67.56,24,0
2300,Angela Williams,Male,Biology,86.35,66.56,24,0
1029,Lisa Garcia,Male,Computer Science,86.35,65.95,23,0
10582,Kavindi Dias,Female,Biology,86.34,73.55,24,0
3610,Dilini Senanayake,Female,Biology,86.34,72.89,18,0
3066,Hiruni Abeysekera,Female,Computer Science,86.34,72.09,20,0
10313,Madhavi Ranatunga,Female,Biology,86.34,67.82,20,0
9393,Chamara Peiris,Male,Physics,86.34,67.21,23,0
10250,Chamara Abeysekera,Male,Mathematics,86.34,65.73,18,0
10725,Piumi Wijesinghe,Female,Mathematics,86.34,64.9,18,0
4465,Amal Fernando,Male,Biology,86.34,63.84,17,0
6029,Shehan Peiris,Male,Computer Science,86.33,71.54,22,0
2451,John Moore,Female,Biology,86.33,69.34,24,0
8637,Sashini Silva,Female,Computer Science,86.33,67.82,21,0
6979,Amal Silva,Male,Biology,86.33,67.33,19,0
1823,Shannon Norris,Male,Mathematics,86.33,62.85,17,0
6403,Dinithi Dias,Female,Biology,86.33,62.52,18,0
9002,Ravindu Silva,Male,Computer Science,86.32,68.28,17,0
9622,Rashmi Abeysekera,Female,Computer Science,86.32,67.6,23,0
2450,Paige Freeman,Male,Mathematics,86.32,67.25,25,0
8772,Ishani Jayasinghe,Female,Biology,86.32,64.23,16,0
4205,Nethmi Dias,Female,Mathematics,86.31,60.28,23,0
2828,Cody Lee,Female,Mathematics,86.3,75.45,19,0
9166,Nethmi Jayasinghe,Female,Biology,86.3,66.1,18,0
4083,Kasun Dias,Male,Computer Science,86.3,66.04,22,0
5453,Lahiru Silva,Male,Mathematics,86.29,71.71,18,0
10723,Rashmi Silva,Female,Biology,86.29,68.7,25,0
5882,Nethmi Senanayake,Female,Computer Science,86.29,66.22,21,0
7873,Sashini Abeysekera,Female,Biology,86.28,75.14,22,0
4809,Dilini Dias,Female,Biology,86.28,71.23,17,0
9846,Amandi Wijesinghe,Female,Computer Science,86.28,70.93,16,0
7806,Tharushi Peiris,Female,Mathematics,86.28,69.92,21,0
7189,Nethmi Silva,Female,Computer Science,86.28,69.08,19,0
1019,Dalton Vincent,Male,Physics,86.28,67.85,19,0
5576,Supun Wijesinghe,Male,Biology,86.28,66.67,23,0
5102,Dilini Ranatunga,Female,Physics,86.28,66.09,22,0
5758,Ravindu Jayasinghe,Male,Computer Science,86.28,63.27,22,0
2454,Joseph Coleman,Female,Physics,86.27,70.22,19,0
1522,Kathleen Clark,Male,Biology,86.27,68.69,20,0
8001,Ayesh Abeysekera,Male,Biology,86.27,67.96,16,0
5983,Shehan Ranatunga,Male,Mathematics,86.27,67.81,21,0
9159,Nadeesha Gunawardena,Female,Biology,86.27,65.54,20,0
2827,Gabriel Jacobs,Female,Computer Science,86.26,66.45,21,0
7283,Nadeesha Gunawardena,Female,Computer Science,86.25,66.28,21,0
10854,Dinithi Gunawardena,Female,Computer Science,86.25,64.53,24,0
7432,Ishara Peiris,Male,Computer Science,86.25,61.84,19,0
2788,Justin Phillips,Male,Biology,86.24,69.51,20,0
5469,Naveen Fernando,Male,Physics,86.24,66.46,22,0
4564,Shehan Gunawardena,Male,Biology,86.24,65.9,22,0
8046,Nadeesha Peiris,Female,Physics,86.23,73.88,20,0
4399,Dilan Silva,Male,Physics,86.23,72.95,17,0
8385,Tharindu Dias,Male,Biology,86.23,71.16,23,0
8981,Kusal Rajapaksha,Male,Physics,86.23,69.24,20,0
8481,Amal Senanayake,Male,Computer Science,86.23,63.0,23,0
1679,Lori Robinson,Male,Physics,86.22,72.86,20,0
1105,Rebecca Welch,Female,Mathematics,86.22,68.31,19,0
5425,Dilini Gunawardena,Female,Biology,86.22,66.48,23,0
2218,Autumn Ferguson,Female,Computer Science,86.22,60.66,16,0
10009,Nethmi Madushanka,Female,Computer Science,86.22,56.98,16,0
10047,Tharindu Senanayake,Male,Mathematics,86.21,72.22,17,0
6671,Nethmi Perera,Female,Mathematics,86.21,69.34,23,0
8883,Nadeesha Madushanka,Female,Computer Science,86.21,66.64,21,0
4503,Shehan Wijesinghe,Male,Mathematics,86.21,65.5,19,0
3851,Naveen Ranatunga,Male,Mathematics,86.21,64.16,19,0
9720,Amal Dias,Male,Computer Science,86.21,64.07,20,0
10514,Amandi Fernando,Female,Physics,86.21,63.32,19,0
5764,Tharushi Peiris,Female,Biology,86.21,62.66,20,0
8612,Madhavi Wijesinghe,Female,Physics,86.2,71.96,20,0
8681,Ravindu Jayasinghe,Male,Computer Science,86.2,66.29,22,0
4413,Sanduni Wijesinghe,Female,Computer Science,86.2,63.84,21,0
8723,Dilan Dias,Male,Biology,86.2,63.79,21,0
4625,Ayesh Rajapaksha,Male,Computer Science,86.2,62.03,22,0
7131,Ayesh Herath,Male,Biology,86.19,74.13,21,0
2288,Angela Skinner,Male,Mathematics,86.19,68.68,20,0
9781,Sahan Fernando,Male,Computer Science,86.19,66.54,20,0
6156,Naveen Abeysekera,Male,Biology,86.19,64.68,20,0
8766,Sachini Madushanka,Female,Mathematics,86.19,63.53,19,0
2713,Amber Browning,Female,Biology,86.19,62.78,21,0
1841,Cheryl Smith,Female,Physics,86.19,55.66,20,0
7211,Naveen Rajapaksha,Male,Physics,86.18,62.67,23,0
3856,Hiruni Gunawardena,Female,Biology,86.18,61.84,20,0
9016,Sahan Herath,Male,Computer Science,86.18,61.6,21,0
5655,Dinithi Silva,Female,Mathematics,86.17,71.27,21,0
6638,Nethmi Perera,Female,Biology,86.17,70.77,22,0
6559,Supun Gunawardena,Male,Physics,86.17,64.64,21,0
5998,Ravindu Perera,Male,Biology,86.17,63.48,18,0
7406,Kasun Ranatunga,Male,Biology,86.17,63.43,21,0
2168,Roger Costa,Male,Physics,86.16,66.23,21,0
1485,Jeremy Boyd,Male,Physics,86.16,65.37,18,0
5166,Sashini Abeysekera,Female,Mathematics,86.16,64.05,19,0
10776,Sashini Senanayake,Female,Mathematics,86.15,68.32,17,0
3414,Dilan Silva,Male,Computer Science,86.15,67.72,23,0
4647,Sanduni Abeysekera,Female,Computer Science,86.15,66.87,21,0
3646,Piumi Gunawardena,Female,Mathematics,86.14,69.19,20,0
5227,Ayesh Wijesinghe,Male,Physics,86.14,66.04,19,0
9355,Amal Rajapaksha,Male,Computer Science,86.14,65.37,20,0
5116,Dilini Peiris,Female,Mathematics,86.14,64.66,21,0
8009,Lahiru Rajapaksha,Male,Computer Science,86.14,64.34,22,0
3220,Kusal Gunawardena,Male,Physics,86.14,62.9,20,0
10010,Sachini Rajapaksha,Female,Physics,86.13,70.97,21,0
9220,Sahan Rajapaksha,Male,Computer Science,86.13,70.54,19,0
5256,Kasun Jayasinghe,Male,Physics,86.13,66.53,23,0
3295,Ishani Senanayake,Female,Mathematics,86.13,63.66,20,0
10948,Nadeesha Madushanka,Female,Computer Science,86.12,69.04,22,0
4218,Amal Wijesinghe,Male,Physics,86.12,68.56,21,0
1117,Jessica Key,Male,Computer Science,86.12,67.18,20,0
1174,Joseph Mendoza,Female,Biology,86.12,65.69,19,0
3835,Supun Ekanayake,Male,Computer Science,86.12,63.46,20,0
6713,Sachini Wijesinghe,Female,Computer Science,86.12,61.87,21,0
10328,Shehan Jayasinghe,Male,Computer Science,86.11,69.15,23,0
4009,Kasun Wijesinghe,Male,Computer Science,86.11,66.19,19,0
2752,Katherine Monroe,Female,Biology,86.11,63.94,24,0
8725,Rashmi Dias,Female,Physics,86.1,67.33,26,0
10053,Sahan Jayasinghe,Male,Biology,86.1,65.47,24,0
2629,Jose Compton,Male,Computer Science,86.1,56.12,24,0
1519,Dylan Allen,Female,Physics,86.09,67.54,23,0
5598,Madhavi Senanayake,Female,Mathematics,86.09,67.11,22,0
3093,Kasun Wijesinghe,Male,Biology,86.08,64.61,23,0
5852,Kavindi Madushanka,Female,Computer Science,86.08,60.95,20,0
2160,Laura Roberson,Female,Mathematics,86.07,71.16,14,0
6642,Nethmi Herath,Female,Mathematics,86.07,62.99,20,0
4585,Dilini Senanayake,Female,Physics,86.06,72.77,22,0
8583,Nadeesha Senanayake,Female,Biology,86.06,68.83,17,0
4875,Ishani Silva,Female,Computer Science,86.06,65.73,23,0
2436,Brittany Hernandez,Female,Physics,86.06,65.43,23,0
1977,Kaitlin Berry,Male,Computer Science,86.06,61.57,17,0
8255,Dilan Fernando,Male,Mathematics,86.05,67.75,20,0
10096,Madhavi Herath,Female,Biology,86.05,66.65,22,0
2932,Laura Flores,Female,Computer Science,86.05,63.14,22,0
10817,Kavindi Jayasinghe,Female,Mathematics,86.04,68.5,22,0
5241,Dinithi Wijesinghe,Female,Mathematics,86.04,66.63,19,0
5875,Shehan Senanayake,Male,Computer Science,86.04,65.6,19,0
3989,Nethmi Silva,Female,Computer Science,86.04,63.25,23,0
2196,Mitchell Robinson,Male,Physics,86.04,61.78,18,0
7693,Ayesh Senanayake,Male,Computer Science,86.04,60.77,22,0
6468,Madhavi Wijesinghe,Female,Computer Science,86.03,70.82,16,0
9664,Amal Madushanka,Male,Computer Science,86.03,67.21,21,0
9633,Shehan Peiris,Male,Biology,86.03,60.87,21,0
2326,Jose Mooney,Male,Computer Science,86.02,74.67,24,0
9054,Tharushi Gunawardena,Female,Mathematics,86.02,71.67,20,0
3475,Tharushi Dias,Female,Computer Science,86.02,65.6,19,0
7202,Lahiru Perera,Male,Physics,86.02,63.12,22,0
3644,Supun Madushanka,Male,Mathematics,86.02,59.7,17,0
8724,Hiruni Wijesinghe,Female,Physics,86.0,74.54,20,0
9723,Supun Senanayake,Male,Mathematics,86.0,74.06,20,0
5905,Tharindu Peiris,Male,Physics,86.0,73.12,19,0
6069,Sashini Madushanka,Female,Physics,86.0,71.77,21,0
2487,George Lee,Female,Biology,86.0,70.73,21,0
10172,Ishani Wijesinghe,Female,Physics,86.0,69.2,20,0
7650,Nethmi Fernando,Female,Physics,86.0,68.02,22,0
10342,Ishara Ranatunga,Male,Physics,86.0,66.59,19,0
2334,Cynthia Nguyen,Female,Computer Science,86.0,65.84,22,0
5772,Lahiru Madushanka,Male,Physics,86.0,57.49,17,0
2469,Eileen Peterson,Male,Physics,85.99,74.74,16,0
7748,Amal Herath,Male,Biology,85.99,67.9,23,0
9271,Nadeesha Abeysekera,Female,Mathematics,85.99,66.72,18,0
3346,Sachini Dias,Female,Mathematics,85.99,66.38,19,0
6983,Ishani Gunawardena,Female,Physics,85.98,65.46,23,0
9421,Supun Dias,Male,Mathematics,85.98,64.11,23,0
10401,Ayesh Gunawardena,Male,Biology,85.98,57.6,21,0
4869,Dilini Ekanayake,Female,Physics,85.97,64.56,22,0
6818,Ayesh Perera,Male,Mathematics,85.97,64.35,20,0
9780,Kasun Madushanka,Male,Biology,85.96,68.15,24,0
6805,Piumi Abeysekera,Female,Physics,85.96,63.39,22,0
2280,Edward Ortiz,Male,Biology,85.95,69.12,18,0
1458,Carl Molina,Male,Biology,85.95,67.13,20,0
9101,Kasun Dias,Male,Physics,85.95,67.03,23,0
10248,Kusal Silva,Male,Physics,85.94,71.35,25,0
1721,Ronald Anderson,Female,Mathematics,85.94,71.08,16,0
10332,Tharushi Ekanayake,Female,Physics,85.94,66.92,15,0
6909,Dinithi Perera,Female,Physics,85.94,66.89,23,0
5923,Ishani Silva,Female,Biology,85.94,66.07,19,0
1411,Joyce Jackson,Female,Computer Science,85.94,60.16,22,0
8811,Kasun Silva,Male,Computer Science,85.93,69.21,21,0
10039,Ayesh Ekanayake,Male,Biology,85.93,67.17,21,0
4169,Amal Gunawardena,Male,Mathematics,85.93,66.81,20,0
7874,Kasun Herath,Male,Computer Science,85.93,66.09,19,0
1982,David Morris,Female,Mathematics,85.93,65.34,23,0
7308,Nethmi Madushanka,Female,Physics,85.93,63.46,22,0
2885,Paula Salazar,Female,Physics,85.93,62.69,20,0
7463,Ishara Abeysekera,Male,Biology,85.92,69.89,20,0
8719,Amandi Fernando,Female,Physics,85.92,67.87,22,0
2622,Robin Carrillo,Female,Physics,85.92,63.58,22,0
6203,Tharindu Herath,Male,Computer Science,85.92,62.46,19,0
4657,Kavindi Gunawardena,Female,Biology,85.91,72.75,20,0
5575,Rashmi Madushanka,Female,Physics,85.91,68.57,19,0
3692,Dinithi Madushanka,Female,Computer Science,85.91,67.67,22,0
6097,Sachini Wijesinghe,Female,Mathematics,85.91,65.45,20,0
2721,Casey Morales,Male,Biology,85.9,69.28,19,0
2299,Richard Grant,Female,Physics,85.9,66.8,24,0
8799,Ayesh Madushanka,Male,Mathematics,85.9,63.99,19,0
6749,Nimal Herath,Male,Physics,85.89,69.04,19,0
4013,Shehan Abeysekera,Male,Physics,85.89,66.54,21,0
7890,Supun Fernando,Male,Biology,85.89,62.44,19,0
2624,Shannon Gonzalez,Female,Computer Science,85.88,66.47,24,0
10805,Kasun Silva,Male,Computer Science,85.88,66.45,21,0
2612,Richard Brown,Female,Computer Science,85.88,65.52,20,0
8172,Sachini Perera,Female,Computer Science,85.88,64.98,22,0
4306,Ravindu Madushanka,Male,Biology,85.88,64.41,25,0
4360,Nethmi Wijesinghe,Female,Biology,85.88,61.4,22,0
7991,Sachini Dias,Female,Computer Science,85.87,68.39,21,0
7097,Kavindi Gunawardena,Female,Physics,85.87,67.27,22,0
8923,Kasun Fernando,Male,Computer Science,85.87,64.05,17,0
7231,Nimal Silva,Male,Biology,85.86,70.7,23,0
10411,Madhavi Herath,Female,Biology,85.86,67.69,20,0
8649,Sachini Senanayake,Female,Mathematics,85.86,66.08,21,0
8237,Kavindi Ranatunga,Female,Mathematics,85.86,61.91,22,0
8691,Ayesh Ekanayake,Male,Physics,85.85,71.39,19,0
5802,Hiruni Perera,Female,Biology,85.85,63.76,19,0
2128,Lawrence Reynolds,Female,Mathematics,85.84,73.79,18,0
5990,Ishara Gunawardena,Male,Mathematics,85.84,67.31,18,0
4995,Kasun Peiris,Male,Physics,85.84,66.45,18,0
1359,Christopher Mcguire,Female,Physics,85.84,64.83,20,0
4911,Sashini Gunawardena,Female,Computer Science,85.84,61.48,22,0
10741,Madhavi Ekanayake,Female,Physics,85.84,57.48,22,0
6445,Nimal Peiris,Male,Mathematics,85.83,70.16,16,0
10971,Ishani Abeysekera,Female,Mathematics,85.83,68.25,15,0
6520,Sanduni Fernando,Female,Mathematics,85.83,65.56,19,0
6922,Naveen Senanayake,Male,Computer Science,85.83,63.92,19,0
3782,Ishara Jayasinghe,Male,Mathematics,85.83,61.47,19,0
1736,Justin Burton,Male,Physics,85.82,72.42,23,0
9097,Chamara Abeysekera,Male,Computer Science,85.82,71.99,18,0
3204,Piumi Madushanka,Female,Computer Science,85.82,70.01,16,0
3847,Nimal Herath,Male,Computer Science,85.82,69.11,24,0
5951,Rashmi Madushanka,Female,Mathematics,85.81,74.1,21,0
3523,Tharindu Senanayake,Male,Computer Science,85.81,69.91,22,0
10531,Naveen Jayasinghe,Male,Mathematics,85.81,67.86,23,0
8356,Ayesh Rajapaksha,Male,Biology,85.81,65.6,24,0
6981,Dilini Herath,Female,Biology,85.81,63.79,19,0
6956,Hiruni Madushanka,Female,Mathematics,85.81,62.95,20,0
10987,Naveen Fernando,Male,Computer Science,85.81,61.4,19,0
6274,Naveen Herath,Male,Computer Science,85.81,59.34,22,0
7843,Chamara Herath,Male,Biology,85.81,59.25,20,0
1087,David Pearson,Male,Biology,85.8,70.87,20,0
4197,Dinithi Senanayake,Female,Mathematics,85.8,66.88,24,0
3318,Ishara Abeysekera,Male,Mathematics,85.8,64.67,23,0
2129,Nicole Martin,Male,Physics,85.8,64.52,24,0
8219,Supun Gunawardena,Male,Mathematics,85.8,60.53,16,0
8077,Amandi Ranatunga,Female,Biology,85.79,72.17,21,0
6585,Nadeesha Fernando,Female,Computer Science,85.79,68.51,22,0
6884,Hiruni Senanayake,Female,Mathematics,85.79,66.86,17,0
6658,Amal Senanayake,Male,Biology,85.79,66.71,20,0
4603,Dinithi Rajapaksha,Female,Physics,85.79,66.6,25,0
10029,Kasun Madushanka,Male,Biology,85.79,66.22,21,0
5421,Naveen Rajapaksha,Male,Mathematics,85.79,65.05,19,0
2053,Marissa Burns,Female,Physics,85.79,64.79,18,0
10372,Nimal Senanayake,Male,Biology,85.79,64.71,18,0
1868,Anne Lang,Female,Biology,85.79,64.32,16,0
3781,Sahan Perera,Male,Computer Science,85.79,63.65,20,0
9609,Sahan Jayasinghe,Male,Physics,85.78,72.92,21,0
6605,Hiruni Perera,Female,Mathematics,85.78,71.07,18,0
6574,Hiruni Gunawardena,Female,Computer Science,85.78,69.07,19,0
9914,Sachini Madushanka,Female,Computer Science,85.78,68.57,20,0
5292,Shehan Abeysekera,Male,Biology,85.78,64.07,20,0
7293,Ravindu Senanayake,Male,Physics,85.78,63.69,18,0
7077,Sashini Herath,Female,Computer Science,85.78,63.32,23,0
9469,Shehan Jayasinghe,Male,Physics,85.77,73.48,24,0
1063,Tiffany Richards,Male,Mathematics,85.77,72.28,21,0
8169,Nimal Abeysekera,Male,Physics,85.77,72.07,20,0
5661,Kasun Senanayake,Male,Mathematics,85.77,69.56,15,0
4469,Supun Fernando,Male,Computer Science,85.77,66.99,22,0
5781,Nimal Abeysekera,Male,Mathematics,85.77,64.45,22,0
1115,Joseph Stevens,Female,Physics,85.76,75.4,17,0
5970,Tharushi Silva,Female,Biology,85.76,72.57,21,0
2513,Nathan Garcia,Male,Physics,85.76,69.62,22,0
2605,Lisa Thompson,Female,Biology,85.76,69.55,19,0
3969,Naveen Peiris,Male,Mathematics,85.76,67.46,21,0
7542,Sachini Herath,Female,Biology,85.76,62.91,21,0
3126,Sachini Wijesinghe,Female,Mathematics,85.75,71.89,20,0
7955,Chamara Silva,Male,Biology,85.75,68.84,23,0
4777,Sahan Ranatunga,Male,Mathematics,85.75,67.69,18,0
5941,Sachini Fernando,Female,Mathematics,85.74,70.95,16,0
7904,Supun Dias,Male,Physics,85.74,68.55,18,0
9608,Ishara Rajapaksha,Male,Mathematics,85.74,67.7,21,0
4976,Nadeesha Senanayake,Female,Physics,85.74,66.8,21,0
3762,Ishara Fernando,Male,Biology,85.74,66.54,22,0
4621,Ayesh Dias,Male,Biology,85.74,64.92,19,0
4446,Rashmi Herath,Female,Biology,85.73,68.97,23,0
10758,Amal Rajapaksha,Male,Biology,85.73,67.59,20,0
3163,Naveen Jayasinghe,Male,Physics,85.73,66.11,20,0
4448,Amal Gunawardena,Male,Mathematics,85.73,65.82,17,0
4404,Dilan Rajapaksha,Male,Biology,85.73,62.86,18,0
8290,Tharindu Ranatunga,Male,Physics,85.72,73.36,21,0
6115,Naveen Herath,Male,Biology,85.72,68.12,25,0
8591,Tharindu Madushanka,Male,Computer Science,85.72,64.0,17,0
10631,Chamara Ranatunga,Male,Physics,85.72,63.3,24,0
6078,Amal Wijesinghe,Male,Physics,85.72,59.42,16,0
2568,Catherine Vaughn,Female,Computer Science,85.71,63.67,22,0
8793,Supun Ekanayake,Male,Biology,85.71,63.12,20,0
10862,Kavindi Senanayake,Female,Computer Science,85.71,61.64,21,0
9391,Rashmi Peiris,Female,Biology,85.7,66.45,21,0
2140,Brandon King,Male,Biology,85.7,64.81,20,0
6704,Amal Gunawardena,Male,Physics,85.7,64.08,19,0
2440,Cameron Pennington,Male,Biology,85.7,63.19,21,0
10591,Kavindi Rajapaksha,Female,Mathematics,85.7,62.61,20,0
2863,Melissa Harrell,Female,Mathematics,85.7,60.91,22,0
1939,David Ortiz,Female,Physics,85.69,73.45,27,0
8303,Dinithi Ranatunga,Female,Computer Science,85.69,72.83,19,0
3557,Kavindi Senanayake,Female,Biology,85.69,66.36,25,0
3915,Nethmi Dias,Female,Computer Science,85.69,63.96,21,0
10612,Hiruni Herath,Female,Mathematics,85.69,61.28,20,0
9541,Chamara Senanayake,Male,Mathematics,85.68,69.81,17,0
10437,Amandi Ekanayake,Female,Computer Science,85.68,69.7,20,0
4633,Nimal Rajapaksha,Male,Computer Science,85.68,68.91,24,0
4876,Madhavi Senanayake,Female,Mathematics,85.68,67.8,18,0
8718,Ravindu Senanayake,Male,Computer Science,85.68,67.43,21,0
1099,Karen Townsend,Female,Biology,85.68,66.62,18,0
3337,Kasun Herath,Male,Mathematics,85.68,65.87,21,0
1172,Julia Lopez,Male,Biology,85.68,64.27,18,0
7127,Hiruni Perera,Female,Biology,85.68,64.0,20,0
9088,Sahan Senanayake,Male,Computer Science,85.68,63.41,20,0
1503,Fernando Moreno,Male,Computer Science,85.68,60.2,21,0
3654,Dinithi Fernando,Female,Physics,85.68,58.78,24,0
4678,Supun Abeysekera,Male,Biology,85.67,72.69,22,0
8421,Kusal Ekanayake,Male,Computer Science,85.67,68.18,22,0
2960,Erica Williams,Female,Mathematics,85.67,67.55,22,0
6267,Nadeesha Perera,Female,Mathematics,85.67,66.71,18,0
10050,Dilan Ranatunga,Male,Computer Science,85.67,64.55,21,0
5582,Kasun Jayasinghe,Male,Mathematics,85.67,60.97,20,0
3980,Amal Ekanayake,Male,Computer Science,85.66,69.1,19,0
9635,Tharindu Silva,Male,Biology,85.66,67.57,21,0
4692,Nethmi Abeysekera,Female,Physics,85.66,63.37,22,0
8484,Sachini Abeysekera,Female,Biology,85.66,60.65,18,0
3120,Sanduni Rajapaksha,Female,Mathematics,85.66,58.2,18,0
8861,Nimal Fernando,Male,Physics,85.65,67.99,21,0
1957,Thomas Weaver,Male,Computer Science,85.65,63.96,23,0
7938,Ravindu Jayasinghe,Male,Physics,85.65,62.99,21,0
2085,Wayne Harris,Female,Mathematics,85.64,67.49,22,0
3365,Naveen Perera,Male,Physics,85.64,66.19,22,0
3373,Amal Herath,Male,Biology,85.64,65.9,21,0
7538,Sashini Senanayake,Female,Biology,85.64,62.33,22,0
2083,Walter Martin,Male,Mathematics,85.64,60.94,18,0
9436,Sachini Perera,Female,Biology,85.63,70.63,21,0
10249,Amal Herath,Male,Biology,85.63,69.59,21,0
8624,Ravindu Wijesinghe,Male,Biology,85.63,67.66,25,0
2961,Jacob Dean,Female,Biology,85.63,67.55,24,0
4098,Lahiru Ekanayake,Male,Physics,85.62,74.76,22,0
9147,Sahan Peiris,Male,Computer Science,85.62,71.12,19,0
7831,Kasun Madushanka,Male,Computer Science,85.62,67.05,22,0
10914,Nethmi Wijesinghe,Female,Mathematics,85.62,64.22,22,0
2996,Brandy Wade,Male,Biology,85.62,63.86,20,0
9672,Dilini Herath,Female,Biology,85.62,59.19,23,0
10560,Lahiru Gunawardena,Male,Biology,85.61,69.24,19,0
3805,Amandi Ranatunga,Female,Biology,85.61,68.56,18,0
1769,Charlene Singh,Female,Physics,85.61,67.57,16,0
4504,Shehan Silva,Male,Mathematics,85.6,73.51,21,0
3034,Supun Perera,Male,Physics,85.6,69.76,20,0
9859,Kusal Peiris,Male,Physics,85.6,68.41,21,0
8941,Amal Wijesinghe,Male,Physics,85.6,68.08,23,0
5884,Ravindu Senanayake,Male,Physics,85.6,67.19,23,0
1401,Brandi Clarke,Male,Physics,85.6,63.28,23,0
10873,Madhavi Madushanka,Female,Computer Science,85.6,62.19,20,0
3400,Piumi Madushanka,Female,Mathematics,85.6,62.0,22,0
9757,Shehan Ranatunga,Male,Computer Science,85.59,68.15,24,0
3114,Piumi Ranatunga,Female,Computer Science,85.59,67.11,21,0
7974,Kasun Silva,Male,Mathematics,85.59,66.13,16,0
5674,Shehan Perera,Male,Physics,85.59,64.94,20,0
5527,Tharindu Rajapaksha,Male,Physics,85.59,62.94,23,0
2145,Joseph Swanson,Female,Physics,85.58,73.28,17,0
6524,Dinithi Fernando,Female,Physics,85.58,67.78,21,0
9227,Madhavi Ekanayake,Female,Computer Science,85.58,65.93,24,0
4957,Kasun Jayasinghe,Male,Computer Science,85.58,65.41,23,0
2465,Debra Adams,Female,Biology,85.58,63.04,21,0
2557,Jenna Walker,Male,Biology,85.57,74.15,23,0
9689,Lahiru Peiris,Male,Mathematics,85.57,63.87,18,0
2307,Steve Harris,Female,Computer Science,85.57,63.69,17,0
3575,Nethmi Perera,Female,Biology,85.57,62.68,23,0
8607,Ravindu Rajapaksha,Male,Computer Science,85.56,69.9,21,0
1924,Eric Wells,Female,Physics,85.56,69.34,16,0
5912,Nethmi Ekanayake,Female,Biology,85.56,68.14,20,0
2261,Robert Owens,Male,Computer Science,85.56,66.99,20,0
2895,Alyssa Davenport,Male,Computer Science,85.56,63.57,20,0
2418,Jeffrey Buckley,Male,Mathematics,85.55,69.81,20,0
1909,Monica Wilson,Female,Physics,85.55,65.56,24,0
5094,Ayesh Rajapaksha,Male,Mathematics,85.55,61.82,20,0
6155,Dinithi Rajapaksha,Female,Physics,85.55,59.59,19,0
10997,Sahan Jayasinghe,Male,Computer Science,85.54,74.15,26,0
1234,Stacie Fox,Male,Computer Science,85.54,73.54,21,0
2069,Jason Abbott,Female,Physics,85.54,67.59,21,0
10016,Tharindu Peiris,Male,Biology,85.53,71.02,18,0
10074,Nimal Madushanka,Male,Physics,85.53,66.4,17,0
7700,Dilini Ranatunga,Female,Mathematics,85.53,65.28,19,0
8059,Rashmi Gunawardena,Female,Biology,85.52,70.34,20,0
1056,Meghan Johnson,Male,Physics,85.52,68.81,21,0
5174,Nethmi Gunawardena,Female,Physics,85.52,67.54,15,0
8157,Kavindi Abeysekera,Female,Mathematics,85.52,67.24,19,0
4014,Sahan Ekanayake,Male,Computer Science,85.52,66.09,23,0
5897,Ayesh Herath,Male,Biology,85.52,66.04,21,0
3494,Sachini Perera,Female,Computer Science,85.52,64.19,22,0
1504,Thomas Hayden,Female,Computer Science,85.52,62.3,21,0
1931,Stephanie Miller,Female,Physics,85.51,72.04,19,0
4825,Supun Rajapaksha,Male,Computer Science,85.51,64.44,20,0
2159,Robert Patton,Female,Mathematics,85.51,63.23,20,0
8557,Hiruni Gunawardena,Female,Computer Science,85.51,62.92,25,0
4806,Hiruni Dias,Female,Biology,85.51,57.34,19,0
7205,Sachini Wijesinghe,Female,Biology,85.5,71.37,22,0
10194,Chamara Senanayake,Male,Physics,85.5,66.13,19,0
2178,Natalie Williams,Female,Mathematics,85.5,65.68,21,0
2709,Paul Torres,Female,Physics,85.5,62.88,22,0
2868,Tiffany Hughes,Female,Computer Science,85.49,70.75,21,0
6890,Ishara Gunawardena,Male,Computer Science,85.49,70.0,17,0
5629,Ravindu Senanayake,Male,Mathematics,85.49,69.79,18,0
5507,Ishani Fernando,Female,Physics,85.49,68.11,16,0
4898,Dilan Rajapaksha,Male,Physics,85.49,66.65,20,0
9564,Naveen Ekanayake,Male,Biology,85.49,63.95,22,0
5004,Shehan Abeysekera,Male,Biology,85.49,61.17,19,0
1866,Shannon Powell,Female,Computer Science,85.48,74.58,21,0
2384,James Brown,Female,Mathematics,85.48,74.39,22,0
8919,Nethmi Fernando,Female,Computer Science,85.48,72.97,20,0
2262,Laura Yoder,Male,Computer Science,85.48,67.94,22,0
4512,Hiruni Herath,Female,Mathematics,85.48,67.29,20,0
5489,Dilini Rajapaksha,Female,Physics,85.47,72.7,23,0
3186,Sashini Dias,Female,Computer Science,85.47,67.27,24,0
10977,Sanduni Wijesinghe,Female,Mathematics,85.47,66.32,16,0
4609,Ishani Silva,Female,Physics,85.47,66.19,16,0
10106,Ishani Gunawardena,Female,Mathematics,85.47,61.32,16,0
5392,Lahiru Dias,Male,Computer Science,85.47,61.32,18,0
5552,Sachini Herath,Female,Biology,85.46,69.57,20,0
6949,Ishara Madushanka,Male,Biology,85.46,66.52,21,0
5589,Sanduni Herath,Female,Mathematics,85.46,65.09,20,0
10529,Amal Herath,Male,Physics,85.46,60.33,20,0
7454,Amal Peiris,Male,Computer Science,85.45,71.97,21,0
5452,Dinithi Ekanayake,Female,Physics,85.45,70.86,19,0
4532,Ishani Rajapaksha,Female,Mathematics,85.45,70.06,20,0
9294,Dinithi Ranatunga,Female,Physics,85.45,66.35,23,0
6219,Amandi Fernando,Female,Physics,85.45,66.12,23,0
7307,Kasun Silva,Male,Biology,85.45,65.24,24,0
9145,Kasun Herath,Male,Biology,85.45,64.2,23,0
1085,Rebecca Davis,Female,Physics,85.45,64.09,20,0
8342,Chamara Fernando,Male,Computer Science,85.45,63.94,20,0
6328,Shehan Gunawardena,Male,Biology,85.44,77.95,24,0
10894,Kasun Madushanka,Male,Biology,85.44,66.56,22,0
5985,Madhavi Senanayake,Female,Computer Science,85.44,64.23,26,0
7603,Lahiru Ranatunga,Male,Physics,85.44,64.14,19,0
3123,Kusal Fernando,Male,Physics,85.44,63.96,22,0
1248,Anthony Keller,Female,Mathematics,85.44,61.7,17,0
7286,Dilan Perera,Male,Mathematics,85.43,71.71,19,0
2256,Douglas Bass,Female,Computer Science,85.43,69.78,21,0
3836,Nadeesha Fernando,Female,Biology,85.43,64.73,20,0
9071,Tharushi Jayasinghe,Female,Biology,85.43,63.54,22,0
10032,Ishara Abeysekera,Male,Mathematics,85.43,60.51,24,0
6132,Supun Senanayake,Male,Mathematics,85.42,63.47,20,0
9718,Nethmi Ekanayake,Female,,85.42,63.01,24,0
7892,Dilan Peiris,Male,Computer Science,85.41,70.81,26,0
3174,Ishani Dias,Female,Biology,85.41,70.64,21,0
10455,Dilini Silva,Female,Mathematics,85.41,70.06,18,0
9031,Dinithi Fernando,Female,Mathematics,85.41,66.8,24,0
8383,Ayesh Herath,Male,Biology,85.41,64.26,23,0
9949,Nethmi Madushanka,Female,Biology,85.41,62.08,23,0
1243,Alexandria Bailey,Female,Biology,85.4,69.04,22,0
8089,Tharindu Ekanayake,Male,Computer Science,85.4,68.73,24,0
1739,Justin Harris,Male,Computer Science,85.4,65.2,22,0
2387,Scott Green,Male,Biology,85.4,64.67,17,0
7714,Sanduni Dias,Female,Biology,85.39,71.59,25,0
2144,James Jordan,Male,Computer Science,85.39,69.13,19,0
5438,Dilan Peiris,Male,Biology,85.39,63.97,23,0
9683,Nimal Fernando,Male,Computer Science,85.39,62.73,21,0
9650,Lahiru Perera,Male,Computer Science,85.39,62.24,23,0
4037,Lahiru Madushanka,Male,Computer Science,85.38,70.61,21,0
9639,Ayesh Gunawardena,Male,Physics,85.38,70.24,19,0
6053,Amandi Peiris,Female,Computer Science,85.38,69.69,18,0
8751,Sachini Abeysekera,Female,Physics,85.38,69.22,20,0
9785,Ishani Fernando,Female,Mathematics,85.38,66.49,18,0
5352,Lahiru Gunawardena,Male,Physics,85.38,66.01,20,0
1489,Barbara Richard,Male,Biology,85.38,65.95,21,0
1081,James Butler,Male,Computer Science,85.38,61.72,18,0
2892,Kevin Jones,Male,Computer Science,85.37,67.91,21,0
6402,Sashini Jayasinghe,Female,Physics,85.37,66.69,19,0
1010,Keith Reyes,Male,Computer Science,85.37,66.4,18,0
8868,Shehan Ekanayake,Male,Physics,85.37,58.88,21,0
9627,Lahiru Madushanka,Male,Computer Science,85.37,58.74,22,0
6338,Kasun Fernando,Male,Biology,85.36,72.01,21,0
2385,Nicole Evans,Female,Physics,85.36,71.17,22,0
1098,Tamara Wolfe,Female,Mathematics,85.36,65.57,21,0
8668,Amandi Fernando,Female,Biology,85.36,64.09,19,0
10826,Dilan Senanayake,Male,Physics,85.36,60.38,24,0
6751,Tharushi Perera,Female,Biology,85.36,58.09,20,0
10174,Sahan Ranatunga,Male,Biology,85.35,69.35,25,0
9005,Dinithi Fernando,Female,Physics,85.35,61.07,20,0
1209,Michelle Williams,Male,Mathematics,85.35,56.24,23,0
4425,Naveen Perera,Male,Physics,85.34,70.41,21,0
1735,Isaac Lawrence,Male,Mathematics,85.34,69.06,20,0
6831,Amandi Silva,Female,Physics,85.34,67.31,23,0
9442,Dilan Rajapaksha,Male,Mathematics,85.34,66.96,19,0
6313,Ayesh Gunawardena,Male,Physics,85.34,65.17,21,0
3498,Amandi Gunawardena,Female,Mathematics,85.34,65.16,21,0
2672,Jonathan Hale,Female,Computer Science,85.34,64.23,21,0
6430,Ishara Dias,Male,Physics,85.34,64.12,17,0
2371,Barbara Lyons,Male,Biology,85.34,63.32,18,0
3283,Amal Silva,Male,Physics,85.33,66.86,20,0
7225,Hiruni Perera,Female,Mathematics,85.33,66.84,20,0
10850,Ishani Silva,Female,Mathematics,85.33,65.77,19,0
3390,Amal Dias,Male,Mathematics,85.33,58.14,19,0
7787,Dinithi Senanayake,Female,Computer Science,85.32,73.54,19,0
2234,Laura Gordon,Male,Physics,85.32,66.93,21,0
2094,Briana Buchanan,Female,Mathematics,85.32,65.47,17,0
10358,Nadeesha Gunawardena,Female,Computer Science,85.32,61.57,22,0
8721,Dinithi Ekanayake,Female,Biology,85.31,67.2,19,0
1592,Alexis Foster,Male,Computer Science,85.3,68.09,21,0
8748,Dinithi Peiris,Female,Mathematics,85.29,67.36,15,0
7041,Lahiru Wijesinghe,Male,Computer Science,85.29,66.04,24,0
8357,Nimal Rajapaksha,Male,Mathematics,85.29,64.96,21,0
4910,Kusal Gunawardena,Male,Mathematics,85.29,64.57,16,0
10734,Naveen Peiris,Male,Physics,85.29,64.04,19,0
10127,Nimal Madushanka,Male,Mathematics,85.29,62.59,17,0
7039,Hiruni Peiris,Female,Biology,85.28,72.64,20,0
4195,Amandi Silva,Female,Mathematics,85.28,69.73,21,0
7267,Amandi Silva,Female,Physics,85.28,67.97,22,0
5087,Ishani Herath,Female,Biology,85.28,67.28,26,0
9844,Rashmi Gunawardena,Female,Biology,85.28,63.51,25,0
8924,Sachini Abeysekera,Female,Computer Science,85.28,61.92,19,0
6533,Lahiru Fernando,Male,Physics,85.27,71.02,20,0
9416,Tharushi Rajapaksha,Female,Physics,85.27,70.15,23,0
7422,Tharindu Silva,Male,Mathematics,85.27,67.26,17,0
9156,Kusal Silva,Male,Biology,85.27,64.87,20,0
8932,Ishani Jayasinghe,Female,Mathematics,85.27,63.8,19,0
8204,Madhavi Madushanka,Female,Physics,85.27,63.57,23,0
8907,Nethmi Abeysekera,Female,Physics,85.27,62.19,18,0
8933,Supun Dias,Male,Biology,85.27,61.77,20,0
8137,Dilan Fernando,Male,Computer Science,85.27,60.72,24,0
10892,Nimal Gunawardena,Male,Physics,85.26,70.23,20,0
9540,Ravindu Madushanka,Male,Biology,85.26,69.23,20,0
6590,Tharindu Gunawardena,Male,Physics,85.26,68.56,22,0
8664,Ishara Peiris,Male,Mathematics,85.26,66.45,19,0
2970,Thomas Foster,Female,Biology,85.26,63.05,21,0
7218,Madhavi Wijesinghe,Female,Physics,85.26,62.2,22,0
10366,Naveen Ekanayake,Male,Physics,85.26,61.97,19,0
3689,Sashini Dias,Female,Physics,85.26,61.47,22,0
4574,Kasun Abeysekera,Male,Biology,85.26,57.84,22,0
10427,Madhavi Peiris,Female,Mathematics,85.25,72.96,26,0
4744,Nethmi Fernando,Female,Computer Science,85.25,68.18,25,0
5119,Ayesh Silva,Male,Biology,85.25,65.06,19,0
8545,Amandi Herath,Female,Biology,85.25,64.09,20,0
5712,Sachini Wijesinghe,Female,Computer Science,85.24,69.47,18,0
2613,Jimmy Rodriguez,Female,Biology,85.24,65.09,20,0
7294,Sashini Rajapaksha,Female,Mathematics,85.24,64.17,19,0
10736,Tharindu Wijesinghe,Male,Mathematics,85.24,63.22,17,0
4131,Piumi Fernando,Female,Mathematics,85.24,62.42,19,0
9529,Nadeesha Dias,Female,Computer Science,85.24,61.61,22,0
5611,Amandi Silva,Female,Physics,85.23,69.58,17,0
3931,Tharushi Perera,Female,Biology,85.23,65.27,25,0
7980,Ishara Rajapaksha,Male,Computer Science,85.23,61.33,18,0
5339,Supun Senanayake,Male,Biology,85.22,72.07,17,0
2645,Corey Morgan,Male,Mathematics,85.22,66.29,17,0
9030,Naveen Madushanka,Male,Computer Science,85.22,65.11,27,0
1783,Calvin Clark,Male,Physics,85.22,64.24,22,0
5028,Nadeesha Rajapaksha,Female,Computer Science,85.21,75.46,19,0
1386,Walter Crawford,Male,Physics,85.21,61.86,25,0
9922,Kusal Senanayake,Male,Computer Science,85.2,75.84,17,0
4566,Kavindi Rajapaksha,Female,Computer Science,85.2,68.37,20,0
4721,Chamara Jayasinghe,Male,Physics,85.2,67.88,20,0
5075,Shehan Dias,Male,Computer Science,85.2,67.02,17,0
1767,Natalie Acosta,Female,Biology,85.2,66.99,17,0
2609,Ann Green,Female,Mathematics,85.2,66.43,19,0
6113,Shehan Jayasinghe,Male,Biology,85.2,63.72,21,0
6385,Ravindu Silva,Male,Physics,85.19,69.74,19,0
4118,Chamara Abeysekera,Male,Biology,85.19,66.26,21,0
2183,Kim Hurst,Female,Mathematics,85.19,63.23,19,0
10811,Hiruni Fernando,Female,Computer Science,85.18,72.93,24,0
6887,Dilini Senanayake,Female,Physics,85.18,71.56,20,0
10007,Dilini Perera,Female,Biology,85.18,68.76,19,0
4774,Amandi Herath,Female,Mathematics,85.18,66.66,19,0
9198,Ravindu Fernando,Male,Physics,85.18,65.6,20,0
1986,Robert Smith,Male,Physics,85.18,65.41,23,0
8039,Kasun Silva,Male,Mathematics,85.18,63.74,17,0
4993,Dilan Fernando,Male,Physics,85.18,63.43,24,0
1638,Sheryl Jones,Male,Computer Science,85.18,62.25,19,0
9753,Tharindu Ekanayake,Male,Biology,85.17,63.86,21,0
9668,Shehan Abeysekera,Male,Computer Science,85.17,62.9,21,0
5762,Hiruni Rajapaksha,Female,Biology,85.17,62.61,18,0
3495,Kavindi Abeysekera,Female,Computer Science,85.16,69.45,19,0
1715,Amanda Kemp,Male,Physics,85.16,65.87,19,0
4317,Kusal Madushanka,Male,Mathematics,85.16,62.86,16,0
10222,Ishara Gunawardena,Male,Mathematics,85.15,72.61,18,0
6184,Ravindu Fernando,Male,Mathematics,85.15,71.95,21,0
8705,Ravindu Rajapaksha,Male,Biology,85.15,69.58,21,0
2486,Douglas Wallace,Female,Computer Science,85.15,65.48,26,0
2277,Sharon Clark,Male,Physics,85.15,62.33,22,0
10102,Lahiru Ranatunga,Male,Computer Science,85.14,68.98,20,0
4379,Ayesh Perera,Male,Mathematics,85.14,67.94,18,0
4514,Kasun Ekanayake,Male,Biology,85.14,67.16,20,0
7512,Tharindu Madushanka,Male,Computer Science,85.14,67.03,18,0
7826,Naveen Jayasinghe,Male,Biology,85.14,65.81,22,0
1894,Elizabeth Clark,Male,Physics,85.14,65.31,25,0
5992,Kasun Ekanayake,Male,Biology,85.14,64.2,20,0
6940,Lahiru Jayasinghe,Male,Biology,85.14,62.65,16,0
10833,Dilini Dias,Female,Physics,85.14,60.91,21,0
8008,Supun Wijesinghe,Male,Computer Science,85.13,72.31,22,0
7394,Dinithi Ranatunga,Female,Computer Science,85.13,71.28,18,0
9770,Dilan Abeysekera,Male,Mathematics,85.13,66.52,20,0
6576,Supun Jayasinghe,Male,Biology,85.13,65.66,22,0
6419,Tharindu Senanayake,Male,Biology,85.13,64.8,18,0
3757,Kavindi Silva,Female,Physics,85.13,61.79,19,0
4697,Rashmi Gunawardena,Female,Biology,85.12,71.11,21,0
5982,Ayesh Madushanka,Male,Mathematics,85.12,64.97,18,0
5601,Supun Dias,Male,Computer Science,85.11,67.16,18,0
4523,Ishani Senanayake,Female,Mathematics,85.11,65.85,17,0
10302,Kasun Abeysekera,Male,Biology,85.11,64.62,23,0
9069,Tharindu Fernando,Male,Computer Science,85.11,64.51,20,0
6679,Supun Ekanayake,Male,Physics,85.11,64.46,21,0
8802,Ravindu Fernando,Male,Mathematics,85.11,64.12,21,0
10755,Lahiru Wijesinghe,Male,Computer Science,85.11,61.98,21,0
3213,Piumi Jayasinghe,Female,Physics,85.11,61.3,21,0
10280,Kavindi Senanayake,Female,Biology,85.1,65.61,17,0
9337,Hiruni Senanayake,Female,Mathematics,85.1,63.65,22,0
1410,Margaret Franklin,Female,Mathematics,85.09,73.03,20,0
5854,Nethmi Senanayake,Female,Computer Science,85.09,68.6,21,0
2928,Brittany Gross,Female,Physics,85.09,68.49,19,0
2918,Keith Payne,Female,Biology,85.09,66.39,20,0
10237,Chamara Dias,Male,Computer Science,85.09,65.89,22,0
5728,Nethmi Ekanayake,Female,Mathematics,85.09,62.65,23,0
6120,Nimal Silva,Male,Biology,85.09,61.77,21,0
4312,Nimal Dias,Male,Computer Science,85.08,64.96,24,0
8011,Tharushi Rajapaksha,Female,Physics,85.08,64.02,21,0
4797,Piumi Herath,Female,Computer Science,85.08,58.05,21,0
5012,Sahan Rajapaksha,Male,Computer Science,85.07,73.14,21,0
3657,Ishani Ranatunga,Female,Mathematics,85.07,72.92,17,0
1830,Cindy Payne,Male,Mathematics,85.07,71.97,21,0
7581,Lahiru Fernando,Male,Physics,85.07,70.9,21,0
2784,Alicia Garcia,Male,Biology,85.07,69.83,22,0
2659,Jane Cole,Male,Computer Science,85.07,66.8,21,0
9721,Tharindu Peiris,Male,Physics,85.07,65.74,19,0
6895,Sanduni Ranatunga,Female,Computer Science,85.07,63.92,24,0
6931,Tharindu Dias,Male,Computer Science,85.07,62.45,23,0
10639,Nadeesha Senanayake,Female,Mathematics,85.06,66.42,21,0
10292,Shehan Dias,Male,Mathematics,85.06,64.62,20,0
5064,Amandi Perera,Female,Biology,85.06,62.61,25,0
6437,Rashmi Ranatunga,Female,Biology,85.05,68.67,22,0
8597,Madhavi Dias,Female,Physics,85.05,65.7,16,0
1114,Jessica Cohen,Female,Biology,85.04,70.04,24,0
9534,Dilan Perera,Male,Computer Science,85.04,65.26,22,0
1442,Kimberly Woodward,Male,Computer Science,85.04,61.93,25,0
6191,Naveen Ekanayake,Male,Biology,85.04,60.42,20,0
6632,Nethmi Gunawardena,Female,Computer Science,85.03,72.61,16,0
7537,Kavindi Perera,Female,Biology,85.03,67.26,21,0
7377,Naveen Jayasinghe,Male,Biology,85.03,64.2,25,0
2743,Johnny Hanson,Female,Mathematics,85.02,70.15,23,0
7621,Rashmi Ekanayake,Female,Physics,85.02,69.81,24,0
2271,David Bryant,Male,Computer Science,85.02,69.27,18,0
1148,Donna Mccoy,Female,Biology,85.02,67.05,18,0
1377,Samantha Jenkins,Female,Mathematics,85.02,66.54,21,0
2673,Elizabeth Huffman,Female,Biology,85.02,64.23,21,0
10919,Nimal Madushanka,Male,Physics,85.02,63.86,22,0
9205,Sahan Fernando,Male,Mathematics,85.01,70.6,21,0
9163,Amandi Perera,Female,Physics,85.01,63.4,22,0
6187,Nethmi Ranatunga,Female,Biology,85.0,69.54,20,0
6167,Amandi Peiris,Female,Physics,85.0,69.31,21,0
5966,Piumi Silva,Female,Physics,85.0,69.09,19,0
9397,Amal Dias,Male,Biology,85.0,68.59,18,0
2135,Timothy Paul,Male,Mathematics,85.0,68.16,24,0
4287,Tharindu Perera,Male,Physics,85.0,66.25,19,0
9736,Sahan Abeysekera,Male,Biology,85.0,60.52,20,0
