AttendanceID,StudentID,CourseID,Date,AttendanceStatus,Date_Year,Date_Month,Date_Day,Date_DayOfWeek
1,1086,COURSE6,2022-06-07,Absent,2022,6,7,1
2,1197,COURSE32,2024-03-07,Present,2024,3,7,3
3,1320,COURSE29,2020-11-10,Present,2020,11,10,1
4,1327,COURSE32,2024-01-15,Present,2024,1,15,0
5,1055,COURSE42,2024-07-15,Present,2024,7,15,0
6,1262,COURSE19,2021-12-25,Present,2021,12,25,5
7,1084,COURSE14,2022-09-26,Absent,2022,9,26,0
8,1228,COURSE22,2023-12-17,Present,2023,12,17,6
9,1115,COURSE39,2024-12-03,Present,2024,12,3,1
10,1358,COURSE25,2021-03-14,Absent,2021,3,14,6
11,1449,COURSE17,2021-03-31,Present,2021,3,31,2
12,1500,COURSE7,2021-02-26,Absent,2021,2,26,4
13,1179,COURSE19,2022-09-23,Present,2022,9,23,4
14,1411,COURSE14,2023-05-01,Absent,2023,5,1,0
15,1016,COURSE44,2024-01-21,Present,2024,1,21,6
16,1341,COURSE24,2023-05-26,Absent,2023,5,26,4
17,1140,COURSE34,2020-12-23,Present,2020,12,23,2
18,1056,COURSE50,2023-12-05,Present,2023,12,5,1
19,1065,COURSE18,2022-08-12,Absent,2022,8,12,4
20,1412,COURSE15,2021-08-10,Present,2021,8,10,1
21,1437,COURSE13,2020-04-03,Present,2020,4,3,4
22,1087,COURSE8,2020-03-16,Present,2020,3,16,0
23,1023,COURSE36,2020-11-07,Present,2020,11,7,5
24,1160,COURSE46,2021-01-23,Absent,2021,1,23,5
25,1176,COURSE20,2022-06-26,Absent,2022,6,26,6
26,1369,COURSE46,2024-06-25,Absent,2024,6,25,1
27,1378,COURSE47,2021-05-26,Present,2021,5,26,2
28,1054,COURSE6,2020-06-15,Absent,2020,6,15,0
29,1304,COURSE47,2022-08-12,Present,2022,8,12,4
30,1493,COURSE40,2021-10-01,Absent,2021,10,1,4
31,1242,COURSE46,2023-08-27,Present,2023,8,27,6
32,1380,COURSE17,2021-09-07,Absent,2021,9,7,1
33,1321,COURSE43,2022-04-28,Present,2022,4,28,3
34,1078,COURSE31,2021-12-29,Absent,2021,12,29,2
35,1131,COURSE11,2022-08-29,Absent,2022,8,29,0
36,1166,COURSE21,2023-09-02,Present,2023,9,2,5
37,1468,COURSE37,2024-11-30,Present,2024,11,30,5
38,1005,COURSE39,2020-09-10,Present,2020,9,10,3
39,1244,COURSE41,2021-06-12,Present,2021,6,12,5
40,1173,COURSE9,2021-07-06,Absent,2021,7,6,1
41,1477,COURSE3,2022-01-10,Absent,2022,1,10,0
42,1459,COURSE5,2022-09-30,Present,2022,9,30,4
43,1246,COURSE6,2020-12-09,Absent,2020,12,9,2
44,1250,COURSE34,2022-10-21,Present,2022,10,21,4
45,1096,COURSE36,2023-05-15,Absent,2023,5,15,0
46,1237,COURSE11,2020-03-15,Absent,2020,3,15,6
47,1392,COURSE40,2021-06-04,Absent,2021,6,4,4
48,1090,COURSE14,2023-11-22,Present,2023,11,22,2
49,1302,COURSE23,2024-08-14,Absent,2024,8,14,2
50,1239,COURSE47,2022-05-18,Present,2022,5,18,2
51,1439,COURSE43,2021-03-06,Present,2021,3,6,5
52,1433,COURSE27,2020-06-25,Present,2020,6,25,3
53,1222,COURSE20,2024-09-05,Absent,2024,9,5,3
54,1031,COURSE31,2020-05-05,Absent,2020,5,5,1
55,1465,COURSE30,2024-08-13,Absent,2024,8,13,1
56,1033,COURSE34,2021-11-11,Present,2021,11,11,3
57,1189,COURSE9,2023-09-15,Present,2023,9,15,4
58,1008,COURSE16,2023-05-16,Present,2023,5,16,1
59,1384,COURSE2,2023-09-18,Absent,2023,9,18,0
60,1320,COURSE7,2024-07-12,Absent,2024,7,12,4
61,1407,COURSE22,2021-11-09,Absent,2021,11,9,1
62,1177,COURSE12,2024-04-22,Present,2024,4,22,0
63,1173,COURSE27,2023-10-13,Present,2023,10,13,4
64,1104,COURSE49,2021-06-22,Present,2021,6,22,1
65,1197,COURSE20,2021-08-11,Present,2021,8,11,2
66,1321,COURSE9,2024-10-19,Present,2024,10,19,5
67,1298,COURSE29,2021-05-21,Present,2021,5,21,4
68,1127,COURSE28,2021-10-16,Absent,2021,10,16,5
69,1125,COURSE31,2020-05-03,Present,2020,5,3,6
70,1369,COURSE27,2021-04-29,Absent,2021,4,29,3
71,1193,COURSE20,2022-02-16,Present,2022,2,16,2
72,1030,COURSE40,2021-02-26,Present,2021,2,26,4
73,1359,COURSE4,2023-07-25,Absent,2023,7,25,1
74,1135,COURSE4,2021-05-08,Absent,2021,5,8,5
75,1229,COURSE11,2022-11-19,Present,2022,11,19,5
76,1496,COURSE22,2022-03-31,Absent,2022,3,31,3
77,1069,COURSE12,2020-02-21,Absent,2020,2,21,4
78,1054,COURSE3,2020-12-29,Present,2020,12,29,1
79,1200,COURSE4,2022-01-29,Absent,2022,1,29,5
80,1147,COURSE33,2022-08-01,Absent,2022,8,1,0
81,1071,COURSE2,2023-05-02,Absent,2023,5,2,1
82,1013,COURSE22,2020-09-10,Present,2020,9,10,3
83,1180,COURSE26,2023-06-28,Present,2023,6,28,2
84,1418,COURSE23,2023-04-14,Absent,2023,4,14,4
85,1394,COURSE1,2020-04-15,Absent,2020,4,15,2
86,1169,COURSE15,2023-05-16,Absent,2023,5,16,1
87,1009,COURSE44,2020-04-11,Absent,2020,4,11,5
88,1083,COURSE26,2021-05-19,Present,2021,5,19,2
89,1334,COURSE29,2020-04-25,Absent,2020,4,25,5
90,1119,COURSE42,2021-01-27,Absent,2021,1,27,2
91,1418,COURSE25,2023-07-23,Absent,2023,7,23,6
92,1098,COURSE45,2020-12-29,Absent,2020,12,29,1
93,1430,COURSE24,2020-03-23,Absent,2020,3,23,0
94,1252,COURSE7,2024-11-29,Present,2024,11,29,4
95,1462,COURSE40,2024-04-02,Absent,2024,4,2,1
96,1044,COURSE40,2020-12-20,Absent,2020,12,20,6
97,1086,COURSE38,2023-04-16,Present,2023,4,16,6
98,1436,COURSE29,2023-08-08,Absent,2023,8,8,1
99,1380,COURSE44,2022-02-25,Present,2022,2,25,4
100,1252,COURSE49,2020-04-17,Absent,2020,4,17,4
101,1111,COURSE2,2021-08-25,Present,2021,8,25,2
102,1478,COURSE17,2023-04-24,Present,2023,4,24,0
103,1191,COURSE46,2022-07-05,Absent,2022,7,5,1
104,1415,COURSE46,2021-12-03,Absent,2021,12,3,4
105,1445,COURSE19,2023-01-05,Present,2023,1,5,3
106,1005,COURSE24,2021-05-21,Absent,2021,5,21,4
107,1392,COURSE4,2020-06-17,Absent,2020,6,17,2
108,1403,COURSE36,2022-12-25,Present,2022,12,25,6
109,1301,COURSE37,2022-02-17,Present,2022,2,17,3
110,1106,COURSE18,2024-03-17,Absent,2024,3,17,6
111,1313,COURSE43,2021-01-24,Present,2021,1,24,6
112,1246,COURSE49,2020-10-08,Present,2020,10,8,3
113,1252,COURSE10,2022-08-07,Absent,2022,8,7,6
114,1303,COURSE49,2022-08-02,Present,2022,8,2,1
115,1306,COURSE46,2024-12-08,Absent,2024,12,8,6
116,1065,COURSE45,2021-12-06,Absent,2021,12,6,0
117,1274,COURSE15,2024-01-27,Absent,2024,1,27,5
118,1187,COURSE43,2023-07-31,Present,2023,7,31,0
119,1158,COURSE19,2022-06-25,Present,2022,6,25,5
120,1304,COURSE7,2020-08-23,Present,2020,8,23,6
121,1317,COURSE18,2021-10-18,Present,2021,10,18,0
122,1472,COURSE45,2020-10-18,Present,2020,10,18,6
123,1166,COURSE7,2021-04-12,Absent,2021,4,12,0
124,1214,COURSE44,2023-04-10,Absent,2023,4,10,0
125,1380,COURSE13,2024-05-14,Present,2024,5,14,1
126,1179,COURSE22,2022-06-11,Absent,2022,6,11,5
127,1426,COURSE1,2021-07-22,Absent,2021,7,22,3
128,1354,COURSE15,2023-04-04,Absent,2023,4,4,1
129,1186,COURSE46,2020-04-27,Present,2020,4,27,0
130,1306,COURSE43,2020-10-29,Present,2020,10,29,3
131,1184,COURSE20,2021-11-09,Present,2021,11,9,1
132,1217,COURSE12,2023-07-22,Present,2023,7,22,5
133,1426,COURSE50,2021-04-30,Absent,2021,4,30,4
134,1214,COURSE3,2020-10-21,Present,2020,10,21,2
135,1270,COURSE8,2020-12-31,Absent,2020,12,31,3
136,1440,COURSE42,2022-11-12,Present,2022,11,12,5
137,1122,COURSE37,2022-06-03,Absent,2022,6,3,4
138,1202,COURSE26,2021-10-22,Present,2021,10,22,4
139,1438,COURSE11,2022-07-29,Present,2022,7,29,4
140,1441,COURSE38,2024-11-12,Present,2024,11,12,1
141,1348,COURSE7,2023-11-10,Present,2023,11,10,4
142,1112,COURSE49,2020-10-08,Present,2020,10,8,3
143,1199,COURSE19,2020-02-18,Absent,2020,2,18,1
144,1447,COURSE16,2024-04-20,Present,2024,4,20,5
145,1073,COURSE36,2024-09-14,Present,2024,9,14,5
146,1290,COURSE19,2020-02-11,Absent,2020,2,11,1
147,1066,COURSE5,2022-06-09,Present,2022,6,9,3
148,1404,COURSE2,2021-12-14,Present,2021,12,14,1
149,1342,COURSE24,2022-03-19,Present,2022,3,19,5
150,1357,COURSE29,2022-11-23,Absent,2022,11,23,2
151,1427,COURSE37,2020-06-22,Absent,2020,6,22,0
152,1445,COURSE15,2023-08-04,Present,2023,8,4,4
153,1337,COURSE42,2022-01-17,Absent,2022,1,17,0
154,1071,COURSE8,2022-12-25,Absent,2022,12,25,6
155,1270,COURSE43,2024-06-24,Present,2024,6,24,0
156,1064,COURSE23,2020-06-13,Absent,2020,6,13,5
157,1318,COURSE22,2024-08-13,Present,2024,8,13,1
158,1454,COURSE17,2024-02-03,Absent,2024,2,3,5
159,1260,COURSE13,2021-04-22,Absent,2021,4,22,3
160,1192,COURSE32,2023-02-03,Absent,2023,2,3,4
161,1002,COURSE46,2022-07-07,Present,2022,7,7,3
162,1198,COURSE16,2022-09-24,Present,2022,9,24,5
163,1194,COURSE17,2022-06-03,Absent,2022,6,3,4
164,1346,COURSE5,2021-10-08,Absent,2021,10,8,4
165,1347,COURSE5,2022-05-17,Absent,2022,5,17,1
166,1444,COURSE13,2020-12-14,Present,2020,12,14,0
167,1419,COURSE31,2024-12-09,Present,2024,12,9,0
168,1291,COURSE40,2021-01-31,Present,2021,1,31,6
169,1131,COURSE24,2020-11-11,Present,2020,11,11,2
170,1141,COURSE36,2022-04-25,Present,2022,4,25,0
171,1315,COURSE39,2023-02-15,Present,2023,2,15,2
172,1290,COURSE17,2022-08-14,Present,2022,8,14,6
173,1146,COURSE13,2021-10-28,Absent,2021,10,28,3
174,1223,COURSE47,2022-05-20,Present,2022,5,20,4
175,1067,COURSE20,2020-05-25,Absent,2020,5,25,0
176,1352,COURSE49,2022-02-03,Present,2022,2,3,3
177,1327,COURSE20,2023-11-10,Present,2023,11,10,4
178,1214,COURSE14,2023-07-22,Absent,2023,7,22,5
179,1303,COURSE15,2020-11-13,Absent,2020,11,13,4
180,1398,COURSE19,2020-04-19,Present,2020,4,19,6
181,1437,COURSE26,2020-08-15,Absent,2020,8,15,5
182,1475,COURSE22,2024-06-04,Present,2024,6,4,1
183,1207,COURSE34,2021-10-08,Absent,2021,10,8,4
184,1221,COURSE41,2024-11-03,Absent,2024,11,3,6
185,1165,COURSE24,2023-12-27,Present,2023,12,27,2
186,1348,COURSE22,2020-01-05,Present,2020,1,5,6
187,1209,COURSE45,2020-12-23,Absent,2020,12,23,2
188,1214,COURSE42,2020-04-23,Present,2020,4,23,3
189,1340,COURSE27,2021-03-20,Absent,2021,3,20,5
190,1440,COURSE17,2024-06-20,Absent,2024,6,20,3
191,1247,COURSE45,2020-12-14,Present,2020,12,14,0
192,1469,COURSE1,2021-01-25,Present,2021,1,25,0
193,1455,COURSE29,2023-06-27,Present,2023,6,27,1
194,1323,COURSE26,2022-06-18,Absent,2022,6,18,5
195,1203,COURSE32,2022-02-11,Absent,2022,2,11,4
196,1032,COURSE13,2023-04-04,Absent,2023,4,4,1
197,1052,COURSE16,2024-08-14,Absent,2024,8,14,2
198,1184,COURSE11,2020-01-03,Absent,2020,1,3,4
199,1138,COURSE49,2024-07-04,Present,2024,7,4,3
200,1373,COURSE21,2020-02-22,Absent,2020,2,22,5
201,1442,COURSE46,2024-08-19,Present,2024,8,19,0
202,1382,COURSE3,2023-11-19,Absent,2023,11,19,6
203,1087,COURSE8,2022-04-15,Present,2022,4,15,4
204,1479,COURSE39,2021-08-23,Present,2021,8,23,0
205,1430,COURSE39,2021-06-19,Present,2021,6,19,5
206,1270,COURSE11,2021-01-01,Present,2021,1,1,4
207,1066,COURSE3,2024-04-03,Present,2024,4,3,2
208,1475,COURSE9,2021-01-24,Present,2021,1,24,6
209,1242,COURSE39,2022-08-07,Absent,2022,8,7,6
210,1339,COURSE20,2024-01-06,Present,2024,1,6,5
211,1128,COURSE9,2021-05-26,Present,2021,5,26,2
212,1149,COURSE7,2024-03-30,Present,2024,3,30,5
213,1001,COURSE44,2023-03-12,Absent,2023,3,12,6
214,1475,COURSE40,2021-03-03,Absent,2021,3,3,2
215,1454,COURSE38,2024-06-03,Absent,2024,6,3,0
216,1037,COURSE32,2021-10-03,Absent,2021,10,3,6
217,1017,COURSE23,2024-07-26,Present,2024,7,26,4
218,1485,COURSE20,2021-04-06,Present,2021,4,6,1
219,1151,COURSE4,2024-01-03,Present,2024,1,3,2
220,1318,COURSE10,2023-10-12,Absent,2023,10,12,3
221,1299,COURSE48,2023-10-17,Absent,2023,10,17,1
222,1401,COURSE42,2022-11-05,Absent,2022,11,5,5
223,1498,COURSE6,2022-03-05,Present,2022,3,5,5
224,1263,COURSE20,2024-12-17,Absent,2024,12,17,1
225,1405,COURSE27,2021-11-17,Present,2021,11,17,2
226,1267,COURSE30,2020-08-24,Present,2020,8,24,0
227,1076,COURSE15,2021-08-01,Absent,2021,8,1,6
228,1067,COURSE23,2021-05-12,Present,2021,5,12,2
229,1094,COURSE36,2021-08-02,Present,2021,8,2,0
230,1080,COURSE34,2020-08-26,Absent,2020,8,26,2
231,1475,COURSE7,2024-11-16,Absent,2024,11,16,5
232,1173,COURSE6,2020-03-17,Present,2020,3,17,1
233,1339,COURSE8,2022-05-28,Absent,2022,5,28,5
234,1280,COURSE19,2023-08-06,Absent,2023,8,6,6
235,1055,COURSE17,2020-11-22,Absent,2020,11,22,6
236,1419,COURSE30,2020-11-13,Absent,2020,11,13,4
237,1022,COURSE1,2022-07-24,Present,2022,7,24,6
238,1106,COURSE44,2021-09-19,Absent,2021,9,19,6
239,1143,COURSE37,2022-08-14,Absent,2022,8,14,6
240,1444,COURSE9,2022-09-17,Absent,2022,9,17,5
241,1399,COURSE33,2022-01-10,Absent,2022,1,10,0
242,1089,COURSE38,2020-02-08,Absent,2020,2,8,5
243,1385,COURSE1,2020-07-21,Absent,2020,7,21,1
244,1081,COURSE9,2024-03-05,Present,2024,3,5,1
245,1402,COURSE4,2024-04-26,Absent,2024,4,26,4
246,1010,COURSE16,2020-09-04,Present,2020,9,4,4
247,1191,COURSE11,2021-07-24,Absent,2021,7,24,5
248,1232,COURSE2,2024-01-04,Present,2024,1,4,3
249,1251,COURSE24,2022-09-04,Absent,2022,9,4,6
250,1118,COURSE22,2024-01-14,Present,2024,1,14,6
251,1320,COURSE49,2020-07-30,Present,2020,7,30,3
252,1036,COURSE12,2021-06-06,Present,2021,6,6,6
253,1032,COURSE26,2023-10-30,Absent,2023,10,30,0
254,1210,COURSE30,2024-12-27,Present,2024,12,27,4
255,1237,COURSE14,2020-03-16,Absent,2020,3,16,0
256,1339,COURSE18,2022-06-01,Present,2022,6,1,2
257,1327,COURSE41,2020-07-11,Absent,2020,7,11,5
258,1158,COURSE12,2024-04-01,Absent,2024,4,1,0
259,1483,COURSE10,2023-02-22,Present,2023,2,22,2
260,1076,COURSE36,2021-10-18,Present,2021,10,18,0
261,1276,COURSE45,2021-07-16,Absent,2021,7,16,4
262,1089,COURSE50,2024-04-07,Absent,2024,4,7,6
263,1344,COURSE35,2024-04-26,Absent,2024,4,26,4
264,1459,COURSE41,2024-12-20,Absent,2024,12,20,4
265,1213,COURSE49,2022-04-18,Absent,2022,4,18,0
266,1284,COURSE46,2023-02-25,Absent,2023,2,25,5
267,1287,COURSE11,2020-08-14,Absent,2020,8,14,4
268,1044,COURSE22,2020-11-10,Present,2020,11,10,1
269,1496,COURSE17,2022-04-13,Absent,2022,4,13,2
270,1484,COURSE3,2022-02-10,Present,2022,2,10,3
271,1192,COURSE19,2023-10-22,Absent,2023,10,22,6
272,1216,COURSE39,2021-11-11,Present,2021,11,11,3
273,1191,COURSE38,2020-01-07,Present,2020,1,7,1
274,1123,COURSE14,2020-06-30,Present,2020,6,30,1
275,1323,COURSE8,2022-10-11,Present,2022,10,11,1
276,1472,COURSE24,2023-12-26,Absent,2023,12,26,1
277,1247,COURSE1,2023-01-08,Present,2023,1,8,6
278,1306,COURSE5,2020-03-05,Present,2020,3,5,3
279,1222,COURSE2,2021-03-02,Present,2021,3,2,1
280,1173,COURSE35,2023-10-08,Absent,2023,10,8,6
281,1067,COURSE18,2024-01-23,Present,2024,1,23,1
282,1182,COURSE43,2024-08-18,Absent,2024,8,18,6
283,1007,COURSE24,2024-05-19,Absent,2024,5,19,6
284,1118,COURSE41,2020-11-18,Absent,2020,11,18,2
285,1283,COURSE48,2020-09-28,Present,2020,9,28,0
286,1179,COURSE36,2024-05-04,Absent,2024,5,4,5
287,1229,COURSE33,2020-02-14,Present,2020,2,14,4
288,1424,COURSE14,2020-10-29,Absent,2020,10,29,3
289,1100,COURSE30,2021-09-01,Absent,2021,9,1,2
290,1171,COURSE4,2022-01-12,Present,2022,1,12,2
291,1366,COURSE3,2023-09-08,Present,2023,9,8,4
292,1031,COURSE10,2020-11-14,Present,2020,11,14,5
293,1489,COURSE9,2024-09-20,Present,2024,9,20,4
294,1186,COURSE22,2021-08-08,Absent,2021,8,8,6
295,1286,COURSE42,2020-04-23,Absent,2020,4,23,3
296,1138,COURSE44,2024-09-03,Present,2024,9,3,1
297,1147,COURSE18,2024-05-20,Absent,2024,5,20,0
298,1065,COURSE44,2020-09-16,Absent,2020,9,16,2
299,1183,COURSE15,2020-05-29,Present,2020,5,29,4
300,1072,COURSE39,2022-10-25,Present,2022,10,25,1
301,1277,COURSE6,2023-01-10,Absent,2023,1,10,1
302,1228,COURSE14,2020-01-09,Absent,2020,1,9,3
303,1093,COURSE4,2023-11-10,Absent,2023,11,10,4
304,1175,COURSE4,2023-03-23,Present,2023,3,23,3
305,1403,COURSE4,2022-10-06,Present,2022,10,6,3
306,1146,COURSE12,2021-09-02,Absent,2021,9,2,3
307,1051,COURSE39,2023-07-10,Absent,2023,7,10,0
308,1037,COURSE9,2024-11-30,Absent,2024,11,30,5
309,1066,COURSE17,2023-10-20,Present,2023,10,20,4
310,1429,COURSE48,2021-04-06,Absent,2021,4,6,1
311,1212,COURSE50,2020-09-23,Present,2020,9,23,2
312,1177,COURSE24,2020-07-09,Present,2020,7,9,3
313,1143,COURSE39,2020-11-21,Absent,2020,11,21,5
314,1052,COURSE23,2022-10-02,Absent,2022,10,2,6
315,1044,COURSE32,2023-02-02,Absent,2023,2,2,3
316,1163,COURSE38,2023-07-13,Present,2023,7,13,3
317,1133,COURSE16,2021-02-27,Absent,2021,2,27,5
318,1401,COURSE42,2020-03-27,Present,2020,3,27,4
319,1169,COURSE41,2020-05-19,Absent,2020,5,19,1
320,1283,COURSE47,2022-06-03,Present,2022,6,3,4
321,1138,COURSE18,2020-01-14,Present,2020,1,14,1
322,1054,COURSE33,2024-04-19,Present,2024,4,19,4
323,1039,COURSE17,2020-06-07,Absent,2020,6,7,6
324,1419,COURSE4,2020-03-25,Present,2020,3,25,2
325,1261,COURSE35,2021-02-23,Absent,2021,2,23,1
326,1271,COURSE18,2022-02-04,Absent,2022,2,4,4
327,1061,COURSE45,2023-02-18,Present,2023,2,18,5
328,1337,COURSE1,2021-01-31,Present,2021,1,31,6
329,1048,COURSE46,2021-12-18,Absent,2021,12,18,5
330,1219,COURSE2,2020-08-04,Absent,2020,8,4,1
331,1058,COURSE11,2022-02-15,Absent,2022,2,15,1
332,1021,COURSE47,2022-04-08,Absent,2022,4,8,4
333,1194,COURSE33,2023-07-18,Absent,2023,7,18,1
334,1041,COURSE29,2022-01-14,Present,2022,1,14,4
335,1137,COURSE49,2023-09-24,Present,2023,9,24,6
336,1360,COURSE40,2020-11-26,Absent,2020,11,26,3
337,1005,COURSE34,2021-09-18,Absent,2021,9,18,5
338,1117,COURSE39,2021-02-22,Absent,2021,2,22,0
339,1218,COURSE29,2021-12-11,Present,2021,12,11,5
340,1176,COURSE9,2021-12-09,Present,2021,12,9,3
341,1408,COURSE27,2021-05-22,Absent,2021,5,22,5
342,1265,COURSE16,2020-12-30,Present,2020,12,30,2
343,1400,COURSE9,2021-08-27,Present,2021,8,27,4
344,1284,COURSE14,2020-08-07,Present,2020,8,7,4
345,1277,COURSE22,2023-02-18,Absent,2023,2,18,5
346,1264,COURSE5,2023-02-21,Absent,2023,2,21,1
347,1329,COURSE33,2022-07-11,Present,2022,7,11,0
348,1464,COURSE28,2022-03-31,Present,2022,3,31,3
349,1470,COURSE29,2023-06-12,Present,2023,6,12,0
350,1282,COURSE4,2023-10-04,Absent,2023,10,4,2
351,1074,COURSE43,2024-11-21,Present,2024,11,21,3
352,1496,COURSE9,2021-07-04,Present,2021,7,4,6
353,1475,COURSE13,2022-12-03,Present,2022,12,3,5
354,1094,COURSE16,2022-02-06,Present,2022,2,6,6
355,1100,COURSE16,2023-01-25,Absent,2023,1,25,2
356,1023,COURSE46,2020-03-16,Present,2020,3,16,0
357,1354,COURSE19,2020-07-12,Present,2020,7,12,6
358,1027,COURSE3,2020-02-06,Absent,2020,2,6,3
359,1389,COURSE35,2022-08-22,Present,2022,8,22,0
360,1181,COURSE3,2021-02-15,Absent,2021,2,15,0
361,1108,COURSE1,2020-05-22,Present,2020,5,22,4
362,1225,COURSE19,2021-11-10,Present,2021,11,10,2
363,1040,COURSE1,2020-07-05,Absent,2020,7,5,6
364,1388,COURSE21,2024-06-10,Present,2024,6,10,0
365,1193,COURSE7,2021-01-23,Present,2021,1,23,5
366,1401,COURSE32,2022-04-04,Present,2022,4,4,0
367,1445,COURSE13,2021-04-13,Absent,2021,4,13,1
368,1055,COURSE35,2022-08-29,Absent,2022,8,29,0
369,1153,COURSE35,2023-03-14,Present,2023,3,14,1
370,1338,COURSE29,2024-08-10,Present,2024,8,10,5
371,1247,COURSE11,2021-04-23,Present,2021,4,23,4
372,1358,COURSE10,2020-01-19,Present,2020,1,19,6
373,1211,COURSE3,2022-09-24,Absent,2022,9,24,5
374,1122,COURSE30,2022-12-18,Absent,2022,12,18,6
375,1232,COURSE30,2023-07-22,Present,2023,7,22,5
376,1202,COURSE19,2024-07-07,Present,2024,7,7,6
377,1393,COURSE11,2024-12-27,Present,2024,12,27,4
378,1043,COURSE3,2021-09-22,Absent,2021,9,22,2
379,1161,COURSE11,2021-08-04,Absent,2021,8,4,2
380,1462,COURSE1,2022-10-13,Absent,2022,10,13,3
381,1263,COURSE5,2023-07-05,Absent,2023,7,5,2
382,1438,COURSE1,2024-10-29,Absent,2024,10,29,1
383,1150,COURSE28,2020-09-20,Present,2020,9,20,6
384,1408,COURSE24,2023-04-24,Absent,2023,4,24,0
385,1151,COURSE43,2020-09-05,Absent,2020,9,5,5
386,1011,COURSE30,2020-12-25,Absent,2020,12,25,4
387,1297,COURSE31,2023-06-25,Absent,2023,6,25,6
388,1004,COURSE13,2020-01-20,Absent,2020,1,20,0
389,1226,COURSE19,2021-11-23,Present,2021,11,23,1
390,1040,COURSE23,2024-04-12,Present,2024,4,12,4
391,1215,COURSE11,2024-09-27,Present,2024,9,27,4
392,1405,COURSE28,2024-12-01,Absent,2024,12,1,6
393,1150,COURSE17,2021-02-13,Present,2021,2,13,5
394,1462,COURSE1,2022-11-24,Absent,2022,11,24,3
395,1065,COURSE23,2024-02-10,Present,2024,2,10,5
396,1200,COURSE28,2021-05-15,Absent,2021,5,15,5
397,1096,COURSE31,2022-01-28,Present,2022,1,28,4
398,1330,COURSE27,2023-05-20,Present,2023,5,20,5
399,1416,COURSE9,2024-09-05,Absent,2024,9,5,3
400,1394,COURSE10,2021-04-11,Absent,2021,4,11,6
401,1218,COURSE22,2021-02-25,Present,2021,2,25,3
402,1400,COURSE3,2024-01-27,Absent,2024,1,27,5
403,1476,COURSE48,2023-08-01,Present,2023,8,1,1
404,1436,COURSE5,2020-12-19,Absent,2020,12,19,5
405,1073,COURSE33,2022-11-07,Absent,2022,11,7,0
406,1330,COURSE8,2021-12-24,Present,2021,12,24,4
407,1347,COURSE20,2022-08-10,Absent,2022,8,10,2
408,1440,COURSE36,2024-06-01,Present,2024,6,1,5
409,1190,COURSE2,2020-08-24,Present,2020,8,24,0
410,1313,COURSE5,2020-09-11,Present,2020,9,11,4
411,1365,COURSE8,2023-06-04,Absent,2023,6,4,6
412,1469,COURSE14,2020-01-31,Present,2020,1,31,4
413,1467,COURSE42,2024-04-07,Absent,2024,4,7,6
414,1053,COURSE35,2024-05-23,Present,2024,5,23,3
415,1379,COURSE43,2021-07-27,Present,2021,7,27,1
416,1173,COURSE23,2022-01-13,Absent,2022,1,13,3
417,1289,COURSE46,2022-07-12,Absent,2022,7,12,1
418,1113,COURSE44,2020-12-30,Present,2020,12,30,2
419,1011,COURSE2,2020-09-09,Present,2020,9,9,2
420,1241,COURSE13,2022-10-13,Absent,2022,10,13,3
421,1067,COURSE39,2022-02-27,Present,2022,2,27,6
422,1333,COURSE32,2023-06-05,Present,2023,6,5,0
423,1404,COURSE12,2023-09-13,Absent,2023,9,13,2
424,1129,COURSE24,2021-05-29,Absent,2021,5,29,5
425,1452,COURSE50,2023-08-27,Absent,2023,8,27,6
426,1482,COURSE37,2023-07-16,Present,2023,7,16,6
427,1028,COURSE13,2020-03-04,Present,2020,3,4,2
428,1106,COURSE26,2022-03-21,Present,2022,3,21,0
429,1385,COURSE6,2023-04-26,Absent,2023,4,26,2
430,1491,COURSE49,2022-07-25,Present,2022,7,25,0
431,1255,COURSE17,2024-11-29,Present,2024,11,29,4
432,1245,COURSE42,2023-10-20,Present,2023,10,20,4
433,1441,COURSE12,2021-09-16,Present,2021,9,16,3
434,1113,COURSE50,2023-11-28,Present,2023,11,28,1
435,1227,COURSE8,2023-04-14,Absent,2023,4,14,4
436,1121,COURSE32,2021-04-27,Present,2021,4,27,1
437,1287,COURSE30,2020-03-17,Present,2020,3,17,1
438,1109,COURSE15,2021-12-25,Present,2021,12,25,5
439,1403,COURSE50,2024-08-02,Absent,2024,8,2,4
440,1151,COURSE34,2023-09-13,Present,2023,9,13,2
441,1400,COURSE43,2024-07-23,Absent,2024,7,23,1
442,1327,COURSE23,2024-06-04,Absent,2024,6,4,1
443,1007,COURSE12,2020-07-03,Absent,2020,7,3,4
444,1096,COURSE40,2022-06-18,Present,2022,6,18,5
445,1097,COURSE27,2021-02-02,Absent,2021,2,2,1
446,1280,COURSE41,2023-05-09,Absent,2023,5,9,1
447,1330,COURSE25,2021-07-30,Absent,2021,7,30,4
448,1315,COURSE22,2021-03-01,Present,2021,3,1,0
449,1198,COURSE4,2022-07-22,Present,2022,7,22,4
450,1059,COURSE26,2024-07-10,Present,2024,7,10,2
451,1347,COURSE40,2024-12-24,Present,2024,12,24,1
452,1099,COURSE22,2020-04-13,Present,2020,4,13,0
453,1390,COURSE44,2023-04-12,Absent,2023,4,12,2
454,1249,COURSE13,2023-07-26,Absent,2023,7,26,2
455,1232,COURSE6,2024-05-26,Absent,2024,5,26,6
456,1143,COURSE20,2023-01-14,Present,2023,1,14,5
457,1287,COURSE16,2021-12-15,Absent,2021,12,15,2
458,1153,COURSE34,2022-09-02,Absent,2022,9,2,4
459,1280,COURSE9,2021-03-14,Absent,2021,3,14,6
460,1124,COURSE38,2024-01-17,Absent,2024,1,17,2
461,1467,COURSE11,2023-07-30,Absent,2023,7,30,6
462,1274,COURSE50,2021-08-12,Absent,2021,8,12,3
463,1406,COURSE35,2024-09-14,Absent,2024,9,14,5
464,1488,COURSE27,2024-10-17,Absent,2024,10,17,3
465,1073,COURSE24,2024-08-20,Absent,2024,8,20,1
466,1356,COURSE28,2021-05-08,Present,2021,5,8,5
467,1220,COURSE8,2021-10-18,Present,2021,10,18,0
468,1239,COURSE39,2022-07-15,Present,2022,7,15,4
469,1225,COURSE32,2020-10-19,Absent,2020,10,19,0
470,1406,COURSE48,2024-12-03,Present,2024,12,3,1
471,1380,COURSE37,2022-03-22,Present,2022,3,22,1
472,1299,COURSE18,2022-01-08,Present,2022,1,8,5
473,1330,COURSE40,2021-10-29,Absent,2021,10,29,4
474,1062,COURSE46,2023-04-18,Present,2023,4,18,1
475,1021,COURSE6,2024-11-30,Present,2024,11,30,5
476,1352,COURSE24,2023-11-23,Present,2023,11,23,3
477,1119,COURSE43,2021-07-08,Absent,2021,7,8,3
478,1139,COURSE32,2021-09-13,Absent,2021,9,13,0
479,1437,COURSE43,2023-02-06,Absent,2023,2,6,0
480,1328,COURSE38,2022-04-17,Absent,2022,4,17,6
481,1418,COURSE14,2021-12-11,Present,2021,12,11,5
482,1282,COURSE15,2024-11-28,Present,2024,11,28,3
483,1336,COURSE9,2022-12-11,Absent,2022,12,11,6
484,1225,COURSE1,2022-06-07,Absent,2022,6,7,1
485,1498,COURSE16,2023-12-26,Absent,2023,12,26,1
486,1484,COURSE22,2020-01-31,Present,2020,1,31,4
487,1070,COURSE50,2020-10-27,Present,2020,10,27,1
488,1379,COURSE32,2020-03-06,Present,2020,3,6,4
489,1471,COURSE27,2024-09-18,Absent,2024,9,18,2
490,1135,COURSE23,2022-04-20,Present,2022,4,20,2
491,1010,COURSE5,2020-02-03,Present,2020,2,3,0
492,1053,COURSE34,2023-12-20,Present,2023,12,20,2
493,1203,COURSE34,2022-01-26,Absent,2022,1,26,2
494,1446,COURSE32,2022-08-11,Absent,2022,8,11,3
495,1147,COURSE43,2023-08-21,Present,2023,8,21,0
496,1041,COURSE1,2022-08-08,Present,2022,8,8,0
497,1079,COURSE47,2022-06-25,Absent,2022,6,25,5
498,1066,COURSE7,2020-08-01,Present,2020,8,1,5
499,1400,COURSE35,2020-01-21,Present,2020,1,21,1
500,1364,COURSE49,2023-01-07,Present,2023,1,7,5
501,1028,COURSE9,2023-09-11,Absent,2023,9,11,0
502,1329,COURSE42,2020-02-07,Present,2020,2,7,4
503,1278,COURSE26,2020-04-13,Present,2020,4,13,0
504,1414,COURSE15,2021-01-31,Absent,2021,1,31,6
505,1103,COURSE33,2024-01-13,Present,2024,1,13,5
506,1008,COURSE41,2021-08-04,Present,2021,8,4,2
507,1248,COURSE17,2022-12-31,Absent,2022,12,31,5
508,1405,COURSE33,2024-10-26,Present,2024,10,26,5
509,1241,COURSE10,2024-07-12,Absent,2024,7,12,4
510,1122,COURSE10,2020-09-08,Present,2020,9,8,1
511,1128,COURSE40,2024-05-23,Present,2024,5,23,3
512,1168,COURSE29,2020-06-30,Present,2020,6,30,1
513,1356,COURSE35,2024-02-12,Absent,2024,2,12,0
514,1480,COURSE44,2020-09-10,Absent,2020,9,10,3
515,1411,COURSE48,2022-02-05,Absent,2022,2,5,5
516,1221,COURSE31,2024-04-23,Absent,2024,4,23,1
517,1409,COURSE26,2021-03-24,Present,2021,3,24,2
518,1352,COURSE35,2020-07-07,Absent,2020,7,7,1
519,1215,COURSE12,2022-08-06,Absent,2022,8,6,5
520,1185,COURSE13,2020-10-10,Present,2020,10,10,5
521,1411,COURSE20,2024-12-08,Present,2024,12,8,6
522,1384,COURSE41,2024-12-29,Absent,2024,12,29,6
523,1292,COURSE13,2020-04-21,Absent,2020,4,21,1
524,1405,COURSE41,2023-09-10,Absent,2023,9,10,6
525,1333,COURSE39,2022-11-05,Present,2022,11,5,5
526,1436,COURSE16,2020-08-28,Present,2020,8,28,4
527,1420,COURSE46,2023-03-26,Present,2023,3,26,6
528,1469,COURSE4,2024-09-29,Present,2024,9,29,6
529,1056,COURSE30,2022-05-04,Present,2022,5,4,2
530,1237,COURSE3,2021-01-24,Present,2021,1,24,6
531,1069,COURSE47,2024-03-22,Absent,2024,3,22,4
532,1291,COURSE39,2023-12-30,Present,2023,12,30,5
533,1181,COURSE39,2023-07-25,Absent,2023,7,25,1
534,1200,COURSE13,2020-05-17,Absent,2020,5,17,6
535,1443,COURSE45,2024-02-02,Absent,2024,2,2,4
536,1318,COURSE17,2024-12-30,Absent,2024,12,30,0
537,1384,COURSE8,2020-10-17,Absent,2020,10,17,5
538,1224,COURSE7,2021-05-23,Present,2021,5,23,6
539,1303,COURSE28,2023-09-24,Present,2023,9,24,6
540,1095,COURSE50,2024-12-21,Absent,2024,12,21,5
541,1172,COURSE23,2023-08-13,Absent,2023,8,13,6
542,1199,COURSE18,2022-10-14,Absent,2022,10,14,4
543,1190,COURSE1,2022-11-26,Present,2022,11,26,5
544,1353,COURSE39,2022-07-12,Absent,2022,7,12,1
545,1147,COURSE23,2022-05-20,Present,2022,5,20,4
546,1172,COURSE17,2020-10-04,Absent,2020,10,4,6
547,1388,COURSE28,2023-08-20,Absent,2023,8,20,6
548,1430,COURSE5,2022-07-22,Present,2022,7,22,4
549,1408,COURSE18,2024-06-08,Absent,2024,6,8,5
550,1214,COURSE17,2022-06-17,Present,2022,6,17,4
551,1208,COURSE27,2022-10-27,Absent,2022,10,27,3
552,1253,COURSE10,2023-04-08,Present,2023,4,8,5
553,1092,COURSE5,2022-02-09,Absent,2022,2,9,2
554,1073,COURSE28,2022-03-01,Present,2022,3,1,1
555,1323,COURSE22,2021-12-14,Absent,2021,12,14,1
556,1142,COURSE16,2021-02-14,Present,2021,2,14,6
557,1281,COURSE35,2022-02-09,Present,2022,2,9,2
558,1360,COURSE29,2024-08-27,Absent,2024,8,27,1
559,1430,COURSE46,2023-01-11,Present,2023,1,11,2
560,1301,COURSE24,2022-12-27,Absent,2022,12,27,1
561,1066,COURSE29,2023-02-18,Present,2023,2,18,5
562,1001,COURSE39,2023-03-06,Present,2023,3,6,0
563,1392,COURSE19,2020-06-05,Present,2020,6,5,4
564,1469,COURSE45,2020-10-10,Present,2020,10,10,5
565,1036,COURSE5,2022-10-21,Present,2022,10,21,4
566,1228,COURSE29,2023-12-09,Present,2023,12,9,5
567,1193,COURSE30,2022-11-06,Absent,2022,11,6,6
568,1134,COURSE9,2020-02-23,Absent,2020,2,23,6
569,1291,COURSE17,2023-08-30,Present,2023,8,30,2
570,1186,COURSE10,2023-08-12,Absent,2023,8,12,5
571,1094,COURSE25,2020-08-21,Present,2020,8,21,4
572,1059,COURSE6,2022-10-23,Present,2022,10,23,6
573,1137,COURSE47,2021-03-06,Absent,2021,3,6,5
574,1058,COURSE32,2023-02-24,Absent,2023,2,24,4
575,1358,COURSE32,2020-05-04,Present,2020,5,4,0
576,1289,COURSE15,2021-09-09,Absent,2021,9,9,3
577,1382,COURSE4,2022-07-02,Present,2022,7,2,5
578,1029,COURSE8,2023-03-08,Absent,2023,3,8,2
579,1336,COURSE49,2024-07-05,Absent,2024,7,5,4
580,1247,COURSE34,2021-11-05,Absent,2021,11,5,4
581,1040,COURSE13,2023-07-25,Present,2023,7,25,1
582,1077,COURSE39,2022-05-03,Present,2022,5,3,1
583,1003,COURSE7,2020-01-16,Absent,2020,1,16,3
584,1285,COURSE35,2024-10-09,Present,2024,10,9,2
585,1063,COURSE20,2021-12-04,Present,2021,12,4,5
586,1420,COURSE12,2020-12-29,Present,2020,12,29,1
587,1162,COURSE17,2022-08-03,Absent,2022,8,3,2
588,1136,COURSE11,2021-11-13,Present,2021,11,13,5
589,1254,COURSE7,2024-03-18,Present,2024,3,18,0
590,1486,COURSE42,2021-03-05,Absent,2021,3,5,4
591,1220,COURSE34,2020-07-30,Present,2020,7,30,3
592,1418,COURSE25,2024-03-19,Present,2024,3,19,1
593,1340,COURSE2,2021-08-21,Present,2021,8,21,5
594,1334,COURSE47,2023-05-03,Absent,2023,5,3,2
595,1411,COURSE36,2021-11-28,Absent,2021,11,28,6
596,1422,COURSE10,2022-07-27,Absent,2022,7,27,2
597,1058,COURSE3,2024-07-20,Absent,2024,7,20,5
598,1269,COURSE23,2021-09-14,Present,2021,9,14,1
599,1028,COURSE1,2024-06-13,Absent,2024,6,13,3
600,1359,COURSE40,2022-02-28,Absent,2022,2,28,0
601,1206,COURSE18,2024-09-25,Absent,2024,9,25,2
602,1162,COURSE15,2023-02-14,Absent,2023,2,14,1
603,1312,COURSE49,2020-08-04,Present,2020,8,4,1
604,1040,COURSE26,2022-09-03,Present,2022,9,3,5
605,1112,COURSE47,2023-10-06,Absent,2023,10,6,4
606,1425,COURSE27,2021-05-14,Absent,2021,5,14,4
607,1489,COURSE11,2024-04-28,Present,2024,4,28,6
608,1234,COURSE48,2020-08-17,Present,2020,8,17,0
609,1458,COURSE36,2022-02-12,Present,2022,2,12,5
610,1207,COURSE2,2024-10-15,Absent,2024,10,15,1
611,1107,COURSE5,2022-10-25,Present,2022,10,25,1
612,1141,COURSE10,2021-04-20,Present,2021,4,20,1
613,1444,COURSE26,2024-06-16,Present,2024,6,16,6
614,1013,COURSE2,2023-09-12,Absent,2023,9,12,1
615,1087,COURSE26,2023-09-07,Present,2023,9,7,3
616,1475,COURSE31,2020-11-02,Present,2020,11,2,0
617,1369,COURSE49,2021-04-18,Present,2021,4,18,6
618,1482,COURSE33,2020-12-27,Absent,2020,12,27,6
619,1434,COURSE3,2024-08-23,Absent,2024,8,23,4
620,1338,COURSE28,2022-04-29,Present,2022,4,29,4
621,1165,COURSE24,2020-10-12,Absent,2020,10,12,0
622,1168,COURSE50,2023-01-23,Absent,2023,1,23,0
623,1035,COURSE26,2021-04-30,Present,2021,4,30,4
624,1459,COURSE26,2020-11-06,Absent,2020,11,6,4
625,1025,COURSE20,2024-11-07,Absent,2024,11,7,3
626,1383,COURSE42,2024-10-01,Present,2024,10,1,1
627,1261,COURSE35,2022-03-22,Absent,2022,3,22,1
628,1060,COURSE9,2024-09-30,Present,2024,9,30,0
629,1120,COURSE35,2020-06-23,Absent,2020,6,23,1
630,1257,COURSE43,2022-10-22,Absent,2022,10,22,5
631,1106,COURSE12,2024-10-11,Present,2024,10,11,4
632,1436,COURSE40,2021-01-30,Absent,2021,1,30,5
633,1317,COURSE8,2022-04-28,Absent,2022,4,28,3
634,1177,COURSE9,2024-08-25,Absent,2024,8,25,6
635,1200,COURSE28,2021-09-29,Present,2021,9,29,2
636,1315,COURSE21,2020-12-20,Present,2020,12,20,6
637,1254,COURSE9,2023-05-10,Absent,2023,5,10,2
638,1180,COURSE2,2022-04-13,Absent,2022,4,13,2
639,1115,COURSE31,2023-12-26,Present,2023,12,26,1
640,1027,COURSE47,2024-10-02,Present,2024,10,2,2
641,1191,COURSE48,2022-02-14,Absent,2022,2,14,0
642,1391,COURSE44,2024-06-07,Present,2024,6,7,4
643,1194,COURSE36,2023-04-10,Present,2023,4,10,0
644,1228,COURSE19,2022-07-20,Absent,2022,7,20,2
645,1282,COURSE33,2020-02-26,Present,2020,2,26,2
646,1232,COURSE22,2021-03-07,Present,2021,3,7,6
647,1216,COURSE18,2022-06-07,Absent,2022,6,7,1
648,1133,COURSE4,2020-10-23,Absent,2020,10,23,4
649,1312,COURSE40,2024-03-31,Present,2024,3,31,6
650,1002,COURSE14,2020-04-08,Present,2020,4,8,2
651,1106,COURSE9,2022-08-19,Present,2022,8,19,4
652,1220,COURSE3,2022-05-06,Present,2022,5,6,4
653,1223,COURSE14,2023-07-15,Present,2023,7,15,5
654,1196,COURSE33,2021-04-24,Absent,2021,4,24,5
655,1006,COURSE24,2022-02-16,Present,2022,2,16,2
656,1346,COURSE3,2021-07-29,Absent,2021,7,29,3
657,1329,COURSE25,2020-11-30,Absent,2020,11,30,0
658,1008,COURSE26,2024-09-30,Absent,2024,9,30,0
659,1297,COURSE29,2024-06-07,Absent,2024,6,7,4
660,1279,COURSE23,2024-04-13,Absent,2024,4,13,5
661,1326,COURSE43,2023-02-11,Absent,2023,2,11,5
662,1129,COURSE42,2022-03-07,Absent,2022,3,7,0
663,1219,COURSE48,2020-05-14,Present,2020,5,14,3
664,1088,COURSE42,2020-01-26,Absent,2020,1,26,6
665,1421,COURSE45,2024-10-26,Present,2024,10,26,5
666,1341,COURSE14,2022-08-17,Present,2022,8,17,2
667,1375,COURSE1,2023-09-23,Absent,2023,9,23,5
668,1059,COURSE19,2022-03-09,Absent,2022,3,9,2
669,1326,COURSE28,2023-07-13,Absent,2023,7,13,3
670,1276,COURSE27,2024-09-23,Present,2024,9,23,0
671,1204,COURSE16,2020-05-05,Absent,2020,5,5,1
672,1003,COURSE17,2021-05-09,Present,2021,5,9,6
673,1371,COURSE40,2022-03-07,Absent,2022,3,7,0
674,1019,COURSE23,2023-12-13,Present,2023,12,13,2
675,1190,COURSE10,2023-10-22,Absent,2023,10,22,6
676,1388,COURSE16,2020-10-08,Absent,2020,10,8,3
677,1191,COURSE18,2020-06-18,Absent,2020,6,18,3
678,1421,COURSE28,2022-06-06,Absent,2022,6,6,0
679,1284,COURSE18,2024-12-06,Present,2024,12,6,4
680,1261,COURSE24,2024-02-01,Present,2024,2,1,3
681,1296,COURSE12,2022-01-17,Absent,2022,1,17,0
682,1316,COURSE44,2024-02-20,Present,2024,2,20,1
683,1237,COURSE3,2021-03-31,Present,2021,3,31,2
684,1333,COURSE33,2023-06-08,Present,2023,6,8,3
685,1197,COURSE7,2020-08-15,Absent,2020,8,15,5
686,1388,COURSE34,2024-03-08,Absent,2024,3,8,4
687,1438,COURSE24,2023-07-14,Absent,2023,7,14,4
688,1401,COURSE31,2023-03-30,Present,2023,3,30,3
689,1145,COURSE17,2024-09-18,Present,2024,9,18,2
690,1492,COURSE47,2021-09-21,Present,2021,9,21,1
691,1473,COURSE5,2024-03-29,Absent,2024,3,29,4
692,1073,COURSE47,2021-01-17,Present,2021,1,17,6
693,1126,COURSE9,2022-10-15,Present,2022,10,15,5
694,1420,COURSE3,2020-06-06,Absent,2020,6,6,5
695,1200,COURSE16,2023-06-07,Absent,2023,6,7,2
696,1103,COURSE9,2022-08-02,Absent,2022,8,2,1
697,1150,COURSE36,2023-08-28,Absent,2023,8,28,0
698,1497,COURSE16,2021-02-06,Present,2021,2,6,5
699,1265,COURSE37,2020-01-18,Absent,2020,1,18,5
700,1195,COURSE3,2022-02-09,Present,2022,2,9,2
701,1090,COURSE37,2020-07-19,Present,2020,7,19,6
702,1087,COURSE6,2024-02-02,Absent,2024,2,2,4
703,1241,COURSE35,2022-05-25,Absent,2022,5,25,2
704,1461,COURSE20,2023-09-26,Absent,2023,9,26,1
705,1370,COURSE17,2024-05-24,Absent,2024,5,24,4
706,1042,COURSE25,2024-08-06,Present,2024,8,6,1
707,1426,COURSE19,2020-12-10,Present,2020,12,10,3
708,1138,COURSE32,2022-01-26,Present,2022,1,26,2
709,1227,COURSE28,2020-09-09,Present,2020,9,9,2
710,1416,COURSE23,2020-02-14,Present,2020,2,14,4
711,1057,COURSE47,2024-12-24,Absent,2024,12,24,1
712,1400,COURSE7,2021-07-24,Absent,2021,7,24,5
713,1322,COURSE22,2021-09-01,Absent,2021,9,1,2
714,1428,COURSE6,2024-10-28,Absent,2024,10,28,0
715,1117,COURSE5,2024-06-02,Present,2024,6,2,6
716,1297,COURSE1,2024-03-14,Absent,2024,3,14,3
717,1089,COURSE20,2024-10-05,Absent,2024,10,5,5
718,1394,COURSE2,2024-10-22,Absent,2024,10,22,1
719,1202,COURSE28,2023-04-30,Present,2023,4,30,6
720,1187,COURSE46,2021-01-20,Present,2021,1,20,2
721,1217,COURSE42,2021-03-19,Present,2021,3,19,4
722,1196,COURSE2,2020-05-03,Present,2020,5,3,6
723,1227,COURSE16,2021-11-29,Absent,2021,11,29,0
724,1479,COURSE46,2021-10-15,Absent,2021,10,15,4
725,1389,COURSE6,2024-09-10,Absent,2024,9,10,1
726,1136,COURSE2,2023-09-01,Present,2023,9,1,4
727,1036,COURSE29,2020-10-03,Absent,2020,10,3,5
728,1259,COURSE38,2021-02-08,Present,2021,2,8,0
729,1197,COURSE33,2022-07-18,Present,2022,7,18,0
730,1035,COURSE21,2024-12-23,Present,2024,12,23,0
731,1050,COURSE11,2021-05-26,Present,2021,5,26,2
732,1042,COURSE17,2020-10-19,Absent,2020,10,19,0
733,1271,COURSE2,2023-04-07,Present,2023,4,7,4
734,1002,COURSE24,2020-01-17,Present,2020,1,17,4
735,1356,COURSE39,2022-10-15,Absent,2022,10,15,5
736,1132,COURSE31,2021-12-30,Absent,2021,12,30,3
737,1147,COURSE3,2022-06-14,Absent,2022,6,14,1
738,1414,COURSE40,2021-06-11,Present,2021,6,11,4
739,1101,COURSE26,2024-09-18,Present,2024,9,18,2
740,1297,COURSE7,2024-09-24,Present,2024,9,24,1
741,1408,COURSE35,2024-12-24,Present,2024,12,24,1
742,1293,COURSE32,2022-07-25,Absent,2022,7,25,0
743,1448,COURSE24,2021-12-15,Absent,2021,12,15,2
744,1485,COURSE19,2021-07-05,Absent,2021,7,5,0
745,1395,COURSE9,2022-06-23,Absent,2022,6,23,3
746,1215,COURSE3,2022-12-25,Present,2022,12,25,6
747,1492,COURSE2,2022-07-23,Present,2022,7,23,5
748,1456,COURSE31,2021-07-26,Absent,2021,7,26,0
749,1238,COURSE12,2023-01-06,Absent,2023,1,6,4
750,1031,COURSE26,2023-01-25,Present,2023,1,25,2
751,1386,COURSE46,2023-11-09,Present,2023,11,9,3
752,1107,COURSE48,2024-11-05,Present,2024,11,5,1
753,1400,COURSE46,2024-04-06,Present,2024,4,6,5
754,1211,COURSE21,2023-02-28,Absent,2023,2,28,1
755,1086,COURSE29,2021-07-10,Absent,2021,7,10,5
756,1248,COURSE30,2022-07-20,Present,2022,7,20,2
757,1224,COURSE30,2023-04-15,Absent,2023,4,15,5
758,1314,COURSE34,2022-12-13,Absent,2022,12,13,1
759,1273,COURSE22,2023-09-19,Present,2023,9,19,1
760,1086,COURSE22,2022-11-04,Absent,2022,11,4,4
761,1109,COURSE45,2024-03-23,Absent,2024,3,23,5
762,1047,COURSE45,2024-08-09,Present,2024,8,9,4
763,1265,COURSE32,2024-11-26,Absent,2024,11,26,1
764,1070,COURSE46,2022-11-03,Absent,2022,11,3,3
765,1139,COURSE42,2021-06-28,Present,2021,6,28,0
766,1360,COURSE22,2022-09-20,Absent,2022,9,20,1
767,1007,COURSE41,2023-12-01,Present,2023,12,1,4
768,1260,COURSE16,2020-05-02,Absent,2020,5,2,5
769,1394,COURSE39,2021-06-11,Absent,2021,6,11,4
770,1160,COURSE18,2024-11-30,Absent,2024,11,30,5
771,1106,COURSE36,2020-06-27,Present,2020,6,27,5
772,1416,COURSE19,2022-10-26,Absent,2022,10,26,2
773,1103,COURSE4,2024-01-12,Present,2024,1,12,4
774,1301,COURSE8,2020-06-24,Absent,2020,6,24,2
775,1275,COURSE8,2022-03-25,Present,2022,3,25,4
776,1080,COURSE4,2024-01-13,Absent,2024,1,13,5
777,1157,COURSE3,2021-07-14,Absent,2021,7,14,2
778,1012,COURSE9,2020-04-02,Absent,2020,4,2,3
779,1388,COURSE17,2021-12-03,Absent,2021,12,3,4
780,1472,COURSE22,2022-09-08,Absent,2022,9,8,3
781,1176,COURSE41,2024-11-09,Absent,2024,11,9,5
782,1139,COURSE47,2024-06-05,Present,2024,6,5,2
783,1066,COURSE41,2021-08-07,Absent,2021,8,7,5
784,1070,COURSE27,2021-04-28,Absent,2021,4,28,2
785,1126,COURSE27,2020-01-27,Present,2020,1,27,0
786,1393,COURSE7,2024-02-10,Present,2024,2,10,5
787,1406,COURSE6,2021-09-29,Present,2021,9,29,2
788,1401,COURSE46,2022-07-08,Present,2022,7,8,4
789,1416,COURSE19,2021-12-25,Present,2021,12,25,5
790,1221,COURSE49,2024-04-29,Present,2024,4,29,0
791,1134,COURSE8,2022-06-29,Absent,2022,6,29,2
792,1278,COURSE20,2021-07-08,Absent,2021,7,8,3
793,1003,COURSE2,2024-05-15,Present,2024,5,15,2
794,1428,COURSE48,2023-09-20,Absent,2023,9,20,2
795,1272,COURSE27,2020-04-24,Present,2020,4,24,4
796,1355,COURSE37,2023-07-25,Present,2023,7,25,1
797,1086,COURSE11,2021-08-14,Present,2021,8,14,5
798,1230,COURSE29,2022-06-29,Present,2022,6,29,2
799,1378,COURSE46,2022-11-11,Absent,2022,11,11,4
800,1056,COURSE9,2024-03-16,Absent,2024,3,16,5
801,1323,COURSE31,2021-10-24,Absent,2021,10,24,6
802,1025,COURSE36,2023-02-04,Absent,2023,2,4,5
803,1414,COURSE1,2023-05-24,Absent,2023,5,24,2
804,1431,COURSE49,2021-11-17,Absent,2021,11,17,2
805,1246,COURSE1,2020-10-16,Absent,2020,10,16,4
806,1260,COURSE44,2023-09-04,Absent,2023,9,4,0
807,1208,COURSE15,2024-03-05,Present,2024,3,5,1
808,1497,COURSE14,2020-04-11,Present,2020,4,11,5
809,1275,COURSE36,2024-06-20,Present,2024,6,20,3
810,1416,COURSE33,2021-09-23,Present,2021,9,23,3
811,1248,COURSE44,2021-08-12,Absent,2021,8,12,3
812,1433,COURSE11,2023-09-23,Absent,2023,9,23,5
813,1270,COURSE42,2024-01-20,Absent,2024,1,20,5
814,1327,COURSE40,2023-06-23,Present,2023,6,23,4
815,1044,COURSE10,2023-02-10,Absent,2023,2,10,4
816,1151,COURSE12,2022-01-31,Present,2022,1,31,0
817,1431,COURSE8,2023-07-24,Absent,2023,7,24,0
818,1436,COURSE12,2020-07-15,Present,2020,7,15,2
819,1309,COURSE2,2020-05-03,Present,2020,5,3,6
820,1282,COURSE20,2023-01-16,Present,2023,1,16,0
821,1426,COURSE28,2021-05-10,Absent,2021,5,10,0
822,1329,COURSE36,2024-08-30,Present,2024,8,30,4
823,1483,COURSE1,2022-12-06,Present,2022,12,6,1
824,1191,COURSE2,2022-07-18,Present,2022,7,18,0
825,1462,COURSE48,2023-02-27,Absent,2023,2,27,0
826,1356,COURSE49,2024-01-03,Absent,2024,1,3,2
827,1125,COURSE5,2023-12-27,Present,2023,12,27,2
828,1285,COURSE34,2022-02-01,Absent,2022,2,1,1
829,1195,COURSE4,2022-12-21,Absent,2022,12,21,2
830,1075,COURSE22,2023-03-23,Present,2023,3,23,3
831,1396,COURSE48,2024-09-06,Present,2024,9,6,4
832,1050,COURSE38,2023-07-12,Present,2023,7,12,2
833,1267,COURSE10,2023-08-22,Present,2023,8,22,1
834,1220,COURSE7,2020-06-25,Present,2020,6,25,3
835,1042,COURSE42,2024-09-04,Present,2024,9,4,2
836,1373,COURSE3,2023-05-02,Present,2023,5,2,1
837,1188,COURSE8,2023-08-03,Present,2023,8,3,3
838,1010,COURSE4,2024-12-20,Absent,2024,12,20,4
839,1376,COURSE6,2021-03-02,Absent,2021,3,2,1
840,1477,COURSE44,2020-06-04,Absent,2020,6,4,3
841,1237,COURSE34,2021-12-08,Absent,2021,12,8,2
842,1178,COURSE27,2020-09-04,Present,2020,9,4,4
843,1160,COURSE24,2020-12-08,Absent,2020,12,8,1
844,1231,COURSE6,2020-11-26,Absent,2020,11,26,3
845,1267,COURSE11,2020-09-22,Absent,2020,9,22,1
846,1325,COURSE39,2020-04-21,Absent,2020,4,21,1
847,1332,COURSE50,2021-04-13,Absent,2021,4,13,1
848,1005,COURSE18,2022-03-29,Present,2022,3,29,1
849,1441,COURSE2,2023-08-08,Absent,2023,8,8,1
850,1073,COURSE47,2021-03-01,Present,2021,3,1,0
851,1181,COURSE7,2023-09-10,Present,2023,9,10,6
852,1470,COURSE29,2021-02-04,Absent,2021,2,4,3
853,1261,COURSE7,2022-12-26,Present,2022,12,26,0
854,1369,COURSE48,2022-04-13,Present,2022,4,13,2
855,1095,COURSE25,2024-10-22,Present,2024,10,22,1
856,1038,COURSE6,2022-06-29,Absent,2022,6,29,2
857,1128,COURSE41,2022-09-25,Absent,2022,9,25,6
858,1030,COURSE45,2023-08-11,Absent,2023,8,11,4
859,1124,COURSE5,2020-09-28,Absent,2020,9,28,0
860,1234,COURSE36,2021-08-30,Absent,2021,8,30,0
861,1201,COURSE17,2023-09-29,Present,2023,9,29,4
862,1323,COURSE6,2020-10-29,Absent,2020,10,29,3
863,1022,COURSE14,2021-10-02,Present,2021,10,2,5
864,1094,COURSE8,2023-04-25,Absent,2023,4,25,1
865,1375,COURSE31,2023-11-21,Present,2023,11,21,1
866,1331,COURSE45,2023-12-25,Absent,2023,12,25,0
867,1490,COURSE34,2022-10-25,Absent,2022,10,25,1
868,1412,COURSE3,2024-07-08,Present,2024,7,8,0
869,1377,COURSE12,2024-03-19,Absent,2024,3,19,1
870,1129,COURSE14,2020-08-19,Absent,2020,8,19,2
871,1492,COURSE6,2023-02-23,Present,2023,2,23,3
872,1100,COURSE46,2021-01-30,Present,2021,1,30,5
873,1020,COURSE33,2021-05-03,Present,2021,5,3,0
874,1473,COURSE37,2021-06-13,Present,2021,6,13,6
875,1148,COURSE38,2024-02-08,Absent,2024,2,8,3
876,1169,COURSE18,2021-05-20,Present,2021,5,20,3
877,1274,COURSE17,2021-10-17,Absent,2021,10,17,6
878,1122,COURSE8,2023-07-07,Absent,2023,7,7,4
879,1373,COURSE40,2024-08-31,Present,2024,8,31,5
880,1021,COURSE37,2022-12-16,Absent,2022,12,16,4
881,1499,COURSE13,2022-01-07,Absent,2022,1,7,4
882,1320,COURSE32,2022-09-03,Absent,2022,9,3,5
883,1458,COURSE15,2022-03-23,Absent,2022,3,23,2
884,1008,COURSE37,2022-01-09,Present,2022,1,9,6
885,1217,COURSE12,2022-09-14,Present,2022,9,14,2
886,1308,COURSE47,2024-09-22,Absent,2024,9,22,6
887,1064,COURSE29,2021-12-30,Absent,2021,12,30,3
888,1033,COURSE33,2021-03-04,Present,2021,3,4,3
889,1086,COURSE43,2024-02-15,Present,2024,2,15,3
890,1235,COURSE26,2023-08-30,Present,2023,8,30,2
891,1257,COURSE17,2023-07-19,Absent,2023,7,19,2
892,1174,COURSE23,2022-05-07,Absent,2022,5,7,5
893,1026,COURSE6,2020-12-07,Present,2020,12,7,0
894,1178,COURSE43,2020-08-20,Present,2020,8,20,3
895,1389,COURSE50,2023-10-07,Present,2023,10,7,5
896,1153,COURSE33,2022-02-15,Absent,2022,2,15,1
897,1405,COURSE4,2022-03-06,Absent,2022,3,6,6
898,1420,COURSE42,2022-06-06,Absent,2022,6,6,0
899,1478,COURSE46,2023-02-02,Present,2023,2,2,3
900,1200,COURSE44,2023-02-18,Absent,2023,2,18,5
901,1319,COURSE17,2023-11-20,Absent,2023,11,20,0
902,1258,COURSE22,2020-12-27,Present,2020,12,27,6
903,1092,COURSE6,2021-01-11,Present,2021,1,11,0
904,1303,COURSE34,2021-01-26,Absent,2021,1,26,1
905,1453,COURSE34,2020-11-27,Absent,2020,11,27,4
906,1116,COURSE45,2022-05-06,Present,2022,5,6,4
907,1428,COURSE38,2022-04-12,Present,2022,4,12,1
908,1110,COURSE2,2020-03-02,Present,2020,3,2,0
909,1468,COURSE41,2021-02-08,Present,2021,2,8,0
910,1453,COURSE43,2021-07-11,Absent,2021,7,11,6
911,1311,COURSE17,2023-09-18,Absent,2023,9,18,0
912,1470,COURSE43,2021-04-02,Absent,2021,4,2,4
913,1445,COURSE40,2020-10-27,Present,2020,10,27,1
914,1015,COURSE50,2024-12-10,Absent,2024,12,10,1
915,1057,COURSE3,2020-10-30,Absent,2020,10,30,4
916,1206,COURSE6,2020-07-03,Present,2020,7,3,4
917,1181,COURSE45,2020-09-08,Present,2020,9,8,1
918,1339,COURSE39,2021-01-21,Present,2021,1,21,3
919,1303,COURSE11,2020-03-18,Present,2020,3,18,2
920,1314,COURSE48,2023-02-18,Absent,2023,2,18,5
921,1151,COURSE20,2020-04-27,Absent,2020,4,27,0
922,1212,COURSE38,2024-06-05,Present,2024,6,5,2
923,1219,COURSE9,2022-09-16,Present,2022,9,16,4
924,1127,COURSE7,2020-08-13,Absent,2020,8,13,3
925,1401,COURSE28,2022-09-23,Absent,2022,9,23,4
926,1448,COURSE28,2020-03-04,Present,2020,3,4,2
927,1156,COURSE50,2021-07-02,Absent,2021,7,2,4
928,1389,COURSE25,2023-05-12,Present,2023,5,12,4
929,1189,COURSE47,2021-05-30,Present,2021,5,30,6
930,1387,COURSE3,2020-08-29,Absent,2020,8,29,5
931,1267,COURSE16,2022-10-08,Absent,2022,10,8,5
932,1469,COURSE19,2021-09-27,Absent,2021,9,27,0
933,1401,COURSE27,2021-03-15,Present,2021,3,15,0
934,1229,COURSE42,2023-08-07,Absent,2023,8,7,0
935,1180,COURSE48,2023-03-11,Absent,2023,3,11,5
936,1140,COURSE20,2022-05-17,Present,2022,5,17,1
937,1313,COURSE1,2024-02-13,Present,2024,2,13,1
938,1444,COURSE4,2023-09-26,Present,2023,9,26,1
939,1234,COURSE42,2022-05-22,Present,2022,5,22,6
940,1088,COURSE32,2020-11-22,Absent,2020,11,22,6
941,1300,COURSE42,2024-12-25,Present,2024,12,25,2
942,1078,COURSE11,2024-09-01,Absent,2024,9,1,6
943,1065,COURSE39,2021-06-10,Present,2021,6,10,3
944,1373,COURSE24,2023-03-06,Present,2023,3,6,0
945,1286,COURSE45,2022-04-02,Present,2022,4,2,5
946,1415,COURSE20,2020-06-07,Present,2020,6,7,6
947,1489,COURSE30,2023-03-07,Present,2023,3,7,1
948,1331,COURSE10,2021-09-09,Present,2021,9,9,3
949,1049,COURSE22,2022-01-22,Absent,2022,1,22,5
950,1139,COURSE44,2024-07-06,Present,2024,7,6,5
951,1315,COURSE3,2022-01-13,Absent,2022,1,13,3
952,1189,COURSE49,2020-11-09,Present,2020,11,9,0
953,1395,COURSE7,2022-03-08,Present,2022,3,8,1
954,1191,COURSE38,2024-05-22,Present,2024,5,22,2
955,1065,COURSE20,2021-10-23,Absent,2021,10,23,5
956,1300,COURSE19,2023-03-24,Absent,2023,3,24,4
957,1036,COURSE3,2022-07-03,Absent,2022,7,3,6
958,1146,COURSE49,2024-05-09,Absent,2024,5,9,3
959,1042,COURSE3,2020-07-24,Present,2020,7,24,4
960,1004,COURSE26,2020-12-20,Present,2020,12,20,6
961,1226,COURSE36,2024-06-21,Absent,2024,6,21,4
962,1163,COURSE46,2022-05-31,Absent,2022,5,31,1
963,1138,COURSE43,2022-05-15,Absent,2022,5,15,6
964,1465,COURSE49,2022-08-01,Absent,2022,8,1,0
965,1319,COURSE16,2020-12-19,Absent,2020,12,19,5
966,1238,COURSE38,2020-08-22,Present,2020,8,22,5
967,1256,COURSE42,2024-12-12,Present,2024,12,12,3
968,1280,COURSE28,2020-07-29,Absent,2020,7,29,2
969,1474,COURSE22,2022-11-20,Absent,2022,11,20,6
970,1489,COURSE39,2024-05-01,Present,2024,5,1,2
971,1397,COURSE5,2022-07-29,Present,2022,7,29,4
972,1163,COURSE33,2021-07-21,Absent,2021,7,21,2
973,1260,COURSE24,2023-06-25,Absent,2023,6,25,6
974,1110,COURSE30,2024-10-16,Absent,2024,10,16,2
975,1371,COURSE34,2023-05-21,Present,2023,5,21,6
976,1492,COURSE6,2021-06-13,Absent,2021,6,13,6
977,1153,COURSE21,2021-10-17,Absent,2021,10,17,6
978,1040,COURSE37,2021-05-25,Present,2021,5,25,1
979,1448,COURSE40,2023-07-06,Present,2023,7,6,3
980,1472,COURSE47,2023-03-28,Absent,2023,3,28,1
981,1124,COURSE22,2023-10-14,Present,2023,10,14,5
982,1319,COURSE49,2023-11-09,Absent,2023,11,9,3
983,1273,COURSE20,2022-11-30,Present,2022,11,30,2
984,1161,COURSE12,2020-07-30,Absent,2020,7,30,3
985,1141,COURSE35,2020-07-14,Present,2020,7,14,1
986,1112,COURSE50,2023-08-07,Present,2023,8,7,0
987,1371,COURSE43,2023-03-08,Absent,2023,3,8,2
988,1403,COURSE21,2022-07-31,Absent,2022,7,31,6
989,1082,COURSE8,2024-09-18,Absent,2024,9,18,2
990,1309,COURSE26,2021-03-27,Absent,2021,3,27,5
991,1495,COURSE34,2022-01-15,Present,2022,1,15,5
992,1440,COURSE18,2020-08-12,Present,2020,8,12,2
993,1080,COURSE4,2020-09-14,Present,2020,9,14,0
994,1142,COURSE17,2022-07-17,Absent,2022,7,17,6
995,1396,COURSE36,2023-12-05,Present,2023,12,5,1
996,1399,COURSE20,2023-10-28,Present,2023,10,28,5
997,1279,COURSE13,2023-09-30,Absent,2023,9,30,5
998,1173,COURSE15,2022-06-15,Absent,2022,6,15,2
999,1121,COURSE43,2020-11-21,Absent,2020,11,21,5
1000,1355,COURSE8,2024-07-29,Present,2024,7,29,0
1,2919,COURSE3,,Absent,2022,6,19,3
2,1652,COURSE23,,Present,2022,9,20,0
3,1234,COURSE19,,Absent,2023,7,22,2
4,1795,COURSE50,,Present,2022,7,12,6
5,1800,COURSE10,,Present,2024,11,9,2
6,2750,COURSE44,,Absent,2023,7,1,6
7,2100,COURSE32,,Present,2023,1,22,0
8,2558,COURSE15,,Present,2023,7,22,6
9,1873,COURSE31,,Present,2020,10,26,6
10,1608,COURSE17,,Present,2022,10,12,0
11,1804,COURSE47,,Absent,2024,12,8,6
12,1174,COURSE22,,Absent,2021,2,25,3
13,2555,COURSE1,,Absent,2022,4,10,6
14,1224,COURSE22,,Absent,2024,5,16,1
15,2045,COURSE46,,Present,2023,4,19,2
16,1134,COURSE28,,Present,2020,6,10,1
17,2184,COURSE19,,Present,2020,12,23,1
18,2394,COURSE35,,Absent,2024,7,20,5
19,1221,COURSE38,,Absent,2021,4,30,6
20,2564,COURSE9,,Absent,2021,1,24,4
21,1329,COURSE29,,Present,2020,5,4,2
22,2091,COURSE2,,Present,2020,1,23,0
23,2403,COURSE10,,Absent,2021,10,29,4
24,1899,COURSE14,,Absent,2020,5,6,2
25,1855,COURSE40,,Absent,2024,6,30,6
26,1647,COURSE39,,Absent,2024,7,24,1
27,2190,COURSE48,,Absent,2021,7,8,3
28,2532,COURSE3,,Absent,2020,5,10,3
29,1568,COURSE8,,Present,2021,1,23,4
30,1995,COURSE30,,Present,2020,7,30,4
31,1443,COURSE13,,Present,2020,12,2,2
32,2448,COURSE43,,Present,2024,2,13,5
33,2531,COURSE35,,Present,2022,8,14,2
34,1295,COURSE14,,Present,2021,7,5,3
35,1470,COURSE7,,Present,2020,2,3,3
36,1991,COURSE17,,Present,2023,12,8,0
37,1493,COURSE10,,Absent,2022,4,30,3
38,1539,COURSE42,,Present,2022,5,30,5
39,1067,COURSE31,,Absent,2022,6,25,1
40,2444,COURSE39,,Absent,2023,5,25,1
41,2052,COURSE44,,Absent,2022,11,14,4
42,1833,COURSE41,,Absent,2022,12,2,6
43,2809,COURSE38,,Present,2020,6,25,3
44,2238,COURSE3,,Present,2023,6,5,3
45,1375,COURSE26,,Present,2023,8,17,3
46,2914,COURSE9,,Present,2023,9,24,3
47,2670,COURSE18,,Present,2021,9,19,2
48,2013,COURSE8,,Absent,2023,7,23,2
49,2509,COURSE27,,Present,2021,10,4,5
50,2427,COURSE34,,Present,2023,6,3,6
51,2331,COURSE34,,Present,2023,11,10,2
52,1131,COURSE5,,Present,2023,9,9,5
53,2894,COURSE10,,Present,2022,2,10,6
54,1647,COURSE16,,Absent,2020,8,30,5
55,1193,COURSE45,,Absent,2023,7,22,1
56,2087,COURSE17,,Present,2023,12,20,4
57,1997,COURSE13,,Absent,2020,7,29,2
58,2928,COURSE39,,Present,2021,11,8,3
59,1230,COURSE28,,Absent,2021,5,30,6
60,2629,COURSE20,,Present,2021,8,3,6
61,1745,COURSE7,,Present,2023,6,27,5
62,1974,COURSE11,,Absent,2023,9,15,3
63,2330,COURSE31,,Present,2022,7,25,4
64,2600,COURSE12,,Present,2022,8,18,6
65,2502,COURSE24,,Present,2020,6,26,1
66,2126,COURSE45,,Absent,2023,10,10,0
67,1718,COURSE33,,Present,2021,2,18,2
68,1145,COURSE22,,Present,2020,5,8,5
69,1621,COURSE24,,Present,2024,1,15,6
70,1714,COURSE18,,Absent,2021,5,23,1
71,2263,COURSE37,,Present,2023,8,23,4
72,1113,COURSE43,,Present,2022,11,30,4
73,2326,COURSE25,,Present,2024,6,19,0
74,1560,COURSE14,,Present,2023,12,27,3
75,1627,COURSE18,,Present,2023,6,15,4
76,2682,COURSE5,,Present,2022,6,13,0
77,2023,COURSE42,,Present,2020,9,3,4
78,2974,COURSE13,,Present,2023,5,14,5
79,1963,COURSE20,,Absent,2022,12,13,2
80,2397,COURSE23,,Absent,2024,9,26,5
81,1050,COURSE18,,Present,2021,6,26,2
82,1036,COURSE6,,Present,2020,4,26,4
83,2711,COURSE37,,Present,2024,6,26,6
84,1890,COURSE44,,Present,2020,7,8,2
85,2263,COURSE35,,Absent,2020,6,21,0
86,1165,COURSE32,,Absent,2022,10,18,5
87,1663,COURSE46,,Absent,2023,7,29,6
88,1750,COURSE45,,Present,2021,12,1,5
89,2796,COURSE1,,Present,2022,10,15,3
90,2967,COURSE22,,Present,2023,7,13,4
91,2289,COURSE15,,Absent,2024,12,27,3
92,1326,COURSE38,,Absent,2023,5,26,5
93,1566,COURSE3,,Absent,2021,12,11,3
94,1174,COURSE40,,Absent,2024,12,6,4
95,2388,COURSE40,,Present,2021,7,23,1
96,2509,COURSE14,,Present,2022,8,9,0
97,2579,COURSE7,,Present,2022,7,6,5
98,1112,COURSE49,,Present,2023,1,7,6
99,1667,COURSE4,,Present,2020,4,11,4
100,2567,COURSE5,,Present,2024,10,25,5
101,2003,COURSE15,,Absent,2022,12,15,2
102,1331,COURSE47,,Present,2024,12,10,3
103,1191,COURSE1,,Absent,2023,5,14,2
104,1481,COURSE38,,Absent,2020,11,6,3
105,1302,COURSE5,,Present,2024,11,10,4
106,2744,COURSE41,,Present,2022,9,20,3
107,1589,COURSE21,,Absent,2021,6,10,0
108,2194,COURSE11,,Absent,2020,10,18,2
109,1285,COURSE24,,Absent,2021,4,2,0
110,1631,COURSE27,,Absent,2022,8,23,5
111,1054,COURSE15,,Absent,2022,6,9,3
112,1663,COURSE33,,Present,2020,11,15,3
113,1030,COURSE38,,Absent,2021,7,10,5
114,2399,COURSE46,,Absent,2022,11,18,0
115,2646,COURSE11,,Absent,2023,3,2,2
116,1524,COURSE34,,Absent,2024,9,3,0
117,1438,COURSE24,,Absent,2024,4,12,5
118,2998,COURSE50,,Present,2020,6,18,0
119,2001,COURSE42,,Absent,2021,7,2,6
120,2816,COURSE48,,Present,2021,4,8,1
121,2437,COURSE12,,Absent,2024,7,20,0
122,1128,COURSE31,,Present,2023,8,17,5
123,2890,COURSE45,,Absent,2023,7,7,1
124,2705,COURSE5,,Present,2022,1,17,5
125,1608,COURSE49,,Present,2020,10,26,1
126,2664,COURSE39,,Present,2020,9,15,2
127,1454,COURSE47,,Present,2022,2,8,4
128,2668,COURSE8,,Absent,2021,10,27,5
129,2447,COURSE34,,Present,2023,6,22,0
130,1230,COURSE9,,Absent,2024,1,26,3
131,2059,COURSE28,,Absent,2022,9,22,3
132,2809,COURSE42,,Present,2022,10,19,0
133,2389,COURSE11,,Present,2020,11,28,3
134,1902,COURSE48,,Present,2020,9,17,6
135,1568,COURSE42,,Absent,2022,9,13,5
136,2802,COURSE10,,Absent,2020,2,23,4
137,1609,COURSE43,,Absent,2021,7,3,0
138,2790,COURSE36,,Present,2020,7,6,3
139,2727,COURSE41,,Present,2020,5,17,2
140,1901,COURSE9,,Present,2024,2,6,4
141,1004,COURSE8,,Absent,2022,10,22,5
142,1854,COURSE19,,Present,2022,2,23,6
143,1446,COURSE13,,Absent,2024,10,15,5
144,2337,COURSE19,,Absent,2024,1,5,2
145,2019,COURSE22,,Absent,2020,4,11,1
146,1773,COURSE1,,Absent,2022,12,12,1
147,2531,COURSE9,,Absent,2021,11,27,4
148,2408,COURSE45,,Absent,2023,7,24,4
149,2415,COURSE49,,Present,2023,3,30,2
150,2787,COURSE41,,Absent,2021,8,4,1
151,1370,COURSE11,,Present,2023,4,23,5
152,2943,COURSE7,,Absent,2022,11,13,5
153,2685,COURSE24,,Present,2020,7,8,5
154,2496,COURSE12,,Present,2023,3,14,4
155,2149,COURSE40,,Present,2021,9,11,1
156,1960,COURSE22,,Absent,2022,5,10,5
157,1868,COURSE9,,Present,2023,8,4,1
158,2506,COURSE36,,Present,2022,7,25,6
159,1988,COURSE15,,Absent,2023,3,7,6
160,2944,COURSE36,,Present,2024,11,23,4
161,2886,COURSE36,,Absent,2020,2,4,0
162,1343,COURSE3,,Present,2020,3,15,6
163,2597,COURSE23,,Present,2021,8,20,6
164,1927,COURSE43,,Present,2022,10,18,4
165,1959,COURSE38,,Absent,2021,11,1,1
166,1464,COURSE49,,Absent,2023,1,9,5
167,2820,COURSE46,,Present,2021,5,6,2
168,1693,COURSE11,,Absent,2022,3,2,2
169,1946,COURSE23,,Absent,2022,3,24,2
170,1811,COURSE45,,Present,2021,9,26,0
171,1997,COURSE8,,Absent,2023,7,12,3
172,2569,COURSE26,,Absent,2023,2,2,0
173,2688,COURSE15,,Present,2023,8,13,2
174,2272,COURSE14,,Absent,2024,5,3,5
175,2767,COURSE35,,Absent,2024,1,11,3
176,2229,COURSE26,,Present,2022,8,30,0
177,1296,COURSE47,,Absent,2024,8,8,6
178,1299,COURSE14,,Present,2022,10,12,5
179,2276,COURSE46,,Absent,2023,1,4,0
180,2652,COURSE2,,Present,2020,10,1,4
181,2910,COURSE19,,Absent,2022,8,18,1
182,2624,COURSE40,,Absent,2021,9,25,5
183,1587,COURSE4,,Present,2023,6,18,0
184,1606,COURSE19,,Absent,2021,4,10,1
185,2601,COURSE6,,Present,2021,10,22,5
186,2615,COURSE4,,Present,2024,11,27,5
187,2855,COURSE3,,Present,2022,3,14,3
188,1330,COURSE6,,Present,2020,12,29,1
189,1820,COURSE36,,Absent,2020,9,23,5
190,1762,COURSE28,,Present,2024,2,8,6
191,1578,COURSE31,,Absent,2024,8,9,1
192,1321,COURSE31,,Present,2021,1,9,4
193,1611,COURSE4,,Present,2024,4,9,5
194,1256,COURSE41,,Present,2022,3,22,6
195,1896,COURSE43,,Absent,2020,7,24,5
196,1042,COURSE8,,Present,2022,9,20,4
197,1420,COURSE33,,Present,2022,7,12,4
198,2340,COURSE8,,Absent,2021,8,4,4
199,1223,COURSE36,,Absent,2020,10,17,2
200,1006,COURSE47,,Present,2022,12,13,1
201,2669,COURSE33,,Absent,2022,3,25,4
202,2684,COURSE31,,Absent,2021,9,24,2
203,2373,COURSE39,,Absent,2023,2,20,2
204,2236,COURSE7,,Present,2023,1,9,0
205,1968,COURSE39,,Present,2023,1,7,5
206,2580,COURSE8,,Absent,2020,8,12,5
207,2571,COURSE10,,Absent,2023,9,16,2
208,2686,COURSE10,,Present,2022,11,21,0
209,2480,COURSE46,,Present,2020,9,7,6
210,1731,COURSE12,,Absent,2022,10,20,4
211,2310,COURSE37,,Present,2024,8,24,0
212,2539,COURSE39,,Present,2023,6,12,4
213,1370,COURSE33,,Absent,2024,1,27,1
214,1597,COURSE3,,Present,2023,7,9,4
215,1161,COURSE41,,Absent,2022,7,5,3
216,1031,COURSE21,,Present,2022,7,3,5
217,1944,COURSE2,,Absent,2020,2,12,6
218,2145,COURSE16,,Absent,2021,1,13,1
219,2253,COURSE37,,Present,2020,3,6,0
220,1189,COURSE26,,Absent,2020,2,23,1
221,2085,COURSE42,,Absent,2021,4,23,3
222,1421,COURSE15,,Present,2020,4,11,4
223,1306,COURSE20,,Absent,2023,11,10,5
224,2103,COURSE6,,Present,2022,11,25,6
225,1280,COURSE3,,Absent,2022,9,30,0
226,1024,COURSE31,,Absent,2022,10,21,6
227,1089,COURSE46,,Absent,2022,9,10,5
228,2390,COURSE50,,Absent,2022,12,27,5
229,1133,COURSE5,,Present,2024,6,7,4
230,1555,COURSE10,,Absent,2022,7,29,4
231,1374,COURSE9,,Present,2021,6,12,2
232,2558,COURSE11,,Absent,2020,1,17,1
233,2869,COURSE27,,Absent,2024,5,5,1
234,1049,COURSE24,,Absent,2020,7,14,5
235,1416,COURSE34,,Absent,2020,8,24,0
236,2998,COURSE15,,Present,2022,1,13,5
237,1917,COURSE18,,Absent,2022,8,29,5
238,2758,COURSE41,,Absent,2022,7,7,4
239,2665,COURSE9,,Absent,2020,8,24,6
240,1399,COURSE20,,Absent,2021,10,11,4
241,1218,COURSE9,,Absent,2023,4,29,1
242,1620,COURSE38,,Present,2022,7,8,2
243,2590,COURSE12,,Present,2022,1,29,6
244,1736,COURSE26,,Present,2020,8,24,0
245,2717,COURSE50,,Present,2021,7,19,3
246,1197,COURSE20,,Present,2020,2,30,0
247,2254,COURSE33,,Present,2024,4,14,1
248,1392,COURSE14,,Present,2021,6,23,4
249,2724,COURSE1,,Absent,2023,2,13,6
250,1960,COURSE32,,Present,2021,6,8,4
251,2135,COURSE16,,Present,2022,2,9,3
252,2447,COURSE23,,Absent,2023,12,26,1
253,2672,COURSE16,,Absent,2021,12,10,1
254,2917,COURSE6,,Absent,2020,10,11,1
255,1426,COURSE30,,Absent,2023,9,24,1
256,2966,COURSE37,,Present,2020,3,22,3
257,2818,COURSE3,,Absent,2024,10,17,6
258,1072,COURSE1,,Present,2023,10,13,2
259,1311,COURSE2,,Present,2020,8,3,4
260,2309,COURSE4,,Present,2024,4,7,2
261,1680,COURSE11,,Present,2022,7,15,1
262,1642,COURSE22,,Present,2023,11,7,3
263,1012,COURSE50,,Absent,2021,6,30,4
264,1307,COURSE10,,Absent,2024,1,18,2
265,2359,COURSE2,,Absent,2024,9,17,0
266,2211,COURSE15,,Present,2024,5,24,3
267,1627,COURSE9,,Absent,2021,11,5,2
268,2182,COURSE4,,Present,2020,6,2,5
269,1264,COURSE50,,Absent,2022,5,8,1
270,2157,COURSE8,,Present,2021,5,9,2
271,2003,COURSE22,,Absent,2021,5,24,2
272,1281,COURSE8,,Absent,2023,7,27,6
273,1569,COURSE42,,Present,2020,5,10,0
274,1544,COURSE29,,Absent,2020,9,27,6
275,1029,COURSE7,,Present,2023,8,14,5
276,1419,COURSE5,,Absent,2023,9,28,5
277,2719,COURSE18,,Absent,2023,4,11,5
278,1562,COURSE33,,Present,2024,5,31,3
279,1733,COURSE7,,Present,2024,6,15,4
280,1562,COURSE22,,Present,2023,11,4,5
281,2496,COURSE6,,Absent,2023,3,18,1
282,1756,COURSE12,,Absent,2023,11,2,5
283,2540,COURSE39,,Present,2020,6,25,4
284,2454,COURSE42,,Present,2021,5,24,4
285,1197,COURSE29,,Present,2024,8,30,2
286,2175,COURSE19,,Present,2023,9,13,3
287,2096,COURSE40,,Present,2020,9,18,6
288,1246,COURSE33,,Present,2021,3,25,4
289,1638,COURSE40,,Absent,2023,2,17,4
290,2152,COURSE41,,Present,2023,4,4,2
291,2242,COURSE22,,Absent,2021,11,22,6
292,2378,COURSE5,,Present,2022,10,25,5
293,1224,COURSE46,,Absent,2024,12,14,3
294,2418,COURSE20,,Present,2024,8,2,5
295,2087,COURSE13,,Present,2021,5,15,2
296,2217,COURSE18,,Absent,2020,7,8,5
297,1331,COURSE2,,Absent,2021,11,9,6
298,1375,COURSE22,,Absent,2020,10,28,2
299,2063,COURSE11,,Present,2020,5,22,5
300,1736,COURSE43,,Absent,2024,2,10,4
301,1779,COURSE18,,Present,2024,2,16,6
302,1341,COURSE13,,Absent,2022,2,28,2
303,2587,COURSE38,,Absent,2020,6,18,0
304,1059,COURSE39,,Present,2022,12,19,6
305,2533,COURSE12,,Absent,2023,1,7,4
306,1706,COURSE42,,Absent,2022,12,18,2
307,1278,COURSE27,,Absent,2023,11,23,1
308,2324,COURSE22,,Present,2020,9,24,2
309,1787,COURSE35,,Present,2020,6,8,1
310,1494,COURSE26,,Absent,2021,10,27,1
311,1197,COURSE8,,Absent,2020,11,9,3
312,1138,COURSE12,,Present,2024,3,30,0
313,2724,COURSE2,,Present,2020,9,30,2
314,2853,COURSE1,,Present,2020,9,17,1
315,1997,COURSE50,,Absent,2022,7,29,0
316,2292,COURSE1,,Absent,2024,5,22,3
317,1682,COURSE47,,Absent,2023,4,18,4
318,2521,COURSE28,,Present,2023,9,20,1
319,2714,COURSE8,,Present,2024,3,29,0
320,2289,COURSE13,,Absent,2022,5,6,5
321,1386,COURSE12,,Present,2020,1,25,6
322,2337,COURSE50,,Present,2024,1,22,5
323,1911,COURSE43,,Absent,2020,10,30,0
324,1656,COURSE26,,Present,2020,6,14,2
325,1615,COURSE5,,Absent,2022,5,5,1
326,2068,COURSE20,,Absent,2023,11,7,0
327,1337,COURSE40,,Absent,2020,10,20,0
328,1011,COURSE4,,Present,2023,1,28,1
329,2762,COURSE29,,Present,2024,10,26,3
330,2794,COURSE33,,Present,2024,1,3,5
331,2447,COURSE2,,Present,2020,7,8,4
332,2122,COURSE46,,Absent,2022,12,23,0
333,1191,COURSE17,,Present,2021,2,8,1
334,1305,COURSE17,,Absent,2023,7,24,3
335,1903,COURSE7,,Absent,2024,3,18,3
336,1008,COURSE50,,Present,2022,1,25,1
337,2177,COURSE45,,Present,2023,2,16,0
338,2126,COURSE7,,Present,2022,3,13,0
339,1397,COURSE23,,Present,2021,4,19,1
340,1225,COURSE3,,Absent,2020,9,18,1
341,2796,COURSE27,,Present,2021,6,13,5
342,2922,COURSE8,,Present,2023,1,11,1
343,1437,COURSE2,,Present,2023,7,27,0
344,1746,COURSE9,,Present,2020,7,4,5
345,1708,COURSE34,,Absent,2023,8,15,5
346,1305,COURSE17,,Present,2020,2,19,6
347,2123,COURSE48,,Present,2023,5,2,6
348,2766,COURSE46,,Absent,2024,5,3,1
349,1179,COURSE3,,Present,2024,6,7,5
350,1074,COURSE40,,Absent,2023,2,12,0
351,2547,COURSE2,,Present,2020,6,3,5
352,2417,COURSE14,,Absent,2023,9,22,0
353,1137,COURSE32,,Present,2022,10,22,2
354,1135,COURSE4,,Present,2022,2,30,3
355,2952,COURSE2,,Absent,2021,1,20,5
356,2838,COURSE40,,Absent,2021,4,3,6
357,2168,COURSE1,,Absent,2021,9,17,5
358,1345,COURSE4,,Present,2022,12,3,6
359,1739,COURSE7,,Absent,2023,3,13,1
360,1202,COURSE1,,Present,2023,12,25,5
361,1418,COURSE17,,Present,2021,7,11,5
362,1775,COURSE23,,Absent,2020,12,20,2
363,2005,COURSE31,,Present,2021,8,5,2
364,2578,COURSE21,,Present,2020,12,3,1
365,1610,COURSE36,,Present,2020,5,22,5
366,2364,COURSE31,,Absent,2024,12,29,2
367,1508,COURSE37,,Present,2023,12,24,4
368,2064,COURSE3,,Absent,2021,8,10,0
369,1347,COURSE31,,Present,2024,3,1,4
370,2718,COURSE50,,Present,2023,4,30,4
371,1712,COURSE19,,Present,2022,7,3,2
372,2188,COURSE45,,Absent,2024,1,10,0
373,1851,COURSE5,,Present,2021,7,27,2
374,2364,COURSE7,,Present,2023,4,2,1
375,2083,COURSE15,,Present,2023,5,2,6
376,2762,COURSE11,,Present,2024,10,4,1
377,1830,COURSE1,,Present,2024,4,18,1
378,1962,COURSE35,,Present,2022,5,7,6
379,2096,COURSE22,,Present,2022,7,12,3
380,2114,COURSE42,,Absent,2021,8,22,2
381,1200,COURSE40,,Absent,2023,4,30,0
382,1166,COURSE39,,Present,2022,6,19,6
383,1942,COURSE35,,Absent,2024,1,18,0
384,2487,COURSE44,,Present,2024,4,13,4
385,2794,COURSE24,,Present,2023,9,10,1
386,1567,COURSE3,,Absent,2023,6,4,5
387,2465,COURSE48,,Present,2021,1,27,4
388,1024,COURSE44,,Absent,2022,2,17,5
389,2352,COURSE49,,Absent,2023,1,22,2
390,1250,COURSE8,,Present,2020,6,18,1
391,1437,COURSE23,,Present,2020,9,23,0
392,2561,COURSE11,,Absent,2023,6,15,6
393,2694,COURSE35,,Absent,2020,8,29,4
394,2326,COURSE42,,Present,2020,4,8,5
395,1284,COURSE4,,Absent,2020,7,24,0
396,2181,COURSE4,,Present,2022,11,25,4
397,1842,COURSE26,,Absent,2022,10,24,0
398,1989,COURSE36,,Present,2021,6,25,0
399,1926,COURSE7,,Absent,2020,9,23,6
400,2796,COURSE22,,Present,2020,4,22,6
401,2157,COURSE39,,Present,2023,12,19,6
402,1660,COURSE26,,Absent,2022,2,30,5
403,2928,COURSE33,,Present,2024,9,25,6
404,2990,COURSE26,,Present,2024,12,21,2
405,1738,COURSE45,,Absent,2020,6,12,5
406,2218,COURSE42,,Absent,2023,2,24,6
407,1996,COURSE43,,Present,2020,3,23,4
408,1088,COURSE27,,Present,2022,9,29,0
409,2500,COURSE4,,Absent,2020,10,3,5
410,1886,COURSE12,,Present,2021,12,4,5
411,1748,COURSE44,,Absent,2021,4,22,3
412,2402,COURSE32,,Absent,2021,3,14,4
413,2243,COURSE17,,Absent,2021,4,18,2
414,2376,COURSE29,,Absent,2024,7,16,3
415,2313,COURSE24,,Absent,2023,7,24,5
416,1914,COURSE34,,Present,2020,9,23,1
417,1976,COURSE27,,Present,2022,4,24,2
418,2312,COURSE28,,Present,2021,2,5,4
419,1071,COURSE1,,Present,2022,8,19,1
420,2392,COURSE9,,Present,2021,1,12,2
421,2990,COURSE46,,Absent,2024,3,21,3
422,2819,COURSE8,,Absent,2023,1,29,5
423,2554,COURSE19,,Present,2021,5,24,3
424,2499,COURSE4,,Present,2024,4,12,2
425,1384,COURSE28,,Absent,2020,5,17,4
426,1898,COURSE29,,Present,2022,7,2,2
427,1675,COURSE7,,Absent,2022,3,22,2
428,1902,COURSE27,,Present,2020,9,7,5
429,2030,COURSE16,,Absent,2020,4,4,1
430,2150,COURSE42,,Present,2022,10,19,6
431,1253,COURSE47,,Absent,2021,9,8,3
432,2117,COURSE46,,Present,2021,8,17,3
433,2723,COURSE16,,Absent,2024,7,23,5
434,2154,COURSE5,,Absent,2020,8,5,5
435,1233,COURSE35,,Absent,2023,5,30,5
436,2847,COURSE38,,Present,2024,1,31,4
437,2829,COURSE12,,Absent,2020,7,10,4
438,2979,COURSE8,,Absent,2020,4,17,6
439,1742,COURSE17,,Absent,2023,12,1,5
440,2385,COURSE24,,Present,2023,8,17,2
441,1348,COURSE42,,Present,2023,4,9,1
442,2319,COURSE22,,Absent,2020,11,26,0
443,1225,COURSE36,,Present,2020,7,23,4
444,1280,COURSE42,,Present,2020,8,2,1
445,2769,COURSE28,,Present,2023,9,4,5
446,2494,COURSE36,,Present,2021,7,24,5
447,1005,COURSE2,,Absent,2021,11,30,4
448,2453,COURSE40,,Present,2020,6,25,4
449,2959,COURSE48,,Absent,2021,10,6,3
450,1764,COURSE47,,Present,2024,12,29,0
451,1882,COURSE23,,Present,2024,11,8,6
452,2588,COURSE23,,Absent,2020,8,21,0
453,1379,COURSE20,,Absent,2020,4,29,1
454,1567,COURSE16,,Absent,2020,6,17,5
455,1163,COURSE2,,Absent,2023,11,4,4
456,1964,COURSE13,,Absent,2020,10,11,5
457,2917,COURSE9,,Present,2024,5,12,5
458,2402,COURSE32,,Absent,2023,4,3,2
459,1341,COURSE32,,Absent,2022,2,3,1
460,1698,COURSE46,,Absent,2023,5,7,1
461,1758,COURSE9,,Present,2020,4,31,0
462,1424,COURSE24,,Absent,2023,10,27,1
463,1688,COURSE13,,Absent,2021,1,22,5
464,2317,COURSE9,,Absent,2024,7,7,2
465,2628,COURSE17,,Absent,2020,10,2,3
466,2786,COURSE18,,Absent,2022,2,23,2
467,2711,COURSE22,,Absent,2021,12,30,5
468,1235,COURSE19,,Absent,2020,8,28,4
469,1948,COURSE18,,Present,2024,2,25,5
470,1601,COURSE14,,Absent,2024,5,8,1
471,2945,COURSE5,,Absent,2023,4,17,2
472,1040,COURSE35,,Absent,2020,9,14,1
473,1842,COURSE23,,Present,2023,9,27,3
474,2772,COURSE47,,Present,2021,10,8,1
475,2214,COURSE42,,Present,2024,4,7,4
476,1775,COURSE18,,Present,2023,4,30,3
477,2711,COURSE34,,Present,2023,4,21,0
478,2055,COURSE40,,Absent,2024,5,24,1
479,2552,COURSE1,,Present,2023,4,29,4
480,2777,COURSE20,,Absent,2023,5,30,3
481,2854,COURSE27,,Present,2023,8,6,1
482,2120,COURSE9,,Absent,2020,10,29,0
483,1394,COURSE10,,Present,2023,7,27,2
484,1523,COURSE19,,Absent,2024,7,3,6
485,1324,COURSE47,,Absent,2022,10,22,2
486,1550,COURSE41,,Present,2022,6,26,1
487,1795,COURSE42,,Present,2020,7,4,3
488,2568,COURSE40,,Present,2021,1,25,4
489,2741,COURSE12,,Present,2023,12,27,3
490,1926,COURSE2,,Present,2022,1,3,1
491,2980,COURSE23,,Present,2020,1,21,4
492,2914,COURSE26,,Present,2022,8,25,1
493,2690,COURSE40,,Absent,2020,8,14,0
494,2469,COURSE48,,Absent,2020,5,31,3
495,2391,COURSE37,,Absent,2024,7,20,2
496,1650,COURSE31,,Present,2020,7,12,3
497,1919,COURSE47,,Absent,2024,2,23,1
498,2061,COURSE17,,Absent,2024,7,20,5
499,1668,COURSE22,,Absent,2021,10,12,5
500,2330,COURSE29,,Absent,2023,3,10,5
501,2879,COURSE49,,Absent,2020,7,10,5
502,2868,COURSE21,,Absent,2024,10,3,2
503,1616,COURSE39,,Present,2021,10,17,1
504,1067,COURSE30,,Present,2020,7,18,4
505,1551,COURSE49,,Present,2021,3,1,0
506,2119,COURSE17,,Present,2022,9,15,3
507,1178,COURSE21,,Absent,2024,9,20,6
508,1009,COURSE19,,Absent,2021,12,25,5
509,2205,COURSE20,,Present,2023,7,21,2
510,1605,COURSE49,,Present,2020,10,8,3
511,2541,COURSE8,,Absent,2024,9,9,4
512,1615,COURSE24,,Absent,2020,9,3,6
513,1020,COURSE35,,Absent,2021,9,1,4
514,1106,COURSE14,,Absent,2023,7,3,0
515,2327,COURSE17,,Absent,2022,9,14,0
516,2033,COURSE11,,Present,2022,8,20,4
517,1162,COURSE42,,Absent,2023,10,18,3
518,1101,COURSE23,,Present,2021,12,17,3
519,2840,COURSE28,,Absent,2021,5,22,5
520,2708,COURSE12,,Present,2020,3,8,4
521,1409,COURSE42,,Present,2022,9,22,1
522,1457,COURSE11,,Present,2022,9,9,5
523,1004,COURSE42,,Present,2023,4,15,4
524,2012,COURSE16,,Absent,2021,3,30,5
525,2666,COURSE15,,Absent,2022,9,7,1
526,2322,COURSE16,,Absent,2020,3,5,0
527,1476,COURSE46,,Present,2021,11,2,6
528,2109,COURSE9,,Absent,2023,7,28,0
529,2591,COURSE8,,Absent,2020,9,28,5
530,2985,COURSE47,,Absent,2021,10,20,3
531,1393,COURSE16,,Present,2021,9,3,1
532,2951,COURSE16,,Present,2020,9,16,3
533,1045,COURSE29,,Present,2022,9,3,5
534,1675,COURSE1,,Absent,2020,10,2,0
535,1113,COURSE3,,Absent,2024,5,14,2
536,1583,COURSE24,,Present,2021,1,5,6
537,1909,COURSE49,,Present,2021,9,18,5
538,2287,COURSE29,,Absent,2024,1,30,4
539,2828,COURSE3,,Absent,2021,3,5,1
540,2541,COURSE45,,Absent,2022,9,6,5
541,2801,COURSE38,,Present,2020,11,28,2
542,2706,COURSE22,,Absent,2022,3,23,6
543,1763,COURSE9,,Absent,2022,11,14,4
544,1626,COURSE7,,Present,2023,5,5,5
545,2459,COURSE25,,Present,2022,10,22,1
546,2758,COURSE40,,Present,2023,9,12,5
547,2591,COURSE11,,Present,2024,12,7,4
548,2403,COURSE13,,Absent,2020,12,20,0
549,2227,COURSE36,,Present,2023,8,4,0
550,2896,COURSE42,,Present,2022,10,17,0
551,1270,COURSE36,,Absent,2020,5,30,3
552,1684,COURSE21,,Present,2020,10,23,5
553,2792,COURSE46,,Absent,2024,10,31,4
554,2067,COURSE32,,Absent,2023,7,10,0
555,2323,COURSE35,,Present,2023,3,25,5
556,2843,COURSE1,,Present,2024,6,12,5
557,2266,COURSE8,,Present,2023,9,31,5
558,2409,COURSE50,,Absent,2022,10,6,6
559,2988,COURSE7,,Absent,2023,2,3,0
560,2764,COURSE42,,Present,2022,1,19,4
561,2856,COURSE26,,Absent,2024,2,31,5
562,1821,COURSE5,,Present,2023,9,11,4
563,2170,COURSE6,,Absent,2021,2,9,6
564,2270,COURSE22,,Present,2020,8,24,3
565,1583,COURSE36,,Present,2021,11,10,4
566,1866,COURSE32,,Present,2024,4,29,3
567,2462,COURSE39,,Present,2020,11,13,2
568,2496,COURSE2,,Absent,2023,10,29,5
569,2564,COURSE1,,Present,2024,12,14,6
570,1145,COURSE3,,Absent,2020,6,2,3
571,2740,COURSE44,,Present,2024,12,30,4
572,1709,COURSE18,,Present,2020,8,3,6
573,2438,COURSE18,,Absent,2024,4,24,1
574,2239,COURSE26,,Absent,2024,8,27,3
575,1045,COURSE14,,Absent,2023,9,8,1
576,2653,COURSE4,,Absent,2021,10,13,5
577,1974,COURSE20,,Absent,2020,11,31,4
578,2763,COURSE42,,Present,2024,5,14,3
579,1249,COURSE7,,Absent,2021,1,5,6
580,2793,COURSE41,,Absent,2021,1,23,1
581,2064,COURSE39,,Absent,2023,9,13,3
582,2511,COURSE2,,Absent,2020,3,20,4
583,2816,COURSE25,,Absent,2021,7,13,2
584,2082,COURSE25,,Absent,2022,11,5,2
585,1465,COURSE50,,Absent,2021,8,8,0
586,2527,COURSE4,,Absent,2020,10,3,0
587,1561,COURSE46,,Present,2022,1,29,1
588,1776,COURSE6,,Present,2022,5,1,4
589,1034,COURSE47,,Absent,2020,5,4,2
590,2165,COURSE3,,Present,2022,6,23,1
591,2025,COURSE13,,Present,2020,7,16,5
592,1797,COURSE28,,Absent,2022,11,27,4
593,2946,COURSE4,,Present,2023,2,20,3
594,2674,COURSE24,,Absent,2022,11,12,0
595,1179,COURSE16,,Present,2020,3,26,4
596,1711,COURSE6,,Present,2020,12,14,1
597,1415,COURSE28,,Absent,2023,7,18,1
598,1715,COURSE22,,Present,2021,11,30,3
599,1802,COURSE23,,Absent,2020,11,13,4
600,1455,COURSE14,,Absent,2021,7,23,5
601,2008,COURSE2,,Absent,2023,9,14,3
602,2121,COURSE35,,Present,2024,9,7,3
603,2224,COURSE42,,Absent,2021,9,26,6
604,2138,COURSE8,,Absent,2023,6,18,5
605,1071,COURSE46,,Present,2023,4,27,1
606,1065,COURSE11,,Absent,2024,6,18,6
607,2551,COURSE13,,Absent,2021,6,30,1
608,1856,COURSE24,,Present,2023,4,31,4
609,2549,COURSE10,,Absent,2024,2,3,1
610,1641,COURSE20,,Absent,2022,9,24,0
611,1483,COURSE50,,Present,2021,12,7,0
612,1631,COURSE2,,Present,2022,7,27,3
613,2358,COURSE4,,Absent,2022,2,23,5
614,2560,COURSE39,,Present,2020,9,8,1
615,2223,COURSE43,,Present,2020,1,24,1
616,1146,COURSE33,,Absent,2023,3,24,1
617,1360,COURSE26,,Present,2023,8,6,2
618,1276,COURSE21,,Present,2023,2,14,5
619,2414,COURSE33,,Absent,2024,5,9,4
620,2410,COURSE6,,Present,2022,4,17,6
621,2433,COURSE22,,Present,2021,8,6,3
622,1951,COURSE12,,Absent,2021,5,27,2
623,2459,COURSE48,,Absent,2021,12,22,2
624,2345,COURSE49,,Absent,2022,4,7,0
625,2633,COURSE42,,Present,2022,10,20,0
626,2115,COURSE43,,Absent,2024,5,26,6
627,1150,COURSE43,,Absent,2021,3,8,4
628,2492,COURSE15,,Absent,2024,4,3,6
629,1105,COURSE27,,Present,2021,9,8,5
630,1979,COURSE4,,Absent,2023,4,16,3
631,2552,COURSE6,,Absent,2022,5,20,5
632,2910,COURSE36,,Absent,2022,4,1,1
633,1769,COURSE28,,Present,2024,10,28,3
634,1613,COURSE2,,Present,2023,8,30,1
635,1482,COURSE46,,Present,2021,4,23,4
636,2310,COURSE1,,Absent,2024,1,27,5
637,2227,COURSE36,,Present,2024,2,6,4
638,2641,COURSE20,,Present,2021,7,19,0
639,1286,COURSE36,,Absent,2022,2,30,6
640,1945,COURSE12,,Absent,2020,6,28,2
641,2736,COURSE12,,Absent,2023,11,25,5
642,2988,COURSE27,,Present,2021,3,5,3
643,2933,COURSE23,,Present,2024,3,18,1
644,1697,COURSE33,,Absent,2024,12,20,1
645,1917,COURSE46,,Absent,2022,4,14,5
646,1516,COURSE33,,Absent,2022,3,21,5
647,1915,COURSE37,,Present,2024,6,3,2
648,1924,COURSE11,,Absent,2020,9,3,4
649,2611,COURSE9,,Present,2020,12,15,1
650,1819,COURSE24,,Absent,2022,4,18,4
651,2716,COURSE37,,Absent,2024,1,25,1
652,2526,COURSE6,,Absent,2022,4,4,3
653,2987,COURSE19,,Present,2021,6,30,0
654,2144,COURSE33,,Absent,2022,12,14,6
655,2157,COURSE17,,Absent,2023,1,12,1
656,2263,COURSE49,,Present,2021,1,22,3
657,2775,COURSE50,,Absent,2023,8,22,5
658,1641,COURSE3,,Present,2023,12,12,2
659,2659,COURSE4,,Absent,2021,1,29,4
660,1395,COURSE6,,Present,2021,4,10,3
661,2795,COURSE35,,Present,2021,12,8,6
662,1785,COURSE35,,Present,2023,9,21,3
663,1796,COURSE6,,Present,2023,8,22,4
664,2522,COURSE24,,Present,2023,8,1,0
665,2750,COURSE17,,Present,2022,1,9,1
666,2510,COURSE42,,Absent,2020,7,14,0
667,2692,COURSE2,,Absent,2021,10,24,1
668,1766,COURSE17,,Absent,2023,2,1,4
669,2888,COURSE6,,Absent,2022,11,18,5
670,1245,COURSE1,,Absent,2024,9,2,0
671,1342,COURSE37,,Present,2023,10,7,0
672,1332,COURSE17,,Absent,2024,2,24,2
673,2350,COURSE7,,Absent,2022,7,4,4
674,2494,COURSE9,,Present,2021,12,1,2
675,1370,COURSE41,,Present,2024,6,13,0
676,2026,COURSE24,,Present,2022,5,29,2
677,1386,COURSE42,,Absent,2024,2,24,6
678,2504,COURSE32,,Present,2022,7,9,5
679,1853,COURSE2,,Present,2022,8,15,3
680,2648,COURSE45,,Present,2022,9,28,5
681,2407,COURSE41,,Absent,2022,11,30,2
682,1983,COURSE14,,Absent,2020,10,12,3
683,1822,COURSE48,,Present,2024,7,13,3
684,2220,COURSE15,,Present,2021,11,23,3
685,2275,COURSE38,,Present,2022,1,14,5
686,2941,COURSE1,,Absent,2022,8,17,6
687,1097,COURSE5,,Present,2023,9,13,6
688,2247,COURSE32,,Absent,2021,1,14,3
689,2317,COURSE39,,Absent,2022,4,4,3
690,1001,COURSE45,,Absent,2020,3,12,5
691,2985,COURSE37,,Present,2021,3,20,1
692,2588,COURSE36,,Absent,2021,12,30,5
693,2113,COURSE17,,Absent,2024,3,11,5
694,1513,COURSE11,,Present,2020,10,30,2
695,1931,COURSE37,,Present,2024,3,3,5
696,2000,COURSE17,,Absent,2020,12,22,0
697,2421,COURSE50,,Present,2023,1,7,3
698,2471,COURSE12,,Present,2024,8,4,5
699,2353,COURSE13,,Absent,2022,10,6,4
700,2298,COURSE26,,Present,2023,9,18,3
701,2391,COURSE49,,Present,2022,1,12,1
702,2389,COURSE33,,Present,2023,3,26,4
703,2006,COURSE38,,Absent,2024,8,1,1
704,1139,COURSE17,,Absent,2022,7,11,3
705,2027,COURSE6,,Present,2021,7,22,6
706,2345,COURSE40,,Present,2020,9,27,4
707,2244,COURSE40,,Absent,2022,8,29,5
708,2390,COURSE43,,Present,2021,9,31,4
709,1395,COURSE22,,Present,2022,8,18,3
710,1897,COURSE43,,Present,2024,5,1,1
711,1438,COURSE7,,Absent,2021,11,23,6
712,2855,COURSE40,,Absent,2024,3,14,3
713,1012,COURSE1,,Absent,2022,8,25,4
714,2334,COURSE5,,Present,2023,7,19,1
715,2803,COURSE35,,Present,2022,5,7,4
716,1986,COURSE46,,Present,2023,3,1,5
717,1132,COURSE49,,Absent,2024,4,24,4
718,2282,COURSE32,,Absent,2021,1,23,0
719,2777,COURSE17,,Absent,2021,10,11,3
720,1354,COURSE32,,Present,2024,2,17,1
721,2651,COURSE46,,Absent,2024,2,13,4
722,1285,COURSE4,,Present,2020,8,29,1
723,1112,COURSE12,,Present,2020,2,15,1
724,2287,COURSE42,,Present,2023,3,11,4
725,2421,COURSE4,,Absent,2024,3,8,6
726,2766,COURSE25,,Present,2020,2,21,3
727,2795,COURSE7,,Present,2022,1,17,3
728,1642,COURSE16,,Absent,2021,10,20,6
729,1888,COURSE46,,Present,2022,7,9,5
730,1938,COURSE42,,Absent,2023,1,11,1
731,1646,COURSE34,,Absent,2024,6,30,4
732,1155,COURSE3,,Present,2020,6,20,2
733,2828,COURSE46,,Absent,2023,2,15,4
734,1730,COURSE40,,Absent,2022,12,15,6
735,2127,COURSE13,,Absent,2023,10,15,5
736,1652,COURSE46,,Absent,2022,11,18,4
737,2078,COURSE23,,Present,2024,1,20,1
738,2700,COURSE30,,Absent,2020,12,10,2
739,2533,COURSE35,,Present,2024,12,19,5
740,2955,COURSE6,,Absent,2022,10,24,2
741,1900,COURSE28,,Absent,2020,4,3,3
742,2993,COURSE20,,Absent,2021,3,8,6
743,2730,COURSE19,,Present,2020,5,27,2
744,2646,COURSE9,,Present,2021,9,7,1
745,1016,COURSE23,,Present,2024,9,30,4
746,1553,COURSE14,,Absent,2024,7,15,3
747,1147,COURSE11,,Absent,2020,7,6,1
748,1381,COURSE20,,Absent,2023,9,17,3
749,1788,COURSE48,,Absent,2020,7,6,1
750,2553,COURSE13,,Present,2022,9,26,4
751,2741,COURSE32,,Present,2022,12,1,4
752,2384,COURSE45,,Absent,2023,1,10,2
753,2693,COURSE22,,Absent,2022,8,30,3
754,1305,COURSE14,,Present,2022,1,29,4
755,2561,COURSE20,,Present,2023,12,23,4
756,1881,COURSE4,,Absent,2021,1,21,0
757,2759,COURSE22,,Present,2021,12,7,6
758,2932,COURSE12,,Absent,2020,8,16,5
759,1804,COURSE44,,Present,2023,9,17,5
760,1048,COURSE2,,Present,2020,10,22,3
761,2939,COURSE11,,Absent,2021,5,27,2
762,1890,COURSE6,,Absent,2020,1,19,1
763,2137,COURSE23,,Absent,2024,1,6,6
764,1274,COURSE7,,Present,2024,8,23,2
765,2127,COURSE24,,Present,2024,10,24,3
766,2211,COURSE13,,Present,2022,12,26,3
767,1315,COURSE3,,Absent,2021,2,19,4
768,2691,COURSE38,,Present,2024,9,26,6
769,2187,COURSE42,,Present,2020,8,4,6
770,2736,COURSE24,,Absent,2024,3,28,0
771,1385,COURSE1,,Absent,2021,4,4,4
772,2284,COURSE16,,Present,2022,8,11,3
773,1677,COURSE1,,Absent,2023,4,4,4
774,1938,COURSE31,,Absent,2023,9,29,2
775,2824,COURSE44,,Absent,2023,12,11,6
776,1812,COURSE4,,Absent,2023,10,29,3
777,2009,COURSE2,,Present,2022,5,29,4
778,1357,COURSE25,,Absent,2023,10,11,2
779,2152,COURSE44,,Absent,2024,5,7,5
780,1760,COURSE30,,Present,2021,6,9,6
781,2180,COURSE50,,Absent,2023,8,3,0
782,1828,COURSE34,,Present,2020,10,21,1
783,2704,COURSE9,,Absent,2022,8,26,3
784,2476,COURSE46,,Present,2024,6,29,4
785,2745,COURSE14,,Present,2021,10,23,4
786,2056,COURSE19,,Present,2020,11,11,1
787,1471,COURSE10,,Present,2022,4,29,5
788,2755,COURSE21,,Present,2020,3,12,5
789,1576,COURSE36,,Present,2023,12,14,4
790,2760,COURSE14,,Present,2020,12,3,0
791,1109,COURSE46,,Absent,2020,7,13,2
792,2475,COURSE14,,Present,2023,10,27,2
793,1401,COURSE11,,Present,2020,2,28,4
794,2598,COURSE20,,Present,2024,4,23,1
795,1260,COURSE9,,Present,2022,2,11,0
796,1759,COURSE15,,Present,2022,6,27,1
797,1846,COURSE5,,Absent,2024,2,25,6
798,1112,COURSE38,,Absent,2023,7,19,0
799,1759,COURSE6,,Present,2021,9,8,6
800,1661,COURSE32,,Absent,2020,9,7,2
801,1253,COURSE8,,Absent,2020,7,11,3
802,2305,COURSE47,,Absent,2022,8,16,4
803,1352,COURSE17,,Absent,2020,4,15,2
804,2601,COURSE5,,Present,2022,3,8,6
805,2161,COURSE11,,Absent,2024,11,10,2
806,1500,COURSE21,,Absent,2024,3,14,5
807,1025,COURSE16,,Absent,2022,11,27,0
808,2974,COURSE47,,Absent,2020,3,18,4
809,1870,COURSE16,,Present,2024,4,8,1
810,2204,COURSE29,,Absent,2022,8,7,5
811,1309,COURSE30,,Present,2020,11,13,4
812,2101,COURSE31,,Present,2023,1,15,4
813,1464,COURSE27,,Present,2023,6,21,1
814,1139,COURSE23,,Present,2020,8,22,0
815,2460,COURSE6,,Absent,2020,4,3,2
816,1421,COURSE1,,Absent,2020,10,23,5
817,1801,COURSE7,,Present,2020,2,25,1
818,1593,COURSE34,,Present,2024,6,5,5
819,2224,COURSE39,,Present,2022,1,23,2
820,1241,COURSE6,,Present,2024,7,9,2
821,1974,COURSE3,,Absent,2022,11,18,4
822,2813,COURSE33,,Present,2022,10,15,3
823,2757,COURSE9,,Present,2020,7,30,4
824,1353,COURSE8,,Absent,2022,10,17,2
825,1808,COURSE48,,Absent,2024,6,3,3
826,2214,COURSE35,,Absent,2021,9,25,4
827,1968,COURSE46,,Present,2023,7,12,5
828,1518,COURSE2,,Absent,2020,4,9,0
829,2026,COURSE13,,Absent,2023,11,11,5
830,1628,COURSE15,,Present,2023,1,29,5
831,2360,COURSE19,,Absent,2024,2,6,6
832,1752,COURSE19,,Present,2023,4,20,2
833,1861,COURSE29,,Absent,2024,9,30,6
834,2407,COURSE46,,Present,2024,10,11,5
835,2503,COURSE46,,Absent,2023,4,28,1
836,1051,COURSE27,,Absent,2020,1,31,4
837,2342,COURSE49,,Present,2021,3,20,6
838,1184,COURSE20,,Absent,2020,10,31,0
839,2378,COURSE36,,Absent,2021,7,10,3
840,2598,COURSE42,,Absent,2020,6,19,0
841,2663,COURSE46,,Present,2024,10,11,2
842,2948,COURSE47,,Present,2023,7,19,6
843,2787,COURSE11,,Present,2022,12,11,2
844,2007,COURSE37,,Absent,2022,8,7,2
845,2064,COURSE37,,Present,2024,4,14,4
846,2837,COURSE43,,Present,2020,8,26,4
847,1290,COURSE10,,Absent,2021,7,4,4
848,2049,COURSE26,,Present,2021,5,12,4
849,2245,COURSE50,,Absent,2023,10,26,0
850,1474,COURSE36,,Present,2024,7,1,6
851,2892,COURSE39,,Absent,2022,3,15,1
852,2182,COURSE32,,Present,2022,4,7,0
853,2196,COURSE20,,Present,2022,8,25,2
854,2140,COURSE31,,Present,2020,7,23,3
855,1572,COURSE9,,Present,2020,12,8,6
856,2261,COURSE6,,Present,2022,4,2,1
857,2614,COURSE26,,Absent,2021,8,3,2
858,2014,COURSE34,,Absent,2023,9,20,3
859,2546,COURSE17,,Present,2024,9,4,5
860,2394,COURSE28,,Present,2024,12,8,6
861,1909,COURSE20,,Present,2020,7,26,3
862,1968,COURSE27,,Absent,2022,2,30,6
863,2845,COURSE14,,Present,2021,9,30,4
864,2736,COURSE6,,Present,2022,1,20,1
865,2436,COURSE27,,Absent,2021,1,29,4
866,1175,COURSE6,,Absent,2020,9,18,5
867,1238,COURSE33,,Present,2021,10,10,5
868,1023,COURSE31,,Present,2020,8,26,6
869,2780,COURSE34,,Absent,2024,9,4,2
870,2128,COURSE39,,Present,2024,10,27,4
871,1287,COURSE31,,Present,2020,4,10,1
872,1971,COURSE5,,Absent,2021,9,24,4
873,1697,COURSE44,,Absent,2020,9,5,3
874,1726,COURSE23,,Present,2023,1,29,0
875,1312,COURSE40,,Present,2023,12,8,3
876,1435,COURSE16,,Present,2020,7,15,6
877,2154,COURSE41,,Present,2022,7,9,5
878,1064,COURSE34,,Present,2021,7,10,4
879,1547,COURSE40,,Absent,2021,7,17,2
880,2898,COURSE11,,Absent,2021,9,20,0
881,2630,COURSE11,,Present,2024,1,9,4
882,2434,COURSE16,,Present,2022,5,4,2
883,2054,COURSE3,,Absent,2022,8,18,3
884,1724,COURSE9,,Absent,2023,6,12,6
885,1211,COURSE20,,Absent,2020,8,24,6
886,2174,COURSE38,,Absent,2022,5,20,1
887,1921,COURSE48,,Present,2023,12,27,1
888,1936,COURSE1,,Present,2020,12,8,0
889,1520,COURSE7,,Present,2023,5,2,0
890,1942,COURSE39,,Absent,2022,9,20,4
891,1815,COURSE43,,Present,2023,11,2,2
892,2471,COURSE33,,Absent,2021,4,5,3
893,2518,COURSE18,,Present,2023,2,8,5
894,2402,COURSE33,,Present,2023,6,18,4
895,1075,COURSE39,,Present,2024,8,20,6
896,2870,COURSE10,,Present,2020,11,8,3
897,2055,COURSE20,,Present,2021,1,11,0
898,2506,COURSE24,,Present,2020,8,30,3
899,1921,COURSE31,,Present,2024,11,8,5
900,2118,COURSE32,,Present,2020,12,24,6
901,1635,COURSE23,,Present,2021,6,30,1
902,2909,COURSE16,,Absent,2024,10,25,2
903,2799,COURSE19,,Absent,2023,12,16,4
904,2881,COURSE25,,Absent,2024,5,26,2
905,2492,COURSE1,,Absent,2021,7,24,1
906,2585,COURSE26,,Present,2022,10,26,0
907,1014,COURSE30,,Absent,2024,8,1,1
908,2495,COURSE9,,Present,2020,2,9,3
909,1775,COURSE5,,Present,2023,3,25,4
910,2227,COURSE5,,Present,2020,5,23,5
911,1656,COURSE43,,Present,2022,12,22,0
912,2766,COURSE10,,Present,2024,8,3,6
913,1111,COURSE2,,Present,2023,10,30,5
914,2727,COURSE46,,Absent,2024,9,20,1
915,1097,COURSE47,,Absent,2021,1,7,5
916,2761,COURSE16,,Absent,2023,3,5,4
917,1956,COURSE15,,Absent,2024,10,23,1
918,1083,COURSE7,,Present,2022,6,12,0
919,1020,COURSE25,,Present,2023,4,19,4
920,2028,COURSE34,,Absent,2022,4,12,3
921,2742,COURSE40,,Absent,2022,7,6,5
922,1100,COURSE4,,Present,2021,7,20,6
923,2043,COURSE7,,Absent,2024,9,21,5
924,2145,COURSE23,,Absent,2022,3,9,2
925,2830,COURSE37,,Absent,2023,12,27,5
926,1246,COURSE42,,Present,2024,2,2,6
927,2218,COURSE9,,Present,2022,7,24,1
928,2351,COURSE33,,Absent,2020,8,9,5
929,2238,COURSE1,,Absent,2024,3,27,2
930,1083,COURSE32,,Absent,2020,4,9,5
931,1088,COURSE38,,Present,2023,7,8,0
932,2114,COURSE48,,Present,2022,6,5,4
933,2682,COURSE26,,Absent,2021,9,25,0
934,1964,COURSE18,,Present,2023,7,29,0
935,2217,COURSE44,,Present,2022,8,22,0
936,2646,COURSE22,,Present,2024,5,5,3
937,1827,COURSE8,,Absent,2024,10,18,5
938,2707,COURSE25,,Absent,2021,10,31,2
939,1999,COURSE29,,Absent,2021,4,11,1
940,1935,COURSE6,,Absent,2020,10,21,5
941,1210,COURSE5,,Absent,2022,6,22,1
942,1456,COURSE20,,Present,2024,12,1,0
943,2338,COURSE24,,Absent,2023,6,15,3
944,2835,COURSE40,,Present,2022,6,13,0
945,2149,COURSE27,,Absent,2020,4,16,1
946,1650,COURSE9,,Absent,2020,12,20,1
947,1017,COURSE16,,Present,2020,4,10,2
948,2444,COURSE7,,Absent,2022,1,23,2
949,1069,COURSE32,,Present,2024,2,3,6
950,1765,COURSE33,,Present,2024,12,7,4
951,1973,COURSE37,,Absent,2023,12,29,1
952,2991,COURSE46,,Absent,2023,2,4,6
953,1014,COURSE2,,Present,2021,6,20,5
954,1303,COURSE4,,Absent,2020,5,7,5
955,1966,COURSE5,,Present,2020,8,6,5
956,2911,COURSE44,,Absent,2024,7,10,2
957,2197,COURSE28,,Present,2020,12,1,1
958,2495,COURSE50,,Present,2020,6,14,1
959,2031,COURSE47,,Absent,2024,9,7,1
960,1968,COURSE41,,Present,2023,8,8,5
961,2115,COURSE2,,Absent,2021,3,3,4
962,2871,COURSE14,,Absent,2020,2,13,5
963,1987,COURSE3,,Absent,2021,10,21,1
964,1659,COURSE43,,Absent,2024,4,30,1
965,1449,COURSE7,,Present,2024,12,31,3
966,2366,COURSE16,,Absent,2021,4,20,5
967,1871,COURSE47,,Absent,2020,10,30,3
968,2971,COURSE11,,Absent,2022,7,14,4
969,2998,COURSE19,,Absent,2022,4,21,4
970,1719,COURSE49,,Absent,2020,8,21,1
971,1042,COURSE3,,Absent,2023,7,20,5
972,1830,COURSE43,,Absent,2024,6,4,6
973,2899,COURSE18,,Absent,2020,7,23,2
974,2146,COURSE1,,Absent,2020,9,26,3
975,2077,COURSE2,,Absent,2023,3,27,2
976,1283,COURSE25,,Absent,2021,7,4,6
977,1970,COURSE22,,Present,2022,8,13,3
978,2047,COURSE48,,Present,2022,9,10,4
979,2647,COURSE13,,Absent,2020,5,9,3
980,1381,COURSE47,,Absent,2020,8,11,2
981,2299,COURSE50,,Present,2020,8,27,3
982,2234,COURSE18,,Present,2021,10,26,1
983,1058,COURSE7,,Absent,2021,9,25,2
984,1433,COURSE2,,Absent,2022,4,23,1
985,1340,COURSE41,,Absent,2022,5,27,5
986,2632,COURSE37,,Absent,2024,3,16,1
987,2780,COURSE20,,Present,2021,8,31,2
988,1887,COURSE10,,Absent,2024,9,18,0
989,2088,COURSE10,,Absent,2024,9,18,2
990,1619,COURSE11,,Absent,2020,6,10,1
991,2828,COURSE49,,Absent,2021,8,5,6
992,1603,COURSE6,,Absent,2024,9,17,5
993,1698,COURSE6,,Absent,2024,7,14,5
994,2483,COURSE48,,Present,2024,3,5,1
995,1055,COURSE23,,Present,2022,2,19,1
996,1171,COURSE4,,Absent,2021,7,31,6
997,2598,COURSE1,,Absent,2023,2,28,2
998,1931,COURSE42,,Absent,2022,5,23,3
999,2563,COURSE17,,Present,2020,7,1,2
1000,1970,COURSE3,,Absent,2022,12,19,6
1001,2768,COURSE9,,Present,2022,1,7,1
1002,2692,COURSE19,,Present,2021,5,2,4
1003,2007,COURSE45,,Absent,2021,2,25,4
1004,2495,COURSE31,,Present,2021,2,25,3
1005,1480,COURSE17,,Present,2024,8,4,4
1006,2981,COURSE43,,Absent,2023,7,1,0
1007,1972,COURSE39,,Absent,2023,2,23,2
1008,1542,COURSE24,,Absent,2024,3,8,1
1009,1700,COURSE22,,Absent,2023,1,5,2
1010,1485,COURSE10,,Present,2024,2,4,4
1011,1636,COURSE12,,Absent,2023,2,23,2
1012,1562,COURSE31,,Present,2023,6,29,2
1013,1641,COURSE45,,Present,2020,8,16,0
1014,2179,COURSE3,,Absent,2024,8,14,4
1015,1847,COURSE47,,Present,2020,7,4,5
1016,2620,COURSE3,,Absent,2021,9,22,6
1017,2887,COURSE11,,Present,2021,7,17,6
1018,1726,COURSE1,,Present,2021,1,12,4
1019,1575,COURSE4,,Absent,2024,1,3,2
1020,1382,COURSE3,,Present,2023,6,19,3
1021,2523,COURSE15,,Present,2023,6,9,4
1022,2069,COURSE5,,Present,2022,7,27,1
1023,2496,COURSE46,,Present,2021,6,21,4
1024,1923,COURSE23,,Present,2022,12,18,5
1025,2733,COURSE29,,Present,2021,11,3,1
1026,2542,COURSE36,,Absent,2022,12,22,0
1027,2034,COURSE8,,Present,2020,1,10,5
1028,1114,COURSE22,,Present,2020,10,25,0
1029,2116,COURSE3,,Absent,2024,3,24,4
1030,2973,COURSE20,,Absent,2023,2,26,5
1031,1335,COURSE27,,Absent,2021,1,2,3
1032,1302,COURSE39,,Absent,2020,12,8,4
1033,1703,COURSE35,,Present,2024,1,23,4
1034,2683,COURSE49,,Absent,2022,11,20,5
1035,1160,COURSE13,,Present,2020,2,27,1
1036,2458,COURSE7,,Absent,2022,10,24,4
1037,1904,COURSE39,,Present,2023,7,2,2
1038,1888,COURSE16,,Absent,2024,2,23,5
1039,1734,COURSE1,,Absent,2022,7,2,2
1040,1496,COURSE5,,Absent,2024,4,14,2
1041,1783,COURSE41,,Absent,2020,7,5,2
1042,1075,COURSE46,,Present,2021,6,3,6
1043,1104,COURSE10,,Present,2023,3,23,0
1044,1340,COURSE36,,Present,2021,10,4,1
1045,2680,COURSE32,,Absent,2024,8,24,5
1046,2705,COURSE20,,Absent,2023,12,16,6
1047,1815,COURSE39,,Absent,2022,7,14,5
1048,1054,COURSE42,,Absent,2020,3,29,1
1049,1954,COURSE29,,Absent,2023,3,14,5
1050,1358,COURSE48,,Present,2024,11,18,5
1051,2334,COURSE10,,Absent,2022,1,20,4
1052,2512,COURSE36,,Absent,2024,9,1,5
1053,2363,COURSE25,,Present,2024,9,11,6
1054,1792,COURSE33,,Absent,2022,6,30,1
1055,1128,COURSE33,,Present,2020,10,27,0
1056,1279,COURSE40,,Present,2020,9,10,3
1057,1464,COURSE40,,Absent,2023,2,30,4
1058,2097,COURSE34,,Present,2020,10,19,2
1059,1394,COURSE1,,Present,2024,9,10,0
1060,2338,COURSE25,,Absent,2020,1,12,3
1061,2259,COURSE28,,Absent,2020,10,7,6
1062,2161,COURSE18,,Present,2020,2,19,2
1063,1674,COURSE32,,Absent,2023,1,25,2
1064,1645,COURSE33,,Present,2021,9,30,1
1065,2866,COURSE8,,Present,2023,4,2,5
1066,2568,COURSE22,,Present,2023,1,24,3
1067,2345,COURSE32,,Present,2023,7,25,4
1068,1182,COURSE32,,Absent,2024,8,25,6
1069,1084,COURSE42,,Present,2021,4,18,3
1070,2908,COURSE47,,Present,2020,1,12,5
1071,2681,COURSE15,,Absent,2020,10,8,3
1072,1766,COURSE20,,Absent,2020,6,21,6
1073,2416,COURSE31,,Present,2024,5,16,3
1074,1347,COURSE40,,Absent,2022,12,27,3
1075,1386,COURSE33,,Present,2021,2,20,1
1076,1481,COURSE17,,Present,2023,1,1,6
1077,2605,COURSE43,,Absent,2020,9,10,2
1078,1921,COURSE9,,Present,2021,5,22,4
1079,2106,COURSE4,,Absent,2024,11,1,0
1080,1486,COURSE38,,Present,2021,4,7,4
1081,1123,COURSE24,,Absent,2022,12,17,5
1082,1121,COURSE20,,Absent,2022,5,5,0
1083,1367,COURSE23,,Absent,2020,10,31,0
1084,1559,COURSE17,,Absent,2023,2,22,6
1085,2900,COURSE27,,Present,2021,11,20,2
1086,1057,COURSE26,,Absent,2021,7,3,5
1087,1327,COURSE27,,Absent,2020,1,19,6
1088,1892,COURSE3,,Present,2023,9,16,5
1089,1988,COURSE27,,Present,2020,8,12,5
1090,2100,COURSE3,,Present,2024,8,24,6
1091,2355,COURSE3,,Present,2020,1,17,4
1092,2447,COURSE19,,Absent,2020,7,6,5
1093,1466,COURSE5,,Absent,2022,12,8,0
1094,2533,COURSE35,,Absent,2022,10,16,0
1095,2539,COURSE33,,Present,2023,7,2,4
1096,1888,COURSE7,,Present,2024,5,29,0
1097,2540,COURSE46,,Absent,2022,12,16,0
1098,1159,COURSE36,,Present,2021,8,25,4
1099,2031,COURSE22,,Present,2024,5,13,2
1100,2135,COURSE11,,Absent,2020,8,25,4
1101,2916,COURSE49,,Present,2024,7,26,1
1102,1995,COURSE1,,Absent,2023,1,14,5
1103,1158,COURSE14,,Present,2024,10,16,0
1104,2223,COURSE11,,Present,2021,3,2,2
1105,1347,COURSE13,,Absent,2022,2,14,1
1106,1006,COURSE36,,Present,2021,11,28,3
1107,1315,COURSE32,,Absent,2022,6,8,6
1108,1705,COURSE5,,Absent,2023,11,14,6
1109,2853,COURSE31,,Absent,2021,10,17,4
1110,1802,COURSE16,,Absent,2022,1,5,5
1111,1085,COURSE1,,Absent,2020,12,18,1
1112,2366,COURSE24,,Present,2023,2,30,0
1113,2376,COURSE33,,Present,2023,9,8,1
1114,1821,COURSE34,,Absent,2020,12,2,5
1115,2497,COURSE23,,Present,2021,7,23,5
1116,1566,COURSE24,,Present,2024,12,12,3
1117,1825,COURSE43,,Absent,2021,2,8,2
1118,1312,COURSE9,,Present,2023,8,26,2
1119,2331,COURSE13,,Absent,2023,11,25,3
1120,1997,COURSE14,,Absent,2023,8,17,4
1121,2172,COURSE37,,Present,2023,8,14,6
1122,2125,COURSE19,,Present,2024,5,23,0
1123,2603,COURSE7,,Absent,2024,12,9,4
1124,2192,COURSE31,,Present,2020,3,9,0
1125,1227,COURSE49,,Present,2020,4,29,4
1126,1134,COURSE1,,Absent,2020,9,29,6
1127,2774,COURSE43,,Absent,2024,2,1,0
1128,1523,COURSE17,,Present,2023,6,13,5
1129,1289,COURSE35,,Present,2024,5,28,3
1130,2505,COURSE3,,Present,2023,1,26,5
1131,1350,COURSE30,,Present,2022,8,9,3
1132,1350,COURSE50,,Present,2022,7,20,5
1133,2768,COURSE49,,Absent,2024,7,14,4
1134,1865,COURSE1,,Present,2023,10,29,4
1135,1250,COURSE5,,Present,2022,1,31,4
1136,2737,COURSE14,,Absent,2022,2,5,1
1137,2982,COURSE22,,Absent,2023,2,28,1
1138,1412,COURSE17,,Absent,2024,8,24,4
1139,1525,COURSE7,,Present,2020,4,9,5
1140,1542,COURSE35,,Present,2023,7,24,1
1141,1912,COURSE1,,Absent,2022,2,8,0
1142,1248,COURSE7,,Absent,2020,9,18,5
1143,2979,COURSE28,,Present,2021,4,25,4
1144,2633,COURSE42,,Present,2021,7,20,0
1145,2500,COURSE22,,Absent,2021,4,9,5
1146,1706,COURSE45,,Absent,2020,8,14,0
1147,1006,COURSE11,,Absent,2024,6,23,0
1148,1543,COURSE5,,Absent,2020,9,26,5
1149,1949,COURSE15,,Absent,2022,12,17,1
1150,2567,COURSE50,,Present,2024,10,16,0
1151,2067,COURSE21,,Present,2023,6,16,0
1152,1388,COURSE12,,Present,2024,5,29,1
1153,2652,COURSE44,,Present,2020,12,3,5
1154,2118,COURSE3,,Present,2022,3,13,1
1155,1507,COURSE20,,Absent,2021,8,17,5
1156,2002,COURSE11,,Present,2020,5,23,4
1157,1413,COURSE24,,Present,2020,7,20,2
1158,2094,COURSE17,,Absent,2021,9,8,2
1159,2137,COURSE39,,Present,2024,7,19,6
1160,1498,COURSE27,,Absent,2023,7,24,1
1161,2953,COURSE44,,Present,2020,10,25,3
1162,2466,COURSE4,,Absent,2023,9,6,5
1163,1992,COURSE49,,Absent,2021,2,5,4
1164,1820,COURSE33,,Present,2024,12,14,5
1165,1877,COURSE1,,Present,2023,2,20,6
1166,2921,COURSE21,,Absent,2024,1,25,1
1167,1629,COURSE41,,Present,2023,9,15,0
1168,2153,COURSE16,,Present,2024,7,14,0
1169,2158,COURSE19,,Present,2022,5,21,3
1170,1684,COURSE40,,Present,2022,8,23,6
1171,2183,COURSE23,,Absent,2021,8,30,0
1172,2864,COURSE33,,Present,2023,9,10,5
1173,2385,COURSE26,,Present,2020,8,8,5
1174,2934,COURSE22,,Present,2024,6,1,4
1175,2141,COURSE39,,Absent,2023,8,24,1
1176,2154,COURSE17,,Present,2020,9,19,5
1177,2010,COURSE12,,Absent,2024,12,6,4
1178,1105,COURSE49,,Present,2021,8,6,2
1179,2459,COURSE43,,Present,2020,3,6,5
1180,1060,COURSE7,,Present,2022,6,27,0
1181,2424,COURSE24,,Present,2024,9,29,1
1182,1653,COURSE32,,Absent,2021,5,6,1
1183,2537,COURSE17,,Absent,2021,2,23,5
1184,2219,COURSE29,,Present,2020,7,18,5
1185,1884,COURSE46,,Absent,2021,8,18,5
1186,2800,COURSE31,,Absent,2021,3,6,3
1187,1088,COURSE4,,Absent,2020,1,9,2
1188,1999,COURSE26,,Present,2020,9,20,3
1189,2309,COURSE24,,Absent,2021,4,29,4
1190,1300,COURSE13,,Present,2021,1,31,1
1191,2055,COURSE40,,Present,2020,6,8,3
1192,2266,COURSE19,,Present,2020,10,13,4
1193,1973,COURSE35,,Absent,2024,5,17,3
1194,2350,COURSE7,,Absent,2022,5,17,4
1195,2594,COURSE18,,Absent,2020,12,29,2
1196,1078,COURSE10,,Absent,2024,12,17,2
1197,1840,COURSE29,,Present,2023,8,16,0
1198,2539,COURSE14,,Present,2022,12,20,1
1199,1580,COURSE3,,Absent,2022,7,16,5
1200,1353,COURSE4,,Present,2020,6,10,6
1201,2673,COURSE34,,Present,2020,12,12,6
1202,1658,COURSE40,,Present,2024,10,8,1
1203,1535,COURSE32,,Absent,2022,12,27,2
1204,1491,COURSE6,,Absent,2020,7,25,2
1205,2104,COURSE1,,Absent,2020,2,12,0
1206,2828,COURSE12,,Present,2021,12,25,4
1207,1395,COURSE43,,Present,2022,8,17,0
1208,1937,COURSE16,,Absent,2023,10,18,4
1209,1717,COURSE7,,Present,2020,2,26,0
1210,1680,COURSE6,,Present,2020,9,23,3
1211,2068,COURSE26,,Absent,2024,2,19,4
1212,2087,COURSE3,,Absent,2022,6,2,6
1213,1808,COURSE12,,Absent,2024,10,1,1
1214,2518,COURSE42,,Present,2020,7,14,0
1215,1080,COURSE43,,Present,2020,11,7,1
1216,2108,COURSE48,,Present,2023,1,9,3
1217,2757,COURSE42,,Present,2020,12,30,0
1218,1144,COURSE25,,Absent,2024,7,15,2
1219,2276,COURSE42,,Present,2024,12,3,3
1220,1901,COURSE19,,Absent,2020,7,3,0
1221,2702,COURSE50,,Absent,2020,2,25,4
1222,2574,COURSE45,,Present,2020,1,24,2
1223,1678,COURSE25,,Absent,2023,10,23,6
1224,1663,COURSE35,,Present,2024,4,16,5
1225,1879,COURSE50,,Absent,2023,11,23,1
1226,1836,COURSE42,,Absent,2021,4,23,6
1227,2675,COURSE27,,Absent,2020,1,4,1
1228,2319,COURSE14,,Present,2021,7,6,2
1229,2572,COURSE36,,Absent,2024,7,26,5
1230,1634,COURSE4,,Present,2023,7,12,2
1231,2183,COURSE28,,Present,2022,10,3,0
1232,1483,COURSE6,,Present,2021,11,21,4
1233,1846,COURSE15,,Present,2021,4,5,5
1234,2531,COURSE20,,Absent,2020,11,16,1
1235,1769,COURSE29,,Present,2020,1,12,4
1236,2296,COURSE44,,Present,2020,11,14,3
1237,2523,COURSE42,,Present,2022,2,28,6
1238,1249,COURSE7,,Present,2020,7,10,5
1239,1763,COURSE3,,Present,2022,4,15,2
1240,2741,COURSE12,,Absent,2022,12,19,1
1241,1646,COURSE4,,Present,2023,10,25,5
1242,1288,COURSE44,,Present,2020,12,5,1
1243,2476,COURSE16,,Absent,2024,4,4,4
1244,2819,COURSE49,,Present,2023,7,29,5
1245,1364,COURSE24,,Absent,2021,8,4,6
1246,1284,COURSE24,,Present,2024,1,31,0
1247,2825,COURSE2,,Absent,2022,12,2,0
1248,1636,COURSE29,,Absent,2020,7,4,5
1249,1586,COURSE20,,Absent,2022,3,19,1
1250,1987,COURSE10,,Absent,2023,1,16,6
1251,1057,COURSE30,,Absent,2020,1,24,5
1252,2979,COURSE5,,Absent,2023,1,24,5
1253,1023,COURSE46,,Present,2021,8,20,5
1254,2355,COURSE43,,Absent,2023,12,18,4
1255,1347,COURSE37,,Present,2020,11,14,0
1256,2680,COURSE17,,Absent,2021,11,29,1
1257,2623,COURSE28,,Present,2021,11,1,3
1258,1406,COURSE6,,Absent,2021,5,3,1
1259,2378,COURSE3,,Present,2022,3,12,5
1260,1140,COURSE46,,Absent,2021,2,27,0
1261,2455,COURSE3,,Absent,2022,3,25,0
1262,2724,COURSE20,,Absent,2024,6,17,1
1263,2606,COURSE10,,Present,2020,7,18,5
1264,1668,COURSE43,,Absent,2021,9,5,6
1265,2556,COURSE15,,Present,2024,7,2,1
1266,2334,COURSE27,,Absent,2023,6,17,6
1267,1191,COURSE16,,Absent,2020,8,30,5
1268,1492,COURSE18,,Present,2021,5,30,3
1269,2957,COURSE15,,Present,2022,11,16,0
1270,2661,COURSE1,,Present,2023,5,6,2
1271,2456,COURSE15,,Present,2020,1,9,4
1272,1358,COURSE20,,Absent,2023,10,21,1
1273,2536,COURSE29,,Absent,2023,9,14,2
1274,1652,COURSE35,,Absent,2022,9,11,2
1275,2283,COURSE22,,Present,2021,10,25,4
1276,2923,COURSE26,,Present,2023,12,2,4
1277,1946,COURSE10,,Absent,2020,1,28,5
1278,1574,COURSE24,,Present,2022,2,5,5
1279,2083,COURSE34,,Present,2021,1,20,4
1280,1466,COURSE31,,Absent,2020,12,22,1
1281,2281,COURSE10,,Absent,2021,7,20,1
1282,1726,COURSE35,,Present,2020,10,11,0
1283,1046,COURSE7,,Present,2020,2,13,0
1284,2926,COURSE3,,Present,2024,11,12,5
1285,2513,COURSE6,,Present,2024,3,7,2
1286,2035,COURSE34,,Absent,2020,9,19,4
1287,1065,COURSE6,,Present,2024,10,3,5
1288,2432,COURSE7,,Present,2022,4,30,5
1289,1076,COURSE22,,Present,2022,5,27,0
1290,2527,COURSE14,,Absent,2021,6,30,4
1291,1970,COURSE17,,Absent,2021,10,1,6
1292,1302,COURSE36,,Absent,2023,7,29,6
1293,2069,COURSE8,,Present,2022,11,9,6
1294,2741,COURSE14,,Present,2023,6,21,2
1295,1668,COURSE20,,Absent,2020,11,16,6
1296,1422,COURSE18,,Present,2021,8,18,2
1297,2243,COURSE47,,Present,2020,12,23,1
1298,1981,COURSE20,,Present,2022,11,18,0
1299,2534,COURSE27,,Present,2022,8,30,5
1300,2951,COURSE14,,Absent,2021,12,7,3
1301,2134,COURSE17,,Present,2021,9,2,6
1302,2637,COURSE18,,Absent,2024,5,29,2
1303,2429,COURSE2,,Absent,2020,8,9,5
1304,1588,COURSE29,,Present,2021,8,15,6
1305,1665,COURSE9,,Absent,2023,1,1,4
1306,1584,COURSE22,,Present,2023,1,25,3
1307,2898,COURSE11,,Present,2023,4,15,0
1308,1734,COURSE43,,Absent,2022,9,29,5
1309,1182,COURSE9,,Present,2022,6,25,2
1310,2864,COURSE4,,Present,2022,11,14,4
1311,1755,COURSE3,,Absent,2021,4,9,4
1312,1038,COURSE8,,Present,2023,12,30,3
1313,2275,COURSE46,,Absent,2024,9,19,0
1314,1817,COURSE10,,Present,2021,1,8,0
1315,2906,COURSE3,,Present,2024,4,29,6
1316,1262,COURSE3,,Present,2021,4,18,6
1317,1735,COURSE34,,Absent,2020,8,15,5
1318,1863,COURSE11,,Absent,2020,4,11,4
1319,2335,COURSE29,,Present,2023,7,30,1
1320,2148,COURSE43,,Absent,2020,3,15,0
1321,1902,COURSE6,,Absent,2023,4,2,6
1322,2031,COURSE18,,Absent,2023,8,10,3
1323,1308,COURSE36,,Absent,2021,10,12,6
1324,2762,COURSE19,,Absent,2022,2,27,1
1325,1886,COURSE30,,Present,2021,10,17,5
1326,2349,COURSE19,,Present,2023,2,26,1
1327,2182,COURSE8,,Absent,2021,1,30,2
1328,1280,COURSE24,,Absent,2021,11,20,1
1329,2268,COURSE33,,Absent,2024,4,23,1
1330,1698,COURSE39,,Present,2022,4,21,2
1331,1341,COURSE18,,Absent,2021,10,21,2
1332,2654,COURSE30,,Present,2022,1,30,3
1333,1647,COURSE46,,Absent,2024,1,12,0
1334,2682,COURSE7,,Present,2023,3,11,5
1335,2428,COURSE12,,Present,2024,1,3,5
1336,1203,COURSE23,,Absent,2021,8,27,0
1337,1447,COURSE6,,Absent,2023,1,8,1
1338,1596,COURSE17,,Absent,2024,10,26,5
1339,1117,COURSE18,,Present,2022,4,21,5
1340,2568,COURSE36,,Absent,2020,7,18,5
1341,1106,COURSE32,,Absent,2020,7,14,4
1342,2458,COURSE45,,Absent,2020,6,29,4
1343,2020,COURSE39,,Present,2020,12,29,1
1344,2480,COURSE40,,Absent,2022,4,19,6
1345,1449,COURSE42,,Absent,2020,7,8,2
1346,1107,COURSE17,,Present,2023,3,30,4
1347,1305,COURSE40,,Present,2021,3,24,4
1348,2925,COURSE47,,Present,2023,8,17,1
1349,2248,COURSE40,,Present,2020,7,22,6
1350,2748,COURSE21,,Present,2024,11,27,3
1351,1684,COURSE30,,Absent,2023,2,7,6
1352,1942,COURSE40,,Absent,2021,9,2,6
1353,1676,COURSE17,,Absent,2021,12,20,0
1354,1767,COURSE49,,Absent,2021,12,13,0
1355,1111,COURSE6,,Present,2022,7,2,4
1356,2211,COURSE8,,Absent,2023,8,22,2
1357,1453,COURSE23,,Absent,2020,9,14,4
1358,1781,COURSE41,,Present,2024,8,24,3
1359,1084,COURSE3,,Present,2024,11,8,3
1360,1459,COURSE22,,Present,2021,3,30,6
1361,2637,COURSE22,,Present,2024,9,3,1
1362,2497,COURSE4,,Present,2020,11,3,3
1363,2371,COURSE47,,Absent,2020,4,21,6
1364,1931,COURSE1,,Absent,2021,8,15,1
1365,1695,COURSE6,,Present,2021,8,7,2
1366,1178,COURSE40,,Present,2024,4,3,2
1367,1145,COURSE44,,Absent,2022,7,20,0
1368,1602,COURSE46,,Absent,2022,7,20,6
1369,2530,COURSE49,,Present,2020,10,30,4
1370,1339,COURSE42,,Absent,2024,3,26,0
1371,2964,COURSE50,,Absent,2024,5,11,4
1372,2506,COURSE11,,Absent,2021,9,24,6
1373,2140,COURSE7,,Present,2020,10,23,1
1374,2143,COURSE32,,Present,2021,12,18,2
1375,2761,COURSE10,,Absent,2023,8,7,2
1376,2442,COURSE37,,Absent,2022,4,27,3
1377,1977,COURSE44,,Absent,2022,10,18,1
1378,2184,COURSE9,,Absent,2021,6,10,2
1379,2062,COURSE42,,Present,2021,7,3,2
1380,1913,COURSE27,,Absent,2021,2,22,2
1381,1701,COURSE22,,Absent,2023,2,25,6
1382,1907,COURSE20,,Present,2023,3,26,4
1383,1625,COURSE29,,Present,2024,10,23,5
1384,2256,COURSE48,,Absent,2023,7,18,5
1385,2550,COURSE27,,Absent,2024,9,2,0
1386,1973,COURSE15,,Present,2020,12,3,1
1387,2406,COURSE44,,Absent,2024,6,7,0
1388,1215,COURSE20,,Present,2020,1,2,0
1389,1587,COURSE19,,Present,2020,9,31,2
1390,1460,COURSE46,,Absent,2020,10,23,1
1391,1660,COURSE3,,Present,2023,2,18,1
1392,1509,COURSE35,,Absent,2022,5,22,4
1393,1263,COURSE5,,Present,2023,8,16,1
1394,1326,COURSE18,,Present,2024,8,14,2
1395,2298,COURSE15,,Absent,2023,3,7,0
1396,2272,COURSE37,,Absent,2021,3,7,4
1397,2201,COURSE17,,Present,2024,10,4,0
1398,1524,COURSE40,,Absent,2020,5,15,2
1399,2963,COURSE39,,Present,2021,5,13,4
1400,2474,COURSE47,,Absent,2021,2,21,2
1401,1414,COURSE27,,Present,2024,5,27,0
1402,1811,COURSE29,,Present,2021,3,10,3
1403,1080,COURSE22,,Present,2023,9,8,1
1404,1171,COURSE9,,Absent,2021,9,26,3
1405,2451,COURSE16,,Present,2021,1,31,1
1406,2375,COURSE17,,Present,2020,4,7,1
1407,1280,COURSE37,,Absent,2020,9,9,3
1408,2324,COURSE29,,Present,2024,9,30,5
1409,1589,COURSE11,,Absent,2021,3,9,2
1410,1809,COURSE48,,Absent,2020,3,2,6
1411,2827,COURSE26,,Present,2022,10,24,5
1412,2665,COURSE4,,Absent,2024,3,21,4
1413,1783,COURSE37,,Present,2020,11,20,3
1414,1050,COURSE4,,Absent,2022,7,14,4
1415,2224,COURSE43,,Absent,2021,11,9,3
1416,1629,COURSE29,,Present,2020,9,25,1
1417,1812,COURSE11,,Absent,2020,7,1,6
1418,2119,COURSE4,,Absent,2024,9,23,5
1419,2085,COURSE26,,Present,2023,4,12,4
1420,2609,COURSE40,,Absent,2024,9,12,1
1421,2728,COURSE14,,Present,2024,2,3,6
1422,2591,COURSE23,,Absent,2024,8,18,4
1423,1940,COURSE7,,Present,2020,10,30,0
1424,2777,COURSE37,,Absent,2021,10,9,6
1425,1947,COURSE38,,Absent,2020,2,27,3
1426,2021,COURSE10,,Present,2020,11,23,4
1427,1553,COURSE30,,Present,2023,4,30,0
1428,1368,COURSE46,,Absent,2023,8,23,2
1429,1663,COURSE43,,Absent,2020,9,17,1
1430,2583,COURSE11,,Absent,2021,9,23,5
1431,1355,COURSE28,,Absent,2022,5,20,5
1432,2249,COURSE3,,Absent,2020,9,3,4
1433,1100,COURSE39,,Present,2020,8,20,3
1434,2882,COURSE40,,Present,2022,9,30,1
1435,2170,COURSE14,,Absent,2022,12,12,6
1436,2452,COURSE25,,Present,2023,1,8,0
1437,2045,COURSE4,,Absent,2021,7,10,3
1438,1221,COURSE29,,Present,2020,7,17,3
1439,1045,COURSE47,,Absent,2020,7,5,5
1440,1061,COURSE15,,Absent,2021,5,9,1
1441,2123,COURSE26,,Present,2020,11,22,4
1442,1170,COURSE35,,Present,2022,11,21,6
1443,1205,COURSE13,,Present,2023,10,29,2
1444,2952,COURSE21,,Absent,2021,3,8,4
1445,2655,COURSE19,,Present,2024,4,22,6
1446,1896,COURSE1,,Absent,2021,2,3,6
1447,1257,COURSE20,,Absent,2024,8,3,6
1448,2252,COURSE43,,Present,2023,7,2,0
1449,2737,COURSE9,,Present,2024,5,7,4
1450,2354,COURSE50,,Present,2020,12,23,2
1451,2219,COURSE38,,Present,2020,6,11,2
1452,1038,COURSE11,,Absent,2023,8,12,6
1453,2478,COURSE2,,Absent,2020,4,9,4
1454,1106,COURSE7,,Absent,2024,12,9,6
1455,1334,COURSE7,,Absent,2021,9,11,0
1456,1185,COURSE14,,Present,2023,10,28,6
1457,2629,COURSE2,,Absent,2021,10,15,1
1458,1795,COURSE17,,Absent,2022,12,12,4
1459,1467,COURSE29,,Present,2022,12,29,6
1460,1769,COURSE19,,Absent,2020,10,4,5
1461,2041,COURSE21,,Absent,2024,2,14,6
1462,2691,COURSE23,,Present,2020,12,15,6
1463,2474,COURSE29,,Present,2020,12,24,5
1464,1590,COURSE47,,Present,2020,11,18,1
1465,1334,COURSE24,,Present,2024,5,22,1
1466,1244,COURSE39,,Absent,2021,8,29,1
1467,2603,COURSE27,,Absent,2024,11,23,6
1468,1729,COURSE2,,Present,2022,7,14,0
1469,2159,COURSE16,,Present,2023,9,14,4
1470,1348,COURSE34,,Present,2023,5,13,5
1471,1780,COURSE9,,Present,2024,10,16,5
1472,1136,COURSE43,,Absent,2022,8,25,5
1473,1804,COURSE11,,Absent,2023,10,28,1
1474,2993,COURSE9,,Present,2024,2,15,1
1475,1500,COURSE24,,Absent,2023,1,20,2
1476,2675,COURSE24,,Absent,2020,5,27,6
1477,1785,COURSE7,,Absent,2023,2,14,3
1478,1758,COURSE22,,Absent,2023,6,23,2
1479,1445,COURSE16,,Present,2021,5,12,1
1480,2480,COURSE48,,Absent,2024,1,30,5
1481,2091,COURSE26,,Absent,2023,7,11,5
1482,2747,COURSE32,,Present,2022,11,29,0
1483,2187,COURSE1,,Present,2020,3,5,0
1484,2500,COURSE7,,Present,2021,9,10,2
1485,2737,COURSE8,,Present,2023,10,26,5
1486,2121,COURSE16,,Present,2022,7,6,1
1487,1264,COURSE36,,Present,2022,11,9,3
1488,2804,COURSE39,,Present,2020,8,10,0
1489,2869,COURSE29,,Present,2023,1,4,3
1490,2619,COURSE14,,Present,2023,7,31,6
1491,2270,COURSE18,,Absent,2020,11,13,0
1492,2389,COURSE40,,Absent,2023,3,8,5
1493,2193,COURSE27,,Present,2020,7,14,6
1494,2214,COURSE25,,Absent,2024,1,5,0
1495,1582,COURSE24,,Present,2021,9,19,3
1496,1484,COURSE9,,Present,2020,3,8,4
1497,2601,COURSE11,,Present,2020,10,25,0
1498,1228,COURSE37,,Absent,2020,7,23,3
1499,2759,COURSE9,,Present,2020,2,25,3
1500,2209,COURSE49,,Absent,2023,4,11,0
1501,2532,COURSE17,,Absent,2021,12,8,4
1502,1635,COURSE20,,Present,2023,5,14,0
1503,2985,COURSE11,,Present,2024,4,18,4
1504,2008,COURSE36,,Absent,2021,5,6,5
1505,1750,COURSE29,,Absent,2020,8,5,0
1506,1544,COURSE10,,Absent,2020,12,17,1
1507,2404,COURSE26,,Present,2022,7,7,1
1508,2243,COURSE20,,Present,2020,12,9,5
1509,1335,COURSE28,,Present,2020,3,7,5
1510,2469,COURSE32,,Absent,2023,10,30,5
1511,1372,COURSE4,,Absent,2021,10,17,1
1512,2107,COURSE2,,Absent,2020,9,11,3
1513,2060,COURSE16,,Absent,2022,11,1,1
1514,1747,COURSE31,,Absent,2022,1,8,5
1515,2716,COURSE2,,Present,2023,7,24,2
1516,1251,COURSE23,,Present,2021,1,20,4
1517,2464,COURSE2,,Present,2020,10,5,0
1518,2730,COURSE20,,Present,2024,5,23,1
1519,2802,COURSE39,,Absent,2020,5,19,5
1520,2012,COURSE1,,Present,2020,2,8,6
1521,2578,COURSE44,,Absent,2020,11,22,4
1522,2969,COURSE17,,Absent,2022,10,25,4
1523,2224,COURSE6,,Present,2022,2,30,3
1524,1741,COURSE40,,Present,2021,2,24,4
1525,1358,COURSE6,,Present,2021,11,26,2
1526,1980,COURSE19,,Present,2022,2,31,1
1527,1096,COURSE49,,Present,2020,10,9,2
1528,2095,COURSE32,,Present,2022,5,23,2
1529,2964,COURSE46,,Absent,2024,6,9,4
1530,1144,COURSE18,,Absent,2022,6,18,3
1531,2769,COURSE44,,Absent,2022,5,19,4
1532,1817,COURSE11,,Present,2024,7,5,1
1533,2848,COURSE3,,Absent,2023,11,4,5
1534,2034,COURSE23,,Present,2023,9,21,1
1535,2400,COURSE10,,Present,2023,12,10,1
1536,2108,COURSE45,,Absent,2023,4,24,0
1537,2536,COURSE2,,Absent,2022,9,18,4
1538,2480,COURSE19,,Absent,2024,4,8,0
1539,1035,COURSE49,,Absent,2023,12,29,4
1540,2603,COURSE42,,Absent,2023,9,18,5
1541,1131,COURSE26,,Absent,2020,5,17,2
1542,2324,COURSE20,,Present,2022,9,19,2
1543,2817,COURSE40,,Absent,2021,11,26,5
1544,2816,COURSE17,,Present,2023,9,11,4
1545,2347,COURSE29,,Present,2020,9,9,3
1546,1002,COURSE9,,Absent,2023,7,27,5
1547,2186,COURSE47,,Present,2020,9,17,4
1548,2784,COURSE8,,Present,2023,4,19,3
1549,1047,COURSE37,,Present,2023,9,25,3
1550,1940,COURSE14,,Absent,2023,9,29,4
1551,1653,COURSE8,,Absent,2023,9,31,6
1552,1686,COURSE11,,Absent,2024,12,10,4
1553,1905,COURSE12,,Present,2021,2,28,2
1554,2578,COURSE22,,Absent,2024,7,25,4
1555,1322,COURSE20,,Present,2022,12,8,5
1556,2644,COURSE43,,Absent,2021,9,22,2
1557,1892,COURSE5,,Present,2022,3,13,1
1558,2607,COURSE34,,Present,2023,10,19,2
1559,1764,COURSE23,,Present,2023,6,5,1
1560,1411,COURSE43,,Absent,2023,2,8,0
1561,2579,COURSE22,,Absent,2021,4,5,4
1562,1692,COURSE25,,Absent,2020,7,6,4
1563,1247,COURSE11,,Absent,2020,7,23,4
1564,1435,COURSE35,,Absent,2024,9,22,2
1565,2687,COURSE34,,Present,2021,5,27,0
1566,1981,COURSE16,,Present,2023,4,17,6
1567,1946,COURSE6,,Absent,2024,11,21,0
1568,2406,COURSE43,,Absent,2021,12,27,4
1569,1959,COURSE7,,Absent,2020,10,10,2
1570,2908,COURSE17,,Present,2024,1,6,4
1571,1788,COURSE9,,Absent,2021,1,11,4
1572,1752,COURSE40,,Absent,2023,6,24,4
1573,1408,COURSE19,,Absent,2022,2,29,5
1574,2135,COURSE11,,Absent,2022,8,14,4
1575,1986,COURSE40,,Present,2021,5,14,0
1576,1505,COURSE39,,Absent,2021,9,21,1
1577,1530,COURSE27,,Absent,2022,4,10,4
1578,2771,COURSE3,,Present,2022,2,15,0
1579,1426,COURSE33,,Absent,2022,5,27,2
1580,2210,COURSE27,,Absent,2022,8,26,2
1581,2675,COURSE24,,Present,2023,11,27,4
1582,1817,COURSE31,,Absent,2021,1,24,4
1583,1005,COURSE12,,Absent,2020,8,29,5
1584,2991,COURSE24,,Absent,2020,3,30,3
1585,2804,COURSE44,,Present,2021,9,29,1
1586,2882,COURSE16,,Present,2022,5,30,5
1587,2055,COURSE50,,Absent,2021,7,7,1
1588,1296,COURSE16,,Absent,2024,5,22,1
1589,1432,COURSE9,,Absent,2023,3,4,5
1590,1434,COURSE24,,Absent,2024,7,14,2
1591,1193,COURSE15,,Present,2024,1,2,2
1592,2217,COURSE34,,Present,2022,7,3,4
1593,2540,COURSE36,,Present,2023,12,9,0
1594,2243,COURSE9,,Present,2021,5,22,6
1595,2669,COURSE4,,Absent,2020,12,28,3
1596,1752,COURSE37,,Absent,2024,9,23,5
1597,1267,COURSE48,,Present,2023,12,10,3
1598,2368,COURSE22,,Absent,2023,5,30,2
1599,2433,COURSE49,,Present,2023,1,14,5
1600,1233,COURSE35,,Absent,2021,9,24,6
1601,1830,COURSE35,,Present,2020,8,29,0
1602,1306,COURSE46,,Present,2021,5,18,0
1603,1053,COURSE15,,Absent,2021,4,15,5
1604,1295,COURSE10,,Absent,2023,4,15,0
1605,1487,COURSE33,,Absent,2021,2,7,1
1606,2603,COURSE9,,Absent,2020,2,25,3
1607,1698,COURSE24,,Absent,2021,8,28,6
1608,2474,COURSE22,,Present,2023,1,21,2
1609,2600,COURSE32,,Present,2021,11,18,6
1610,2472,COURSE16,,Present,2021,8,24,6
1611,1531,COURSE4,,Present,2020,8,11,5
1612,1183,COURSE40,,Present,2023,3,26,1
1613,1500,COURSE41,,Absent,2022,1,29,6
1614,1681,COURSE4,,Absent,2022,5,28,1
1615,2863,COURSE18,,Absent,2020,6,22,5
1616,1650,COURSE41,,Absent,2024,7,17,1
1617,1326,COURSE13,,Absent,2021,10,7,6
1618,2223,COURSE29,,Absent,2021,1,31,6
1619,2060,COURSE20,,Present,2020,1,25,2
1620,2651,COURSE5,,Present,2021,8,26,3
1621,2628,COURSE9,,Absent,2024,7,18,1
1622,2897,COURSE22,,Absent,2024,8,23,6
1623,2117,COURSE37,,Present,2023,3,8,6
1624,2745,COURSE24,,Present,2023,5,4,3
1625,1625,COURSE36,,Absent,2020,6,2,1
1626,2817,COURSE13,,Absent,2023,3,30,6
1627,1995,COURSE31,,Present,2024,3,15,2
1628,2659,COURSE1,,Present,2023,6,1,6
1629,1781,COURSE10,,Absent,2022,4,22,4
1630,2521,COURSE1,,Absent,2022,11,23,6
1631,2646,COURSE26,,Absent,2022,3,1,5
1632,1831,COURSE5,,Absent,2020,9,15,2
1633,1207,COURSE35,,Absent,2020,11,3,1
1634,2066,COURSE13,,Absent,2023,7,4,1
1635,2365,COURSE19,,Absent,2021,4,3,1
1636,1472,COURSE40,,Present,2024,1,9,0
1637,1392,COURSE4,,Present,2020,9,19,0
1638,1649,COURSE50,,Present,2020,9,4,5
1639,2147,COURSE44,,Absent,2020,11,18,1
1640,2885,COURSE47,,Present,2023,7,13,6
1641,2713,COURSE16,,Absent,2020,10,31,6
1642,2255,COURSE49,,Present,2020,1,19,0
1643,1617,COURSE30,,Present,2020,8,20,4
1644,2855,COURSE28,,Absent,2024,10,20,1
1645,2588,COURSE22,,Absent,2024,11,26,3
1646,1760,COURSE27,,Absent,2024,3,13,4
1647,1362,COURSE37,,Absent,2024,12,22,3
1648,1574,COURSE4,,Absent,2023,6,19,2
1649,2735,COURSE29,,Present,2022,1,3,5
1650,1571,COURSE13,,Present,2021,10,9,5
1651,1126,COURSE43,,Present,2020,3,7,2
1652,1625,COURSE23,,Absent,2022,7,27,4
1653,2139,COURSE34,,Present,2022,5,8,0
1654,1058,COURSE24,,Present,2023,7,1,1
1655,2138,COURSE4,,Present,2023,5,18,4
1656,2827,COURSE22,,Absent,2024,12,29,5
1657,2765,COURSE1,,Present,2023,9,30,0
1658,2635,COURSE24,,Present,2024,11,5,1
1659,2580,COURSE41,,Absent,2020,7,27,3
1660,2292,COURSE44,,Present,2022,4,5,4
1661,2075,COURSE24,,Present,2021,11,4,5
1662,1169,COURSE34,,Absent,2024,10,21,3
1663,1463,COURSE6,,Present,2024,2,12,6
1664,2122,COURSE17,,Present,2022,2,4,0
1665,2929,COURSE15,,Present,2022,8,14,5
1666,1021,COURSE49,,Present,2021,11,19,6
1667,2224,COURSE39,,Absent,2020,12,3,6
1668,1093,COURSE1,,Absent,2021,8,21,6
1669,2056,COURSE41,,Present,2021,11,6,1
1670,1499,COURSE4,,Present,2023,7,22,1
1671,2725,COURSE17,,Present,2021,9,19,1
1672,1356,COURSE1,,Absent,2023,7,22,0
1673,1473,COURSE40,,Absent,2021,12,26,2
1674,1468,COURSE41,,Absent,2021,8,30,1
1675,1172,COURSE19,,Absent,2022,10,18,3
1676,1504,COURSE32,,Present,2023,2,1,2
1677,2001,COURSE13,,Absent,2023,12,15,1
1678,1421,COURSE28,,Absent,2020,10,26,6
1679,2249,COURSE23,,Present,2022,2,19,0
1680,2944,COURSE47,,Absent,2024,5,8,4
1681,2769,COURSE45,,Absent,2024,8,4,3
1682,2373,COURSE30,,Absent,2023,9,31,4
1683,1961,COURSE43,,Absent,2020,10,20,6
1684,2048,COURSE39,,Absent,2021,10,25,5
1685,1443,COURSE24,,Present,2021,7,23,4
1686,2148,COURSE36,,Absent,2023,3,20,3
1687,1829,COURSE8,,Present,2021,11,17,0
1688,2817,COURSE26,,Absent,2023,4,7,4
1689,2328,COURSE17,,Present,2020,3,23,0
1690,1827,COURSE39,,Absent,2020,8,17,6
1691,1491,COURSE11,,Present,2020,12,13,5
1692,2609,COURSE1,,Present,2021,6,5,4
1693,2437,COURSE7,,Absent,2023,9,27,1
1694,2178,COURSE9,,Present,2020,11,20,1
1695,2611,COURSE6,,Present,2024,2,4,3
1696,2350,COURSE20,,Present,2024,9,6,3
1697,1203,COURSE37,,Present,2021,11,30,1
1698,2082,COURSE49,,Present,2020,12,30,4
1699,1557,COURSE4,,Absent,2021,2,14,5
1700,1935,COURSE34,,Absent,2020,8,18,1
1701,1368,COURSE11,,Absent,2022,11,8,4
1702,1878,COURSE14,,Present,2020,3,14,1
1703,1114,COURSE2,,Absent,2024,11,6,1
1704,2127,COURSE42,,Absent,2020,1,11,4
1705,1300,COURSE21,,Present,2023,9,5,0
1706,2423,COURSE3,,Present,2024,3,11,2
1707,1119,COURSE29,,Absent,2024,12,4,0
1708,2871,COURSE44,,Present,2024,5,27,1
1709,2806,COURSE2,,Present,2023,8,20,2
1710,2423,COURSE45,,Absent,2021,9,21,3
1711,1267,COURSE44,,Present,2024,4,17,0
1712,1669,COURSE18,,Present,2022,4,22,3
1713,2099,COURSE1,,Absent,2020,8,13,1
1714,1600,COURSE27,,Present,2020,10,27,5
1715,2656,COURSE11,,Present,2020,12,9,0
1716,2869,COURSE38,,Absent,2022,10,26,6
1717,1229,COURSE3,,Absent,2023,1,8,3
1718,2006,COURSE38,,Present,2022,4,5,4
1719,2263,COURSE41,,Present,2021,10,5,3
1720,2880,COURSE8,,Present,2020,6,5,1
1721,2311,COURSE26,,Absent,2022,7,28,1
1722,1524,COURSE17,,Absent,2023,7,9,6
1723,2380,COURSE48,,Present,2021,4,5,4
1724,1322,COURSE12,,Present,2020,2,16,4
1725,2567,COURSE15,,Present,2024,6,11,4
1726,1224,COURSE37,,Absent,2020,1,27,4
1727,1439,COURSE20,,Present,2024,8,6,1
1728,2426,COURSE11,,Absent,2020,7,29,4
1729,1732,COURSE37,,Absent,2023,8,29,2
1730,2046,COURSE33,,Absent,2022,4,11,2
1731,1752,COURSE14,,Absent,2023,12,18,1
1732,2446,COURSE37,,Absent,2022,5,5,4
1733,2150,COURSE4,,Absent,2020,7,8,1
1734,2604,COURSE44,,Absent,2021,8,20,0
1735,2283,COURSE16,,Absent,2020,7,13,4
1736,1330,COURSE26,,Present,2023,12,2,4
1737,2362,COURSE27,,Present,2024,8,15,5
1738,2704,COURSE45,,Absent,2024,8,23,0
1739,2135,COURSE7,,Present,2022,3,16,2
1740,2229,COURSE4,,Absent,2023,7,4,4
1741,1543,COURSE5,,Present,2021,3,1,1
1742,1757,COURSE40,,Absent,2022,2,12,4
1743,1457,COURSE37,,Present,2023,7,31,1
1744,1044,COURSE36,,Absent,2022,12,28,4
1745,1448,COURSE20,,Present,2022,9,5,1
1746,1681,COURSE49,,Present,2023,2,7,4
1747,2672,COURSE49,,Present,2022,9,17,4
1748,2302,COURSE42,,Present,2022,6,18,2
1749,1186,COURSE44,,Present,2022,5,23,1
1750,1111,COURSE34,,Absent,2022,2,13,0
1751,1266,COURSE25,,Absent,2024,1,20,5
1752,2650,COURSE29,,Present,2021,9,15,0
1753,2983,COURSE15,,Present,2020,11,22,6
1754,1683,COURSE28,,Absent,2021,3,31,4
1755,1444,COURSE41,,Present,2021,9,20,6
1756,2004,COURSE30,,Absent,2024,10,31,5
1757,1131,COURSE46,,Present,2022,8,15,1
1758,2348,COURSE45,,Present,2021,3,25,3
1759,1122,COURSE3,,Present,2023,4,11,3
1760,1729,COURSE15,,Absent,2024,10,5,2
1761,1569,COURSE25,,Absent,2022,8,22,3
1762,2633,COURSE49,,Absent,2020,5,22,6
1763,1866,COURSE46,,Absent,2020,3,12,6
1764,1234,COURSE17,,Present,2022,3,8,3
1765,1033,COURSE3,,Present,2024,7,15,6
1766,2351,COURSE9,,Present,2021,10,27,3
1767,2885,COURSE29,,Present,2023,7,11,1
1768,1642,COURSE4,,Absent,2024,6,12,4
1769,2429,COURSE37,,Present,2023,10,19,5
1770,2907,COURSE18,,Absent,2022,5,7,1
1771,1521,COURSE46,,Absent,2023,12,5,3
1772,2310,COURSE28,,Absent,2022,1,22,1
1773,1239,COURSE32,,Absent,2022,4,3,2
1774,2082,COURSE18,,Present,2023,5,15,0
1775,2262,COURSE39,,Absent,2022,6,31,5
1776,2303,COURSE34,,Present,2022,10,5,0
1777,2087,COURSE8,,Absent,2021,9,10,5
1778,1722,COURSE26,,Absent,2020,5,28,1
1779,1415,COURSE17,,Present,2020,8,17,2
1780,2716,COURSE47,,Present,2020,1,29,0
1781,1827,COURSE3,,Present,2022,12,26,3
1782,1436,COURSE29,,Absent,2021,3,7,5
1783,1065,COURSE19,,Absent,2023,6,22,4
1784,1005,COURSE12,,Absent,2021,9,16,4
1785,2318,COURSE48,,Present,2024,10,27,6
1786,2895,COURSE12,,Absent,2023,9,22,2
1787,1265,COURSE2,,Present,2023,4,2,6
1788,2244,COURSE26,,Present,2020,12,1,3
1789,2453,COURSE15,,Present,2023,8,15,5
1790,1204,COURSE11,,Present,2022,4,5,5
1791,1422,COURSE15,,Absent,2021,4,3,4
1792,1627,COURSE29,,Absent,2020,10,3,0
1793,1688,COURSE19,,Absent,2020,9,3,0
1794,1482,COURSE41,,Present,2020,10,27,3
1795,1360,COURSE24,,Present,2022,7,11,4
1796,2549,COURSE29,,Absent,2020,11,9,1
1797,2867,COURSE28,,Absent,2023,8,6,5
1798,2746,COURSE39,,Present,2022,3,22,0
1799,1899,COURSE40,,Present,2024,10,3,1
1800,1471,COURSE47,,Absent,2020,11,4,3
1801,2688,COURSE24,,Absent,2022,9,29,6
1802,1407,COURSE28,,Present,2024,9,1,0
1803,2889,COURSE5,,Present,2022,8,13,3
1804,1928,COURSE7,,Present,2023,3,3,6
1805,2068,COURSE36,,Present,2022,1,8,6
1806,2096,COURSE42,,Absent,2023,10,5,0
1807,1258,COURSE46,,Present,2022,9,27,4
1808,1771,COURSE23,,Absent,2023,8,11,3
1809,1135,COURSE4,,Absent,2022,5,24,1
1810,2969,COURSE6,,Present,2022,5,24,0
1811,1369,COURSE17,,Present,2023,6,10,3
1812,2402,COURSE17,,Present,2024,2,27,0
1813,1155,COURSE14,,Present,2020,12,30,6
1814,1978,COURSE45,,Absent,2020,8,4,5
1815,2878,COURSE9,,Absent,2022,3,27,3
1816,2781,COURSE27,,Absent,2022,7,2,1
1817,2299,COURSE20,,Present,2021,3,10,1
1818,1227,COURSE20,,Absent,2021,9,15,3
1819,1234,COURSE22,,Absent,2022,4,19,5
1820,1728,COURSE19,,Absent,2023,3,21,1
1821,1703,COURSE19,,Absent,2020,8,26,2
1822,2936,COURSE19,,Absent,2020,7,25,5
1823,1960,COURSE33,,Present,2020,8,25,0
1824,2478,COURSE44,,Present,2021,11,27,1
1825,1852,COURSE5,,Absent,2022,1,13,2
1826,1347,COURSE17,,Present,2024,5,16,3
1827,1451,COURSE41,,Absent,2020,6,7,4
1828,2925,COURSE6,,Absent,2022,7,8,3
1829,1639,COURSE30,,Present,2022,12,29,3
1830,1516,COURSE16,,Absent,2024,6,15,1
1831,2147,COURSE8,,Absent,2022,1,15,5
1832,1697,COURSE2,,Present,2024,2,23,6
1833,2422,COURSE12,,Present,2024,5,19,1
1834,1346,COURSE49,,Present,2020,1,18,0
1835,2104,COURSE20,,Absent,2023,9,16,6
1836,1627,COURSE12,,Absent,2024,8,12,3
1837,2027,COURSE34,,Present,2022,10,17,6
1838,1273,COURSE24,,Absent,2023,8,1,1
1839,2279,COURSE29,,Absent,2023,4,8,3
1840,2103,COURSE19,,Absent,2022,10,15,1
1841,2479,COURSE33,,Present,2020,3,23,4
1842,1914,COURSE45,,Absent,2022,1,23,6
1843,2923,COURSE35,,Absent,2021,1,31,4
1844,2426,COURSE36,,Present,2020,12,16,1
1845,1390,COURSE22,,Present,2021,11,20,3
1846,2469,COURSE22,,Present,2022,11,26,4
1847,1873,COURSE46,,Absent,2020,5,30,4
1848,2858,COURSE5,,Present,2020,8,24,1
1849,2566,COURSE22,,Present,2020,5,7,4
1850,1752,COURSE37,,Absent,2020,9,23,4
1851,2702,COURSE46,,Present,2020,5,2,3
1852,1638,COURSE23,,Present,2020,1,8,1
1853,1172,COURSE50,,Present,2021,2,19,5
1854,1427,COURSE32,,Absent,2024,6,5,6
1855,2622,COURSE9,,Absent,2023,3,29,3
1856,2722,COURSE22,,Present,2020,12,5,5
1857,2991,COURSE38,,Absent,2023,8,22,4
1858,2836,COURSE24,,Present,2023,9,10,5
1859,2482,COURSE47,,Absent,2021,9,16,6
1860,2756,COURSE14,,Absent,2020,7,24,0
1861,2550,COURSE27,,Present,2020,11,20,5
1862,2471,COURSE41,,Present,2023,7,3,4
1863,1304,COURSE27,,Absent,2024,10,30,6
1864,2817,COURSE43,,Absent,2020,1,8,5
1865,1002,COURSE24,,Absent,2022,3,25,6
1866,1993,COURSE49,,Present,2020,1,2,0
1867,1731,COURSE16,,Present,2021,1,27,2
1868,1433,COURSE38,,Present,2021,6,19,3
1869,2325,COURSE4,,Absent,2023,10,2,5
1870,2719,COURSE28,,Absent,2021,2,19,2
1871,1570,COURSE7,,Absent,2020,1,17,1
1872,2037,COURSE13,,Present,2022,2,1,2
1873,1074,COURSE39,,Present,2023,6,20,6
1874,1855,COURSE12,,Absent,2023,9,8,0
1875,1921,COURSE22,,Present,2020,6,4,5
1876,1648,COURSE26,,Absent,2020,7,10,4
1877,1392,COURSE7,,Absent,2024,5,23,6
1878,1232,COURSE24,,Absent,2023,5,14,6
1879,1314,COURSE47,,Present,2020,5,12,1
1880,1611,COURSE17,,Present,2024,11,14,6
1881,2021,COURSE36,,Present,2024,11,12,1
1882,2968,COURSE1,,Present,2023,9,30,3
1883,1039,COURSE28,,Present,2021,8,22,2
1884,2195,COURSE2,,Absent,2022,5,20,4
1885,1343,COURSE25,,Present,2023,12,27,0
1886,2371,COURSE6,,Absent,2024,7,13,2
1887,1800,COURSE37,,Present,2022,10,26,4
1888,1934,COURSE50,,Absent,2024,4,15,2
1889,2259,COURSE36,,Absent,2024,9,29,4
1890,2943,COURSE12,,Present,2020,8,9,1
1891,1914,COURSE30,,Present,2023,9,8,5
1892,2021,COURSE32,,Absent,2020,1,22,3
1893,2797,COURSE4,,Present,2021,12,2,5
1894,2725,COURSE22,,Absent,2021,12,6,4
1895,2240,COURSE22,,Absent,2023,6,4,5
1896,1665,COURSE45,,Present,2023,12,27,2
1897,1222,COURSE35,,Absent,2024,2,20,5
1898,1182,COURSE5,,Absent,2020,4,23,0
1899,2314,COURSE27,,Absent,2020,6,9,2
1900,2897,COURSE45,,Present,2024,1,20,4
1901,2434,COURSE19,,Absent,2021,2,22,5
1902,1226,COURSE43,,Present,2023,8,27,4
1903,2418,COURSE49,,Present,2020,10,20,5
1904,2095,COURSE30,,Absent,2021,8,14,5
1905,1080,COURSE28,,Absent,2024,7,4,0
1906,1243,COURSE28,,Absent,2020,9,13,2
1907,1813,COURSE7,,Present,2021,7,28,3
1908,1558,COURSE36,,Absent,2021,2,9,0
1909,2542,COURSE5,,Absent,2022,11,8,6
1910,1044,COURSE42,,Absent,2024,10,2,3
1911,2563,COURSE17,,Present,2024,11,4,4
1912,2483,COURSE17,,Present,2022,6,15,4
1913,1307,COURSE2,,Present,2020,11,1,5
1914,2848,COURSE19,,Present,2021,9,14,4
1915,2477,COURSE20,,Absent,2023,10,9,0
1916,1649,COURSE35,,Present,2022,6,29,1
1917,2784,COURSE6,,Present,2020,9,6,4
1918,2486,COURSE24,,Present,2024,12,12,2
1919,2516,COURSE27,,Absent,2022,2,25,6
1920,2942,COURSE13,,Absent,2022,3,25,2
1921,2442,COURSE27,,Absent,2023,5,9,1
1922,2686,COURSE39,,Absent,2020,11,7,6
1923,2196,COURSE15,,Absent,2022,3,7,2
1924,2928,COURSE2,,Absent,2020,10,18,4
1925,2358,COURSE34,,Absent,2021,6,25,5
1926,1500,COURSE20,,Absent,2023,1,17,2
1927,1454,COURSE31,,Absent,2020,10,20,2
1928,1416,COURSE42,,Present,2022,12,7,5
1929,1798,COURSE36,,Absent,2021,9,29,2
1930,2439,COURSE8,,Present,2023,8,8,0
1931,1870,COURSE8,,Present,2023,3,17,1
1932,2181,COURSE19,,Absent,2024,1,21,1
1933,2014,COURSE6,,Present,2023,10,11,3
1934,2464,COURSE32,,Present,2020,9,9,0
1935,2296,COURSE47,,Present,2021,9,6,0
1936,2265,COURSE22,,Absent,2022,9,6,3
1937,2303,COURSE23,,Present,2022,4,16,3
1938,2233,COURSE42,,Absent,2022,5,8,5
1939,2194,COURSE46,,Absent,2022,3,26,1
1940,1621,COURSE2,,Present,2021,8,8,5
1941,1382,COURSE17,,Present,2022,6,3,2
1942,2670,COURSE50,,Absent,2022,12,16,4
1943,1212,COURSE18,,Absent,2020,4,20,1
1944,1627,COURSE29,,Present,2021,5,6,4
1945,1436,COURSE2,,Present,2024,1,30,4
1946,1196,COURSE32,,Absent,2023,12,9,0
1947,1102,COURSE32,,Absent,2023,10,20,5
1948,1052,COURSE19,,Present,2021,9,2,1
1949,1557,COURSE45,,Present,2021,9,30,5
1950,1028,COURSE34,,Present,2022,9,22,3
1951,2301,COURSE14,,Present,2020,5,14,0
1952,1582,COURSE3,,Absent,2020,5,9,5
1953,2554,COURSE32,,Present,2020,8,6,3
1954,2264,COURSE43,,Present,2023,8,19,5
1955,2929,COURSE12,,Absent,2020,9,30,0
1956,1129,COURSE32,,Present,2023,3,28,1
1957,1950,COURSE30,,Present,2023,7,7,6
1958,1286,COURSE9,,Absent,2020,1,4,2
1959,1239,COURSE48,,Present,2022,10,14,0
1960,1619,COURSE10,,Absent,2020,7,23,5
1961,2023,COURSE49,,Absent,2023,5,13,1
1962,2614,COURSE37,,Present,2024,12,5,5
1963,2532,COURSE49,,Present,2020,10,10,0
1964,1092,COURSE35,,Absent,2024,7,13,3
1965,2017,COURSE43,,Present,2024,8,4,0
1966,2796,COURSE48,,Absent,2020,5,14,3
1967,1645,COURSE47,,Present,2021,6,1,2
1968,1869,COURSE2,,Present,2020,1,10,1
1969,2486,COURSE33,,Present,2023,5,29,2
1970,2104,COURSE13,,Present,2024,7,3,1
1971,1816,COURSE35,,Present,2024,5,5,2
1972,1001,COURSE13,,Present,2021,12,21,3
1973,2203,COURSE8,,Absent,2024,3,4,1
1974,1135,COURSE13,,Present,2023,8,7,6
1975,2642,COURSE34,,Present,2023,2,11,5
1976,1541,COURSE6,,Present,2023,8,1,4
1977,2809,COURSE2,,Present,2024,9,15,0
1978,2203,COURSE33,,Present,2023,2,26,0
1979,1252,COURSE17,,Present,2021,11,13,3
1980,2385,COURSE39,,Absent,2021,8,29,6
1981,1560,COURSE20,,Absent,2022,7,27,3
1982,1834,COURSE22,,Present,2024,6,13,6
1983,2510,COURSE12,,Present,2023,4,22,5
1984,1919,COURSE26,,Present,2023,8,6,2
1985,2194,COURSE46,,Absent,2020,1,28,5
1986,2295,COURSE26,,Present,2020,11,1,5
1987,1951,COURSE8,,Absent,2023,10,15,5
1988,2009,COURSE44,,Absent,2021,1,4,4
1989,2525,COURSE5,,Absent,2021,7,23,1
1990,2248,COURSE42,,Absent,2021,1,28,0
1991,2343,COURSE23,,Absent,2021,7,12,3
1992,2785,COURSE24,,Absent,2021,2,11,2
1993,1118,COURSE17,,Absent,2024,7,12,1
1994,1088,COURSE22,,Absent,2022,9,16,0
1995,2060,COURSE22,,Present,2023,8,7,4
1996,1576,COURSE7,,Absent,2020,7,23,6
1997,1959,COURSE27,,Present,2020,5,22,4
1998,2275,COURSE13,,Absent,2022,3,21,0
1999,1889,COURSE14,,Absent,2024,10,17,6
2000,2971,COURSE44,,Present,2024,11,24,5
2001,2974,COURSE46,,Present,2023,9,15,3
2002,1664,COURSE20,,Present,2021,6,4,1
2003,2100,COURSE16,,Present,2021,12,28,5
2004,1779,COURSE4,,Present,2021,8,18,6
2005,1088,COURSE45,,Present,2024,4,18,5
2006,1421,COURSE15,,Absent,2020,1,2,4
2007,2385,COURSE4,,Present,2022,6,15,1
2008,1077,COURSE47,,Present,2022,6,19,5
2009,2388,COURSE34,,Present,2020,1,14,5
2010,2765,COURSE36,,Absent,2023,9,6,4
2011,1126,COURSE40,,Present,2023,11,26,4
2012,1507,COURSE14,,Absent,2024,5,4,1
2013,2140,COURSE41,,Present,2024,7,25,2
2014,1041,COURSE38,,Present,2023,7,28,2
2015,2229,COURSE39,,Absent,2020,8,27,1
2016,2868,COURSE48,,Present,2022,8,30,0
2017,1805,COURSE2,,Present,2020,7,24,3
2018,1844,COURSE16,,Absent,2020,10,30,5
2019,1357,COURSE46,,Present,2020,3,13,4
2020,2853,COURSE39,,Present,2022,2,14,1
2021,2735,COURSE1,,Present,2022,6,24,6
2022,1623,COURSE45,,Present,2021,3,1,1
2023,1691,COURSE22,,Present,2021,10,13,0
2024,1788,COURSE17,,Absent,2021,7,4,6
2025,1858,COURSE45,,Absent,2022,6,29,5
2026,2787,COURSE17,,Present,2024,4,28,3
2027,1976,COURSE42,,Present,2023,8,20,1
2028,2551,COURSE36,,Present,2021,2,30,4
2029,2659,COURSE13,,Present,2024,6,24,1
2030,1276,COURSE19,,Absent,2021,9,30,6
2031,2533,COURSE20,,Present,2020,5,20,0
2032,1624,COURSE20,,Present,2021,10,29,6
2033,1465,COURSE43,,Absent,2020,10,30,0
2034,1616,COURSE15,,Present,2022,12,8,6
2035,1573,COURSE37,,Absent,2024,4,12,3
2036,1712,COURSE9,,Present,2021,6,2,3
2037,2621,COURSE46,,Absent,2022,9,5,0
2038,2090,COURSE32,,Present,2020,10,10,4
2039,2207,COURSE44,,Present,2022,1,9,3
2040,1520,COURSE35,,Absent,2020,6,24,3
2041,1386,COURSE8,,Absent,2024,9,1,3
2042,1597,COURSE35,,Absent,2022,6,6,6
2043,2786,COURSE32,,Absent,2020,12,12,2
2044,2322,COURSE12,,Present,2022,9,23,1
2045,1438,COURSE24,,Present,2020,9,6,6
2046,1587,COURSE40,,Present,2024,10,23,4
2047,2512,COURSE22,,Absent,2024,11,12,5
2048,1014,COURSE30,,Absent,2020,3,12,6
2049,1121,COURSE38,,Absent,2023,5,27,2
2050,1792,COURSE10,,Absent,2023,10,12,2
2051,2501,COURSE12,,Absent,2020,9,15,5
2052,2426,COURSE7,,Present,2024,12,18,3
2053,2401,COURSE25,,Present,2020,10,19,4
2054,1200,COURSE43,,Present,2024,8,12,4
2055,1449,COURSE37,,Present,2020,11,30,5
2056,1464,COURSE12,,Present,2022,10,28,3
2057,2557,COURSE20,,Present,2023,11,16,1
2058,2507,COURSE43,,Absent,2021,2,25,5
2059,1252,COURSE42,,Absent,2024,1,5,1
2060,2524,COURSE8,,Present,2023,5,25,1
2061,2129,COURSE39,,Absent,2021,7,4,5
2062,2963,COURSE7,,Present,2020,9,7,2
2063,2768,COURSE6,,Present,2020,8,11,6
2064,2819,COURSE40,,Present,2024,9,29,5
2065,1771,COURSE4,,Present,2020,11,7,4
2066,2323,COURSE47,,Absent,2022,10,22,4
2067,2973,COURSE33,,Absent,2020,4,17,0
2068,1700,COURSE26,,Absent,2024,5,23,0
2069,2316,COURSE47,,Absent,2020,3,28,6
2070,1136,COURSE42,,Present,2022,10,17,4
2071,2887,COURSE11,,Present,2021,5,4,2
2072,2937,COURSE36,,Absent,2024,3,29,4
2073,1737,COURSE32,,Absent,2020,8,23,1
2074,1005,COURSE2,,Absent,2023,10,11,4
2075,2773,COURSE42,,Absent,2022,8,25,6
2076,1974,COURSE14,,Absent,2023,8,30,0
2077,2737,COURSE47,,Present,2021,5,23,4
2078,2065,COURSE35,,Present,2024,5,24,6
2079,2934,COURSE23,,Absent,2024,9,6,0
2080,1718,COURSE33,,Absent,2024,2,30,0
2081,1182,COURSE17,,Absent,2021,3,7,0
2082,1913,COURSE11,,Present,2020,6,12,6
2083,2274,COURSE35,,Absent,2021,12,26,4
2084,2501,COURSE40,,Present,2023,3,25,2
2085,1466,COURSE34,,Absent,2024,1,25,6
2086,2617,COURSE34,,Present,2021,2,19,4
2087,2099,COURSE37,,Absent,2022,7,24,0
2088,2349,COURSE9,,Absent,2021,4,8,5
2089,1679,COURSE20,,Absent,2024,4,15,0
2090,2972,COURSE43,,Absent,2024,3,8,4
2091,2404,COURSE3,,Present,2024,9,22,4
2092,2007,COURSE26,,Absent,2023,10,27,6
2093,1912,COURSE20,,Absent,2021,7,13,5
2094,2005,COURSE36,,Absent,2021,8,8,0
2095,2198,COURSE17,,Present,2024,4,4,1
2096,2512,COURSE10,,Present,2021,8,16,3
2097,1664,COURSE43,,Absent,2020,12,14,2
2098,1038,COURSE38,,Absent,2022,4,12,3
2099,2610,COURSE39,,Present,2024,3,19,1
2100,1120,COURSE20,,Absent,2020,2,2,5
2101,1574,COURSE30,,Absent,2023,3,9,3
2102,2898,COURSE28,,Absent,2022,2,14,5
2103,1096,COURSE19,,Absent,2024,7,5,0
2104,1118,COURSE3,,Absent,2020,9,15,0
2105,1795,COURSE9,,Present,2022,3,21,5
2106,2419,COURSE20,,Present,2021,6,15,5
2107,2273,COURSE11,,Absent,2024,7,31,4
2108,2151,COURSE3,,Present,2020,12,18,5
2109,2866,COURSE49,,Present,2021,12,19,2
2110,1709,COURSE43,,Present,2024,2,19,0
2111,2123,COURSE33,,Absent,2023,6,24,0
2112,1824,COURSE3,,Absent,2024,3,24,4
2113,2077,COURSE17,,Absent,2022,8,1,4
2114,2033,COURSE12,,Present,2021,2,3,6
2115,1038,COURSE45,,Present,2023,3,8,1
2116,2684,COURSE50,,Present,2022,7,20,3
2117,1264,COURSE22,,Present,2020,5,14,0
2118,1787,COURSE27,,Present,2021,2,12,0
2119,2955,COURSE22,,Present,2024,8,5,1
2120,1606,COURSE43,,Present,2024,11,26,2
2121,1734,COURSE17,,Absent,2021,5,12,6
2122,2083,COURSE41,,Absent,2024,4,1,4
2123,1881,COURSE29,,Present,2022,9,16,6
2124,2350,COURSE9,,Absent,2021,7,31,5
2125,1486,COURSE39,,Present,2024,7,8,3
2126,1010,COURSE3,,Absent,2023,3,6,4
2127,1927,COURSE20,,Absent,2022,7,23,6
2128,2538,COURSE6,,Present,2021,9,17,4
2129,1750,COURSE7,,Absent,2021,5,10,2
2130,2625,COURSE29,,Present,2020,8,25,3
2131,1539,COURSE5,,Absent,2023,6,22,6
2132,2456,COURSE45,,Present,2024,3,7,0
2133,1559,COURSE32,,Absent,2021,11,26,0
2134,2549,COURSE25,,Absent,2023,1,8,3
2135,2373,COURSE12,,Absent,2024,11,7,5
2136,1399,COURSE8,,Absent,2024,7,23,0
2137,2072,COURSE17,,Absent,2023,2,30,4
2138,1088,COURSE2,,Absent,2021,9,10,5
2139,1341,COURSE44,,Absent,2020,7,23,6
2140,2498,COURSE11,,Present,2021,1,29,6
2141,1081,COURSE18,,Present,2023,4,2,5
2142,1553,COURSE27,,Present,2024,10,30,3
2143,1482,COURSE28,,Present,2023,12,22,2
2144,2907,COURSE29,,Absent,2021,11,3,1
2145,1879,COURSE9,,Present,2021,6,8,5
2146,1003,COURSE50,,Present,2024,4,24,0
2147,2114,COURSE18,,Present,2021,1,21,4
2148,2387,COURSE17,,Present,2023,8,8,5
2149,2499,COURSE43,,Absent,2024,11,10,4
2150,1638,COURSE5,,Present,2020,12,30,4
2151,2598,COURSE11,,Absent,2022,10,3,4
2152,1240,COURSE35,,Present,2021,8,7,6
2153,1685,COURSE6,,Present,2020,8,19,0
2154,1496,COURSE43,,Absent,2020,3,11,4
2155,2990,COURSE13,,Absent,2021,9,11,2
2156,1188,COURSE36,,Present,2024,3,15,3
2157,1184,COURSE27,,Absent,2024,9,10,2
2158,1507,COURSE37,,Absent,2021,10,19,3
2159,1093,COURSE40,,Present,2021,6,22,2
2160,1375,COURSE47,,Absent,2020,9,4,3
2161,1254,COURSE46,,Absent,2024,11,17,5
2162,1545,COURSE2,,Absent,2021,11,3,6
2163,1791,COURSE34,,Absent,2024,8,9,3
2164,1758,COURSE7,,Absent,2020,4,22,6
2165,2327,COURSE16,,Absent,2021,11,7,5
2166,2838,COURSE1,,Absent,2024,11,30,1
2167,2292,COURSE3,,Present,2023,1,23,1
2168,2178,COURSE38,,Present,2020,1,8,6
2169,1184,COURSE36,,Present,2024,6,13,4
2170,1199,COURSE3,,Absent,2020,12,12,6
2171,2211,COURSE47,,Absent,2023,3,17,4
2172,2664,COURSE32,,Absent,2024,5,2,0
2173,2755,COURSE11,,Absent,2024,9,2,1
2174,1637,COURSE26,,Present,2021,10,16,1
2175,1688,COURSE10,,Present,2020,9,8,2
2176,1548,COURSE2,,Absent,2020,7,25,2
2177,1565,COURSE4,,Absent,2022,9,22,1
2178,2360,COURSE20,,Absent,2024,10,3,6
2179,1117,COURSE3,,Absent,2022,7,27,5
2180,2724,COURSE3,,Present,2023,8,11,6
2181,2656,COURSE43,,Present,2023,9,14,3
2182,2932,COURSE2,,Present,2024,5,14,4
2183,1592,COURSE7,,Absent,2024,9,10,1
2184,1017,COURSE14,,Absent,2021,4,11,2
2185,2586,COURSE6,,Absent,2024,7,23,1
2186,1256,COURSE5,,Absent,2020,2,13,5
2187,2297,COURSE28,,Present,2022,9,19,5
2188,1984,COURSE6,,Absent,2024,8,9,5
2189,2687,COURSE47,,Present,2024,8,14,6
2190,2514,COURSE9,,Present,2024,4,18,2
2191,2835,COURSE35,,Absent,2023,6,18,5
2192,2296,COURSE20,,Absent,2021,10,17,1
2193,1015,COURSE9,,Present,2022,8,2,2
2194,2571,COURSE35,,Present,2022,3,7,1
2195,2313,COURSE39,,Absent,2022,8,5,3
2196,1420,COURSE40,,Absent,2024,2,30,5
2197,1406,COURSE32,,Absent,2021,6,4,6
2198,2130,COURSE15,,Present,2021,9,12,1
2199,1315,COURSE2,,Absent,2023,12,30,2
2200,2939,COURSE47,,Absent,2022,5,25,3
2201,2615,COURSE42,,Absent,2023,12,20,1
2202,2621,COURSE5,,Absent,2020,12,6,0
2203,2635,COURSE13,,Absent,2021,8,1,4
2204,2533,COURSE32,,Absent,2022,4,10,2
2205,2767,COURSE13,,Absent,2023,1,11,0
2206,1645,COURSE13,,Present,2021,2,29,6
2207,1222,COURSE43,,Present,2024,5,19,0
2208,1600,COURSE2,,Present,2020,4,10,4
2209,2699,COURSE42,,Absent,2023,1,19,5
2210,2860,COURSE2,,Absent,2020,7,27,4
2211,1047,COURSE8,,Absent,2024,10,6,6
2212,1156,COURSE9,,Absent,2021,12,7,5
2213,2684,COURSE5,,Absent,2023,7,14,2
2214,1984,COURSE10,,Present,2021,10,30,4
2215,1438,COURSE20,,Absent,2021,6,10,4
2216,1772,COURSE33,,Present,2023,9,10,6
2217,1993,COURSE3,,Absent,2022,5,12,6
2218,1142,COURSE30,,Present,2021,1,21,2
2219,1703,COURSE39,,Absent,2023,12,25,4
2220,2454,COURSE14,,Present,2024,4,22,1
2221,2014,COURSE34,,Present,2021,1,8,1
2222,1130,COURSE31,,Present,2024,8,14,1
2223,1363,COURSE7,,Present,2021,5,3,0
2224,1947,COURSE8,,Present,2021,7,4,2
2225,2231,COURSE8,,Absent,2022,7,15,1
2226,1711,COURSE13,,Present,2020,3,22,4
2227,1400,COURSE12,,Absent,2021,7,12,4
2228,2410,COURSE4,,Present,2021,6,25,5
2229,1001,COURSE22,,Present,2021,7,10,0
2230,1425,COURSE29,,Present,2023,8,29,3
2231,2300,COURSE9,,Absent,2023,1,20,4
2232,2746,COURSE24,,Present,2020,5,27,1
2233,1938,COURSE17,,Present,2022,10,7,2
2234,2932,COURSE39,,Absent,2024,12,7,5
2235,2414,COURSE21,,Absent,2024,6,13,3
2236,1069,COURSE12,,Absent,2024,3,25,4
2237,1519,COURSE17,,Absent,2022,9,2,4
2238,2478,COURSE10,,Absent,2021,9,14,5
2239,2148,COURSE36,,Present,2021,3,23,0
2240,2132,COURSE30,,Present,2023,11,14,3
2241,1622,COURSE21,,Absent,2022,4,1,4
2242,1576,COURSE16,,Absent,2024,6,20,5
2243,1244,COURSE17,,Present,2023,11,24,5
2244,1855,COURSE22,,Present,2023,3,10,4
2245,2217,COURSE33,,Absent,2023,7,25,5
2246,2175,COURSE34,,Present,2023,3,14,1
2247,1613,COURSE20,,Absent,2021,4,11,2
2248,1091,COURSE27,,Absent,2022,5,8,3
2249,2111,COURSE40,,Absent,2024,2,4,5
2250,2930,COURSE2,,Absent,2020,1,9,0
2251,1598,COURSE18,,Present,2020,5,13,4
2252,1724,COURSE39,,Present,2021,5,8,4
2253,2139,COURSE11,,Present,2022,12,6,3
2254,1804,COURSE24,,Absent,2020,11,26,4
2255,2299,COURSE42,,Absent,2023,7,20,1
2256,2902,COURSE46,,Absent,2024,6,21,4
2257,2253,COURSE11,,Present,2020,1,23,1
2258,2710,COURSE33,,Present,2023,4,5,5
2259,1139,COURSE37,,Present,2022,5,10,5
2260,2667,COURSE31,,Absent,2023,7,2,5
2261,2649,COURSE24,,Absent,2022,12,24,6
2262,2572,COURSE33,,Absent,2021,4,26,1
2263,2483,COURSE40,,Absent,2022,3,4,4
2264,2218,COURSE48,,Present,2023,9,13,5
2265,1004,COURSE29,,Present,2021,2,20,4
2266,2382,COURSE6,,Present,2022,8,31,4
2267,1898,COURSE2,,Absent,2021,9,14,5
2268,2139,COURSE35,,Absent,2024,5,10,0
2269,2115,COURSE26,,Present,2021,6,8,1
2270,1148,COURSE40,,Absent,2023,3,29,6
2271,2915,COURSE20,,Present,2020,11,6,1
2272,1045,COURSE24,,Absent,2023,3,16,0
2273,1901,COURSE1,,Absent,2022,3,20,3
2274,1130,COURSE11,,Absent,2024,4,24,6
2275,2895,COURSE2,,Present,2022,12,13,4
2276,1742,COURSE45,,Present,2023,8,4,6
2277,2465,COURSE48,,Present,2021,7,9,3
2278,1431,COURSE43,,Present,2021,9,30,0
2279,1007,COURSE35,,Absent,2022,2,12,4
2280,1559,COURSE46,,Absent,2021,1,30,5
2281,2694,COURSE24,,Absent,2022,9,22,1
2282,2652,COURSE40,,Present,2024,9,30,6
2283,1738,COURSE24,,Absent,2022,10,5,1
2284,1961,COURSE16,,Present,2022,8,13,5
2285,2442,COURSE26,,Absent,2024,11,21,6
2286,2067,COURSE6,,Absent,2024,1,8,4
2287,1337,COURSE20,,Present,2023,10,14,1
2288,1610,COURSE43,,Present,2020,1,7,3
2289,1204,COURSE39,,Present,2022,9,9,5
2290,2290,COURSE33,,Present,2021,7,20,0
2291,1844,COURSE24,,Absent,2023,2,30,4
2292,1077,COURSE12,,Absent,2023,6,8,5
2293,2673,COURSE22,,Absent,2024,11,10,6
2294,2602,COURSE6,,Absent,2022,12,15,6
2295,2489,COURSE16,,Absent,2022,2,1,4
2296,2009,COURSE4,,Absent,2023,8,19,0
2297,2316,COURSE32,,Present,2021,7,26,0
2298,2956,COURSE31,,Absent,2022,4,31,5
2299,2905,COURSE45,,Present,2023,8,19,1
2300,2098,COURSE26,,Present,2023,10,4,0
2301,2853,COURSE7,,Present,2021,8,18,0
2302,1416,COURSE34,,Absent,2022,1,15,4
2303,1396,COURSE1,,Present,2020,5,11,6
2304,1347,COURSE41,,Present,2021,7,11,6
2305,1249,COURSE19,,Present,2022,4,25,5
2306,2471,COURSE40,,Present,2020,12,5,4
2307,2293,COURSE42,,Absent,2021,4,6,2
2308,2675,COURSE10,,Absent,2020,7,17,6
2309,2724,COURSE7,,Absent,2020,3,9,6
2310,2673,COURSE45,,Absent,2022,7,20,2
2311,1456,COURSE17,,Present,2022,3,2,5
2312,2480,COURSE13,,Absent,2020,10,4,6
2313,1550,COURSE5,,Absent,2021,3,10,4
2314,2455,COURSE44,,Present,2023,4,6,4
2315,1552,COURSE34,,Present,2022,1,4,0
2316,1423,COURSE23,,Present,2022,8,28,1
2317,1317,COURSE27,,Absent,2021,4,8,0
2318,1029,COURSE33,,Absent,2021,4,29,0
2319,2228,COURSE7,,Present,2024,7,20,1
2320,2689,COURSE25,,Present,2020,7,31,4
2321,1130,COURSE1,,Absent,2023,11,14,2
2322,2086,COURSE12,,Present,2022,7,8,6
2323,1935,COURSE12,,Absent,2023,6,14,0
2324,2116,COURSE5,,Present,2021,2,16,3
2325,1702,COURSE7,,Present,2023,7,29,3
2326,1426,COURSE12,,Absent,2022,7,4,6
2327,2415,COURSE6,,Absent,2024,3,28,4
2328,2055,COURSE9,,Present,2022,11,25,0
2329,2681,COURSE29,,Absent,2022,12,30,2
2330,1735,COURSE27,,Absent,2021,10,23,4
2331,2954,COURSE32,,Present,2022,8,1,4
2332,2303,COURSE3,,Present,2023,12,18,4
2333,1521,COURSE22,,Present,2020,11,26,1
2334,1193,COURSE36,,Absent,2024,12,28,3
2335,2307,COURSE40,,Absent,2023,7,29,3
2336,2509,COURSE33,,Absent,2023,1,27,2
2337,2628,COURSE39,,Present,2021,4,31,0
2338,1480,COURSE46,,Present,2020,3,6,0
2339,1607,COURSE3,,Absent,2022,2,29,2
2340,1979,COURSE23,,Absent,2024,1,9,2
2341,1347,COURSE9,,Present,2022,11,21,4
2342,2122,COURSE9,,Absent,2021,11,19,1
2343,2611,COURSE17,,Present,2024,1,23,0
2344,1421,COURSE16,,Present,2023,9,31,2
2345,1198,COURSE11,,Present,2024,11,10,6
2346,1624,COURSE46,,Absent,2020,2,19,4
2347,2969,COURSE18,,Absent,2023,12,22,1
2348,1416,COURSE13,,Present,2023,8,4,0
2349,2175,COURSE39,,Absent,2022,9,22,4
2350,2064,COURSE7,,Absent,2023,3,28,6
2351,2347,COURSE40,,Present,2020,12,9,4
2352,1950,COURSE44,,Present,2024,10,11,5
2353,1025,COURSE9,,Absent,2020,2,24,2
2354,2433,COURSE16,,Absent,2023,5,21,3
2355,1567,COURSE33,,Absent,2021,4,26,5
2356,1140,COURSE45,,Present,2024,1,23,4
2357,2120,COURSE49,,Present,2022,7,30,1
2358,2079,COURSE40,,Absent,2023,4,15,2
2359,1110,COURSE7,,Present,2021,8,30,0
2360,1942,COURSE47,,Absent,2020,1,4,5
2361,1152,COURSE46,,Absent,2023,9,23,2
2362,2965,COURSE44,,Absent,2020,3,11,2
2363,1111,COURSE22,,Absent,2022,10,28,0
2364,2742,COURSE14,,Absent,2021,9,14,1
2365,1556,COURSE14,,Present,2023,5,25,4
2366,2030,COURSE22,,Present,2024,6,6,5
2367,1321,COURSE30,,Absent,2022,10,1,4
2368,1665,COURSE30,,Absent,2020,7,13,4
2369,2825,COURSE6,,Absent,2023,9,31,3
2370,1202,COURSE9,,Present,2024,11,14,2
2371,1766,COURSE43,,Present,2024,6,20,5
2372,1922,COURSE25,,Present,2022,9,25,6
2373,1971,COURSE15,,Present,2021,6,16,6
2374,2846,COURSE17,,Present,2020,11,25,0
2375,1266,COURSE11,,Absent,2020,6,30,4
2376,1480,COURSE3,,Present,2024,4,9,2
2377,1434,COURSE5,,Present,2020,1,7,5
2378,1209,COURSE3,,Present,2022,6,30,5
2379,1831,COURSE17,,Absent,2024,10,14,6
2380,2494,COURSE20,,Absent,2023,12,21,4
2381,1982,COURSE4,,Absent,2023,2,12,4
2382,1482,COURSE14,,Present,2023,5,23,0
2383,1192,COURSE33,,Present,2022,2,18,6
2384,1832,COURSE22,,Absent,2024,9,20,2
2385,1732,COURSE50,,Absent,2022,9,28,5
2386,2404,COURSE7,,Absent,2021,10,3,1
2387,1140,COURSE3,,Present,2024,7,29,0
2388,2552,COURSE21,,Present,2022,5,9,3
2389,1754,COURSE2,,Absent,2021,9,11,2
2390,1915,COURSE50,,Present,2023,12,29,0
2391,1161,COURSE18,,Absent,2020,9,11,0
2392,1078,COURSE46,,Present,2022,11,23,5
2393,2916,COURSE8,,Absent,2024,10,17,2
2394,1580,COURSE32,,Absent,2022,3,3,5
2395,2516,COURSE26,,Present,2021,8,21,4
2396,1904,COURSE11,,Present,2023,2,30,0
2397,2501,COURSE17,,Absent,2021,5,11,1
2398,1551,COURSE28,,Present,2022,10,16,3
2399,2851,COURSE22,,Present,2021,12,19,1
2400,2680,COURSE22,,Absent,2021,4,7,4
2401,2078,COURSE33,,Absent,2020,2,22,3
2402,2182,COURSE29,,Present,2020,5,22,3
2403,1475,COURSE49,,Present,2022,2,24,5
2404,1820,COURSE37,,Present,2021,5,29,0
2405,2611,COURSE47,,Absent,2021,7,6,5
2406,1554,COURSE17,,Present,2020,12,26,2
2407,2480,COURSE46,,Present,2023,3,21,4
2408,1145,COURSE9,,Absent,2023,11,27,0
2409,2589,COURSE22,,Absent,2024,10,20,4
2410,2463,COURSE8,,Absent,2021,10,10,0
2411,2438,COURSE46,,Absent,2022,2,4,0
2412,1416,COURSE24,,Absent,2022,3,3,2
2413,1115,COURSE11,,Absent,2021,1,3,0
2414,1269,COURSE12,,Absent,2023,7,27,0
2415,2379,COURSE2,,Absent,2022,9,5,3
2416,1630,COURSE7,,Present,2021,9,15,4
2417,2922,COURSE49,,Present,2022,8,19,5
2418,1837,COURSE44,,Absent,2020,10,7,0
2419,2914,COURSE4,,Present,2023,4,2,1
2420,2213,COURSE3,,Absent,2020,9,7,3
2421,2889,COURSE42,,Present,2020,7,22,0
2422,2463,COURSE32,,Present,2024,10,9,0
2423,2269,COURSE11,,Absent,2020,6,23,0
2424,1602,COURSE25,,Present,2024,6,8,6
2425,2870,COURSE15,,Absent,2021,2,7,4
2426,2685,COURSE20,,Absent,2020,10,27,2
2427,2285,COURSE5,,Absent,2023,4,5,2
2428,2787,COURSE24,,Absent,2022,9,13,1
2429,1563,COURSE35,,Present,2022,11,27,2
2430,1220,COURSE40,,Absent,2024,5,10,1
2431,1918,COURSE30,,Present,2021,3,30,6
2432,1238,COURSE7,,Absent,2023,3,4,3
2433,2331,COURSE46,,Present,2024,5,29,1
2434,1593,COURSE39,,Present,2023,5,23,1
2435,2525,COURSE7,,Absent,2022,5,3,1
2436,1097,COURSE1,,Present,2023,3,3,5
2437,2698,COURSE8,,Present,2024,7,7,0
2438,2411,COURSE32,,Present,2024,11,3,4
2439,1408,COURSE40,,Absent,2023,6,2,6
2440,2637,COURSE24,,Present,2024,7,8,6
2441,1211,COURSE44,,Present,2020,12,11,2
2442,2027,COURSE35,,Present,2020,4,16,6
2443,2142,COURSE17,,Absent,2023,5,16,6
2444,1471,COURSE40,,Present,2022,4,14,2
2445,2349,COURSE27,,Present,2020,12,7,3
2446,1411,COURSE15,,Present,2020,4,20,4
2447,1570,COURSE18,,Absent,2023,3,22,4
2448,1959,COURSE1,,Present,2021,8,8,5
2449,2840,COURSE38,,Absent,2022,7,25,3
2450,1617,COURSE19,,Present,2023,1,6,1
2451,2585,COURSE46,,Absent,2023,3,30,1
2452,1320,COURSE21,,Present,2023,7,4,6
2453,1719,COURSE33,,Present,2024,7,4,1
2454,1399,COURSE34,,Present,2023,7,5,0
2455,2656,COURSE43,,Absent,2023,4,30,3
2456,1464,COURSE27,,Absent,2022,11,6,2
2457,2610,COURSE43,,Absent,2023,5,3,3
2458,2696,COURSE17,,Present,2022,10,28,2
2459,2310,COURSE34,,Absent,2022,5,17,0
2460,2808,COURSE36,,Present,2021,3,15,3
2461,1246,COURSE19,,Present,2024,12,22,6
2462,2906,COURSE29,,Present,2020,9,18,4
2463,1180,COURSE12,,Absent,2021,6,6,1
2464,2747,COURSE3,,Present,2021,9,29,5
2465,2960,COURSE17,,Present,2021,1,24,1
2466,2140,COURSE17,,Present,2022,7,18,5
2467,1602,COURSE38,,Present,2022,12,6,5
2468,2546,COURSE44,,Absent,2021,3,25,3
2469,2212,COURSE44,,Absent,2024,4,26,4
2470,1630,COURSE47,,Present,2023,6,7,4
2471,2642,COURSE46,,Absent,2024,6,31,4
2472,2988,COURSE46,,Present,2021,6,2,1
2473,2522,COURSE11,,Present,2022,7,7,3
2474,1249,COURSE36,,Absent,2024,9,2,5
2475,1208,COURSE48,,Absent,2024,11,25,1
2476,2100,COURSE42,,Absent,2020,6,29,4
2477,2461,COURSE36,,Present,2023,3,29,0
2478,2938,COURSE18,,Present,2022,5,9,1
2479,1868,COURSE4,,Present,2022,7,20,0
2480,1283,COURSE20,,Absent,2021,12,9,5
2481,2673,COURSE43,,Present,2020,3,1,2
2482,2243,COURSE13,,Present,2024,1,8,3
2483,1359,COURSE27,,Absent,2020,1,17,1
2484,2874,COURSE37,,Absent,2022,12,7,6
2485,1668,COURSE8,,Present,2021,11,21,2
2486,2170,COURSE3,,Present,2021,5,26,4
2487,2999,COURSE23,,Present,2024,12,25,4
2488,1289,COURSE3,,Absent,2020,8,29,5
2489,1214,COURSE34,,Absent,2021,7,29,0
2490,2595,COURSE9,,Present,2020,1,5,6
2491,2589,COURSE22,,Present,2021,9,25,2
2492,2412,COURSE40,,Absent,2021,11,8,3
2493,1125,COURSE22,,Present,2020,4,12,1
2494,1285,COURSE13,,Present,2024,2,4,3
2495,2719,COURSE24,,Absent,2024,4,20,0
2496,2523,COURSE16,,Absent,2021,1,12,5
2497,2060,COURSE8,,Present,2020,4,30,4
2498,1938,COURSE40,,Present,2023,7,19,2
2499,2832,COURSE23,,Absent,2023,4,1,4
2500,2664,COURSE37,,Present,2022,3,3,0
2501,1286,COURSE28,,Absent,2021,3,23,0
2502,2520,COURSE39,,Absent,2022,4,29,2
2503,1081,COURSE2,,Absent,2024,2,24,5
2504,1089,COURSE11,,Absent,2024,7,10,4
2505,1270,COURSE17,,Present,2024,2,18,5
2506,2006,COURSE9,,Absent,2021,9,30,5
2507,1064,COURSE50,,Present,2022,5,17,4
2508,1261,COURSE45,,Present,2022,2,27,2
2509,2039,COURSE41,,Absent,2023,7,29,6
2510,2462,COURSE20,,Present,2022,1,23,2
2511,2039,COURSE2,,Absent,2023,11,25,1
2512,1808,COURSE19,,Absent,2023,1,17,3
2513,2826,COURSE42,,Present,2023,9,10,2
2514,1700,COURSE30,,Absent,2020,7,30,6
2515,1258,COURSE2,,Absent,2023,11,28,4
2516,1092,COURSE4,,Present,2024,3,2,0
2517,2365,COURSE38,,Present,2024,4,10,0
2518,1328,COURSE2,,Present,2020,5,28,2
2519,1283,COURSE21,,Present,2022,7,18,5
2520,1553,COURSE24,,Absent,2024,7,23,2
2521,1013,COURSE8,,Absent,2022,7,29,1
2522,1793,COURSE4,,Present,2024,11,15,4
2523,2424,COURSE39,,Absent,2020,7,21,0
2524,2892,COURSE35,,Absent,2023,2,16,0
2525,1987,COURSE26,,Absent,2022,3,29,1
2526,3000,COURSE5,,Present,2022,2,22,5
2527,2890,COURSE13,,Present,2020,1,23,2
2528,1878,COURSE3,,Present,2020,10,4,5
2529,1607,COURSE32,,Absent,2023,5,6,6
2530,2762,COURSE39,,Absent,2024,3,21,4
2531,2508,COURSE40,,Present,2020,4,1,1
2532,1700,COURSE42,,Absent,2020,6,1,3
2533,2599,COURSE12,,Absent,2021,12,20,1
2534,1795,COURSE27,,Absent,2020,11,23,1
2535,2653,COURSE30,,Present,2024,5,4,0
2536,2635,COURSE27,,Present,2023,2,1,4
2537,1061,COURSE16,,Absent,2024,4,10,2
2538,1502,COURSE25,,Present,2020,7,8,3
2539,1892,COURSE38,,Absent,2020,9,25,3
2540,2622,COURSE24,,Absent,2020,10,15,3
2541,1965,COURSE17,,Absent,2020,12,14,6
2542,1739,COURSE39,,Present,2020,1,20,6
2543,1635,COURSE4,,Present,2024,2,10,6
2544,1419,COURSE46,,Absent,2023,4,8,5
2545,1148,COURSE39,,Present,2022,2,6,1
2546,2738,COURSE28,,Present,2020,11,28,5
2547,1266,COURSE11,,Present,2021,12,9,3
2548,2871,COURSE27,,Present,2023,9,23,1
2549,2093,COURSE3,,Absent,2021,6,29,5
2550,1247,COURSE36,,Present,2024,10,13,0
2551,1254,COURSE1,,Present,2021,1,3,5
2552,1439,COURSE19,,Present,2021,6,31,4
2553,1091,COURSE1,,Present,2021,5,28,0
2554,1332,COURSE2,,Present,2023,9,19,6
2555,1151,COURSE21,,Present,2022,10,4,0
2556,2660,COURSE4,,Present,2023,6,24,0
2557,1015,COURSE4,,Present,2022,7,14,3
2558,2133,COURSE41,,Present,2021,12,23,3
2559,2716,COURSE6,,Absent,2021,8,12,3
2560,1592,COURSE43,,Absent,2020,11,8,6
2561,1566,COURSE29,,Absent,2021,10,23,5
2562,2967,COURSE6,,Absent,2024,10,12,3
2563,2014,COURSE48,,Absent,2021,1,19,4
2564,1235,COURSE7,,Absent,2020,8,23,4
2565,1363,COURSE7,,Absent,2023,6,25,0
2566,2234,COURSE41,,Absent,2020,4,6,5
2567,2313,COURSE8,,Absent,2024,2,23,2
2568,2612,COURSE28,,Present,2020,2,30,6
2569,2310,COURSE10,,Present,2022,4,16,1
2570,1833,COURSE9,,Absent,2022,8,7,5
2571,1078,COURSE46,,Present,2020,11,11,4
2572,1187,COURSE23,,Present,2024,2,14,6
2573,2663,COURSE33,,Absent,2024,9,29,3
2574,2653,COURSE23,,Present,2022,4,29,2
2575,1470,COURSE30,,Present,2023,9,8,2
2576,1194,COURSE15,,Absent,2020,4,27,5
2577,2601,COURSE13,,Present,2024,11,2,1
2578,1957,COURSE36,,Present,2020,7,22,4
2579,2709,COURSE23,,Absent,2022,2,8,3
2580,1615,COURSE24,,Present,2020,5,7,4
2581,2169,COURSE7,,Absent,2024,2,8,3
2582,2754,COURSE37,,Absent,2023,3,19,6
2583,1923,COURSE20,,Absent,2023,9,5,6
2584,1530,COURSE9,,Absent,2023,2,13,0
2585,1921,COURSE24,,Present,2021,6,7,5
2586,2296,COURSE7,,Absent,2022,5,4,4
2587,2294,COURSE40,,Present,2020,12,29,0
2588,2350,COURSE18,,Present,2024,6,26,2
2589,1771,COURSE43,,Absent,2024,4,12,0
2590,2554,COURSE28,,Present,2021,5,27,5
2591,2020,COURSE47,,Absent,2023,9,8,5
2592,2211,COURSE5,,Present,2022,4,1,2
2593,1421,COURSE29,,Present,2020,9,12,1
2594,2959,COURSE33,,Absent,2024,12,6,1
2595,1468,COURSE5,,Absent,2020,5,31,4
2596,2790,COURSE5,,Present,2024,10,26,5
2597,1638,COURSE19,,Absent,2020,8,21,2
2598,2988,COURSE16,,Absent,2020,2,2,6
2599,2879,COURSE17,,Absent,2022,4,19,2
2600,2289,COURSE6,,Present,2021,2,30,4
2601,2793,COURSE22,,Present,2021,10,4,2
2602,1922,COURSE1,,Absent,2020,8,19,6
2603,1611,COURSE30,,Absent,2022,7,23,4
2604,2330,COURSE20,,Absent,2021,2,11,5
2605,1779,COURSE49,,Absent,2023,9,1,3
2606,1386,COURSE33,,Absent,2021,12,23,6
2607,1911,COURSE49,,Absent,2024,7,25,3
2608,1691,COURSE4,,Absent,2022,3,7,5
2609,1494,COURSE7,,Absent,2020,10,4,5
2610,2408,COURSE48,,Present,2024,7,30,4
2611,1468,COURSE26,,Absent,2022,8,22,6
2612,2076,COURSE13,,Absent,2023,2,23,0
2613,2405,COURSE11,,Present,2021,4,26,5
2614,1888,COURSE29,,Absent,2024,6,9,3
2615,1724,COURSE36,,Present,2020,7,26,5
2616,2950,COURSE2,,Absent,2021,6,8,4
2617,2414,COURSE22,,Absent,2023,7,6,5
2618,1331,COURSE7,,Absent,2024,6,5,3
2619,2760,COURSE19,,Present,2020,12,8,0
2620,2648,COURSE12,,Absent,2022,3,23,3
2621,2072,COURSE38,,Absent,2021,11,21,1
2622,1093,COURSE3,,Absent,2023,3,20,6
2623,2670,COURSE17,,Present,2024,12,27,1
2624,1210,COURSE21,,Absent,2022,6,5,2
2625,1465,COURSE6,,Present,2022,1,17,0
2626,1801,COURSE1,,Absent,2021,7,30,4
2627,1401,COURSE40,,Absent,2023,6,19,1
2628,2015,COURSE34,,Absent,2024,2,3,1
2629,1220,COURSE28,,Present,2024,7,6,1
2630,2309,COURSE20,,Present,2024,4,24,2
2631,2854,COURSE35,,Absent,2021,8,27,4
2632,2879,COURSE8,,Present,2024,1,5,4
2633,1580,COURSE48,,Absent,2022,9,20,2
2634,2228,COURSE17,,Absent,2021,4,9,4
2635,2826,COURSE26,,Present,2024,2,31,0
2636,2158,COURSE29,,Present,2020,7,12,4
2637,1194,COURSE47,,Absent,2024,3,17,5
2638,2189,COURSE26,,Absent,2022,11,15,4
2639,2012,COURSE39,,Present,2021,12,14,4
2640,1477,COURSE9,,Absent,2020,11,23,2
2641,1910,COURSE8,,Absent,2023,2,20,5
2642,1895,COURSE39,,Absent,2024,2,15,5
2643,1015,COURSE7,,Present,2020,1,27,1
2644,2906,COURSE20,,Present,2024,1,7,5
2645,1816,COURSE20,,Absent,2020,10,10,2
2646,1421,COURSE9,,Absent,2023,6,4,0
2647,2558,COURSE11,,Present,2024,7,6,3
2648,1171,COURSE43,,Absent,2022,6,18,4
2649,2404,COURSE28,,Absent,2024,7,13,2
2650,2169,COURSE37,,Present,2021,5,16,0
2651,2247,COURSE14,,Absent,2024,1,24,1
2652,1985,COURSE23,,Present,2021,8,7,4
2653,1844,COURSE40,,Present,2021,8,8,3
2654,1697,COURSE26,,Present,2022,8,16,6
2655,2050,COURSE3,,Absent,2023,5,27,1
2656,2676,COURSE3,,Absent,2021,5,4,0
2657,1076,COURSE26,,Absent,2020,2,4,6
2658,1398,COURSE45,,Present,2021,3,12,0
2659,1149,COURSE18,,Absent,2020,2,1,4
2660,1048,COURSE34,,Present,2023,12,2,6
2661,1181,COURSE34,,Present,2022,2,17,0
2662,2191,COURSE36,,Present,2022,8,11,1
2663,1351,COURSE45,,Absent,2022,12,23,6
2664,2370,COURSE23,,Present,2024,3,30,3
2665,1165,COURSE28,,Present,2024,2,12,1
2666,1722,COURSE39,,Absent,2020,8,8,1
2667,2571,COURSE50,,Absent,2021,10,10,0
2668,2607,COURSE41,,Present,2022,5,28,2
2669,2090,COURSE16,,Present,2022,12,4,4
2670,2145,COURSE20,,Present,2022,4,27,0
2671,2181,COURSE1,,Present,2023,5,15,2
2672,1757,COURSE24,,Absent,2022,1,25,6
2673,2113,COURSE30,,Present,2022,4,29,4
2674,1147,COURSE16,,Absent,2020,10,22,2
2675,2582,COURSE26,,Absent,2023,9,8,4
2676,1111,COURSE5,,Present,2023,10,6,6
2677,1859,COURSE8,,Present,2023,4,7,5
2678,2455,COURSE29,,Absent,2020,8,4,5
2679,1438,COURSE19,,Present,2021,6,8,0
2680,2776,COURSE12,,Absent,2024,4,10,1
2681,2412,COURSE20,,Absent,2020,12,20,2
2682,1823,COURSE12,,Absent,2020,8,13,2
2683,1531,COURSE33,,Absent,2020,11,6,0
2684,2916,COURSE24,,Present,2022,7,18,2
2685,1666,COURSE22,,Absent,2020,9,22,6
2686,2173,COURSE8,,Absent,2020,4,7,0
2687,1198,COURSE1,,Present,2020,1,10,3
2688,2636,COURSE17,,Present,2024,2,5,1
2689,2253,COURSE3,,Present,2022,6,3,1
2690,1793,COURSE42,,Absent,2023,1,20,2
2691,2811,COURSE16,,Absent,2022,10,6,4
2692,1359,COURSE9,,Absent,2020,9,29,4
2693,1497,COURSE24,,Present,2021,6,12,6
2694,1215,COURSE5,,Present,2022,1,26,6
2695,2604,COURSE46,,Absent,2023,10,5,1
2696,1995,COURSE1,,Absent,2024,6,22,1
2697,1637,COURSE7,,Present,2020,11,1,3
2698,1935,COURSE45,,Present,2021,8,10,6
2699,2133,COURSE5,,Absent,2020,2,10,0
2700,2690,COURSE7,,Present,2023,10,29,4
2701,2082,COURSE10,,Absent,2022,3,25,1
2702,1589,COURSE49,,Absent,2020,1,16,3
2703,2536,COURSE4,,Present,2020,3,1,6
2704,1831,COURSE47,,Absent,2024,8,29,4
2705,1547,COURSE47,,Present,2020,10,25,1
2706,2748,COURSE26,,Present,2024,3,1,4
2707,1389,COURSE37,,Absent,2020,12,5,5
2708,1579,COURSE17,,Present,2023,5,10,3
2709,2217,COURSE46,,Absent,2023,6,4,6
2710,2711,COURSE35,,Absent,2020,2,18,0
2711,1393,COURSE40,,Absent,2022,6,10,1
2712,2026,COURSE18,,Absent,2023,12,13,2
2713,1865,COURSE45,,Absent,2022,6,9,4
2714,1992,COURSE39,,Absent,2020,7,22,5
2715,1812,COURSE12,,Present,2024,6,23,2
2716,2659,COURSE14,,Present,2024,8,15,2
2717,1044,COURSE33,,Absent,2024,11,1,1
2718,2104,COURSE43,,Present,2024,6,23,4
2719,1635,COURSE15,,Absent,2020,3,4,0
2720,2706,COURSE29,,Absent,2023,2,3,6
2721,1522,COURSE22,,Absent,2024,7,23,2
2722,2262,COURSE13,,Present,2022,8,1,5
2723,1052,COURSE20,,Absent,2022,12,7,5
2724,1992,COURSE35,,Absent,2021,7,28,3
2725,1941,COURSE37,,Present,2024,6,10,4
2726,2413,COURSE25,,Absent,2020,6,3,3
2727,2768,COURSE17,,Present,2024,9,24,1
2728,2506,COURSE15,,Present,2022,10,18,0
2729,2178,COURSE10,,Present,2020,8,27,4
2730,2594,COURSE10,,Absent,2020,3,25,2
2731,1439,COURSE3,,Present,2022,3,15,4
2732,1032,COURSE32,,Present,2024,2,30,3
2733,2788,COURSE2,,Absent,2024,8,7,4
2734,2593,COURSE3,,Absent,2020,1,4,1
2735,2727,COURSE34,,Absent,2023,12,14,1
2736,2758,COURSE3,,Present,2021,3,22,6
2737,2664,COURSE16,,Absent,2023,3,7,1
2738,2834,COURSE35,,Present,2020,5,29,5
2739,1895,COURSE41,,Absent,2023,4,3,0
2740,2035,COURSE22,,Absent,2024,3,6,6
2741,1513,COURSE20,,Present,2023,8,13,3
2742,1400,COURSE6,,Absent,2024,11,8,1
2743,1994,COURSE48,,Absent,2022,12,29,5
2744,2629,COURSE49,,Absent,2024,6,28,2
2745,1965,COURSE30,,Absent,2022,9,15,2
2746,2912,COURSE18,,Absent,2024,12,22,3
2747,2886,COURSE2,,Present,2022,11,13,6
2748,1021,COURSE35,,Absent,2020,2,10,4
2749,2540,COURSE16,,Present,2022,9,1,5
2750,2346,COURSE12,,Present,2024,8,18,5
2751,2396,COURSE11,,Absent,2023,11,22,3
2752,1304,COURSE36,,Absent,2023,7,28,3
2753,2168,COURSE25,,Absent,2022,9,20,6
2754,1340,COURSE49,,Absent,2022,9,10,5
2755,2063,COURSE11,,Present,2023,8,25,1
2756,2379,COURSE8,,Absent,2021,6,3,5
2757,1990,COURSE16,,Present,2021,11,9,1
2758,2961,COURSE47,,Absent,2020,7,9,2
2759,2442,COURSE35,,Present,2022,11,19,3
2760,2507,COURSE28,,Absent,2024,6,11,0
2761,1963,COURSE9,,Absent,2021,1,22,4
2762,1766,COURSE20,,Absent,2020,8,21,0
2763,1880,COURSE16,,Present,2020,12,7,4
2764,1347,COURSE47,,Present,2020,3,7,4
2765,2017,COURSE5,,Absent,2020,11,14,5
2766,2188,COURSE47,,Absent,2020,9,27,1
2767,1905,COURSE11,,Present,2023,10,10,6
2768,2655,COURSE41,,Present,2020,1,21,6
2769,1442,COURSE20,,Present,2020,2,29,4
2770,1786,COURSE33,,Present,2020,12,11,4
2771,2989,COURSE28,,Absent,2021,8,9,4
2772,2037,COURSE22,,Absent,2021,12,26,3
2773,2845,COURSE48,,Present,2023,2,25,4
2774,2176,COURSE1,,Present,2022,6,7,1
2775,1482,COURSE9,,Absent,2024,1,16,5
2776,1016,COURSE6,,Absent,2021,3,14,5
2777,1741,COURSE35,,Absent,2020,2,30,4
2778,2507,COURSE19,,Present,2020,12,29,3
2779,2375,COURSE43,,Absent,2022,11,17,2
2780,2400,COURSE38,,Absent,2024,9,15,6
2781,2428,COURSE17,,Absent,2024,6,17,0
2782,2185,COURSE33,,Absent,2020,8,11,1
2783,1403,COURSE24,,Absent,2024,9,29,1
2784,2758,COURSE18,,Absent,2024,9,5,4
2785,2412,COURSE38,,Absent,2020,6,30,3
2786,1492,COURSE36,,Present,2024,10,18,6
2787,1675,COURSE11,,Absent,2020,2,11,5
2788,1818,COURSE10,,Present,2020,10,6,5
2789,2202,COURSE18,,Absent,2022,7,21,0
2790,2081,COURSE17,,Present,2020,11,25,4
2791,2863,COURSE11,,Present,2024,2,30,5
2792,1211,COURSE48,,Absent,2023,10,30,2
2793,2719,COURSE41,,Present,2021,5,10,6
2794,1532,COURSE40,,Absent,2024,9,25,4
2795,1648,COURSE22,,Present,2022,4,7,1
2796,2061,COURSE18,,Absent,2023,3,3,6
2797,1506,COURSE45,,Present,2022,9,21,2
2798,2198,COURSE10,,Absent,2021,3,12,3
2799,2655,COURSE9,,Present,2020,7,15,6
2800,2861,COURSE1,,Absent,2020,2,7,6
2801,1277,COURSE20,,Present,2020,4,8,2
2802,2415,COURSE15,,Absent,2020,4,8,1
2803,2096,COURSE42,,Present,2023,9,21,3
2804,2440,COURSE50,,Present,2023,4,3,3
2805,1809,COURSE35,,Present,2022,6,7,2
2806,1117,COURSE16,,Present,2024,1,17,5
2807,2300,COURSE17,,Present,2023,7,13,1
2808,2366,COURSE24,,Absent,2020,7,17,4
2809,2543,COURSE7,,Present,2023,10,24,5
2810,2637,COURSE28,,Present,2024,12,4,0
2811,2906,COURSE22,,Present,2021,6,10,1
2812,1190,COURSE43,,Absent,2020,2,29,3
2813,1047,COURSE27,,Absent,2020,7,6,2
2814,1945,COURSE13,,Present,2020,4,2,1
2815,2830,COURSE3,,Present,2022,10,15,0
2816,2705,COURSE3,,Present,2020,6,8,5
2817,2807,COURSE22,,Absent,2020,7,22,1
2818,1187,COURSE22,,Absent,2021,8,5,5
2819,1527,COURSE22,,Present,2022,3,15,4
2820,2805,COURSE18,,Absent,2021,9,19,3
2821,1342,COURSE17,,Present,2022,8,2,1
2822,1036,COURSE10,,Absent,2021,12,19,2
2823,1681,COURSE28,,Absent,2023,4,4,0
2824,2096,COURSE32,,Absent,2021,8,21,5
2825,1040,COURSE38,,Absent,2024,10,14,5
2826,2062,COURSE1,,Present,2022,9,27,6
2827,1211,COURSE41,,Absent,2020,8,27,4
2828,1049,COURSE47,,Present,2020,2,4,4
2829,2939,COURSE21,,Present,2021,12,18,0
2830,1843,COURSE35,,Absent,2024,9,19,1
2831,2845,COURSE29,,Absent,2020,3,22,1
2832,1240,COURSE33,,Absent,2022,9,22,4
2833,2529,COURSE11,,Present,2020,12,7,4
2834,1683,COURSE17,,Absent,2023,11,26,4
2835,2616,COURSE46,,Absent,2024,10,22,3
2836,1137,COURSE8,,Present,2021,2,24,2
2837,1165,COURSE23,,Absent,2022,10,8,1
2838,2572,COURSE50,,Present,2021,7,11,2
2839,1862,COURSE6,,Present,2022,4,3,4
2840,2897,COURSE20,,Absent,2024,4,14,6
2841,1978,COURSE10,,Present,2021,8,11,1
2842,2065,COURSE32,,Present,2020,12,20,6
2843,2038,COURSE22,,Absent,2024,5,30,2
2844,1542,COURSE3,,Absent,2023,10,13,6
2845,2274,COURSE14,,Present,2022,10,4,6
2846,2790,COURSE35,,Absent,2021,1,7,4
2847,1996,COURSE11,,Present,2023,9,5,3
2848,1749,COURSE5,,Absent,2022,9,26,2
2849,1204,COURSE7,,Present,2024,8,3,4
2850,1008,COURSE42,,Present,2020,2,4,0
2851,1969,COURSE32,,Present,2024,4,24,3
2852,1202,COURSE24,,Absent,2024,11,12,6
2853,1106,COURSE17,,Absent,2023,7,2,1
2854,1650,COURSE20,,Present,2023,8,29,6
2855,2847,COURSE36,,Present,2023,12,21,2
2856,2219,COURSE24,,Present,2020,6,23,5
2857,1436,COURSE24,,Present,2023,8,8,4
2858,1693,COURSE2,,Absent,2024,11,31,4
2859,2979,COURSE47,,Absent,2022,11,31,1
2860,2364,COURSE26,,Absent,2023,4,17,5
2861,1604,COURSE42,,Absent,2022,5,25,0
2862,1463,COURSE48,,Present,2023,8,28,5
2863,2592,COURSE28,,Present,2022,6,30,0
2864,2723,COURSE32,,Present,2024,4,17,4
2865,1996,COURSE4,,Present,2020,3,23,5
2866,1489,COURSE41,,Present,2021,12,8,6
2867,2721,COURSE35,,Absent,2022,6,8,5
2868,2894,COURSE33,,Present,2021,5,6,0
2869,1407,COURSE37,,Absent,2021,12,10,1
2870,1595,COURSE44,,Present,2023,2,1,2
2871,2577,COURSE11,,Absent,2020,5,14,0
2872,2426,COURSE46,,Present,2021,5,27,4
2873,2279,COURSE10,,Absent,2023,3,2,6
2874,1606,COURSE15,,Absent,2023,2,27,3
2875,1593,COURSE36,,Present,2020,5,30,2
2876,2314,COURSE42,,Present,2023,9,23,0
2877,2202,COURSE41,,Present,2020,3,6,1
2878,1598,COURSE11,,Absent,2021,11,23,6
2879,2206,COURSE48,,Absent,2020,8,19,2
2880,1163,COURSE7,,Absent,2024,5,28,2
2881,2939,COURSE3,,Present,2021,4,16,2
2882,1654,COURSE11,,Absent,2022,7,15,5
2883,2127,COURSE25,,Present,2023,2,12,4
2884,1080,COURSE11,,Present,2020,4,20,1
2885,1575,COURSE38,,Absent,2021,9,8,3
2886,1107,COURSE5,,Present,2022,8,11,4
2887,2913,COURSE27,,Present,2020,8,20,6
2888,2042,COURSE9,,Absent,2021,4,10,2
2889,1577,COURSE20,,Present,2022,2,22,4
2890,1152,COURSE40,,Present,2024,9,7,5
2891,1795,COURSE29,,Absent,2022,12,2,0
2892,1599,COURSE1,,Absent,2023,2,4,5
2893,2117,COURSE19,,Present,2023,9,21,1
2894,2716,COURSE9,,Present,2024,12,30,2
2895,1657,COURSE22,,Present,2022,4,14,0
2896,2795,COURSE49,,Absent,2024,10,19,6
2897,2798,COURSE22,,Absent,2023,7,24,3
2898,1052,COURSE5,,Present,2024,10,15,4
2899,2620,COURSE48,,Absent,2022,12,27,3
2900,1405,COURSE40,,Absent,2022,5,17,1
2901,2604,COURSE4,,Present,2021,3,31,5
2902,2088,COURSE28,,Present,2023,7,14,4
2903,1275,COURSE17,,Absent,2020,10,7,3
2904,2764,COURSE4,,Absent,2021,12,1,0
2905,1995,COURSE27,,Absent,2023,11,12,0
2906,1800,COURSE3,,Absent,2020,3,2,4
2907,2037,COURSE49,,Present,2022,11,29,5
2908,2137,COURSE49,,Present,2022,1,30,4
2909,1350,COURSE2,,Absent,2024,8,7,2
2910,2596,COURSE22,,Absent,2020,6,27,1
2911,1676,COURSE15,,Present,2022,1,19,2
2912,1456,COURSE2,,Absent,2022,3,18,3
2913,2012,COURSE37,,Present,2023,10,17,0
2914,2482,COURSE22,,Absent,2023,7,14,3
2915,2076,COURSE43,,Absent,2020,3,29,1
2916,2443,COURSE10,,Present,2021,11,1,5
2917,2181,COURSE49,,Absent,2020,4,9,5
2918,1316,COURSE26,,Absent,2021,11,26,4
2919,1291,COURSE13,,Present,2024,7,25,1
2920,1159,COURSE26,,Absent,2020,8,2,5
2921,1640,COURSE33,,Absent,2024,1,6,1
2922,1065,COURSE49,,Present,2023,4,22,2
2923,2457,COURSE6,,Present,2024,1,4,5
2924,2953,COURSE14,,Absent,2024,6,14,4
2925,1647,COURSE30,,Present,2022,1,28,6
2926,2362,COURSE37,,Absent,2023,9,9,6
2927,1571,COURSE4,,Absent,2023,10,15,2
2928,2157,COURSE44,,Absent,2024,9,11,6
2929,2353,COURSE24,,Absent,2023,9,2,0
2930,1013,COURSE44,,Absent,2022,12,19,0
2931,2449,COURSE24,,Absent,2021,7,2,1
2932,1790,COURSE17,,Present,2022,2,25,0
2933,1493,COURSE44,,Absent,2020,1,22,2
2934,2676,COURSE40,,Absent,2022,10,1,6
2935,1284,COURSE27,,Absent,2021,5,22,6
2936,2095,COURSE42,,Present,2023,7,24,5
2937,2319,COURSE35,,Absent,2020,12,30,3
2938,1528,COURSE1,,Present,2021,11,10,6
2939,1268,COURSE30,,Absent,2024,8,5,5
2940,2789,COURSE28,,Absent,2020,7,15,1
2941,1481,COURSE34,,Absent,2024,2,16,1
2942,1858,COURSE28,,Present,2022,2,5,6
2943,2281,COURSE22,,Present,2020,11,14,5
2944,1270,COURSE11,,Absent,2024,4,20,0
2945,1258,COURSE17,,Absent,2020,4,28,4
2946,1378,COURSE50,,Present,2024,5,19,1
2947,1380,COURSE5,,Absent,2020,10,7,5
2948,2092,COURSE19,,Absent,2020,7,11,4
2949,1123,COURSE4,,Present,2021,4,4,3
2950,1789,COURSE47,,Absent,2020,10,18,4
2951,1409,COURSE17,,Present,2020,9,14,3
2952,2986,COURSE27,,Absent,2022,5,23,1
2953,1081,COURSE49,,Present,2024,9,8,0
2954,1195,COURSE16,,Absent,2022,8,2,2
2955,1211,COURSE44,,Present,2020,6,19,0
2956,2124,COURSE6,,Absent,2022,4,3,5
2957,2311,COURSE1,,Present,2020,4,7,6
2958,1819,COURSE12,,Absent,2022,2,19,2
2959,1003,COURSE44,,Absent,2024,11,8,0
2960,1200,COURSE2,,Absent,2024,12,7,4
2961,2304,COURSE3,,Present,2024,8,23,3
2962,2350,COURSE22,,Present,2024,7,23,5
2963,1477,COURSE1,,Present,2024,6,21,6
2964,2405,COURSE9,,Absent,2022,4,12,6
2965,1554,COURSE25,,Absent,2022,9,21,4
2966,1630,COURSE9,,Present,2022,10,12,5
2967,2599,COURSE3,,Present,2023,8,2,1
2968,1460,COURSE12,,Absent,2023,10,2,5
2969,1550,COURSE5,,Absent,2020,12,8,4
2970,1377,COURSE15,,Absent,2021,10,19,5
2971,2257,COURSE24,,Present,2021,12,20,6
2972,2229,COURSE16,,Absent,2020,9,14,1
2973,1827,COURSE41,,Absent,2024,1,10,5
2974,2692,COURSE46,,Present,2024,8,18,4
2975,1598,COURSE22,,Absent,2020,6,24,2
2976,1431,COURSE16,,Absent,2023,7,11,1
2977,2571,COURSE22,,Absent,2022,11,27,3
2978,1207,COURSE20,,Present,2021,7,4,1
2979,1746,COURSE34,,Absent,2024,6,14,1
2980,2553,COURSE22,,Absent,2022,8,23,0
2981,2780,COURSE9,,Present,2023,4,6,6
2982,1771,COURSE30,,Absent,2022,12,19,1
2983,2833,COURSE7,,Present,2020,9,21,1
2984,1519,COURSE23,,Absent,2022,11,10,2
2985,1983,COURSE31,,Absent,2021,9,5,2
2986,1255,COURSE4,,Present,2022,9,2,2
2987,2898,COURSE29,,Present,2023,2,23,5
2988,1237,COURSE28,,Absent,2020,5,7,6
2989,2845,COURSE9,,Absent,2024,2,29,2
2990,1557,COURSE34,,Present,2023,11,29,4
2991,2557,COURSE9,,Absent,2023,1,15,4
2992,1977,COURSE49,,Absent,2023,2,20,1
2993,2752,COURSE12,,Present,2022,6,6,5
2994,2719,COURSE41,,Present,2024,1,16,4
2995,1370,COURSE38,,Absent,2023,9,12,2
2996,2279,COURSE4,,Absent,2023,2,18,5
2997,2941,COURSE17,,Absent,2022,4,16,0
2998,1545,COURSE12,,Present,2024,4,8,0
2999,2599,COURSE20,,Present,2020,7,13,1
3000,1961,COURSE48,,Present,2024,2,10,6
3001,1120,COURSE43,,Present,2022,8,9,2
3002,1908,COURSE3,,Present,2024,8,3,1
3003,1585,COURSE42,,Present,2023,10,29,3
3004,1451,COURSE32,,Absent,2022,11,25,4
3005,2354,COURSE36,,Present,2022,8,23,4
3006,1981,COURSE36,,Present,2020,5,26,1
3007,1448,COURSE29,,Absent,2021,8,16,0
3008,2133,COURSE7,,Present,2021,2,30,1
3009,1448,COURSE24,,Absent,2021,3,27,0
3010,1602,COURSE9,,Absent,2023,4,24,2
3011,2271,COURSE3,,Absent,2021,10,20,4
3012,1724,COURSE27,,Absent,2023,7,7,5
3013,2321,COURSE17,,Absent,2022,9,11,4
3014,2886,COURSE39,,Present,2021,9,11,1
3015,2550,COURSE22,,Absent,2021,1,1,4
3016,2924,COURSE28,,Present,2020,1,14,2
3017,1362,COURSE32,,Absent,2023,4,6,2
3018,2341,COURSE45,,Present,2022,11,21,2
3019,2627,COURSE35,,Present,2020,12,25,3
3020,2130,COURSE40,,Present,2020,12,3,4
3021,1933,COURSE3,,Present,2024,9,11,5
3022,1900,COURSE45,,Present,2021,1,14,6
3023,2900,COURSE3,,Absent,2021,11,7,1
3024,2679,COURSE4,,Absent,2020,10,2,1
3025,1238,COURSE5,,Absent,2022,10,6,6
3026,1722,COURSE50,,Present,2022,10,19,2
3027,2591,COURSE27,,Absent,2023,9,3,1
3028,2710,COURSE33,,Present,2022,12,5,2
3029,2568,COURSE46,,Absent,2021,9,27,1
3030,1503,COURSE19,,Present,2020,8,18,6
3031,1343,COURSE3,,Present,2024,3,14,6
3032,1669,COURSE49,,Absent,2023,8,5,1
3033,1188,COURSE20,,Present,2021,5,2,0
3034,2414,COURSE11,,Absent,2023,11,10,4
3035,1412,COURSE2,,Absent,2020,2,20,5
3036,2126,COURSE20,,Present,2022,3,29,3
3037,1357,COURSE4,,Absent,2023,8,14,4
3038,1499,COURSE4,,Absent,2023,3,3,4
3039,1321,COURSE48,,Absent,2022,7,4,3
3040,1028,COURSE11,,Present,2023,11,29,5
3041,1809,COURSE17,,Absent,2024,12,23,5
3042,1996,COURSE13,,Absent,2022,9,3,4
3043,2829,COURSE42,,Absent,2023,1,16,1
3044,1520,COURSE11,,Present,2023,6,10,6
3045,2452,COURSE50,,Absent,2021,10,9,0
3046,1578,COURSE29,,Present,2022,12,9,4
3047,1729,COURSE23,,Present,2020,6,30,4
3048,1879,COURSE19,,Present,2020,4,30,2
3049,1940,COURSE14,,Present,2021,9,17,4
3050,2971,COURSE42,,Absent,2021,3,27,1
3051,1020,COURSE17,,Absent,2020,1,16,3
3052,1483,COURSE10,,Absent,2021,11,3,2
3053,2341,COURSE36,,Present,2022,10,11,4
3054,2935,COURSE16,,Present,2023,8,10,6
3055,1356,COURSE45,,Absent,2022,3,23,2
3056,2031,COURSE16,,Present,2020,9,11,2
3057,1235,COURSE22,,Present,2020,1,10,3
3058,1409,COURSE39,,Absent,2023,1,10,0
3059,2345,COURSE23,,Present,2022,10,25,4
3060,2901,COURSE11,,Present,2022,3,15,1
3061,2599,COURSE17,,Present,2024,4,24,2
3062,2365,COURSE48,,Absent,2024,8,21,0
3063,2527,COURSE7,,Present,2020,5,17,1
3064,2370,COURSE3,,Absent,2023,4,24,1
3065,1312,COURSE35,,Present,2023,7,21,1
3066,1816,COURSE43,,Present,2021,10,2,2
3067,1434,COURSE38,,Present,2024,2,10,0
3068,2202,COURSE3,,Absent,2024,10,8,6
3069,1386,COURSE2,,Present,2021,11,18,0
3070,2138,COURSE7,,Absent,2023,9,2,4
3071,2113,COURSE28,,Present,2024,2,16,6
3072,1272,COURSE22,,Absent,2020,9,6,5
3073,1319,COURSE31,,Present,2022,8,22,4
3074,2310,COURSE37,,Absent,2021,12,12,0
3075,2503,COURSE28,,Present,2020,11,15,0
3076,1963,COURSE24,,Present,2021,7,9,4
3077,2900,COURSE2,,Present,2021,3,29,2
3078,2272,COURSE26,,Absent,2022,10,11,5
3079,1859,COURSE20,,Present,2020,10,24,0
3080,2663,COURSE43,,Present,2024,4,7,1
3081,1627,COURSE41,,Absent,2022,12,25,3
3082,1675,COURSE5,,Present,2024,9,24,3
3083,2062,COURSE4,,Absent,2022,11,1,4
3084,2001,COURSE28,,Absent,2021,12,23,5
3085,2704,COURSE49,,Present,2022,2,29,1
3086,2432,COURSE28,,Absent,2024,6,2,1
3087,1244,COURSE42,,Present,2023,6,18,4
3088,1443,COURSE40,,Absent,2023,3,29,4
3089,1973,COURSE7,,Present,2022,3,23,6
3090,1284,COURSE35,,Present,2021,9,27,6
3091,2242,COURSE17,,Present,2021,10,11,3
3092,2711,COURSE17,,Absent,2023,7,24,0
3093,1493,COURSE24,,Present,2020,1,27,3
3094,1663,COURSE34,,Present,2022,2,9,6
3095,1357,COURSE43,,Absent,2023,9,4,3
3096,1321,COURSE1,,Absent,2022,1,23,3
3097,1057,COURSE24,,Absent,2022,2,17,3
3098,2483,COURSE10,,Absent,2024,9,5,0
3099,1179,COURSE4,,Present,2024,5,5,5
3100,2110,COURSE44,,Absent,2023,4,18,2
3101,1316,COURSE39,,Present,2024,9,7,5
3102,1066,COURSE42,,Present,2021,7,3,1
3103,1819,COURSE9,,Present,2020,7,5,0
3104,2253,COURSE15,,Present,2020,9,30,4
3105,2688,COURSE23,,Present,2022,7,14,3
3106,2612,COURSE26,,Absent,2022,11,29,0
3107,1798,COURSE16,,Absent,2021,4,18,3
3108,2015,COURSE26,,Absent,2024,7,26,6
3109,2389,COURSE24,,Present,2024,3,6,6
3110,1840,COURSE16,,Present,2021,1,15,4
3111,2210,COURSE13,,Present,2023,6,4,4
3112,1021,COURSE15,,Present,2021,7,8,4
3113,1168,COURSE29,,Absent,2021,9,25,2
3114,1860,COURSE19,,Present,2022,11,4,1
3115,1169,COURSE23,,Present,2021,9,13,6
3116,1672,COURSE37,,Present,2024,1,22,3
3117,2292,COURSE35,,Present,2020,12,11,6
3118,1283,COURSE28,,Absent,2022,3,23,0
3119,1473,COURSE19,,Present,2024,5,25,6
3120,2764,COURSE49,,Absent,2021,10,17,2
3121,2526,COURSE39,,Present,2022,2,8,3
3122,1988,COURSE49,,Present,2022,7,13,4
3123,1008,COURSE22,,Absent,2022,8,21,3
3124,2248,COURSE39,,Present,2020,1,30,5
3125,1825,COURSE16,,Present,2020,6,25,1
3126,2060,COURSE2,,Present,2023,8,27,1
3127,1464,COURSE28,,Absent,2023,11,25,4
3128,2341,COURSE23,,Present,2020,12,14,2
3129,2015,COURSE12,,Absent,2020,7,26,0
3130,2410,COURSE45,,Present,2024,1,11,2
3131,1155,COURSE37,,Absent,2024,2,20,5
3132,2911,COURSE45,,Absent,2023,7,9,0
3133,1878,COURSE32,,Absent,2023,10,6,0
3134,2073,COURSE28,,Present,2024,1,9,2
3135,1106,COURSE32,,Absent,2021,3,2,1
3136,1389,COURSE9,,Absent,2020,5,12,4
3137,2837,COURSE3,,Present,2021,6,25,3
3138,1671,COURSE26,,Absent,2021,7,18,2
3139,1056,COURSE48,,Present,2023,2,22,2
3140,2503,COURSE28,,Absent,2023,8,22,2
3141,1526,COURSE38,,Absent,2024,3,7,3
3142,2615,COURSE7,,Present,2021,2,15,3
3143,1079,COURSE33,,Present,2022,8,29,0
3144,2752,COURSE28,,Present,2022,3,30,5
3145,1230,COURSE35,,Absent,2022,3,25,2
3146,1133,COURSE39,,Absent,2024,9,17,1
3147,2317,COURSE13,,Absent,2021,7,26,0
3148,1913,COURSE3,,Present,2020,3,2,1
3149,1557,COURSE2,,Absent,2022,12,14,0
3150,1386,COURSE9,,Absent,2021,12,29,4
3151,1498,COURSE24,,Present,2020,4,22,5
3152,2335,COURSE9,,Present,2024,6,12,5
3153,2620,COURSE48,,Present,2021,2,1,2
3154,2875,COURSE10,,Present,2023,12,25,5
3155,2263,COURSE17,,Absent,2024,7,29,2
3156,2379,COURSE6,,Absent,2020,8,8,5
3157,2914,COURSE6,,Absent,2023,11,9,0
3158,2884,COURSE6,,Absent,2021,10,30,0
3159,1937,COURSE13,,Absent,2022,3,17,6
3160,2849,COURSE2,,Present,2020,6,4,0
3161,1307,COURSE1,,Absent,2023,1,17,0
3162,1058,COURSE46,,Absent,2020,3,29,5
3163,1391,COURSE47,,Present,2023,9,14,1
3164,2588,COURSE17,,Absent,2024,4,10,1
3165,2631,COURSE31,,Present,2023,7,19,2
3166,1265,COURSE19,,Present,2020,8,16,2
3167,2278,COURSE50,,Present,2024,9,11,5
3168,1581,COURSE7,,Absent,2022,12,22,2
3169,2148,COURSE43,,Present,2021,6,20,4
3170,1436,COURSE42,,Absent,2022,3,2,6
3171,1186,COURSE21,,Present,2020,7,21,2
3172,1267,COURSE48,,Absent,2020,5,5,0
3173,1431,COURSE1,,Absent,2021,3,22,1
3174,1753,COURSE15,,Present,2023,12,20,4
3175,2592,COURSE26,,Present,2021,3,17,3
3176,2138,COURSE1,,Absent,2021,8,29,1
3177,2977,COURSE18,,Present,2020,6,31,5
3178,2610,COURSE19,,Absent,2021,2,14,5
3179,1774,COURSE40,,Absent,2022,4,16,0
3180,2087,COURSE40,,Absent,2023,1,19,3
3181,1453,COURSE19,,Absent,2021,3,20,4
3182,1354,COURSE26,,Present,2020,7,28,3
3183,2052,COURSE27,,Present,2023,1,17,5
3184,2825,COURSE26,,Absent,2021,4,25,5
3185,1654,COURSE22,,Absent,2022,6,13,4
3186,1899,COURSE48,,Absent,2022,7,3,3
3187,1812,COURSE44,,Present,2024,3,31,2
3188,2477,COURSE11,,Absent,2022,6,12,2
3189,1457,COURSE41,,Present,2023,5,22,4
3190,1492,COURSE24,,Present,2021,9,29,0
3191,1951,COURSE20,,Present,2021,5,19,5
3192,1171,COURSE46,,Absent,2024,2,22,1
3193,1775,COURSE14,,Present,2021,3,25,1
3194,1136,COURSE28,,Absent,2023,4,7,4
3195,1627,COURSE47,,Present,2022,12,23,3
3196,2335,COURSE15,,Absent,2023,4,20,4
3197,2500,COURSE7,,Absent,2022,5,30,5
3198,2408,COURSE4,,Present,2023,4,11,3
3199,1068,COURSE4,,Present,2021,9,5,0
3200,2977,COURSE9,,Present,2021,11,25,4
3201,1425,COURSE26,,Present,2024,10,11,6
3202,1740,COURSE3,,Absent,2022,9,4,3
3203,2333,COURSE16,,Present,2022,12,5,4
3204,1173,COURSE4,,Absent,2020,2,25,5
3205,2268,COURSE46,,Present,2021,5,8,2
3206,1134,COURSE17,,Absent,2024,8,6,2
3207,1559,COURSE34,,Absent,2023,3,5,0
3208,1199,COURSE45,,Absent,2024,3,2,2
3209,1936,COURSE37,,Absent,2022,4,20,3
3210,2555,COURSE39,,Absent,2022,10,8,5
3211,1957,COURSE26,,Absent,2021,8,11,0
3212,2460,COURSE6,,Present,2024,3,13,1
3213,1685,COURSE21,,Absent,2023,7,19,1
3214,1982,COURSE18,,Present,2020,2,28,4
3215,1778,COURSE1,,Present,2020,4,30,4
3216,2159,COURSE23,,Present,2023,2,9,6
3217,1681,COURSE39,,Present,2024,12,13,5
3218,2253,COURSE48,,Absent,2022,8,16,1
3219,2542,COURSE10,,Present,2021,9,7,6
3220,1370,COURSE48,,Absent,2022,2,19,2
3221,2735,COURSE15,,Absent,2024,12,26,2
3222,1195,COURSE34,,Present,2020,8,22,4
3223,2063,COURSE30,,Present,2023,1,5,6
3224,2829,COURSE3,,Absent,2020,7,29,1
3225,1227,COURSE12,,Absent,2021,5,19,4
3226,1189,COURSE46,,Absent,2020,7,3,6
3227,1427,COURSE49,,Absent,2021,12,8,1
3228,1028,COURSE24,,Absent,2021,4,30,4
3229,1534,COURSE47,,Present,2021,5,12,4
3230,2581,COURSE3,,Present,2022,4,14,0
3231,2630,COURSE13,,Present,2020,12,10,5
3232,1192,COURSE36,,Present,2022,6,6,2
3233,1212,COURSE49,,Present,2021,12,25,5
3234,1981,COURSE3,,Present,2020,9,29,0
3235,2569,COURSE19,,Present,2020,10,7,0
3236,1961,COURSE17,,Absent,2022,9,10,2
3237,2885,COURSE39,,Present,2021,10,6,4
3238,1904,COURSE24,,Present,2024,5,5,5
3239,2718,COURSE1,,Present,2024,3,4,6
3240,2522,COURSE26,,Present,2020,6,8,5
3241,1540,COURSE9,,Absent,2021,9,22,4
3242,2472,COURSE12,,Present,2020,9,15,2
3243,1753,COURSE3,,Absent,2020,9,12,4
3244,1688,COURSE15,,Present,2020,1,2,0
3245,2507,COURSE28,,Absent,2021,5,7,4
3246,1669,COURSE25,,Present,2021,5,31,2
3247,1972,COURSE24,,Present,2023,6,26,1
3248,2585,COURSE30,,Absent,2023,1,25,5
3249,2211,COURSE7,,Absent,2023,5,22,2
3250,2635,COURSE19,,Absent,2023,11,23,5
3251,2011,COURSE39,,Present,2021,4,30,6
3252,1430,COURSE26,,Present,2023,4,27,3
3253,1666,COURSE50,,Absent,2021,3,22,4
3254,1013,COURSE50,,Present,2024,12,17,6
3255,1117,COURSE32,,Absent,2020,8,17,5
3256,2526,COURSE16,,Present,2023,8,23,3
3257,2743,COURSE5,,Absent,2022,6,20,3
3258,1130,COURSE45,,Present,2020,3,24,4
3259,2688,COURSE22,,Present,2020,7,9,3
3260,1511,COURSE28,,Present,2024,9,24,2
3261,1420,COURSE39,,Absent,2024,6,2,6
3262,1805,COURSE13,,Absent,2024,8,14,4
3263,2579,COURSE41,,Present,2022,9,8,0
3264,2482,COURSE2,,Absent,2022,6,8,5
3265,2555,COURSE12,,Absent,2023,3,7,3
3266,2772,COURSE11,,Present,2022,6,9,1
3267,2268,COURSE44,,Present,2024,3,10,4
3268,2439,COURSE3,,Absent,2021,9,25,1
3269,1317,COURSE3,,Present,2024,3,29,4
3270,1822,COURSE24,,Present,2022,12,1,6
3271,1181,COURSE48,,Present,2021,5,5,0
3272,1878,COURSE24,,Present,2021,9,30,0
3273,1521,COURSE19,,Absent,2020,6,6,3
3274,1496,COURSE28,,Absent,2024,7,16,6
3275,2383,COURSE27,,Present,2020,4,20,6
3276,2972,COURSE19,,Absent,2022,6,15,0
3277,1923,COURSE28,,Present,2023,7,10,5
3278,1448,COURSE6,,Absent,2022,7,28,2
3279,1103,COURSE18,,Present,2023,9,30,2
3280,1629,COURSE13,,Present,2020,7,16,4
3281,2757,COURSE8,,Present,2022,7,4,5
3282,2008,COURSE15,,Present,2024,7,23,5
3283,2170,COURSE39,,Absent,2021,9,4,0
3284,2028,COURSE16,,Present,2024,7,3,5
3285,2307,COURSE36,,Present,2020,10,11,4
3286,2001,COURSE28,,Present,2020,12,22,2
3287,2979,COURSE9,,Present,2021,7,15,4
3288,2954,COURSE16,,Absent,2021,7,23,4
3289,2484,COURSE29,,Present,2023,12,3,3
3290,2525,COURSE16,,Present,2022,10,23,0
3291,2295,COURSE17,,Absent,2021,10,28,1
3292,2670,COURSE50,,Present,2022,9,23,3
3293,2074,COURSE19,,Absent,2021,7,19,4
3294,1535,COURSE24,,Present,2021,4,14,0
3295,1144,COURSE31,,Absent,2024,4,22,3
3296,1229,COURSE37,,Present,2022,4,20,1
3297,2663,COURSE11,,Absent,2023,9,18,6
3298,2512,COURSE5,,Absent,2022,4,7,5
3299,1166,COURSE23,,Absent,2020,4,25,5
3300,2927,COURSE22,,Present,2024,9,15,5
3301,1609,COURSE12,,Absent,2022,9,18,6
3302,1605,COURSE42,,Absent,2021,10,23,5
3303,1516,COURSE43,,Present,2023,8,2,5
3304,2256,COURSE42,,Absent,2022,2,20,1
3305,1318,COURSE49,,Present,2024,10,10,0
3306,2773,COURSE6,,Present,2022,2,10,6
3307,1493,COURSE2,,Present,2023,3,22,2
3308,1652,COURSE24,,Absent,2020,10,24,1
3309,2639,COURSE22,,Present,2021,2,15,0
3310,2947,COURSE3,,Absent,2023,1,31,1
3311,1520,COURSE16,,Absent,2020,9,2,5
3312,2447,COURSE3,,Present,2024,2,17,2
3313,2398,COURSE17,,Absent,2022,6,12,4
3314,1836,COURSE18,,Present,2022,9,6,1
3315,1798,COURSE8,,Present,2020,10,5,2
3316,2825,COURSE37,,Absent,2021,4,7,4
3317,2535,COURSE14,,Present,2024,1,25,2
3318,2481,COURSE38,,Absent,2024,11,29,6
3319,1465,COURSE42,,Present,2023,11,6,4
3320,1547,COURSE41,,Present,2023,10,12,2
3321,2086,COURSE36,,Present,2022,12,25,3
3322,1102,COURSE3,,Absent,2024,3,30,4
3323,1538,COURSE28,,Absent,2023,9,30,4
3324,1635,COURSE26,,Present,2023,11,4,0
3325,1474,COURSE47,,Absent,2022,3,29,5
3326,2609,COURSE30,,Absent,2022,4,29,1
3327,1443,COURSE11,,Absent,2022,9,15,1
3328,1139,COURSE40,,Present,2024,8,19,3
3329,2578,COURSE4,,Absent,2024,4,3,2
3330,2917,COURSE42,,Present,2023,7,24,5
3331,2963,COURSE42,,Absent,2021,4,18,1
3332,2326,COURSE16,,Present,2024,5,18,2
3333,1817,COURSE1,,Absent,2024,7,16,6
3334,1519,COURSE16,,Absent,2020,8,26,2
3335,1970,COURSE4,,Present,2024,10,12,1
3336,2295,COURSE23,,Absent,2022,8,24,4
3337,1575,COURSE5,,Absent,2020,12,9,3
3338,1845,COURSE44,,Present,2024,12,25,3
3339,1166,COURSE23,,Absent,2020,9,2,6
3340,2050,COURSE47,,Absent,2023,4,14,0
3341,2860,COURSE44,,Present,2022,10,17,4
3342,1538,COURSE12,,Present,2024,12,20,6
3343,2875,COURSE47,,Absent,2024,6,23,5
3344,2231,COURSE38,,Present,2023,8,31,6
3345,1693,COURSE12,,Absent,2022,1,11,5
3346,1731,COURSE43,,Present,2020,9,2,1
3347,1744,COURSE48,,Absent,2023,4,14,1
3348,2672,COURSE9,,Absent,2023,11,21,4
3349,1620,COURSE25,,Absent,2020,6,11,2
3350,2131,COURSE45,,Present,2022,1,12,4
3351,1610,COURSE30,,Present,2020,8,24,1
3352,1318,COURSE16,,Present,2020,6,24,1
3353,2708,COURSE8,,Absent,2020,9,12,3
3354,1539,COURSE42,,Present,2024,1,18,2
3355,2619,COURSE24,,Absent,2023,5,23,5
3356,2189,COURSE20,,Present,2020,2,1,1
3357,2848,COURSE11,,Absent,2023,6,15,3
3358,1878,COURSE9,,Present,2022,7,4,0
3359,1902,COURSE44,,Absent,2020,1,23,2
3360,1504,COURSE24,,Present,2020,1,19,4
3361,2083,COURSE12,,Absent,2021,9,22,6
3362,1144,COURSE23,,Present,2024,8,29,6
3363,1823,COURSE3,,Present,2023,8,27,2
3364,1726,COURSE40,,Absent,2021,10,22,4
3365,1475,COURSE31,,Present,2022,10,23,5
3366,1580,COURSE30,,Absent,2022,10,15,0
3367,2602,COURSE20,,Absent,2024,5,7,1
3368,1734,COURSE7,,Absent,2022,12,26,4
3369,1589,COURSE36,,Present,2022,3,3,5
3370,1881,COURSE42,,Absent,2023,8,26,5
3371,1346,COURSE20,,Present,2023,7,8,6
3372,1316,COURSE2,,Present,2024,10,22,4
3373,2423,COURSE31,,Present,2023,10,10,0
3374,1557,COURSE42,,Present,2021,1,7,3
3375,1117,COURSE12,,Present,2023,7,23,4
3376,1725,COURSE33,,Absent,2023,4,1,2
3377,2099,COURSE30,,Present,2020,2,13,4
3378,2426,COURSE23,,Present,2021,10,23,5
3379,1388,COURSE6,,Present,2024,7,29,6
3380,1521,COURSE7,,Present,2020,7,10,5
3381,2895,COURSE34,,Present,2022,12,1,6
3382,2911,COURSE6,,Present,2024,1,14,4
3383,1567,COURSE15,,Absent,2022,3,26,1
3384,1156,COURSE43,,Present,2021,9,23,1
3385,1290,COURSE44,,Absent,2024,3,20,0
3386,1607,COURSE18,,Absent,2020,5,21,3
3387,1431,COURSE39,,Present,2021,3,6,5
3388,2591,COURSE42,,Present,2021,8,13,3
3389,2912,COURSE10,,Present,2021,9,1,4
3390,2036,COURSE14,,Absent,2021,1,7,0
3391,1002,COURSE11,,Present,2020,2,5,6
3392,2496,COURSE22,,Absent,2020,4,9,6
3393,1003,COURSE50,,Present,2022,4,5,6
3394,1191,COURSE22,,Present,2023,9,6,1
3395,1502,COURSE28,,Present,2023,11,7,0
3396,2444,COURSE15,,Present,2021,8,5,2
3397,2798,COURSE14,,Present,2021,9,15,2
3398,1178,COURSE45,,Present,2022,9,1,4
3399,1548,COURSE41,,Absent,2021,5,15,6
3400,2960,COURSE17,,Absent,2021,3,29,5
3401,1225,COURSE2,,Present,2021,7,2,2
3402,2495,COURSE3,,Present,2023,8,3,1
3403,1426,COURSE45,,Present,2021,5,10,2
3404,2879,COURSE15,,Present,2020,9,2,4
3405,1587,COURSE43,,Present,2023,7,30,2
3406,2491,COURSE25,,Present,2020,7,20,0
3407,2924,COURSE19,,Absent,2024,7,11,1
3408,1371,COURSE3,,Present,2021,8,31,4
3409,2325,COURSE40,,Absent,2024,2,7,1
3410,1313,COURSE48,,Absent,2021,9,21,1
3411,1007,COURSE28,,Present,2020,12,30,6
3412,1444,COURSE6,,Present,2023,9,30,4
3413,2146,COURSE11,,Present,2022,3,10,4
3414,2173,COURSE19,,Present,2022,3,3,0
3415,2317,COURSE31,,Absent,2020,11,8,3
3416,2450,COURSE4,,Absent,2022,10,28,4
3417,1025,COURSE35,,Present,2022,7,9,3
3418,1179,COURSE7,,Absent,2020,7,30,6
3419,2532,COURSE32,,Present,2024,5,6,5
3420,1093,COURSE47,,Absent,2023,11,25,0
3421,1069,COURSE3,,Absent,2023,12,12,5
3422,2806,COURSE24,,Present,2023,8,20,1
3423,1112,COURSE5,,Absent,2024,5,10,1
3424,2837,COURSE7,,Absent,2022,10,20,5
3425,1506,COURSE6,,Present,2024,3,29,4
3426,2162,COURSE46,,Absent,2021,12,26,0
3427,1719,COURSE12,,Present,2021,3,17,0
3428,2628,COURSE2,,Absent,2023,9,7,4
3429,2344,COURSE41,,Absent,2022,1,18,3
3430,1092,COURSE18,,Present,2023,10,4,5
3431,1759,COURSE12,,Absent,2020,4,7,2
3432,1112,COURSE20,,Present,2024,12,20,3
3433,2820,COURSE49,,Absent,2023,7,25,5
3434,2189,COURSE29,,Present,2023,8,23,3
3435,1546,COURSE47,,Absent,2024,12,25,4
3436,1229,COURSE17,,Present,2023,12,2,0
3437,2459,COURSE9,,Absent,2021,5,2,0
3438,1930,COURSE11,,Present,2020,7,8,4
3439,2524,COURSE24,,Present,2021,1,17,6
3440,2115,COURSE49,,Absent,2021,12,1,0
3441,1896,COURSE1,,Absent,2023,12,6,1
3442,2342,COURSE42,,Absent,2022,11,27,1
3443,1285,COURSE2,,Present,2020,2,26,6
3444,2147,COURSE16,,Absent,2022,1,4,6
3445,1913,COURSE23,,Absent,2021,1,20,0
3446,1148,COURSE48,,Absent,2024,10,26,3
3447,2712,COURSE22,,Absent,2024,8,31,6
3448,2124,COURSE32,,Absent,2023,1,27,6
3449,2930,COURSE45,,Present,2022,8,13,6
3450,2576,COURSE24,,Absent,2023,1,23,0
3451,2518,COURSE6,,Present,2023,10,14,1
3452,2767,COURSE42,,Absent,2022,9,29,1
3453,1256,COURSE23,,Absent,2024,10,29,1
3454,1184,COURSE6,,Absent,2022,2,1,5
3455,2059,COURSE23,,Present,2020,3,23,0
3456,1968,COURSE43,,Absent,2024,4,6,2
3457,2107,COURSE43,,Absent,2023,12,18,2
3458,1141,COURSE33,,Present,2022,6,25,6
3459,2523,COURSE14,,Present,2023,8,8,6
3460,1261,COURSE31,,Absent,2022,6,25,5
3461,2831,COURSE19,,Present,2022,12,2,5
3462,2684,COURSE1,,Present,2021,7,26,6
3463,1036,COURSE10,,Present,2021,7,5,5
3464,1759,COURSE23,,Present,2024,3,5,1
3465,2816,COURSE43,,Present,2020,4,5,0
3466,1053,COURSE36,,Present,2024,6,14,0
3467,2876,COURSE19,,Absent,2022,10,21,6
3468,1092,COURSE8,,Present,2023,12,25,5
3469,1532,COURSE39,,Absent,2021,3,2,6
3470,2843,COURSE4,,Absent,2023,2,20,4
3471,1327,COURSE24,,Absent,2021,12,24,0
3472,1952,COURSE12,,Absent,2020,1,23,5
3473,2651,COURSE31,,Absent,2021,4,4,5
3474,2228,COURSE49,,Present,2022,3,14,1
3475,1241,COURSE3,,Absent,2020,7,8,3
3476,2145,COURSE6,,Absent,2021,12,14,5
3477,2138,COURSE39,,Present,2022,3,2,2
3478,2842,COURSE27,,Absent,2024,8,1,3
3479,2987,COURSE36,,Absent,2021,6,16,6
3480,2044,COURSE34,,Present,2022,8,2,0
3481,1265,COURSE49,,Absent,2022,4,11,0
3482,2168,COURSE2,,Absent,2020,1,22,2
3483,2973,COURSE45,,Present,2023,2,27,1
3484,2447,COURSE25,,Present,2023,7,10,3
3485,1907,COURSE12,,Absent,2022,9,1,3
3486,1526,COURSE17,,Present,2022,6,26,4
3487,1149,COURSE48,,Absent,2021,4,14,5
3488,2469,COURSE44,,Present,2024,12,1,2
3489,1358,COURSE49,,Present,2020,4,25,1
3490,1125,COURSE39,,Present,2021,11,20,3
3491,2584,COURSE38,,Absent,2022,6,31,5
3492,1244,COURSE9,,Absent,2021,2,22,6
3493,2239,COURSE37,,Absent,2020,1,27,1
3494,1723,COURSE33,,Present,2022,3,21,5
3495,1346,COURSE47,,Absent,2020,2,2,2
3496,1731,COURSE8,,Absent,2024,7,17,3
3497,2772,COURSE24,,Present,2022,7,29,4
3498,2640,COURSE14,,Present,2022,9,5,5
3499,2741,COURSE42,,Present,2022,4,28,1
3500,2736,COURSE41,,Absent,2021,9,20,0
3501,2394,COURSE3,,Present,2020,7,20,4
3502,1008,COURSE6,,Present,2020,7,25,2
3503,1541,COURSE39,,Absent,2022,8,17,3
3504,2357,COURSE16,,Present,2024,9,8,5
3505,2945,COURSE22,,Present,2020,5,29,4
3506,1082,COURSE10,,Absent,2020,6,5,2
3507,1795,COURSE20,,Present,2021,2,29,5
3508,1388,COURSE17,,Present,2024,4,25,3
3509,1841,COURSE2,,Present,2022,5,10,5
3510,1989,COURSE26,,Absent,2024,10,2,1
3511,2431,COURSE5,,Absent,2020,3,29,6
3512,1271,COURSE49,,Present,2021,3,24,1
3513,2930,COURSE40,,Absent,2022,7,10,3
3514,2580,COURSE15,,Absent,2020,4,5,4
3515,1563,COURSE38,,Present,2024,1,5,4
3516,1513,COURSE4,,Absent,2022,5,18,2
3517,1340,COURSE4,,Absent,2024,6,7,6
3518,1253,COURSE49,,Present,2023,3,7,6
3519,1341,COURSE5,,Absent,2022,10,10,0
3520,2078,COURSE15,,Present,2021,3,16,2
3521,1936,COURSE3,,Present,2023,7,24,1
3522,2879,COURSE11,,Present,2023,11,18,5
3523,2577,COURSE12,,Present,2020,5,15,1
3524,1987,COURSE5,,Absent,2024,12,18,1
3525,2012,COURSE43,,Absent,2021,8,3,1
3526,1568,COURSE47,,Absent,2024,3,20,4
3527,2566,COURSE24,,Present,2023,4,27,5
3528,1015,COURSE3,,Absent,2023,4,2,4
3529,2716,COURSE7,,Absent,2022,9,7,2
3530,2561,COURSE41,,Present,2021,8,10,4
3531,1175,COURSE10,,Present,2023,1,12,0
3532,1235,COURSE36,,Absent,2024,3,7,5
3533,2709,COURSE15,,Absent,2024,12,28,5
3534,1942,COURSE17,,Absent,2021,6,30,0
3535,1995,COURSE13,,Present,2022,8,21,5
3536,1649,COURSE36,,Present,2020,2,5,3
3537,2491,COURSE2,,Absent,2024,7,18,2
3538,1255,COURSE33,,Absent,2023,9,3,6
3539,2433,COURSE19,,Present,2022,1,8,0
3540,1624,COURSE7,,Present,2023,2,21,5
3541,1586,COURSE9,,Absent,2021,10,13,5
3542,1352,COURSE27,,Present,2021,6,3,5
3543,2605,COURSE15,,Present,2021,8,30,3
3544,1638,COURSE42,,Present,2021,9,12,0
3545,1268,COURSE10,,Absent,2020,9,24,0
3546,1917,COURSE24,,Absent,2023,2,3,4
3547,2879,COURSE43,,Present,2020,8,4,3
3548,2109,COURSE7,,Present,2023,8,30,0
3549,1852,COURSE3,,Present,2024,8,4,4
3550,2281,COURSE20,,Absent,2021,12,2,6
3551,1449,COURSE17,,Absent,2023,2,22,6
3552,1027,COURSE46,,Present,2020,5,1,2
3553,2497,COURSE24,,Absent,2023,2,25,1
3554,2298,COURSE33,,Present,2021,1,4,3
3555,1502,COURSE3,,Present,2020,1,19,6
3556,2846,COURSE2,,Absent,2020,12,11,5
3557,2515,COURSE49,,Present,2021,4,2,2
3558,2617,COURSE20,,Absent,2024,3,2,5
3559,2881,COURSE37,,Present,2023,8,14,0
3560,2324,COURSE16,,Absent,2023,9,18,5
3561,1188,COURSE29,,Absent,2020,11,25,4
3562,2658,COURSE9,,Absent,2020,7,25,2
3563,2977,COURSE42,,Absent,2024,11,26,1
3564,2364,COURSE2,,Absent,2023,7,18,1
3565,1097,COURSE47,,Present,2021,1,13,0
3566,2870,COURSE2,,Absent,2023,6,11,4
3567,2694,COURSE33,,Absent,2023,10,21,1
3568,2946,COURSE44,,Present,2023,5,26,6
3569,2716,COURSE2,,Present,2020,5,9,6
3570,2778,COURSE41,,Present,2023,5,25,4
3571,1669,COURSE46,,Absent,2020,9,8,5
3572,2317,COURSE3,,Absent,2023,7,6,0
3573,2161,COURSE37,,Present,2022,1,3,6
3574,1477,COURSE47,,Absent,2024,8,23,5
3575,1615,COURSE26,,Absent,2024,12,14,3
3576,1663,COURSE49,,Present,2020,1,7,0
3577,2023,COURSE18,,Present,2020,7,10,6
3578,1616,COURSE14,,Absent,2020,7,21,0
3579,2041,COURSE33,,Present,2020,9,24,0
3580,1063,COURSE17,,Present,2020,9,12,5
3581,1307,COURSE29,,Absent,2023,11,25,1
3582,2804,COURSE21,,Absent,2023,6,2,1
3583,1646,COURSE7,,Present,2023,9,2,1
3584,1319,COURSE29,,Absent,2022,5,31,0
3585,2706,COURSE24,,Absent,2021,3,30,3
3586,2973,COURSE16,,Absent,2022,8,26,4
3587,1531,COURSE6,,Absent,2023,11,25,1
3588,2187,COURSE6,,Absent,2024,10,14,1
3589,2748,COURSE12,,Present,2020,12,7,0
3590,1229,COURSE22,,Present,2020,8,6,5
3591,2627,COURSE46,,Present,2022,10,18,1
3592,1150,COURSE20,,Present,2024,5,16,0
3593,2121,COURSE28,,Present,2020,1,23,4
3594,2069,COURSE37,,Present,2023,8,19,4
3595,2879,COURSE39,,Present,2020,5,26,0
3596,2239,COURSE48,,Absent,2021,5,26,2
3597,1966,COURSE2,,Absent,2022,3,27,4
3598,2141,COURSE37,,Absent,2024,6,13,0
3599,2025,COURSE27,,Present,2021,3,15,1
3600,2579,COURSE19,,Present,2023,2,27,0
3601,2071,COURSE49,,Present,2023,10,12,3
3602,1230,COURSE21,,Present,2021,11,22,4
3603,1266,COURSE7,,Present,2022,9,29,6
3604,1931,COURSE42,,Present,2022,12,29,6
3605,2334,COURSE39,,Absent,2021,12,18,1
3606,2581,COURSE6,,Present,2020,4,26,2
3607,1675,COURSE40,,Absent,2023,10,4,3
3608,1459,COURSE2,,Present,2024,9,9,5
3609,2464,COURSE44,,Present,2024,8,4,2
3610,2364,COURSE40,,Present,2024,10,20,4
3611,1843,COURSE7,,Present,2024,10,10,1
3612,1155,COURSE18,,Absent,2020,10,27,2
3613,2705,COURSE42,,Present,2022,9,27,5
3614,2401,COURSE6,,Absent,2021,9,24,3
3615,2735,COURSE31,,Present,2023,3,30,1
3616,1815,COURSE27,,Present,2024,8,7,1
3617,2184,COURSE32,,Absent,2021,1,28,4
3618,1699,COURSE13,,Present,2021,11,20,1
3619,1914,COURSE37,,Present,2021,10,30,0
3620,1262,COURSE29,,Absent,2020,7,21,5
3621,1714,COURSE34,,Present,2022,11,21,5
3622,2156,COURSE49,,Absent,2020,8,15,6
3623,2143,COURSE11,,Present,2020,10,7,0
3624,2060,COURSE37,,Absent,2024,12,22,0
3625,2329,COURSE39,,Absent,2021,10,24,5
3626,1174,COURSE35,,Present,2022,7,15,4
3627,2658,COURSE24,,Absent,2021,7,5,6
3628,1940,COURSE2,,Present,2024,11,1,2
3629,2834,COURSE20,,Absent,2023,1,22,1
3630,1116,COURSE36,,Present,2024,7,30,1
3631,2904,COURSE36,,Absent,2020,8,16,5
3632,1038,COURSE3,,Present,2022,12,13,4
3633,2164,COURSE16,,Present,2023,1,9,0
3634,2020,COURSE39,,Present,2020,3,3,2
3635,1881,COURSE6,,Present,2023,5,25,4
3636,1947,COURSE19,,Absent,2023,12,4,5
3637,1675,COURSE20,,Absent,2023,9,11,0
3638,2525,COURSE22,,Absent,2023,6,7,1
3639,2310,COURSE12,,Present,2022,9,12,1
3640,2509,COURSE22,,Present,2024,5,1,4
3641,2609,COURSE34,,Absent,2024,12,8,6
3642,1090,COURSE1,,Present,2021,5,6,5
3643,2299,COURSE19,,Present,2023,2,11,2
3644,2618,COURSE24,,Absent,2023,11,22,1
3645,1991,COURSE39,,Absent,2020,2,6,6
3646,2017,COURSE25,,Absent,2021,11,18,5
3647,1148,COURSE43,,Absent,2024,3,7,2
3648,2380,COURSE14,,Present,2020,2,15,4
3649,2268,COURSE17,,Present,2023,7,14,4
3650,2196,COURSE10,,Absent,2021,5,5,5
3651,1944,COURSE12,,Present,2021,9,16,5
3652,2365,COURSE3,,Present,2020,5,8,6
3653,2390,COURSE22,,Present,2020,1,4,0
3654,1855,COURSE41,,Absent,2024,7,21,0
3655,1503,COURSE6,,Absent,2022,4,3,6
3656,1273,COURSE5,,Present,2021,4,29,5
3657,2603,COURSE44,,Absent,2021,10,10,3
3658,1205,COURSE46,,Present,2023,4,13,2
3659,1366,COURSE9,,Absent,2023,9,6,1
3660,2510,COURSE8,,Absent,2020,1,23,2
3661,2027,COURSE24,,Present,2024,6,16,1
3662,2803,COURSE47,,Absent,2023,1,28,5
3663,2210,COURSE30,,Present,2021,6,30,3
3664,2890,COURSE17,,Present,2022,1,27,4
3665,2887,COURSE37,,Absent,2024,10,21,1
3666,1286,COURSE45,,Absent,2022,12,4,6
3667,1355,COURSE44,,Present,2021,3,26,0
3668,1821,COURSE20,,Absent,2023,6,3,5
3669,1598,COURSE8,,Present,2022,8,29,1
3670,2915,COURSE7,,Present,2024,2,23,2
3671,1432,COURSE18,,Absent,2022,9,3,4
3672,2674,COURSE45,,Absent,2021,10,25,3
3673,1382,COURSE34,,Absent,2022,8,2,2
3674,2360,COURSE7,,Absent,2021,11,17,6
3675,1721,COURSE8,,Present,2023,6,27,1
3676,1362,COURSE37,,Present,2022,10,18,1
3677,1291,COURSE38,,Present,2023,6,26,1
3678,2434,COURSE50,,Present,2022,11,6,0
3679,2594,COURSE17,,Absent,2023,8,10,2
3680,1401,COURSE23,,Absent,2020,4,19,4
3681,1247,COURSE45,,Present,2022,2,31,1
3682,1036,COURSE32,,Absent,2022,4,8,3
3683,2436,COURSE29,,Absent,2023,4,25,1
3684,2486,COURSE2,,Present,2022,4,29,1
3685,1304,COURSE12,,Present,2023,5,4,1
3686,2912,COURSE20,,Present,2021,2,26,2
3687,1935,COURSE24,,Absent,2023,6,2,5
3688,2888,COURSE25,,Absent,2021,1,17,1
3689,2534,COURSE16,,Present,2023,6,8,4
3690,1055,COURSE23,,Present,2024,7,3,0
3691,1845,COURSE19,,Present,2021,7,19,2
3692,1480,COURSE46,,Present,2021,5,7,2
3693,1372,COURSE47,,Present,2020,10,4,6
3694,2940,COURSE15,,Present,2022,1,17,3
3695,1107,COURSE42,,Absent,2023,11,1,4
3696,1807,COURSE11,,Absent,2024,3,14,3
3697,1227,COURSE49,,Present,2023,2,2,5
3698,2802,COURSE42,,Absent,2023,9,27,6
3699,2498,COURSE28,,Present,2023,12,15,3
3700,1692,COURSE36,,Present,2021,5,24,1
3701,2848,COURSE39,,Absent,2024,4,8,0
3702,2311,COURSE36,,Absent,2022,11,12,0
3703,2222,COURSE11,,Present,2021,12,27,1
3704,2868,COURSE47,,Absent,2021,5,30,3
3705,1668,COURSE33,,Absent,2023,9,11,6
3706,2245,COURSE49,,Absent,2022,5,4,5
3707,2923,COURSE23,,Present,2020,1,18,0
3708,2721,COURSE48,,Absent,2020,2,25,3
3709,2250,COURSE17,,Present,2022,9,17,2
3710,2482,COURSE29,,Absent,2020,12,22,6
3711,1742,COURSE18,,Present,2024,12,17,1
3712,1468,COURSE10,,Absent,2024,7,4,1
3713,2618,COURSE43,,Present,2023,6,3,6
3714,1752,COURSE39,,Absent,2023,8,14,4
3715,1634,COURSE30,,Present,2021,2,13,0
3716,2958,COURSE6,,Present,2022,2,25,3
3717,2600,COURSE45,,Absent,2020,11,18,4
3718,1484,COURSE14,,Present,2024,7,21,5
3719,1808,COURSE34,,Absent,2021,2,30,5
3720,1026,COURSE35,,Present,2022,9,25,2
3721,1083,COURSE18,,Present,2023,6,9,4
3722,2859,COURSE49,,Present,2023,4,26,4
3723,2022,COURSE2,,Absent,2023,6,23,6
3724,1807,COURSE21,,Present,2021,3,22,0
3725,2340,COURSE6,,Absent,2021,12,20,5
3726,1124,COURSE47,,Present,2023,8,4,1
3727,1661,COURSE47,,Present,2020,12,19,4
3728,1732,COURSE49,,Absent,2021,7,16,3
3729,1636,COURSE34,,Present,2022,3,20,4
3730,2108,COURSE44,,Absent,2020,11,4,0
3731,2123,COURSE43,,Present,2022,3,28,6
3732,1497,COURSE11,,Present,2020,1,5,1
3733,1235,COURSE40,,Present,2020,9,30,5
3734,1199,COURSE24,,Present,2021,11,8,6
3735,2176,COURSE40,,Present,2020,11,29,0
3736,2285,COURSE36,,Present,2020,2,3,5
3737,2018,COURSE28,,Absent,2022,12,28,5
3738,1380,COURSE17,,Absent,2022,11,23,6
3739,1373,COURSE13,,Absent,2024,8,23,2
3740,2364,COURSE20,,Present,2021,1,27,1
3741,1187,COURSE42,,Present,2023,12,14,5
3742,1695,COURSE39,,Absent,2024,8,8,5
3743,1862,COURSE17,,Absent,2020,9,22,6
3744,2103,COURSE24,,Present,2023,1,29,5
3745,2853,COURSE22,,Present,2023,7,10,6
3746,2116,COURSE46,,Absent,2022,3,23,3
3747,1047,COURSE20,,Present,2024,6,30,3
3748,2619,COURSE45,,Absent,2021,7,8,4
3749,1462,COURSE50,,Present,2023,12,12,3
3750,1128,COURSE18,,Absent,2021,12,24,6
3751,1598,COURSE5,,Present,2021,4,25,6
3752,2454,COURSE44,,Absent,2020,10,3,4
3753,1494,COURSE42,,Absent,2021,7,13,1
3754,2210,COURSE3,,Absent,2021,9,24,4
3755,2868,COURSE26,,Present,2023,5,10,4
3756,2338,COURSE42,,Present,2021,11,2,5
3757,2434,COURSE29,,Present,2023,8,13,4
3758,1827,COURSE7,,Present,2024,5,25,2
3759,2730,COURSE20,,Absent,2024,2,29,2
3760,2377,COURSE17,,Present,2022,1,23,5
3761,2949,COURSE42,,Present,2020,9,8,6
3762,2622,COURSE5,,Present,2022,2,24,0
3763,1652,COURSE47,,Absent,2021,1,25,4
3764,1095,COURSE26,,Absent,2022,4,29,2
3765,2232,COURSE35,,Absent,2023,10,29,5
3766,1611,COURSE12,,Present,2020,8,25,5
3767,1081,COURSE38,,Present,2020,10,6,6
3768,2996,COURSE4,,Present,2024,9,29,4
3769,2894,COURSE19,,Absent,2022,2,25,1
3770,1110,COURSE11,,Absent,2020,10,10,1
3771,1861,COURSE1,,Absent,2024,10,18,6
3772,2750,COURSE20,,Present,2020,10,3,3
3773,2110,COURSE16,,Absent,2022,6,30,3
3774,1782,COURSE9,,Absent,2022,4,10,6
3775,1325,COURSE24,,Absent,2021,11,22,3
3776,1145,COURSE40,,Present,2022,2,20,5
3777,2177,COURSE41,,Absent,2021,10,27,6
3778,1293,COURSE40,,Absent,2020,1,14,6
3779,2495,COURSE9,,Present,2021,1,4,2
3780,1250,COURSE47,,Present,2024,10,13,3
3781,1900,COURSE24,,Absent,2024,7,11,2
3782,2585,COURSE1,,Present,2024,10,3,6
3783,1608,COURSE24,,Present,2021,3,14,3
3784,2739,COURSE13,,Present,2020,12,9,2
3785,2652,COURSE35,,Present,2021,12,20,3
3786,2089,COURSE35,,Absent,2024,9,18,3
3787,2410,COURSE3,,Present,2020,3,25,5
3788,1739,COURSE43,,Absent,2021,2,13,2
3789,2840,COURSE11,,Present,2021,1,22,1
3790,1941,COURSE46,,Absent,2022,8,22,4
3791,2324,COURSE13,,Present,2024,12,23,5
3792,2792,COURSE4,,Absent,2022,2,23,6
3793,2847,COURSE42,,Present,2020,10,13,0
3794,1569,COURSE44,,Present,2020,4,29,5
3795,1413,COURSE46,,Absent,2022,4,15,3
3796,2309,COURSE2,,Present,2022,2,30,2
3797,2504,COURSE39,,Absent,2021,8,28,1
3798,2181,COURSE29,,Present,2022,8,28,3
3799,1636,COURSE45,,Present,2021,8,3,5
3800,2812,COURSE49,,Present,2021,12,17,1
3801,1248,COURSE37,,Present,2022,5,17,6
3802,1568,COURSE5,,Present,2020,6,20,2
3803,2647,COURSE22,,Absent,2022,3,28,0
3804,2037,COURSE2,,Present,2022,9,20,1
3805,2657,COURSE47,,Absent,2021,11,21,2
3806,2859,COURSE34,,Present,2020,2,5,1
3807,2694,COURSE44,,Absent,2021,1,3,0
3808,2488,COURSE2,,Present,2022,12,11,4
3809,2270,COURSE16,,Absent,2022,4,15,1
3810,2875,COURSE4,,Present,2023,1,31,4
3811,1698,COURSE50,,Absent,2022,1,5,2
3812,1466,COURSE47,,Present,2022,6,2,0
3813,1850,COURSE14,,Absent,2021,5,15,5
3814,1436,COURSE36,,Absent,2022,1,22,5
3815,2623,COURSE9,,Absent,2024,10,23,6
3816,2630,COURSE32,,Present,2021,9,21,1
3817,1729,COURSE35,,Present,2021,5,16,3
3818,2717,COURSE18,,Present,2022,10,8,0
3819,1296,COURSE48,,Present,2022,12,30,1
3820,1106,COURSE22,,Present,2020,12,12,3
3821,1483,COURSE40,,Present,2023,2,23,2
3822,2371,COURSE44,,Absent,2021,12,15,2
3823,2428,COURSE9,,Present,2021,2,26,5
3824,1212,COURSE17,,Present,2023,3,22,4
3825,1232,COURSE12,,Present,2024,3,4,4
3826,2889,COURSE8,,Absent,2020,4,14,0
3827,1974,COURSE17,,Absent,2024,9,10,4
3828,1473,COURSE46,,Absent,2022,6,1,6
3829,2692,COURSE29,,Absent,2022,9,22,6
3830,1074,COURSE7,,Absent,2023,6,26,4
3831,1221,COURSE19,,Absent,2020,2,17,5
3832,1862,COURSE9,,Absent,2023,5,8,0
3833,2494,COURSE7,,Absent,2020,2,1,6
3834,2639,COURSE37,,Absent,2024,11,19,0
3835,1087,COURSE20,,Present,2023,12,11,5
3836,2465,COURSE17,,Absent,2020,7,12,6
3837,2205,COURSE19,,Present,2022,8,19,4
3838,2032,COURSE47,,Absent,2020,9,6,3
3839,2882,COURSE9,,Present,2024,4,25,1
3840,2949,COURSE19,,Present,2023,6,3,2
3841,1645,COURSE18,,Absent,2020,12,1,0
3842,1624,COURSE7,,Absent,2021,3,27,3
3843,1892,COURSE3,,Present,2021,9,11,0
3844,1102,COURSE27,,Present,2024,10,7,1
3845,2462,COURSE6,,Absent,2020,9,4,2
3846,1691,COURSE9,,Present,2024,2,16,0
3847,1366,COURSE29,,Absent,2022,4,21,2
3848,2749,COURSE46,,Absent,2024,10,17,3
3849,1294,COURSE49,,Present,2022,11,8,5
3850,1986,COURSE19,,Present,2024,3,10,5
3851,2272,COURSE42,,Present,2022,12,14,1
3852,2314,COURSE27,,Present,2024,5,29,5
3853,2948,COURSE16,,Present,2021,3,1,6
3854,1030,COURSE2,,Absent,2024,4,31,6
3855,2689,COURSE50,,Absent,2023,1,12,4
3856,2856,COURSE19,,Absent,2020,4,3,3
3857,2492,COURSE37,,Present,2020,3,6,1
3858,1345,COURSE44,,Present,2022,12,13,1
3859,1063,COURSE8,,Absent,2020,7,10,4
3860,2947,COURSE46,,Present,2021,8,19,0
3861,1948,COURSE11,,Absent,2021,11,4,4
3862,1154,COURSE41,,Present,2023,4,22,3
3863,1262,COURSE32,,Present,2020,1,23,0
3864,2982,COURSE7,,Present,2021,8,29,0
3865,2630,COURSE41,,Absent,2021,11,14,4
3866,1017,COURSE29,,Absent,2024,12,24,5
3867,1975,COURSE18,,Present,2022,7,4,6
3868,1386,COURSE17,,Present,2023,9,31,1
3869,2158,COURSE16,,Absent,2023,8,31,2
3870,2179,COURSE8,,Present,2024,2,6,3
3871,1699,COURSE22,,Absent,2021,12,6,5
3872,1460,COURSE43,,Present,2021,5,22,4
3873,2122,COURSE50,,Present,2024,10,14,5
3874,1341,COURSE19,,Absent,2024,12,5,4
3875,1362,COURSE2,,Absent,2024,2,14,5
3876,2064,COURSE3,,Present,2021,1,14,1
3877,1169,COURSE45,,Present,2023,1,16,3
3878,2315,COURSE32,,Absent,2024,8,2,5
3879,1487,COURSE40,,Absent,2020,9,4,5
3880,2866,COURSE43,,Absent,2022,1,25,2
3881,2772,COURSE4,,Present,2020,10,9,1
3882,2414,COURSE49,,Present,2024,3,1,4
3883,2030,COURSE47,,Present,2020,2,31,0
3884,2550,COURSE22,,Present,2021,4,26,5
3885,1910,COURSE6,,Present,2020,6,17,5
3886,1930,COURSE47,,Absent,2023,5,10,4
3887,1922,COURSE39,,Present,2020,3,8,0
3888,2296,COURSE36,,Absent,2024,3,3,5
3889,2198,COURSE50,,Present,2020,2,24,3
3890,1660,COURSE49,,Absent,2020,10,14,5
3891,2201,COURSE49,,Present,2022,4,28,4
3892,1023,COURSE19,,Present,2020,5,14,6
3893,1107,COURSE42,,Absent,2020,10,7,4
3894,2703,COURSE10,,Present,2024,7,22,0
3895,2408,COURSE13,,Absent,2022,6,21,2
3896,2816,COURSE3,,Absent,2024,7,29,5
3897,1412,COURSE28,,Present,2024,2,16,2
3898,1433,COURSE36,,Absent,2024,2,5,4
3899,1563,COURSE11,,Absent,2021,1,14,0
3900,1265,COURSE34,,Absent,2023,6,6,6
3901,1619,COURSE3,,Absent,2022,2,22,1
3902,2994,COURSE9,,Present,2022,5,7,6
3903,1531,COURSE9,,Present,2020,3,26,4
3904,1777,COURSE2,,Absent,2020,6,3,5
3905,2525,COURSE21,,Absent,2022,1,10,6
3906,1482,COURSE49,,Present,2021,2,28,1
3907,1562,COURSE15,,Absent,2024,7,7,4
3908,1859,COURSE48,,Absent,2024,8,2,4
3909,1070,COURSE1,,Present,2022,9,26,6
3910,2482,COURSE36,,Absent,2022,8,11,2
3911,1911,COURSE6,,Absent,2020,11,27,3
3912,1648,COURSE21,,Absent,2020,4,27,4
3913,2922,COURSE4,,Present,2022,5,26,6
3914,2930,COURSE37,,Present,2021,3,16,6
3915,1558,COURSE41,,Absent,2024,9,22,2
3916,2923,COURSE11,,Absent,2023,10,18,5
3917,2447,COURSE4,,Present,2022,8,19,1
3918,1016,COURSE19,,Present,2024,11,23,4
3919,2719,COURSE3,,Present,2023,11,3,1
3920,2886,COURSE8,,Present,2024,8,19,3
3921,2753,COURSE9,,Absent,2024,6,2,6
3922,1230,COURSE26,,Absent,2022,9,24,1
3923,1719,COURSE20,,Present,2022,3,24,4
3924,2635,COURSE41,,Present,2020,1,16,0
3925,1848,COURSE26,,Present,2022,4,31,0
3926,2538,COURSE1,,Present,2022,9,29,5
3927,2621,COURSE3,,Present,2020,9,4,4
3928,1963,COURSE31,,Absent,2020,7,12,6
3929,1151,COURSE21,,Present,2021,7,8,6
3930,1342,COURSE19,,Present,2020,9,14,1
3931,2985,COURSE29,,Present,2024,4,13,4
3932,2478,COURSE34,,Absent,2021,2,8,3
3933,2775,COURSE3,,Absent,2024,1,30,1
3934,1409,COURSE7,,Present,2023,9,25,6
3935,2376,COURSE4,,Present,2023,1,15,1
3936,1913,COURSE43,,Absent,2020,10,8,0
3937,1762,COURSE5,,Absent,2021,9,8,0
3938,2333,COURSE8,,Absent,2021,10,14,1
3939,2977,COURSE22,,Present,2020,8,26,1
3940,1732,COURSE1,,Absent,2020,12,30,1
3941,1623,COURSE35,,Absent,2023,3,7,0
3942,1571,COURSE20,,Absent,2022,10,22,0
3943,1930,COURSE44,,Absent,2024,8,22,2
3944,1070,COURSE8,,Present,2023,2,23,2
3945,1955,COURSE14,,Absent,2024,3,3,6
3946,1599,COURSE7,,Present,2024,5,4,0
3947,1425,COURSE48,,Absent,2022,5,4,3
3948,1925,COURSE46,,Absent,2024,10,3,2
3949,1045,COURSE17,,Absent,2022,6,3,1
3950,1078,COURSE27,,Present,2020,5,31,2
3951,1977,COURSE14,,Absent,2022,5,30,5
3952,2124,COURSE46,,Present,2022,5,24,5
3953,2325,COURSE34,,Present,2022,7,8,4
3954,2733,COURSE46,,Present,2023,3,26,0
3955,1307,COURSE19,,Absent,2021,8,5,6
3956,1837,COURSE30,,Present,2024,7,29,4
3957,2554,COURSE44,,Absent,2024,9,31,2
3958,2073,COURSE16,,Present,2024,4,18,6
3959,2187,COURSE19,,Present,2020,9,23,1
3960,1844,COURSE17,,Present,2020,2,21,4
3961,2360,COURSE38,,Present,2024,7,4,3
3962,1100,COURSE17,,Present,2022,11,4,1
3963,1770,COURSE6,,Present,2021,1,25,1
3964,2177,COURSE13,,Absent,2022,4,30,1
3965,2790,COURSE16,,Absent,2024,8,30,6
3966,1980,COURSE18,,Absent,2020,7,6,0
3967,1247,COURSE26,,Absent,2022,7,17,3
3968,2875,COURSE6,,Absent,2023,5,14,4
3969,2031,COURSE44,,Absent,2023,2,25,2
3970,2693,COURSE39,,Present,2023,12,23,5
3971,1329,COURSE36,,Absent,2023,12,17,5
3972,2422,COURSE46,,Absent,2024,12,3,6
3973,1209,COURSE19,,Present,2021,11,23,4
3974,2436,COURSE24,,Absent,2023,5,16,5
3975,2100,COURSE36,,Absent,2021,5,13,6
3976,1856,COURSE31,,Absent,2021,4,25,0
3977,1620,COURSE34,,Absent,2022,12,4,3
3978,1757,COURSE22,,Absent,2024,2,18,5
3979,1671,COURSE29,,Absent,2023,11,17,0
3980,1883,COURSE40,,Present,2024,1,10,4
3981,2489,COURSE11,,Absent,2021,7,24,1
3982,2011,COURSE20,,Present,2020,12,30,0
3983,1972,COURSE9,,Absent,2024,1,24,4
3984,1254,COURSE8,,Absent,2021,12,11,3
3985,2947,COURSE5,,Present,2023,8,11,6
3986,1095,COURSE34,,Absent,2022,6,8,5
3987,2713,COURSE32,,Present,2021,4,10,3
3988,1066,COURSE28,,Present,2022,10,4,5
3989,1303,COURSE34,,Present,2021,2,15,6
3990,2636,COURSE15,,Present,2020,12,1,0
3991,1352,COURSE12,,Absent,2020,2,23,0
3992,2407,COURSE3,,Present,2022,11,24,1
3993,2478,COURSE19,,Present,2020,8,26,0
3994,2496,COURSE10,,Present,2020,8,6,1
3995,1203,COURSE1,,Present,2022,11,24,3
3996,2821,COURSE47,,Present,2020,6,1,2
3997,1728,COURSE45,,Absent,2024,4,27,2
3998,1136,COURSE2,,Absent,2020,6,8,2
3999,2042,COURSE29,,Present,2023,1,9,5
4000,1482,COURSE28,,Present,2022,5,13,6
4001,1616,COURSE29,,Present,2022,5,12,3
4002,2588,COURSE1,,Present,2022,3,9,5
4003,1846,COURSE43,,Absent,2024,10,11,3
4004,2285,COURSE44,,Present,2022,9,29,0
4005,2346,COURSE1,,Absent,2024,10,29,2
4006,2170,COURSE47,,Absent,2023,9,11,2
4007,2095,COURSE37,,Absent,2022,6,27,3
4008,2936,COURSE1,,Absent,2024,12,4,3
4009,1713,COURSE6,,Present,2020,8,14,1
4010,1662,COURSE18,,Present,2024,2,25,1
4011,1715,COURSE27,,Present,2020,12,22,2
4012,2262,COURSE6,,Present,2022,12,23,4
4013,1490,COURSE20,,Present,2023,9,30,6
4014,1727,COURSE7,,Absent,2022,9,19,2
4015,2605,COURSE7,,Present,2020,3,16,3
4016,2844,COURSE12,,Present,2021,1,29,1
4017,2631,COURSE2,,Present,2024,4,30,6
4018,2595,COURSE6,,Absent,2022,1,27,0
4019,1065,COURSE43,,Absent,2023,9,19,5
4020,1485,COURSE14,,Present,2022,8,7,2
4021,2063,COURSE32,,Absent,2022,7,4,1
4022,1867,COURSE11,,Present,2022,3,13,4
4023,1479,COURSE4,,Present,2022,1,25,1
4024,1389,COURSE12,,Absent,2021,5,30,3
4025,1527,COURSE28,,Absent,2022,9,29,6
4026,1191,COURSE38,,Present,2022,3,19,5
4027,2680,COURSE33,,Absent,2020,1,1,5
4028,2664,COURSE4,,Present,2023,7,20,2
4029,1378,COURSE1,,Absent,2024,5,25,0
4030,1775,COURSE3,,Absent,2023,2,2,0
4031,1401,COURSE6,,Present,2024,10,26,3
4032,1604,COURSE17,,Present,2020,2,14,5
4033,2752,COURSE17,,Absent,2023,1,29,1
4034,1844,COURSE30,,Absent,2021,1,9,0
4035,2906,COURSE42,,Absent,2022,9,22,2
4036,2160,COURSE35,,Present,2023,11,6,5
4037,2485,COURSE27,,Absent,2022,8,2,1
4038,2528,COURSE42,,Present,2021,5,24,6
4039,1416,COURSE1,,Absent,2020,6,8,6
4040,2947,COURSE6,,Absent,2024,9,14,4
4041,1214,COURSE1,,Absent,2024,7,13,1
4042,1942,COURSE17,,Absent,2024,9,25,0
4043,1553,COURSE7,,Present,2022,11,5,1
4044,2237,COURSE19,,Present,2022,9,3,6
4045,1722,COURSE20,,Present,2024,9,4,2
4046,2988,COURSE10,,Absent,2023,9,10,6
4047,1925,COURSE7,,Present,2021,1,8,6
4048,1794,COURSE40,,Present,2021,8,31,2
4049,2164,COURSE43,,Present,2024,2,27,3
4050,2359,COURSE3,,Absent,2020,10,25,6
4051,1457,COURSE36,,Absent,2022,7,6,5
4052,1733,COURSE49,,Present,2020,11,6,4
4053,2483,COURSE18,,Present,2023,4,3,2
4054,2921,COURSE36,,Absent,2021,10,9,0
4055,2344,COURSE30,,Present,2020,6,6,1
4056,2885,COURSE39,,Absent,2023,7,26,1
4057,2394,COURSE39,,Absent,2021,10,5,5
4058,2257,COURSE35,,Absent,2024,7,10,4
4059,2925,COURSE19,,Absent,2021,7,29,1
4060,2022,COURSE15,,Present,2023,12,25,4
4061,1908,COURSE15,,Present,2024,11,6,2
4062,1921,COURSE42,,Absent,2023,4,16,2
4063,1157,COURSE31,,Absent,2021,5,16,0
4064,1759,COURSE40,,Absent,2021,3,22,1
4065,1175,COURSE32,,Present,2020,3,18,4
4066,1431,COURSE7,,Present,2022,8,12,4
4067,2136,COURSE9,,Present,2020,5,29,6
4068,2509,COURSE20,,Present,2020,5,13,4
4069,1821,COURSE37,,Absent,2024,10,7,1
4070,1990,COURSE11,,Absent,2022,3,20,4
4071,2776,COURSE13,,Present,2023,5,29,2
4072,2843,COURSE42,,Absent,2020,8,29,5
4073,1911,COURSE11,,Absent,2020,3,30,2
4074,2230,COURSE13,,Present,2024,2,31,5
4075,1408,COURSE20,,Present,2020,9,19,1
4076,2931,COURSE43,,Absent,2022,5,30,6
4077,1706,COURSE24,,Absent,2022,7,15,3
4078,1054,COURSE16,,Absent,2024,5,24,1
4079,1692,COURSE3,,Absent,2022,9,4,3
4080,1938,COURSE47,,Absent,2023,7,15,5
4081,1300,COURSE2,,Absent,2024,4,20,1
4082,1921,COURSE26,,Present,2020,7,9,2
4083,1985,COURSE20,,Present,2022,9,8,2
4084,1110,COURSE13,,Absent,2024,8,23,5
4085,1555,COURSE43,,Present,2021,4,10,0
4086,1997,COURSE35,,Present,2023,10,28,5
4087,2051,COURSE14,,Absent,2021,6,4,0
4088,2207,COURSE37,,Absent,2020,4,7,0
4089,2270,COURSE28,,Present,2024,9,5,3
4090,1451,COURSE42,,Absent,2020,9,1,5
4091,2884,COURSE29,,Absent,2023,9,9,0
4092,2335,COURSE37,,Absent,2023,5,8,4
4093,1802,COURSE42,,Present,2024,9,25,5
4094,2225,COURSE39,,Present,2024,12,12,6
4095,1989,COURSE30,,Present,2023,6,22,5
4096,1014,COURSE22,,Absent,2024,12,16,5
4097,1443,COURSE13,,Present,2021,10,24,3
4098,1364,COURSE47,,Present,2023,8,29,1
4099,1059,COURSE8,,Absent,2023,10,5,0
4100,2904,COURSE17,,Absent,2023,11,17,4
4101,2337,COURSE19,,Present,2024,8,11,2
4102,1335,COURSE40,,Present,2024,4,24,0
4103,2411,COURSE5,,Absent,2022,2,26,5
4104,1139,COURSE21,,Absent,2020,8,6,1
4105,2817,COURSE3,,Absent,2022,9,13,3
4106,1386,COURSE21,,Present,2023,11,24,3
4107,1896,COURSE38,,Absent,2021,1,8,5
4108,1651,COURSE39,,Absent,2020,6,31,4
4109,2027,COURSE35,,Present,2021,8,15,0
4110,1801,COURSE34,,Present,2020,11,22,1
4111,2444,COURSE5,,Absent,2022,11,17,6
4112,2474,COURSE2,,Absent,2024,1,23,0
4113,1710,COURSE2,,Absent,2020,1,15,5
4114,2046,COURSE43,,Absent,2020,7,14,3
4115,2255,COURSE11,,Absent,2020,6,30,5
4116,2902,COURSE18,,Present,2023,12,17,5
4117,1700,COURSE22,,Absent,2020,1,27,5
4118,1857,COURSE43,,Present,2023,12,24,5
4119,2663,COURSE42,,Present,2022,1,23,1
4120,2156,COURSE28,,Absent,2022,1,28,4
4121,2977,COURSE7,,Present,2024,2,11,4
4122,1195,COURSE12,,Absent,2024,1,6,6
4123,1790,COURSE20,,Present,2021,6,27,3
4124,1814,COURSE17,,Absent,2024,4,2,4
4125,1469,COURSE7,,Absent,2020,1,26,6
4126,1910,COURSE10,,Present,2020,10,22,1
4127,1347,COURSE9,,Absent,2021,1,3,3
4128,1096,COURSE23,,Absent,2023,10,16,1
4129,2047,COURSE10,,Absent,2023,4,1,2
4130,1934,COURSE41,,Present,2021,3,13,5
4131,2439,COURSE48,,Present,2020,8,26,4
4132,2996,COURSE29,,Absent,2023,9,22,1
4133,1619,COURSE31,,Present,2020,5,26,6
4134,1647,COURSE11,,Present,2021,2,13,0
4135,2396,COURSE43,,Present,2022,7,24,5
4136,2419,COURSE42,,Absent,2021,11,9,1
4137,2897,COURSE9,,Absent,2023,10,28,6
4138,1778,COURSE21,,Absent,2020,9,27,6
4139,1140,COURSE15,,Absent,2022,12,15,3
4140,2713,COURSE24,,Absent,2020,12,29,4
4141,2588,COURSE29,,Absent,2023,6,14,6
4142,1926,COURSE6,,Present,2020,3,23,5
4143,1730,COURSE37,,Present,2022,10,8,1
4144,2425,COURSE50,,Absent,2020,10,12,4
4145,2133,COURSE38,,Absent,2023,10,18,4
4146,1156,COURSE46,,Absent,2022,10,6,0
4147,2382,COURSE47,,Absent,2022,3,10,4
4148,1018,COURSE17,,Absent,2023,9,25,2
4149,1749,COURSE8,,Absent,2022,7,23,3
4150,2050,COURSE49,,Absent,2020,8,23,2
4151,2016,COURSE2,,Absent,2024,10,16,2
4152,1219,COURSE42,,Absent,2022,2,8,4
4153,1285,COURSE34,,Absent,2021,11,1,4
4154,1882,COURSE4,,Absent,2020,4,7,4
4155,2582,COURSE2,,Absent,2024,6,9,2
4156,1638,COURSE37,,Absent,2024,1,12,1
4157,1971,COURSE4,,Absent,2023,5,27,6
4158,2911,COURSE32,,Absent,2022,10,22,4
4159,2511,COURSE46,,Present,2024,4,13,0
4160,1828,COURSE27,,Present,2021,8,30,4
4161,2133,COURSE34,,Absent,2024,2,6,3
4162,2827,COURSE36,,Absent,2022,1,22,1
4163,2786,COURSE27,,Present,2020,12,2,0
4164,2887,COURSE46,,Absent,2022,11,6,3
4165,2179,COURSE7,,Absent,2023,7,10,1
4166,2027,COURSE47,,Absent,2024,7,28,0
4167,2556,COURSE16,,Absent,2022,6,12,1
4168,2630,COURSE24,,Present,2021,9,17,6
4169,1595,COURSE17,,Present,2021,6,21,6
4170,1280,COURSE30,,Present,2024,10,20,1
4171,2236,COURSE8,,Absent,2023,5,7,1
4172,2927,COURSE22,,Absent,2023,8,20,6
4173,1413,COURSE14,,Absent,2023,12,20,5
4174,2304,COURSE3,,Absent,2020,5,13,4
4175,2637,COURSE36,,Absent,2024,9,19,0
4176,2193,COURSE10,,Present,2021,6,20,0
4177,2085,COURSE22,,Present,2024,7,25,0
4178,1467,COURSE7,,Absent,2020,7,25,1
4179,2193,COURSE30,,Absent,2024,8,27,4
4180,1768,COURSE12,,Present,2023,8,4,5
4181,2831,COURSE34,,Present,2024,6,1,1
4182,1148,COURSE43,,Present,2023,8,9,0
4183,1264,COURSE18,,Absent,2022,4,9,1
4184,2967,COURSE32,,Present,2023,4,18,3
4185,1974,COURSE22,,Present,2020,8,8,1
4186,1643,COURSE41,,Absent,2020,3,6,4
4187,2215,COURSE24,,Present,2023,5,12,5
4188,1810,COURSE32,,Absent,2024,3,26,0
4189,2529,COURSE33,,Absent,2024,2,14,4
4190,2617,COURSE9,,Absent,2024,2,25,3
4191,2858,COURSE6,,Present,2023,6,20,6
4192,1890,COURSE21,,Present,2023,8,27,5
4193,2456,COURSE40,,Absent,2022,4,22,5
4194,1004,COURSE48,,Present,2022,8,9,2
4195,1216,COURSE14,,Present,2021,1,12,5
4196,2265,COURSE39,,Absent,2022,10,4,6
4197,2971,COURSE15,,Present,2022,5,23,2
4198,2969,COURSE7,,Present,2020,3,26,1
4199,2803,COURSE45,,Absent,2020,6,18,4
4200,2842,COURSE8,,Absent,2021,1,7,1
4201,2204,COURSE18,,Present,2022,1,8,5
4202,1721,COURSE26,,Present,2021,10,8,1
4203,2239,COURSE23,,Absent,2020,9,12,2
4204,2520,COURSE17,,Present,2020,4,4,6
4205,1636,COURSE38,,Present,2023,4,6,4
4206,1526,COURSE26,,Absent,2022,3,30,4
4207,2998,COURSE17,,Absent,2024,2,16,6
4208,2292,COURSE44,,Absent,2024,11,29,1
4209,1081,COURSE19,,Absent,2021,12,25,4
4210,1266,COURSE7,,Absent,2023,9,26,2
4211,2514,COURSE34,,Present,2021,12,23,2
4212,2134,COURSE19,,Present,2020,11,15,1
4213,1159,COURSE19,,Absent,2021,1,21,2
4214,2118,COURSE2,,Absent,2022,4,11,3
4215,2382,COURSE7,,Present,2022,6,15,2
4216,2013,COURSE29,,Absent,2021,4,19,4
4217,2386,COURSE44,,Present,2022,8,17,1
4218,2259,COURSE48,,Absent,2023,7,31,4
4219,2038,COURSE10,,Absent,2024,4,28,0
4220,1723,COURSE13,,Present,2021,6,26,4
4221,2503,COURSE4,,Present,2024,11,31,0
4222,2179,COURSE38,,Absent,2021,8,15,4
4223,1835,COURSE39,,Absent,2020,2,9,0
4224,2703,COURSE25,,Present,2021,6,13,5
4225,1708,COURSE24,,Present,2021,1,18,1
4226,2264,COURSE3,,Present,2021,2,30,2
4227,1625,COURSE8,,Present,2024,2,12,4
4228,2179,COURSE17,,Present,2021,12,30,1
4229,1156,COURSE2,,Absent,2023,6,29,4
4230,2777,COURSE31,,Absent,2022,10,11,3
4231,2424,COURSE2,,Present,2021,2,23,1
4232,1217,COURSE7,,Absent,2021,12,26,2
4233,2774,COURSE24,,Present,2022,5,11,4
4234,2462,COURSE38,,Present,2024,7,25,3
4235,1007,COURSE20,,Absent,2023,2,7,6
4236,1193,COURSE37,,Present,2020,2,23,4
4237,2577,COURSE22,,Absent,2024,11,13,1
4238,2255,COURSE4,,Present,2024,4,30,5
4239,2705,COURSE41,,Present,2022,1,10,2
4240,2614,COURSE2,,Present,2023,8,19,0
4241,2362,COURSE49,,Present,2020,3,29,3
4242,1273,COURSE11,,Present,2024,9,20,4
4243,1237,COURSE20,,Absent,2022,7,26,0
4244,1373,COURSE34,,Absent,2021,11,27,6
4245,2490,COURSE5,,Present,2020,12,29,3
4246,2094,COURSE38,,Present,2024,12,8,2
4247,2087,COURSE26,,Present,2021,2,30,6
4248,1869,COURSE39,,Present,2022,12,26,0
4249,2849,COURSE29,,Absent,2021,7,10,4
4250,2385,COURSE24,,Absent,2023,8,14,1
4251,1665,COURSE38,,Present,2021,12,27,2
4252,2433,COURSE26,,Present,2024,5,6,1
4253,1026,COURSE41,,Present,2024,5,12,2
4254,1626,COURSE8,,Present,2020,1,7,1
4255,1877,COURSE13,,Present,2024,5,3,2
4256,2214,COURSE5,,Absent,2022,12,15,3
4257,1793,COURSE12,,Absent,2022,4,29,1
4258,1734,COURSE15,,Absent,2020,9,12,6
4259,1073,COURSE29,,Absent,2022,12,18,5
4260,2990,COURSE8,,Present,2020,3,28,3
4261,2729,COURSE3,,Absent,2020,5,10,1
4262,2162,COURSE49,,Absent,2023,5,17,3
4263,2331,COURSE48,,Absent,2022,8,20,5
4264,1742,COURSE4,,Present,2021,1,15,1
4265,2851,COURSE42,,Absent,2022,5,27,3
4266,2994,COURSE47,,Present,2023,6,21,4
4267,2599,COURSE48,,Present,2024,2,18,2
4268,2844,COURSE40,,Present,2024,7,17,4
4269,1833,COURSE34,,Present,2024,9,19,3
4270,2424,COURSE45,,Absent,2020,9,3,3
4271,2826,COURSE17,,Absent,2022,5,23,1
4272,2612,COURSE9,,Absent,2023,7,15,4
4273,1467,COURSE38,,Absent,2021,7,24,0
4274,2755,COURSE37,,Present,2022,11,13,6
4275,1679,COURSE41,,Present,2021,5,22,0
4276,1152,COURSE19,,Present,2020,7,19,5
4277,2483,COURSE25,,Absent,2021,12,14,0
4278,2633,COURSE35,,Present,2021,10,15,5
4279,2059,COURSE4,,Absent,2022,6,3,0
4280,1403,COURSE2,,Present,2022,5,10,2
4281,2283,COURSE33,,Present,2022,9,15,2
4282,2803,COURSE49,,Absent,2023,10,19,1
4283,1665,COURSE43,,Absent,2024,1,11,2
4284,1458,COURSE12,,Present,2024,12,24,2
4285,1981,COURSE29,,Present,2021,1,13,2
4286,2665,COURSE42,,Present,2023,6,21,5
4287,1494,COURSE47,,Present,2021,7,21,3
4288,2472,COURSE6,,Absent,2021,12,10,5
4289,2483,COURSE33,,Present,2020,6,13,0
4290,1755,COURSE22,,Absent,2022,3,15,2
4291,2287,COURSE17,,Absent,2023,9,7,2
4292,2380,COURSE47,,Present,2022,5,31,5
4293,1973,COURSE14,,Present,2024,6,4,0
4294,2539,COURSE44,,Absent,2020,10,11,6
4295,1312,COURSE11,,Absent,2021,12,17,3
4296,1257,COURSE37,,Present,2022,12,27,4
4297,1863,COURSE19,,Absent,2023,10,11,0
4298,2628,COURSE29,,Present,2022,3,14,6
4299,2720,COURSE5,,Absent,2023,1,26,1
4300,2159,COURSE42,,Absent,2021,1,7,4
4301,2830,COURSE22,,Present,2020,6,25,4
4302,2258,COURSE40,,Absent,2022,4,2,5
4303,1608,COURSE20,,Present,2023,1,5,5
4304,1113,COURSE2,,Absent,2021,1,8,4
4305,1692,COURSE48,,Absent,2021,9,29,1
4306,2042,COURSE15,,Absent,2023,6,27,2
4307,2654,COURSE28,,Present,2023,3,22,4
4308,2284,COURSE39,,Present,2020,5,12,6
4309,2209,COURSE7,,Absent,2020,2,25,0
4310,2017,COURSE19,,Absent,2021,12,23,1
4311,2813,COURSE48,,Absent,2021,12,6,0
4312,2818,COURSE32,,Present,2024,10,23,5
4313,2653,COURSE34,,Absent,2021,4,10,1
4314,2921,COURSE28,,Absent,2023,2,5,5
4315,1408,COURSE39,,Present,2022,4,1,4
4316,2990,COURSE6,,Absent,2023,11,6,1
4317,2632,COURSE31,,Present,2022,4,11,3
4318,2086,COURSE22,,Present,2021,11,18,5
4319,1566,COURSE16,,Absent,2022,6,24,3
4320,1432,COURSE36,,Present,2022,4,28,1
4321,2495,COURSE4,,Absent,2022,3,23,1
4322,1051,COURSE11,,Absent,2024,3,30,0
4323,1875,COURSE43,,Present,2024,6,6,4
4324,2842,COURSE2,,Present,2022,1,20,6
4325,1020,COURSE12,,Absent,2020,2,13,5
4326,1021,COURSE28,,Present,2020,9,26,4
4327,1260,COURSE2,,Absent,2023,8,29,1
4328,2855,COURSE16,,Absent,2020,12,10,1
4329,1834,COURSE17,,Present,2022,4,8,6
4330,2694,COURSE15,,Absent,2024,3,7,5
4331,1447,COURSE34,,Present,2022,12,15,1
4332,1598,COURSE32,,Present,2020,10,3,2
4333,1496,COURSE39,,Absent,2021,6,13,0
4334,1609,COURSE3,,Present,2020,6,27,2
4335,1043,COURSE15,,Absent,2020,5,27,6
4336,2312,COURSE32,,Present,2023,2,10,2
4337,1120,COURSE19,,Absent,2022,7,3,4
4338,1365,COURSE28,,Absent,2021,12,11,0
4339,2953,COURSE48,,Present,2021,3,28,6
4340,1286,COURSE18,,Absent,2024,8,6,5
4341,1868,COURSE35,,Absent,2022,12,22,0
4342,2438,COURSE31,,Present,2022,10,14,1
4343,1531,COURSE17,,Present,2022,10,6,6
4344,1524,COURSE41,,Absent,2024,5,18,6
4345,1714,COURSE46,,Present,2020,10,8,2
4346,1752,COURSE47,,Absent,2020,9,25,2
4347,1852,COURSE17,,Absent,2024,5,29,4
4348,1100,COURSE17,,Absent,2021,9,23,2
4349,1668,COURSE20,,Present,2022,8,3,5
4350,2253,COURSE40,,Absent,2023,9,6,4
4351,2919,COURSE10,,Present,2023,6,8,3
4352,2612,COURSE1,,Absent,2020,10,5,6
4353,1726,COURSE32,,Present,2022,4,30,6
4354,2378,COURSE1,,Present,2021,1,26,0
4355,2863,COURSE7,,Present,2021,7,31,2
4356,1775,COURSE3,,Present,2022,11,6,6
4357,2485,COURSE3,,Absent,2020,3,27,0
4358,2194,COURSE31,,Present,2023,3,2,2
4359,1751,COURSE46,,Present,2023,12,30,4
4360,2262,COURSE16,,Absent,2022,9,1,2
4361,1524,COURSE28,,Absent,2023,9,2,2
4362,1878,COURSE1,,Absent,2023,12,7,3
4363,2412,COURSE36,,Absent,2024,12,29,3
4364,2818,COURSE44,,Absent,2020,7,26,0
4365,2629,COURSE24,,Absent,2021,12,14,4
4366,2699,COURSE28,,Present,2023,5,13,5
4367,1701,COURSE20,,Absent,2024,10,19,6
4368,1255,COURSE42,,Present,2022,8,16,4
4369,2571,COURSE24,,Present,2020,10,31,4
4370,2838,COURSE23,,Absent,2023,11,14,5
4371,2894,COURSE37,,Absent,2023,9,15,2
4372,1557,COURSE42,,Present,2020,6,18,4
4373,1755,COURSE20,,Absent,2022,2,23,0
4374,1184,COURSE32,,Present,2024,6,8,6
4375,1986,COURSE33,,Absent,2021,7,20,6
4376,1684,COURSE3,,Present,2023,9,23,2
4377,1040,COURSE1,,Absent,2022,6,8,6
4378,2157,COURSE3,,Absent,2023,2,1,1
4379,2863,COURSE17,,Absent,2020,8,6,0
4380,1075,COURSE42,,Absent,2023,10,15,2
4381,1475,COURSE9,,Absent,2023,5,4,6
4382,2924,COURSE12,,Present,2023,5,6,2
4383,2734,COURSE42,,Present,2020,4,4,1
4384,2471,COURSE6,,Present,2022,8,31,4
4385,1545,COURSE22,,Absent,2022,4,22,0
4386,2754,COURSE27,,Absent,2022,11,12,6
4387,1934,COURSE20,,Absent,2021,8,5,6
4388,2578,COURSE35,,Present,2024,12,3,0
4389,2733,COURSE49,,Present,2023,12,26,4
4390,2158,COURSE6,,Present,2020,12,6,0
4391,2445,COURSE40,,Absent,2024,2,10,0
4392,2245,COURSE19,,Absent,2020,2,3,6
4393,2851,COURSE28,,Absent,2021,11,1,0
4394,2589,COURSE6,,Present,2022,8,23,6
4395,2191,COURSE38,,Absent,2023,8,6,5
4396,1444,COURSE46,,Absent,2020,6,15,5
4397,2786,COURSE46,,Absent,2020,2,9,0
4398,1841,COURSE3,,Absent,2020,12,21,6
4399,1722,COURSE22,,Absent,2024,1,30,5
4400,2481,COURSE23,,Present,2022,5,28,1
4401,2881,COURSE37,,Absent,2021,7,30,6
4402,2514,COURSE47,,Absent,2021,10,31,3
4403,2696,COURSE46,,Absent,2022,12,29,3
4404,2791,COURSE10,,Absent,2022,1,29,2
4405,1359,COURSE38,,Absent,2022,12,25,6
4406,2539,COURSE4,,Absent,2021,10,17,4
4407,1228,COURSE34,,Present,2023,3,25,2
4408,1619,COURSE32,,Absent,2022,9,5,1
4409,2824,COURSE45,,Present,2023,6,5,3
4410,1591,COURSE1,,Absent,2022,10,4,6
4411,1301,COURSE23,,Present,2023,3,9,5
4412,1872,COURSE31,,Present,2021,5,23,1
4413,2365,COURSE23,,Present,2023,9,16,4
4414,1770,COURSE42,,Absent,2023,8,1,4
4415,2141,COURSE9,,Present,2022,2,20,6
4416,2416,COURSE7,,Present,2023,12,2,5
4417,2314,COURSE22,,Absent,2023,6,30,0
4418,2606,COURSE24,,Present,2022,8,5,5
4419,1730,COURSE9,,Absent,2022,4,23,5
4420,1441,COURSE11,,Absent,2023,5,1,3
4421,2094,COURSE15,,Absent,2023,4,23,0
4422,2733,COURSE35,,Absent,2021,12,19,4
4423,1586,COURSE22,,Present,2023,9,25,2
4424,2483,COURSE18,,Present,2023,3,28,0
4425,2119,COURSE17,,Absent,2021,5,18,6
4426,2430,COURSE3,,Present,2023,9,31,2
4427,1044,COURSE45,,Present,2023,8,11,3
4428,1631,COURSE43,,Present,2020,5,27,1
4429,2460,COURSE18,,Absent,2020,5,19,0
4430,1998,COURSE10,,Present,2020,5,3,0
4431,1188,COURSE46,,Absent,2024,4,1,3
4432,1610,COURSE14,,Absent,2022,9,23,6
4433,2461,COURSE50,,Present,2023,4,3,1
4434,1126,COURSE17,,Present,2023,8,5,5
4435,1877,COURSE24,,Present,2021,11,20,4
4436,2706,COURSE8,,Absent,2024,6,7,6
4437,2159,COURSE4,,Present,2021,5,21,6
4438,1843,COURSE7,,Absent,2023,12,14,1
4439,2472,COURSE17,,Present,2020,10,16,0
4440,2126,COURSE8,,Present,2020,5,3,1
4441,1423,COURSE29,,Present,2022,1,23,0
4442,1290,COURSE22,,Present,2020,3,12,5
4443,1378,COURSE6,,Present,2024,12,17,0
4444,2029,COURSE26,,Absent,2021,2,5,3
4445,2363,COURSE6,,Absent,2020,11,29,2
4446,1740,COURSE19,,Present,2021,12,3,2
4447,1561,COURSE35,,Absent,2024,1,16,0
4448,2506,COURSE31,,Absent,2024,9,27,2
4449,1694,COURSE18,,Present,2024,10,30,5
4450,1839,COURSE43,,Absent,2020,6,17,5
4451,1680,COURSE3,,Absent,2022,2,28,0
4452,1581,COURSE12,,Absent,2023,11,18,2
4453,2115,COURSE8,,Present,2020,3,26,0
4454,2408,COURSE47,,Present,2021,11,7,6
4455,1468,COURSE7,,Present,2021,5,15,6
4456,1110,COURSE8,,Absent,2022,7,15,1
4457,1277,COURSE24,,Absent,2023,5,23,0
4458,1985,COURSE9,,Present,2022,9,2,2
4459,2335,COURSE36,,Present,2021,1,6,3
4460,1496,COURSE29,,Absent,2020,11,1,0
4461,2545,COURSE42,,Present,2023,12,17,5
4462,2957,COURSE18,,Absent,2024,7,31,3
4463,1300,COURSE5,,Absent,2022,10,28,2
4464,2411,COURSE38,,Absent,2020,3,17,5
4465,1951,COURSE16,,Absent,2020,8,22,3
4466,2762,COURSE3,,Absent,2021,3,29,1
4467,1288,COURSE1,,Present,2020,12,6,3
4468,1353,COURSE44,,Present,2022,4,1,1
4469,1512,COURSE17,,Absent,2021,4,6,5
4470,2634,COURSE33,,Absent,2022,12,17,4
4471,2493,COURSE37,,Absent,2023,4,29,3
4472,1724,COURSE8,,Absent,2020,11,22,2
4473,2436,COURSE24,,Absent,2022,11,17,2
4474,1007,COURSE30,,Absent,2020,7,27,2
4475,1962,COURSE12,,Absent,2020,8,25,4
4476,2656,COURSE19,,Present,2022,9,19,1
4477,1331,COURSE7,,Present,2020,1,6,3
4478,2639,COURSE7,,Present,2020,3,8,4
4479,2250,COURSE11,,Present,2021,11,28,3
4480,2555,COURSE45,,Absent,2024,12,27,4
4481,2924,COURSE20,,Present,2023,10,8,2
4482,2080,COURSE46,,Absent,2022,6,26,4
4483,2526,COURSE38,,Absent,2022,8,19,5
4484,2171,COURSE40,,Absent,2021,7,10,0
4485,2394,COURSE6,,Absent,2024,9,27,1
4486,1417,COURSE9,,Present,2024,7,22,3
4487,1574,COURSE22,,Absent,2024,3,25,5
4488,2250,COURSE29,,Present,2022,4,26,0
4489,1917,COURSE45,,Present,2023,6,4,1
4490,2050,COURSE24,,Present,2020,8,8,2
4491,1750,COURSE28,,Present,2022,6,30,6
4492,2436,COURSE26,,Absent,2023,12,1,0
4493,1350,COURSE13,,Present,2020,10,15,2
4494,1492,COURSE14,,Present,2023,2,4,4
4495,1735,COURSE17,,Present,2021,7,9,5
4496,2946,COURSE4,,Absent,2021,6,10,1
4497,1070,COURSE13,,Present,2022,7,14,1
4498,2216,COURSE14,,Absent,2021,2,22,5
4499,1518,COURSE10,,Absent,2022,12,1,4
4500,2485,COURSE41,,Absent,2024,5,10,3
4501,2722,COURSE14,,Present,2022,8,3,2
4502,1635,COURSE9,,Absent,2021,6,26,5
4503,2404,COURSE5,,Present,2020,12,1,4
4504,2625,COURSE40,,Present,2021,1,9,1
4505,2047,COURSE37,,Present,2021,10,27,2
4506,1863,COURSE17,,Absent,2022,12,1,0
4507,1714,COURSE39,,Present,2020,3,7,4
4508,2650,COURSE40,,Absent,2020,12,30,2
4509,2968,COURSE7,,Absent,2023,12,6,0
4510,1476,COURSE40,,Absent,2022,8,12,1
4511,1732,COURSE10,,Absent,2022,1,4,2
4512,1216,COURSE18,,Absent,2024,12,14,5
4513,1805,COURSE30,,Absent,2020,2,13,5
4514,1373,COURSE15,,Present,2021,7,20,4
4515,2723,COURSE41,,Present,2023,8,24,2
4516,1030,COURSE14,,Absent,2023,10,9,5
4517,2439,COURSE33,,Present,2022,4,5,0
4518,2199,COURSE47,,Absent,2020,12,28,5
4519,2484,COURSE37,,Present,2023,5,9,5
4520,1035,COURSE20,,Present,2022,12,11,4
4521,2333,COURSE31,,Present,2023,10,11,4
4522,1859,COURSE35,,Present,2023,8,2,4
4523,1516,COURSE39,,Absent,2020,9,13,6
4524,1953,COURSE37,,Present,2022,11,17,4
4525,1562,COURSE46,,Present,2024,7,29,0
4526,1858,COURSE26,,Absent,2021,5,26,4
4527,1905,COURSE40,,Absent,2021,4,7,3
4528,1274,COURSE10,,Absent,2021,2,1,3
4529,1591,COURSE32,,Absent,2021,5,13,1
4530,1913,COURSE33,,Present,2020,4,1,5
4531,2675,COURSE27,,Present,2021,11,2,4
4532,1285,COURSE16,,Present,2021,1,19,2
4533,2799,COURSE27,,Absent,2023,11,23,2
4534,1799,COURSE3,,Present,2020,1,9,1
4535,2113,COURSE41,,Absent,2020,12,19,4
4536,2386,COURSE29,,Present,2020,6,28,4
4537,1170,COURSE34,,Present,2021,7,14,4
4538,1500,COURSE30,,Present,2020,3,18,4
4539,2586,COURSE46,,Present,2020,2,23,6
4540,1009,COURSE13,,Present,2020,6,19,5
4541,1474,COURSE10,,Present,2020,8,23,1
4542,1192,COURSE10,,Absent,2021,2,23,6
4543,2469,COURSE17,,Present,2024,8,7,3
4544,1872,COURSE19,,Present,2021,3,23,3
4545,2145,COURSE23,,Present,2023,4,27,6
4546,2163,COURSE48,,Present,2022,5,8,6
4547,2531,COURSE4,,Present,2022,7,6,5
4548,1440,COURSE3,,Present,2024,2,16,1
4549,1553,COURSE36,,Absent,2024,8,15,4
4550,1953,COURSE31,,Present,2022,6,24,3
4551,1253,COURSE2,,Absent,2023,9,3,4
4552,2804,COURSE35,,Absent,2021,12,20,6
4553,1721,COURSE9,,Present,2023,3,29,0
4554,2516,COURSE23,,Absent,2024,12,17,2
4555,2336,COURSE9,,Present,2024,3,28,0
4556,2737,COURSE1,,Absent,2020,12,13,1
4557,1028,COURSE43,,Absent,2021,2,11,5
4558,1928,COURSE8,,Present,2024,9,26,6
4559,2219,COURSE38,,Absent,2023,8,11,1
4560,2629,COURSE1,,Present,2024,8,15,5
4561,1973,COURSE22,,Present,2024,7,6,1
4562,2866,COURSE13,,Absent,2023,10,10,2
4563,2391,COURSE35,,Absent,2022,10,1,2
4564,2641,COURSE11,,Absent,2020,9,11,4
4565,2093,COURSE7,,Present,2023,8,26,1
4566,1380,COURSE23,,Absent,2024,12,22,6
4567,2893,COURSE35,,Absent,2020,8,11,4
4568,1590,COURSE24,,Absent,2022,3,6,1
4569,1259,COURSE33,,Present,2022,10,19,0
4570,1952,COURSE15,,Present,2021,3,16,1
4571,1126,COURSE6,,Present,2023,2,10,5
4572,2985,COURSE41,,Absent,2023,10,13,0
4573,1435,COURSE49,,Present,2024,6,5,1
4574,1886,COURSE26,,Present,2022,1,16,5
4575,1127,COURSE6,,Present,2023,9,10,6
4576,1578,COURSE13,,Present,2024,4,26,4
4577,1602,COURSE45,,Present,2021,7,29,5
4578,1428,COURSE3,,Absent,2023,7,27,5
4579,2471,COURSE3,,Present,2023,6,13,4
4580,2581,COURSE4,,Absent,2023,9,2,6
4581,1373,COURSE5,,Absent,2023,12,26,1
4582,1969,COURSE41,,Present,2021,9,2,2
4583,2143,COURSE20,,Absent,2023,10,2,0
4584,1801,COURSE50,,Absent,2022,4,3,0
4585,1224,COURSE31,,Present,2020,3,11,0
4586,1693,COURSE1,,Absent,2020,4,15,5
4587,2818,COURSE3,,Present,2023,8,3,6
4588,1651,COURSE46,,Present,2020,10,25,3
4589,2618,COURSE27,,Absent,2020,5,22,3
4590,1999,COURSE19,,Present,2020,2,15,6
4591,1758,COURSE2,,Present,2020,3,26,6
4592,1537,COURSE31,,Absent,2023,6,24,3
4593,2270,COURSE22,,Present,2020,11,15,1
4594,2286,COURSE36,,Present,2024,4,26,4
4595,2012,COURSE49,,Absent,2022,3,13,0
4596,1979,COURSE10,,Absent,2020,1,17,1
4597,1423,COURSE18,,Absent,2024,8,23,4
4598,1134,COURSE28,,Present,2021,9,22,5
4599,1872,COURSE26,,Absent,2022,3,22,4
4600,2215,COURSE40,,Absent,2023,8,30,1
4601,2911,COURSE7,,Present,2022,8,16,0
4602,1100,COURSE43,,Absent,2020,4,6,1
4603,2706,COURSE31,,Present,2024,10,8,0
4604,1165,COURSE8,,Absent,2021,8,31,2
4605,2711,COURSE1,,Present,2022,10,8,4
4606,2800,COURSE1,,Present,2023,8,15,3
4607,1060,COURSE22,,Present,2020,8,22,0
4608,2017,COURSE44,,Present,2022,7,3,5
4609,1290,COURSE34,,Present,2022,12,27,2
4610,2805,COURSE40,,Absent,2022,1,30,5
4611,1428,COURSE20,,Absent,2024,2,23,2
4612,1575,COURSE1,,Present,2023,4,13,0
4613,2777,COURSE3,,Absent,2021,7,8,3
4614,2632,COURSE46,,Present,2023,6,12,6
4615,1366,COURSE23,,Absent,2020,8,28,5
4616,2215,COURSE10,,Absent,2023,10,15,4
4617,1394,COURSE4,,Absent,2024,1,15,0
4618,1463,COURSE28,,Absent,2023,6,16,5
4619,1107,COURSE2,,Absent,2024,10,11,1
4620,1995,COURSE11,,Present,2021,7,26,2
4621,2233,COURSE20,,Present,2023,10,20,5
4622,1286,COURSE39,,Absent,2020,1,25,0
4623,2601,COURSE31,,Present,2021,3,31,1
4624,2810,COURSE28,,Absent,2022,10,14,0
4625,2907,COURSE29,,Present,2021,5,29,4
4626,1510,COURSE41,,Absent,2022,4,19,6
4627,2689,COURSE40,,Absent,2024,11,30,6
4628,1517,COURSE10,,Present,2023,4,28,4
4629,2491,COURSE3,,Present,2021,11,18,3
4630,1331,COURSE37,,Absent,2022,2,28,2
4631,1709,COURSE16,,Absent,2022,11,26,6
4632,2213,COURSE42,,Absent,2024,5,25,5
4633,1706,COURSE4,,Absent,2022,9,10,0
4634,1679,COURSE49,,Absent,2021,9,29,2
4635,1071,COURSE37,,Present,2023,5,13,2
4636,1479,COURSE10,,Absent,2021,11,1,1
4637,1862,COURSE3,,Absent,2020,10,6,3
4638,1196,COURSE1,,Present,2020,10,23,0
4639,2166,COURSE22,,Present,2023,11,4,0
4640,2860,COURSE23,,Absent,2021,10,27,6
4641,2043,COURSE23,,Absent,2024,10,13,1
4642,2619,COURSE14,,Absent,2023,8,14,6
4643,1714,COURSE6,,Absent,2022,8,2,0
4644,2713,COURSE8,,Present,2020,8,10,1
4645,1343,COURSE40,,Present,2021,12,6,0
4646,1604,COURSE46,,Absent,2020,3,13,1
4647,1306,COURSE27,,Absent,2021,7,26,1
4648,2224,COURSE3,,Present,2023,3,22,1
4649,1319,COURSE2,,Absent,2021,6,25,2
4650,2463,COURSE40,,Present,2020,12,15,1
4651,2069,COURSE50,,Present,2023,7,14,3
4652,1906,COURSE34,,Absent,2022,8,7,1
4653,2823,COURSE41,,Present,2024,10,18,5
4654,1451,COURSE20,,Absent,2021,11,19,0
4655,2318,COURSE42,,Present,2020,5,21,5
4656,1727,COURSE34,,Present,2022,1,27,2
4657,2676,COURSE36,,Absent,2020,9,22,3
4658,2587,COURSE30,,Present,2024,4,18,4
4659,1601,COURSE46,,Absent,2022,11,13,4
4660,2435,COURSE21,,Present,2024,4,11,3
4661,1425,COURSE25,,Absent,2022,1,6,3
4662,2693,COURSE8,,Present,2022,5,25,6
4663,1678,COURSE4,,Present,2024,6,22,3
4664,2538,COURSE20,,Absent,2024,4,25,2
4665,1954,COURSE4,,Absent,2024,2,2,4
4666,1759,COURSE22,,Present,2020,6,20,2
4667,1180,COURSE4,,Absent,2021,11,15,5
4668,1439,COURSE18,,Present,2022,1,3,1
4669,1087,COURSE46,,Absent,2021,7,15,0
4670,2025,COURSE34,,Present,2020,2,17,0
4671,1102,COURSE15,,Present,2022,11,18,2
4672,2612,COURSE19,,Absent,2022,11,20,3
4673,1481,COURSE11,,Absent,2024,8,14,5
4674,2506,COURSE6,,Absent,2021,1,27,2
4675,2701,COURSE3,,Absent,2020,6,19,1
4676,2299,COURSE50,,Present,2022,2,10,4
4677,2109,COURSE2,,Present,2024,9,27,6
4678,2488,COURSE12,,Absent,2024,1,13,6
4679,1163,COURSE50,,Absent,2023,4,21,2
4680,1615,COURSE16,,Present,2021,3,12,1
4681,2596,COURSE13,,Present,2024,5,20,2
4682,1317,COURSE24,,Present,2024,3,12,0
4683,2059,COURSE41,,Absent,2021,2,4,5
4684,2797,COURSE23,,Absent,2022,7,3,6
4685,2694,COURSE20,,Present,2022,7,7,0
4686,2899,COURSE15,,Present,2020,6,10,5
4687,2001,COURSE7,,Present,2020,6,15,0
4688,2730,COURSE21,,Absent,2022,5,21,6
4689,1356,COURSE44,,Absent,2020,12,2,3
4690,2480,COURSE10,,Absent,2023,2,29,6
4691,2841,COURSE40,,Absent,2023,10,18,2
4692,1979,COURSE17,,Absent,2024,7,12,6
4693,2874,COURSE5,,Present,2022,12,13,6
4694,1405,COURSE39,,Absent,2022,4,30,2
4695,1572,COURSE9,,Absent,2024,4,26,5
4696,2062,COURSE12,,Absent,2020,9,16,0
4697,2579,COURSE38,,Present,2020,3,12,5
4698,1873,COURSE36,,Present,2022,7,30,6
4699,1310,COURSE40,,Present,2024,9,15,5
4700,1378,COURSE35,,Absent,2023,10,24,4
4701,1559,COURSE12,,Absent,2022,5,27,6
4702,1663,COURSE6,,Absent,2024,11,27,3
4703,1591,COURSE43,,Absent,2024,10,21,2
4704,1213,COURSE24,,Present,2023,6,15,2
4705,1745,COURSE48,,Absent,2022,6,9,5
4706,2641,COURSE28,,Absent,2023,3,4,6
4707,2277,COURSE9,,Present,2024,9,23,3
4708,1239,COURSE8,,Present,2022,8,25,0
4709,1335,COURSE46,,Present,2020,9,10,1
4710,1834,COURSE33,,Absent,2022,2,6,5
4711,2952,COURSE22,,Present,2023,11,9,5
4712,1115,COURSE21,,Absent,2022,2,27,5
4713,1755,COURSE49,,Present,2020,8,14,0
4714,2315,COURSE35,,Absent,2020,2,11,3
4715,2172,COURSE18,,Present,2021,12,6,0
4716,2648,COURSE45,,Present,2023,8,31,1
4717,2014,COURSE7,,Present,2021,6,12,6
4718,1744,COURSE8,,Absent,2022,7,5,1
4719,1453,COURSE40,,Present,2022,1,4,0
4720,2933,COURSE26,,Present,2020,11,30,3
4721,1197,COURSE13,,Absent,2020,5,5,6
4722,2203,COURSE34,,Present,2020,6,3,1
4723,1684,COURSE27,,Present,2022,3,29,3
4724,1785,COURSE38,,Absent,2020,5,8,2
4725,2587,COURSE39,,Present,2022,12,27,2
4726,1667,COURSE47,,Present,2023,7,6,2
4727,1612,COURSE6,,Present,2022,10,20,2
4728,2911,COURSE4,,Present,2020,5,14,2
4729,1809,COURSE17,,Present,2024,4,29,0
4730,1296,COURSE24,,Present,2021,8,27,5
4731,1880,COURSE15,,Present,2023,11,12,2
4732,1626,COURSE35,,Present,2024,5,26,0
4733,2232,COURSE42,,Absent,2024,2,21,0
4734,2492,COURSE43,,Present,2023,2,12,6
4735,1342,COURSE8,,Present,2024,1,14,4
4736,1804,COURSE10,,Absent,2023,2,17,2
4737,2604,COURSE40,,Absent,2023,5,23,2
4738,1976,COURSE17,,Present,2020,11,7,6
4739,2406,COURSE1,,Absent,2021,11,3,4
4740,1773,COURSE49,,Absent,2021,4,18,2
4741,2832,COURSE1,,Absent,2024,8,17,6
4742,1428,COURSE7,,Absent,2022,12,18,5
4743,2738,COURSE37,,Present,2022,8,5,4
4744,1814,COURSE7,,Absent,2023,10,29,1
4745,1852,COURSE27,,Present,2020,8,29,3
4746,1031,COURSE4,,Present,2024,7,19,3
4747,2569,COURSE23,,Present,2020,6,5,2
4748,1751,COURSE28,,Present,2024,1,19,2
4749,1871,COURSE6,,Absent,2023,11,24,2
4750,1271,COURSE36,,Absent,2023,5,14,3
4751,1388,COURSE26,,Absent,2020,4,17,6
4752,2245,COURSE44,,Present,2023,5,21,4
4753,2329,COURSE22,,Absent,2024,5,1,6
4754,1583,COURSE43,,Absent,2023,11,28,3
4755,2543,COURSE44,,Present,2021,3,29,6
4756,1700,COURSE46,,Present,2024,5,8,3
4757,1988,COURSE45,,Absent,2024,11,16,0
4758,1410,COURSE44,,Absent,2021,6,9,4
4759,1609,COURSE38,,Present,2022,9,24,0
4760,1316,COURSE14,,Absent,2023,7,6,6
4761,1497,COURSE47,,Absent,2022,9,27,2
4762,1115,COURSE14,,Absent,2021,8,7,4
4763,2744,COURSE12,,Absent,2021,7,8,5
4764,1140,COURSE36,,Present,2020,12,1,3
4765,1728,COURSE42,,Present,2021,11,20,4
4766,1193,COURSE13,,Absent,2021,11,8,4
4767,2603,COURSE28,,Absent,2022,6,28,0
4768,2678,COURSE20,,Absent,2023,12,8,1
4769,2437,COURSE45,,Absent,2024,3,30,5
4770,1979,COURSE14,,Present,2024,8,22,5
4771,1045,COURSE10,,Absent,2024,11,3,5
4772,1837,COURSE11,,Absent,2021,8,18,3
4773,1625,COURSE16,,Absent,2022,5,5,1
4774,1487,COURSE37,,Absent,2021,7,19,1
4775,2991,COURSE30,,Absent,2020,10,13,1
4776,1954,COURSE32,,Present,2021,12,29,1
4777,2824,COURSE24,,Absent,2022,12,23,5
4778,2236,COURSE31,,Absent,2024,10,4,4
4779,1671,COURSE45,,Absent,2020,5,27,2
4780,2606,COURSE15,,Absent,2020,11,24,4
4781,1204,COURSE13,,Present,2023,2,10,1
4782,2294,COURSE43,,Absent,2020,12,7,4
4783,2921,COURSE42,,Present,2022,2,5,0
4784,1770,COURSE40,,Present,2023,10,22,6
4785,2984,COURSE5,,Absent,2020,9,30,4
4786,1912,COURSE3,,Present,2020,9,2,5
4787,2871,COURSE24,,Present,2023,3,4,4
4788,2789,COURSE24,,Absent,2022,10,1,2
4789,2435,COURSE9,,Present,2020,8,26,2
4790,1651,COURSE17,,Absent,2022,8,7,1
4791,2241,COURSE43,,Absent,2024,11,25,2
4792,2606,COURSE45,,Absent,2023,2,15,0
4793,2271,COURSE22,,Present,2024,1,11,1
4794,2370,COURSE5,,Absent,2023,7,27,2
4795,2006,COURSE22,,Present,2023,9,26,0
4796,2479,COURSE6,,Absent,2021,6,23,5
4797,1043,COURSE38,,Absent,2023,8,5,3
4798,2105,COURSE46,,Absent,2024,1,25,1
4799,1138,COURSE23,,Absent,2021,3,22,1
4800,1508,COURSE15,,Absent,2024,10,30,2
4801,2992,COURSE16,,Absent,2021,5,25,1
4802,2619,COURSE46,,Present,2022,4,18,1
4803,1303,COURSE13,,Present,2022,5,19,6
4804,1001,COURSE17,,Absent,2024,8,27,4
4805,2715,COURSE21,,Present,2023,6,3,3
4806,2007,COURSE46,,Present,2024,3,6,5
4807,1780,COURSE9,,Present,2022,1,23,1
4808,2828,COURSE16,,Absent,2021,2,3,3
4809,2084,COURSE38,,Present,2020,7,30,1
4810,1058,COURSE40,,Absent,2020,12,27,6
4811,1617,COURSE16,,Absent,2020,10,21,4
4812,1912,COURSE9,,Present,2022,6,8,2
4813,1843,COURSE40,,Absent,2024,4,19,4
4814,2077,COURSE37,,Present,2021,5,26,2
4815,1845,COURSE39,,Present,2020,5,5,6
4816,2051,COURSE6,,Absent,2023,1,7,5
4817,2500,COURSE32,,Present,2024,12,25,4
4818,1746,COURSE40,,Present,2022,5,30,4
4819,2819,COURSE46,,Present,2023,10,15,3
4820,1347,COURSE16,,Present,2021,3,15,3
4821,2715,COURSE24,,Absent,2020,2,23,0
4822,1492,COURSE23,,Absent,2022,2,3,4
4823,1449,COURSE1,,Absent,2022,8,23,4
4824,1140,COURSE40,,Absent,2021,3,25,5
4825,1194,COURSE34,,Present,2022,9,10,6
4826,1032,COURSE26,,Present,2020,8,31,2
4827,1902,COURSE39,,Absent,2020,1,25,1
4828,2366,COURSE49,,Absent,2020,3,25,1
4829,1546,COURSE13,,Present,2020,8,30,1
4830,1215,COURSE2,,Present,2022,2,29,4
4831,2227,COURSE11,,Present,2021,10,14,0
4832,1412,COURSE17,,Absent,2020,2,5,3
4833,2062,COURSE9,,Absent,2024,11,5,0
4834,1467,COURSE27,,Absent,2022,9,5,2
4835,1722,COURSE1,,Present,2022,8,8,6
4836,2052,COURSE7,,Present,2020,5,25,5
4837,1565,COURSE28,,Present,2020,7,31,0
4838,1868,COURSE42,,Present,2021,11,14,1
4839,1988,COURSE40,,Present,2024,2,1,0
4840,1759,COURSE50,,Absent,2024,2,13,6
4841,1915,COURSE33,,Absent,2020,11,3,1
4842,2918,COURSE3,,Present,2024,8,26,1
4843,1607,COURSE13,,Absent,2020,1,3,1
4844,1811,COURSE43,,Present,2023,1,31,6
4845,1554,COURSE22,,Present,2020,8,11,0
4846,2749,COURSE22,,Present,2021,8,9,5
4847,2228,COURSE20,,Absent,2021,12,11,3
4848,2103,COURSE46,,Absent,2020,2,14,5
4849,2181,COURSE13,,Present,2021,3,22,0
4850,2097,COURSE3,,Present,2023,12,30,6
4851,1755,COURSE8,,Absent,2023,4,25,2
4852,1417,COURSE49,,Present,2021,5,27,3
4853,2345,COURSE20,,Absent,2020,9,13,2
4854,2322,COURSE35,,Present,2021,10,7,1
4855,1729,COURSE27,,Absent,2020,6,14,1
4856,1998,COURSE8,,Present,2023,4,13,2
4857,2639,COURSE27,,Present,2022,3,26,1
4858,2213,COURSE11,,Present,2021,12,15,5
4859,1727,COURSE11,,Absent,2022,12,24,0
4860,2991,COURSE35,,Present,2024,9,15,2
4861,2831,COURSE27,,Present,2022,8,6,1
4862,1533,COURSE27,,Present,2022,10,24,3
4863,2520,COURSE19,,Absent,2021,3,13,2
4864,1230,COURSE44,,Present,2021,10,8,4
4865,2430,COURSE29,,Present,2024,11,23,4
4866,2659,COURSE6,,Present,2022,7,5,5
4867,1677,COURSE5,,Absent,2023,5,15,6
4868,1200,COURSE17,,Present,2021,9,10,1
4869,1382,COURSE21,,Absent,2020,6,22,0
4870,1540,COURSE36,,Absent,2023,11,23,0
4871,1093,COURSE14,,Absent,2024,12,4,5
4872,2357,COURSE25,,Present,2021,6,22,4
4873,1529,COURSE7,,Present,2020,12,16,2
4874,2965,COURSE46,,Present,2021,3,28,0
4875,2662,COURSE17,,Present,2020,3,17,5
4876,1530,COURSE31,,Absent,2020,6,5,0
4877,2149,COURSE5,,Present,2021,5,6,6
4878,2891,COURSE20,,Absent,2021,12,24,4
4879,1118,COURSE4,,Present,2021,12,2,5
4880,2020,COURSE17,,Absent,2023,4,16,5
4881,2850,COURSE20,,Present,2022,1,5,2
4882,1865,COURSE17,,Absent,2022,9,27,1
4883,1804,COURSE9,,Present,2021,6,9,4
4884,2815,COURSE16,,Absent,2023,2,19,6
4885,1092,COURSE13,,Absent,2021,3,4,3
4886,1743,COURSE33,,Absent,2020,12,15,1
4887,1459,COURSE18,,Present,2023,1,24,6
4888,2039,COURSE20,,Present,2021,7,11,1
4889,1051,COURSE13,,Absent,2021,3,22,5
4890,2424,COURSE39,,Present,2023,2,15,5
4891,2209,COURSE31,,Absent,2024,12,13,6
4892,1101,COURSE48,,Absent,2023,12,20,0
4893,2148,COURSE10,,Present,2023,3,13,1
4894,2965,COURSE5,,Absent,2020,4,2,0
4895,1868,COURSE45,,Present,2020,8,11,2
4896,1057,COURSE16,,Present,2020,2,20,3
4897,1784,COURSE7,,Present,2024,8,13,0
4898,1173,COURSE20,,Present,2022,9,14,4
4899,2715,COURSE43,,Absent,2021,10,25,4
4900,1854,COURSE14,,Absent,2020,7,29,4
4901,1116,COURSE12,,Present,2020,4,2,5
4902,1461,COURSE21,,Present,2024,2,22,3
4903,2653,COURSE33,,Absent,2024,6,6,4
4904,1192,COURSE30,,Present,2020,11,3,1
4905,1046,COURSE26,,Present,2024,1,16,2
4906,1341,COURSE19,,Absent,2022,8,21,6
4907,2677,COURSE24,,Absent,2023,2,19,2
4908,2186,COURSE48,,Present,2024,8,22,6
4909,2972,COURSE4,,Present,2020,7,9,2
4910,1941,COURSE1,,Absent,2024,6,30,1
4911,2959,COURSE6,,Absent,2020,5,9,6
4912,1285,COURSE47,,Present,2021,5,15,6
4913,2302,COURSE31,,Absent,2022,9,27,0
4914,1707,COURSE47,,Present,2023,8,24,0
4915,1690,COURSE3,,Present,2022,3,25,0
4916,1207,COURSE37,,Present,2023,10,23,4
4917,1817,COURSE3,,Present,2023,9,22,4
4918,1655,COURSE23,,Absent,2023,1,5,2
4919,1120,COURSE5,,Absent,2023,3,25,5
4920,1493,COURSE29,,Present,2024,7,9,3
4921,1929,COURSE5,,Absent,2023,7,29,3
4922,2094,COURSE43,,Absent,2021,6,24,2
4923,2423,COURSE31,,Absent,2024,9,7,2
4924,1490,COURSE50,,Absent,2022,8,25,4
4925,1762,COURSE19,,Present,2023,9,29,5
4926,1819,COURSE9,,Present,2024,7,30,0
4927,1846,COURSE44,,Present,2020,3,7,6
4928,2624,COURSE34,,Absent,2021,11,26,0
4929,1226,COURSE31,,Present,2023,10,15,1
4930,1583,COURSE4,,Absent,2020,3,4,5
4931,2134,COURSE28,,Present,2022,7,23,6
4932,1062,COURSE5,,Present,2022,12,23,1
4933,1363,COURSE4,,Present,2024,8,20,1
4934,2825,COURSE12,,Present,2022,5,9,4
4935,1455,COURSE17,,Present,2021,9,29,5
4936,2219,COURSE41,,Absent,2020,9,21,0
4937,2391,COURSE23,,Absent,2020,12,31,5
4938,2973,COURSE9,,Present,2023,10,13,6
4939,2030,COURSE23,,Absent,2020,12,6,1
4940,2993,COURSE1,,Absent,2024,10,10,0
4941,2901,COURSE35,,Absent,2022,8,8,2
4942,1497,COURSE17,,Present,2020,9,17,3
4943,1249,COURSE49,,Absent,2022,9,28,4
4944,2590,COURSE16,,Present,2020,10,31,3
4945,1720,COURSE46,,Absent,2023,9,20,1
4946,2659,COURSE32,,Absent,2023,6,25,3
4947,2182,COURSE40,,Absent,2020,9,8,4
4948,2584,COURSE7,,Present,2021,8,28,6
4949,1908,COURSE39,,Absent,2021,8,13,4
4950,2240,COURSE45,,Absent,2021,10,14,0
4951,1366,COURSE18,,Present,2022,5,14,1
4952,1277,COURSE50,,Absent,2024,11,2,3
4953,2518,COURSE10,,Absent,2021,4,24,1
4954,2129,COURSE14,,Present,2020,4,6,3
4955,2526,COURSE4,,Present,2024,3,10,1
4956,2043,COURSE46,,Present,2024,1,29,2
4957,1642,COURSE24,,Absent,2020,10,9,4
4958,2485,COURSE7,,Absent,2022,11,13,3
4959,2628,COURSE41,,Absent,2022,6,3,6
4960,2064,COURSE10,,Absent,2022,5,22,3
4961,1505,COURSE7,,Present,2024,10,14,5
4962,2788,COURSE34,,Present,2023,3,24,1
4963,1641,COURSE45,,Absent,2022,11,30,3
4964,2399,COURSE4,,Present,2022,10,8,1
4965,2813,COURSE24,,Present,2023,9,21,4
4966,1182,COURSE42,,Absent,2020,5,12,3
4967,1584,COURSE42,,Absent,2021,7,16,6
4968,1305,COURSE3,,Absent,2024,2,21,5
4969,1080,COURSE18,,Present,2024,2,6,2
4970,2141,COURSE3,,Present,2022,10,1,5
4971,2777,COURSE30,,Absent,2022,8,18,1
4972,2306,COURSE10,,Present,2020,7,10,3
4973,1300,COURSE42,,Present,2022,4,10,2
4974,2814,COURSE19,,Present,2024,10,25,5
4975,2835,COURSE8,,Absent,2020,3,30,4
4976,2697,COURSE15,,Present,2021,10,15,5
4977,2167,COURSE32,,Present,2022,11,7,5
4978,2671,COURSE9,,Present,2020,11,13,5
4979,1411,COURSE42,,Absent,2020,9,22,6
4980,1072,COURSE16,,Absent,2020,12,16,1
4981,1865,COURSE29,,Present,2024,6,8,6
4982,2741,COURSE30,,Present,2021,1,26,6
4983,1553,COURSE13,,Present,2021,9,3,4
4984,2430,COURSE2,,Absent,2023,6,1,4
4985,2416,COURSE49,,Absent,2022,1,13,2
4986,2420,COURSE6,,Present,2023,10,12,0
4987,1933,COURSE6,,Absent,2021,6,7,1
4988,1194,COURSE15,,Present,2023,11,23,0
4989,1807,COURSE24,,Absent,2024,1,24,5
4990,2131,COURSE46,,Absent,2021,4,7,5
4991,1994,COURSE24,,Present,2023,9,7,1
4992,1506,COURSE18,,Absent,2024,10,8,1
4993,1866,COURSE8,,Present,2020,8,19,5
4994,1455,COURSE7,,Absent,2020,12,16,0
4995,2835,COURSE42,,Present,2021,3,29,0
4996,2849,COURSE6,,Present,2022,3,26,2
4997,1191,COURSE6,,Absent,2023,7,15,1
4998,2636,COURSE41,,Absent,2020,5,20,0
4999,1046,COURSE12,,Present,2023,11,15,5
5000,2703,COURSE22,,Present,2024,4,10,5
5001,2051,COURSE40,,Absent,2022,6,12,1
5002,2138,COURSE44,,Absent,2021,7,5,3
5003,1587,COURSE29,,Present,2021,7,3,5
5004,2674,COURSE21,,Absent,2020,12,20,3
5005,2889,COURSE24,,Present,2022,7,31,2
5006,2397,COURSE20,,Present,2020,8,3,1
5007,1391,COURSE36,,Present,2020,4,14,1
5008,1025,COURSE42,,Present,2020,11,27,6
5009,1585,COURSE20,,Present,2021,7,22,5
5010,1217,COURSE3,,Absent,2022,9,11,6
5011,1890,COURSE27,,Absent,2021,6,23,2
5012,1161,COURSE9,,Absent,2023,11,28,2
5013,2974,COURSE3,,Present,2022,1,14,3
5014,2123,COURSE23,,Present,2024,4,1,3
5015,2267,COURSE23,,Present,2021,7,22,1
5016,2070,COURSE48,,Present,2022,10,6,0
5017,2584,COURSE7,,Present,2023,11,26,3
5018,2199,COURSE48,,Absent,2022,8,18,4
5019,1558,COURSE31,,Present,2020,10,14,1
5020,1451,COURSE17,,Present,2024,7,3,4
5021,1099,COURSE11,,Absent,2022,6,26,4
5022,2360,COURSE35,,Present,2023,12,30,1
5023,1459,COURSE43,,Present,2022,7,12,2
5024,1427,COURSE23,,Present,2022,11,17,0
5025,2661,COURSE8,,Absent,2023,5,18,1
5026,2784,COURSE19,,Absent,2021,3,24,1
5027,2354,COURSE3,,Absent,2020,5,13,0
5028,2187,COURSE16,,Present,2024,12,6,1
5029,2510,COURSE42,,Present,2022,8,8,6
5030,2360,COURSE14,,Present,2024,2,15,5
5031,2502,COURSE9,,Present,2021,3,4,6
5032,1238,COURSE16,,Absent,2023,6,24,5
5033,2829,COURSE29,,Present,2024,10,13,2
5034,2754,COURSE27,,Present,2020,10,30,4
5035,2731,COURSE23,,Absent,2020,5,6,5
5036,2532,COURSE10,,Absent,2022,5,15,1
5037,1715,COURSE9,,Absent,2020,8,18,0
5038,2825,COURSE15,,Absent,2020,6,9,2
5039,1546,COURSE13,,Absent,2020,11,10,3
5040,1652,COURSE36,,Absent,2023,6,8,1
5041,1923,COURSE33,,Present,2020,8,18,2
5042,1902,COURSE12,,Absent,2024,5,30,6
5043,2443,COURSE14,,Absent,2020,9,29,0
5044,2635,COURSE44,,Absent,2021,9,2,4
5045,2462,COURSE26,,Absent,2023,2,3,1
5046,1969,COURSE1,,Absent,2024,5,7,1
5047,2666,COURSE8,,Absent,2024,12,1,1
5048,2099,COURSE29,,Present,2024,2,2,3
5049,2270,COURSE31,,Absent,2024,1,3,6
5050,1899,COURSE12,,Absent,2020,7,31,1
5051,1088,COURSE45,,Absent,2020,9,24,0
5052,1136,COURSE18,,Present,2022,12,29,6
5053,1141,COURSE22,,Absent,2022,2,24,1
5054,2572,COURSE23,,Absent,2024,6,9,1
5055,1859,COURSE15,,Absent,2021,2,23,3
5056,2645,COURSE17,,Absent,2022,9,9,0
5057,1637,COURSE13,,Present,2021,10,19,1
5058,1660,COURSE11,,Present,2024,5,24,6
5059,1461,COURSE44,,Absent,2022,10,9,3
5060,1846,COURSE4,,Present,2020,2,27,6
5061,2157,COURSE2,,Present,2023,6,26,0
5062,1538,COURSE9,,Present,2021,11,7,0
5063,2194,COURSE27,,Absent,2020,2,3,4
5064,1334,COURSE8,,Present,2021,6,15,5
5065,2010,COURSE10,,Present,2024,4,3,5
5066,1099,COURSE6,,Absent,2022,4,16,6
5067,1632,COURSE49,,Absent,2020,10,19,1
5068,1579,COURSE3,,Present,2024,3,18,1
5069,2244,COURSE16,,Present,2023,1,8,0
5070,1015,COURSE26,,Absent,2023,4,28,4
5071,2900,COURSE41,,Absent,2024,4,4,6
5072,2260,COURSE5,,Absent,2021,3,19,5
5073,1008,COURSE19,,Absent,2022,9,10,2
5074,1495,COURSE38,,Absent,2020,3,8,1
5075,1932,COURSE13,,Absent,2023,8,26,4
5076,1279,COURSE32,,Absent,2024,12,14,1
5077,1331,COURSE12,,Present,2024,6,25,0
5078,2697,COURSE6,,Absent,2022,7,28,5
5079,2367,COURSE9,,Present,2023,6,8,2
5080,1328,COURSE32,,Present,2022,12,23,1
5081,2378,COURSE32,,Absent,2024,6,14,6
5082,1327,COURSE43,,Present,2022,3,19,1
5083,2198,COURSE47,,Absent,2024,9,3,3
5084,1924,COURSE4,,Present,2020,12,13,0
5085,1501,COURSE45,,Present,2024,10,3,3
5086,1759,COURSE16,,Absent,2022,9,13,5
5087,2910,COURSE36,,Present,2020,5,3,4
5088,1483,COURSE45,,Absent,2024,5,6,5
5089,1123,COURSE31,,Present,2023,7,8,4
5090,2473,COURSE15,,Present,2022,12,22,3
5091,1576,COURSE8,,Absent,2021,7,31,3
5092,2183,COURSE45,,Absent,2024,3,22,2
5093,1175,COURSE20,,Present,2022,4,7,1
5094,1673,COURSE28,,Present,2020,4,11,2
5095,1225,COURSE36,,Present,2020,2,31,1
5096,1729,COURSE9,,Present,2024,3,15,2
5097,2575,COURSE10,,Present,2024,8,4,4
5098,2536,COURSE4,,Present,2021,5,1,1
5099,2834,COURSE18,,Absent,2020,5,21,4
5100,2625,COURSE31,,Absent,2021,11,18,1
5101,1564,COURSE1,,Present,2023,8,25,2
5102,2680,COURSE15,,Present,2023,1,21,0
5103,1379,COURSE39,,Absent,2024,12,9,3
5104,2027,COURSE33,,Absent,2020,5,27,5
5105,2304,COURSE1,,Present,2020,9,23,1
5106,1647,COURSE34,,Present,2022,1,14,1
5107,2546,COURSE6,,Present,2024,5,2,1
5108,2204,COURSE40,,Absent,2023,7,8,5
5109,2901,COURSE48,,Absent,2023,7,29,6
5110,2232,COURSE45,,Absent,2021,12,30,0
5111,1106,COURSE49,,Absent,2023,2,8,2
5112,2051,COURSE12,,Absent,2022,5,8,1
5113,2545,COURSE41,,Present,2024,7,25,2
5114,2454,COURSE17,,Present,2024,2,26,4
5115,2908,COURSE20,,Absent,2020,2,18,5
5116,1519,COURSE49,,Absent,2021,12,27,3
5117,1288,COURSE11,,Present,2024,12,1,5
5118,2561,COURSE23,,Present,2022,8,3,5
5119,1891,COURSE47,,Absent,2020,5,30,0
5120,1765,COURSE24,,Present,2024,10,9,5
5121,2892,COURSE10,,Present,2023,4,24,6
5122,2678,COURSE44,,Present,2023,11,11,4
5123,2266,COURSE35,,Present,2022,3,18,6
5124,1144,COURSE40,,Absent,2021,8,7,5
5125,1733,COURSE43,,Present,2022,4,25,5
5126,2909,COURSE39,,Present,2021,10,5,0
5127,2314,COURSE13,,Absent,2022,4,8,4
5128,1065,COURSE12,,Present,2021,3,21,4
5129,1592,COURSE8,,Present,2021,7,15,5
5130,1500,COURSE47,,Absent,2020,6,18,5
5131,2560,COURSE49,,Absent,2021,3,3,1
5132,2571,COURSE18,,Present,2024,2,3,2
5133,2709,COURSE39,,Absent,2022,1,5,5
5134,1292,COURSE34,,Present,2024,10,20,6
5135,1249,COURSE14,,Absent,2022,2,5,3
5136,2240,COURSE8,,Present,2024,8,5,6
5137,2518,COURSE40,,Absent,2023,4,4,4
5138,2968,COURSE15,,Absent,2022,8,14,5
5139,1545,COURSE39,,Absent,2021,12,6,6
5140,2470,COURSE37,,Present,2024,7,25,5
5141,1214,COURSE27,,Absent,2022,12,23,3
5142,1899,COURSE9,,Absent,2023,6,16,5
5143,2838,COURSE6,,Present,2021,12,13,1
5144,2116,COURSE24,,Present,2020,7,21,5
5145,1276,COURSE3,,Present,2023,8,12,2
5146,2242,COURSE6,,Absent,2024,11,21,4
5147,2940,COURSE20,,Absent,2024,3,17,1
5148,1110,COURSE48,,Absent,2023,6,6,0
5149,1706,COURSE50,,Present,2024,1,12,5
5150,2270,COURSE17,,Absent,2021,11,12,2
5151,2801,COURSE38,,Present,2023,7,25,2
5152,1590,COURSE6,,Absent,2022,9,27,2
5153,2512,COURSE27,,Present,2020,4,23,2
5154,2349,COURSE14,,Absent,2021,7,26,4
5155,1558,COURSE7,,Absent,2022,11,14,5
5156,2588,COURSE45,,Present,2023,4,18,1
5157,2362,COURSE42,,Present,2021,2,10,1
5158,2681,COURSE5,,Absent,2024,10,19,5
5159,2226,COURSE22,,Absent,2020,8,5,2
5160,2954,COURSE50,,Absent,2020,9,4,0
5161,1519,COURSE3,,Absent,2022,8,22,1
5162,2282,COURSE40,,Present,2024,6,3,0
5163,2344,COURSE2,,Present,2021,8,6,1
5164,1989,COURSE18,,Absent,2021,6,29,5
5165,2994,COURSE40,,Absent,2022,3,30,4
5166,2221,COURSE4,,Absent,2024,10,19,4
5167,2389,COURSE20,,Absent,2020,9,22,2
5168,2120,COURSE34,,Present,2023,2,17,1
5169,2341,COURSE47,,Absent,2020,3,27,4
5170,1520,COURSE22,,Present,2021,6,7,0
5171,2019,COURSE42,,Present,2021,10,23,0
5172,1808,COURSE19,,Present,2023,2,14,5
5173,1438,COURSE49,,Present,2024,12,25,5
5174,2728,COURSE2,,Present,2024,10,18,5
5175,2216,COURSE14,,Absent,2023,5,23,4
5176,2303,COURSE42,,Present,2022,11,23,4
5177,1206,COURSE46,,Present,2021,5,10,6
5178,2260,COURSE40,,Present,2023,9,13,6
5179,2947,COURSE18,,Absent,2024,5,23,4
5180,1412,COURSE6,,Present,2022,6,7,1
5181,2620,COURSE48,,Present,2020,9,11,5
5182,2437,COURSE43,,Absent,2022,9,9,5
5183,1051,COURSE22,,Present,2023,1,11,3
5184,1045,COURSE43,,Present,2021,10,8,5
5185,2634,COURSE4,,Present,2024,5,1,6
5186,1572,COURSE32,,Present,2021,11,4,2
5187,1552,COURSE32,,Present,2020,6,20,4
5188,1939,COURSE31,,Present,2022,4,21,2
5189,1320,COURSE24,,Present,2020,12,10,3
5190,2715,COURSE15,,Present,2024,7,30,3
5191,1846,COURSE11,,Absent,2022,10,30,4
5192,1727,COURSE3,,Absent,2024,4,7,3
5193,2606,COURSE20,,Absent,2024,6,30,0
5194,2445,COURSE42,,Present,2023,12,14,2
5195,1368,COURSE28,,Absent,2023,11,25,2
5196,2834,COURSE47,,Present,2020,5,5,6
5197,1954,COURSE19,,Present,2020,5,4,3
5198,1606,COURSE37,,Absent,2023,7,16,2
5199,1464,COURSE19,,Absent,2023,2,6,1
5200,1392,COURSE9,,Absent,2021,6,23,2
5201,1953,COURSE13,,Absent,2024,8,26,2
5202,2792,COURSE13,,Absent,2020,10,22,4
5203,1968,COURSE50,,Absent,2024,10,13,1
5204,2607,COURSE10,,Present,2023,10,30,3
5205,2815,COURSE31,,Absent,2024,2,6,5
5206,1472,COURSE4,,Absent,2024,10,4,0
5207,2557,COURSE42,,Present,2020,12,6,3
5208,2187,COURSE6,,Absent,2024,5,18,0
5209,2634,COURSE39,,Absent,2024,3,31,2
5210,1181,COURSE49,,Absent,2022,12,5,2
5211,2844,COURSE31,,Absent,2024,12,12,5
5212,1797,COURSE18,,Absent,2020,9,23,6
5213,2544,COURSE1,,Absent,2024,7,10,5
5214,1730,COURSE6,,Present,2022,1,1,4
5215,1319,COURSE10,,Present,2020,2,25,0
5216,1302,COURSE27,,Present,2024,11,1,5
5217,2100,COURSE21,,Present,2022,1,4,6
5218,2731,COURSE22,,Present,2020,4,4,2
5219,1765,COURSE33,,Absent,2024,11,1,2
5220,1612,COURSE10,,Present,2020,2,18,6
5221,1886,COURSE11,,Absent,2022,11,18,5
5222,2330,COURSE12,,Present,2022,9,20,2
5223,1190,COURSE8,,Absent,2023,11,9,5
5224,1105,COURSE6,,Absent,2020,9,1,0
5225,1539,COURSE2,,Present,2021,5,16,4
5226,1994,COURSE20,,Present,2021,8,8,6
5227,1067,COURSE30,,Present,2021,1,23,0
5228,2430,COURSE5,,Absent,2022,9,19,2
5229,2207,COURSE26,,Present,2023,10,25,5
5230,2927,COURSE1,,Absent,2022,9,26,0
5231,1520,COURSE29,,Absent,2024,7,26,1
5232,2668,COURSE41,,Absent,2023,2,2,4
5233,1254,COURSE9,,Absent,2023,1,27,2
5234,1349,COURSE42,,Present,2020,11,29,1
5235,1313,COURSE19,,Present,2024,4,8,6
5236,1980,COURSE7,,Absent,2021,1,29,3
5237,2962,COURSE17,,Absent,2020,10,21,5
5238,2883,COURSE17,,Present,2020,9,19,0
5239,1066,COURSE34,,Present,2024,1,27,6
5240,2395,COURSE28,,Present,2024,11,3,2
5241,2786,COURSE12,,Present,2022,8,28,5
5242,1870,COURSE27,,Absent,2020,6,1,2
5243,2709,COURSE13,,Absent,2020,10,22,0
5244,2659,COURSE31,,Present,2022,11,8,1
5245,1079,COURSE3,,Present,2024,4,11,1
5246,1368,COURSE4,,Absent,2024,9,14,2
5247,2707,COURSE40,,Present,2022,4,5,5
5248,1352,COURSE34,,Present,2024,3,27,6
5249,2567,COURSE26,,Absent,2023,11,6,4
5250,2010,COURSE36,,Absent,2021,7,11,5
5251,2394,COURSE27,,Present,2021,4,12,5
5252,1358,COURSE6,,Absent,2022,9,9,0
5253,2704,COURSE39,,Present,2024,9,8,5
5254,2796,COURSE37,,Present,2022,8,28,3
5255,1909,COURSE20,,Present,2021,9,4,3
5256,1580,COURSE9,,Present,2021,7,20,4
5257,1869,COURSE30,,Absent,2024,9,23,6
5258,2707,COURSE35,,Present,2020,11,28,3
5259,1013,COURSE33,,Present,2020,2,14,1
5260,1229,COURSE5,,Present,2023,12,11,1
5261,1099,COURSE24,,Absent,2020,8,22,2
5262,1215,COURSE13,,Absent,2022,2,13,4
5263,1383,COURSE14,,Present,2020,4,4,2
5264,2041,COURSE43,,Absent,2024,8,5,5
5265,1239,COURSE47,,Absent,2023,1,26,2
5266,1149,COURSE36,,Present,2023,1,2,4
5267,1265,COURSE34,,Absent,2023,10,13,2
5268,1799,COURSE22,,Present,2023,4,29,3
5269,1556,COURSE47,,Present,2022,2,13,6
5270,1800,COURSE37,,Present,2024,2,15,5
5271,2222,COURSE24,,Present,2020,8,23,4
5272,1350,COURSE36,,Present,2023,9,6,4
5273,1317,COURSE3,,Present,2024,7,4,3
5274,2366,COURSE14,,Absent,2021,5,12,3
5275,1340,COURSE30,,Present,2021,12,29,0
5276,1695,COURSE40,,Present,2021,2,1,0
5277,2923,COURSE50,,Absent,2021,8,15,2
5278,1604,COURSE46,,Present,2022,4,16,3
5279,2588,COURSE32,,Absent,2021,12,2,2
5280,2696,COURSE24,,Absent,2022,7,19,2
5281,2742,COURSE4,,Present,2024,11,3,5
5282,1013,COURSE36,,Present,2023,7,6,5
5283,2435,COURSE30,,Absent,2023,7,2,5
5284,2863,COURSE19,,Absent,2022,12,12,1
5285,1971,COURSE50,,Present,2021,5,21,3
5286,1820,COURSE23,,Absent,2024,11,19,0
5287,2424,COURSE6,,Present,2021,12,24,4
5288,1901,COURSE28,,Absent,2020,7,23,2
5289,1848,COURSE9,,Present,2020,5,14,5
5290,1736,COURSE47,,Absent,2023,2,15,2
5291,2790,COURSE30,,Absent,2022,2,5,6
5292,1173,COURSE19,,Present,2023,7,20,2
5293,1883,COURSE15,,Absent,2020,9,19,1
5294,1752,COURSE1,,Absent,2023,4,17,6
5295,1983,COURSE43,,Absent,2021,9,11,6
5296,1471,COURSE9,,Present,2022,12,23,6
5297,1601,COURSE3,,Present,2023,1,9,3
5298,2450,COURSE3,,Present,2021,11,24,4
5299,1634,COURSE7,,Absent,2021,3,4,2
5300,2988,COURSE40,,Present,2020,11,9,0
5301,1200,COURSE28,,Present,2023,1,27,6
5302,1927,COURSE14,,Absent,2023,6,28,3
5303,1084,COURSE42,,Absent,2021,8,30,6
5304,1058,COURSE30,,Present,2023,5,29,5
5305,1030,COURSE27,,Absent,2023,10,27,0
5306,2319,COURSE12,,Absent,2021,11,7,5
5307,1240,COURSE50,,Present,2023,11,2,4
5308,2928,COURSE42,,Present,2020,7,17,6
5309,1559,COURSE6,,Present,2021,8,21,4
5310,2967,COURSE22,,Present,2024,9,8,6
5311,2890,COURSE43,,Absent,2022,5,24,2
5312,2155,COURSE5,,Present,2022,8,26,2
5313,2199,COURSE22,,Present,2022,8,15,1
5314,2209,COURSE9,,Present,2022,4,9,4
5315,1135,COURSE42,,Absent,2020,10,27,3
5316,1228,COURSE24,,Absent,2020,10,4,5
5317,2597,COURSE26,,Present,2021,4,15,0
5318,2578,COURSE36,,Present,2024,6,14,2
5319,1579,COURSE29,,Present,2024,2,14,0
5320,1201,COURSE43,,Present,2024,9,10,0
5321,2788,COURSE1,,Present,2021,7,8,5
5322,1929,COURSE39,,Absent,2020,2,21,4
5323,1894,COURSE9,,Absent,2020,12,5,1
5324,2066,COURSE35,,Present,2022,1,14,0
5325,1667,COURSE27,,Present,2022,7,27,0
5326,2898,COURSE46,,Absent,2022,5,14,2
5327,1116,COURSE27,,Present,2023,6,25,5
5328,1040,COURSE20,,Present,2021,8,16,1
5329,1779,COURSE28,,Absent,2022,12,14,5
5330,1006,COURSE16,,Present,2022,9,16,2
5331,2114,COURSE1,,Absent,2021,6,13,0
5332,1912,COURSE17,,Absent,2021,8,30,1
5333,1664,COURSE3,,Absent,2022,5,8,0
5334,1453,COURSE26,,Present,2024,1,8,4
5335,2634,COURSE3,,Present,2023,10,23,6
5336,1634,COURSE4,,Present,2020,4,23,2
5337,1197,COURSE27,,Absent,2022,9,25,5
5338,1697,COURSE46,,Present,2024,7,31,6
5339,2389,COURSE14,,Absent,2022,1,11,4
5340,1322,COURSE1,,Present,2020,10,22,4
5341,1206,COURSE16,,Present,2022,8,9,2
5342,1809,COURSE9,,Present,2022,7,22,1
5343,1380,COURSE49,,Absent,2024,4,15,4
5344,2677,COURSE22,,Present,2023,6,5,6
5345,1534,COURSE26,,Absent,2023,4,23,6
5346,1052,COURSE3,,Absent,2023,8,18,1
5347,2544,COURSE9,,Present,2022,2,4,0
5348,1337,COURSE13,,Absent,2020,7,18,2
5349,1037,COURSE1,,Present,2024,10,30,3
5350,1131,COURSE45,,Present,2021,3,24,3
5351,1090,COURSE47,,Absent,2022,4,21,2
5352,1599,COURSE25,,Absent,2023,8,28,6
5353,2894,COURSE26,,Absent,2022,4,17,4
5354,1100,COURSE4,,Absent,2022,11,16,0
5355,1314,COURSE35,,Absent,2020,5,13,1
5356,1532,COURSE44,,Absent,2020,8,26,0
5357,1543,COURSE3,,Absent,2023,3,8,4
5358,1118,COURSE40,,Present,2020,1,7,2
5359,1891,COURSE11,,Absent,2022,8,23,5
5360,2964,COURSE42,,Present,2021,8,4,3
5361,1003,COURSE38,,Absent,2020,2,22,4
5362,1631,COURSE39,,Absent,2021,8,3,5
5363,2998,COURSE22,,Absent,2020,5,4,5
5364,2026,COURSE46,,Absent,2023,7,15,4
5365,1676,COURSE22,,Present,2023,4,15,4
5366,2292,COURSE38,,Present,2020,9,16,4
5367,2669,COURSE7,,Absent,2024,9,8,3
5368,1103,COURSE20,,Present,2022,3,29,6
5369,1780,COURSE11,,Absent,2020,7,4,5
5370,1589,COURSE45,,Absent,2022,10,9,1
5371,2652,COURSE8,,Present,2020,12,23,0
5372,2253,COURSE6,,Absent,2022,9,17,4
5373,1344,COURSE31,,Present,2020,12,4,0
5374,1812,COURSE10,,Absent,2021,4,13,0
5375,1512,COURSE42,,Present,2022,5,24,0
5376,2879,COURSE9,,Absent,2023,10,11,3
5377,2271,COURSE50,,Present,2021,10,3,0
5378,2246,COURSE27,,Present,2024,8,25,2
5379,2987,COURSE6,,Present,2021,6,1,5
5380,1544,COURSE18,,Absent,2024,7,12,6
5381,2037,COURSE43,,Absent,2022,12,25,4
5382,2961,COURSE43,,Absent,2021,1,30,1
5383,2814,COURSE12,,Absent,2024,5,10,6
5384,1628,COURSE7,,Absent,2020,10,10,5
5385,2187,COURSE22,,Present,2023,5,9,0
5386,1530,COURSE26,,Present,2022,3,15,3
5387,1929,COURSE4,,Present,2020,7,25,4
5388,1251,COURSE32,,Absent,2024,4,5,6
5389,1398,COURSE42,,Absent,2022,3,2,1
5390,1420,COURSE38,,Present,2023,5,5,5
5391,1086,COURSE39,,Present,2022,4,7,2
5392,2054,COURSE33,,Present,2021,6,20,2
5393,1688,COURSE20,,Present,2024,11,24,1
5394,2682,COURSE22,,Present,2024,4,18,5
5395,1363,COURSE5,,Absent,2023,6,8,1
5396,2759,COURSE26,,Absent,2020,2,3,3
5397,2299,COURSE13,,Present,2021,4,4,6
5398,2296,COURSE17,,Absent,2024,11,6,5
5399,2171,COURSE11,,Present,2022,2,22,0
5400,1924,COURSE33,,Present,2023,4,25,3
5401,1752,COURSE36,,Present,2024,4,16,0
5402,2723,COURSE48,,Present,2020,6,20,6
5403,2218,COURSE36,,Absent,2021,10,12,3
5404,2435,COURSE37,,Absent,2020,5,19,6
5405,2836,COURSE2,,Present,2024,6,5,5
5406,1422,COURSE24,,Absent,2020,3,23,2
5407,1623,COURSE4,,Present,2024,12,23,5
5408,2505,COURSE23,,Present,2022,3,23,2
5409,1810,COURSE5,,Present,2022,7,29,6
5410,2405,COURSE33,,Present,2023,5,20,6
5411,1695,COURSE17,,Absent,2024,9,14,2
5412,2495,COURSE23,,Present,2022,1,7,4
5413,1725,COURSE9,,Present,2020,2,4,1
5414,2595,COURSE6,,Absent,2023,7,23,1
5415,2440,COURSE44,,Present,2024,2,21,4
5416,1462,COURSE49,,Present,2020,11,30,2
5417,2361,COURSE3,,Absent,2021,3,5,3
5418,1479,COURSE43,,Present,2023,10,24,1
5419,2316,COURSE34,,Present,2024,2,26,0
5420,2671,COURSE35,,Absent,2020,1,5,1
5421,2558,COURSE39,,Absent,2021,9,21,3
5422,2286,COURSE32,,Absent,2022,2,15,4
5423,2330,COURSE25,,Absent,2024,6,4,4
5424,1472,COURSE20,,Absent,2024,1,20,6
5425,1846,COURSE12,,Absent,2024,2,26,2
5426,2966,COURSE48,,Absent,2021,10,4,0
5427,2952,COURSE6,,Present,2023,5,28,0
5428,2987,COURSE34,,Absent,2022,10,3,0
5429,2934,COURSE27,,Present,2021,3,14,2
5430,1170,COURSE39,,Present,2023,9,6,5
5431,2770,COURSE26,,Absent,2021,2,10,5
5432,1352,COURSE16,,Present,2020,10,27,3
5433,2592,COURSE41,,Absent,2020,8,29,5
5434,2593,COURSE37,,Present,2021,7,15,2
5435,2552,COURSE11,,Present,2021,8,3,5
5436,2290,COURSE35,,Absent,2021,2,23,1
5437,1819,COURSE13,,Present,2024,1,4,0
5438,2116,COURSE6,,Absent,2023,10,31,5
5439,2105,COURSE49,,Present,2024,8,6,4
5440,1694,COURSE33,,Absent,2021,2,19,2
5441,1131,COURSE32,,Present,2024,6,6,2
5442,1878,COURSE41,,Absent,2021,5,20,0
5443,1737,COURSE33,,Present,2023,3,8,2
5444,1747,COURSE5,,Absent,2020,11,6,2
5445,1035,COURSE23,,Absent,2024,5,28,1
5446,2402,COURSE24,,Absent,2021,7,18,6
5447,2322,COURSE9,,Absent,2023,11,8,5
5448,2613,COURSE10,,Present,2021,11,24,5
5449,2624,COURSE42,,Absent,2023,7,12,6
5450,2782,COURSE44,,Absent,2020,12,20,4
5451,2826,COURSE17,,Present,2020,7,17,5
5452,2222,COURSE29,,Absent,2020,10,23,2
5453,1389,COURSE39,,Present,2020,11,25,5
5454,1558,COURSE12,,Present,2024,2,11,0
5455,1497,COURSE18,,Absent,2022,6,21,4
5456,1950,COURSE23,,Absent,2020,9,21,2
5457,2155,COURSE8,,Absent,2024,11,1,3
5458,1681,COURSE10,,Absent,2024,6,5,4
5459,2712,COURSE42,,Present,2024,9,19,1
5460,1025,COURSE48,,Present,2021,8,31,3
5461,1218,COURSE26,,Present,2021,7,28,5
5462,2648,COURSE49,,Present,2022,10,11,0
5463,2401,COURSE15,,Present,2020,1,6,5
5464,2045,COURSE44,,Present,2022,7,12,6
5465,1914,COURSE48,,Present,2020,8,20,6
5466,1463,COURSE39,,Absent,2022,9,10,4
5467,1118,COURSE8,,Present,2021,7,26,4
5468,1748,COURSE32,,Present,2020,12,8,3
5469,2785,COURSE28,,Present,2020,11,10,4
5470,2336,COURSE39,,Absent,2022,2,15,2
5471,2976,COURSE1,,Absent,2021,10,1,5
5472,2560,COURSE3,,Absent,2022,10,3,6
5473,2650,COURSE24,,Absent,2020,1,4,5
5474,1085,COURSE7,,Present,2022,1,3,5
5475,2112,COURSE13,,Absent,2022,7,5,0
5476,2950,COURSE36,,Absent,2022,6,1,2
5477,1301,COURSE9,,Present,2023,11,25,3
5478,1716,COURSE38,,Absent,2020,8,27,6
5479,1103,COURSE11,,Present,2024,12,9,6
5480,1511,COURSE47,,Absent,2023,4,7,5
5481,2139,COURSE48,,Present,2024,1,2,4
5482,2885,COURSE38,,Present,2020,4,29,6
5483,2813,COURSE41,,Absent,2021,2,27,6
5484,2141,COURSE29,,Present,2021,2,10,4
5485,1918,COURSE26,,Present,2022,4,10,3
5486,1439,COURSE42,,Absent,2023,7,21,5
5487,2649,COURSE1,,Present,2023,3,22,5
5488,1207,COURSE13,,Present,2022,1,13,4
5489,1711,COURSE41,,Absent,2022,5,30,6
5490,2758,COURSE22,,Present,2021,8,7,2
5491,1688,COURSE26,,Present,2023,9,5,1
5492,1041,COURSE29,,Absent,2023,7,4,3
5493,1379,COURSE23,,Absent,2020,8,17,4
5494,1880,COURSE19,,Present,2021,2,13,3
5495,2163,COURSE23,,Absent,2024,11,22,6
5496,2478,COURSE3,,Absent,2021,2,11,2
5497,1203,COURSE4,,Present,2021,2,6,1
5498,1667,COURSE6,,Absent,2024,12,12,0
5499,1433,COURSE33,,Present,2020,6,23,2
5500,2130,COURSE15,,Present,2023,4,15,5
5501,2974,COURSE41,,Absent,2024,8,20,1
5502,2583,COURSE40,,Absent,2021,9,21,1
5503,1098,COURSE17,,Absent,2023,5,3,5
5504,1008,COURSE23,,Present,2023,10,15,2
5505,1670,COURSE4,,Present,2022,9,18,5
5506,1869,COURSE31,,Absent,2021,10,14,5
5507,1359,COURSE40,,Present,2023,4,12,1
5508,1836,COURSE48,,Absent,2021,8,5,4
5509,2554,COURSE11,,Absent,2024,7,21,5
5510,1677,COURSE1,,Present,2020,2,17,6
5511,1356,COURSE42,,Present,2021,4,24,4
5512,1463,COURSE18,,Absent,2022,5,13,6
5513,2200,COURSE44,,Present,2022,11,30,4
5514,1464,COURSE17,,Absent,2024,6,18,5
5515,1564,COURSE46,,Absent,2022,10,23,2
5516,1770,COURSE31,,Absent,2024,5,8,5
5517,1392,COURSE1,,Present,2022,8,30,3
5518,1789,COURSE43,,Present,2020,8,2,2
5519,2544,COURSE8,,Absent,2020,12,19,2
5520,2530,COURSE3,,Absent,2024,9,15,0
5521,1783,COURSE42,,Present,2021,2,9,5
5522,1450,COURSE34,,Absent,2021,6,25,2
5523,1355,COURSE18,,Present,2023,12,25,1
5524,1919,COURSE19,,Absent,2023,7,1,5
5525,1110,COURSE49,,Absent,2023,4,3,4
5526,2844,COURSE22,,Present,2021,2,28,0
5527,2436,COURSE3,,Absent,2023,3,8,3
5528,1846,COURSE10,,Absent,2024,1,29,6
5529,1041,COURSE13,,Absent,2020,3,3,4
5530,2299,COURSE16,,Present,2020,11,26,5
5531,2581,COURSE4,,Absent,2022,9,12,4
5532,1850,COURSE35,,Absent,2020,4,19,1
5533,2671,COURSE40,,Present,2022,2,24,4
5534,2302,COURSE45,,Absent,2020,5,26,0
5535,1397,COURSE36,,Absent,2021,8,13,1
5536,1321,COURSE5,,Absent,2021,3,11,0
5537,1950,COURSE40,,Present,2021,7,6,1
5538,1901,COURSE39,,Present,2022,2,18,4
5539,1769,COURSE3,,Present,2020,7,14,6
5540,2402,COURSE26,,Present,2022,6,27,5
5541,2223,COURSE44,,Present,2024,12,27,2
5542,2028,COURSE42,,Absent,2020,6,25,3
5543,1548,COURSE17,,Absent,2022,9,1,5
5544,1251,COURSE14,,Absent,2023,4,24,1
5545,2781,COURSE6,,Absent,2022,4,19,1
5546,2397,COURSE17,,Present,2023,8,23,2
5547,2661,COURSE4,,Present,2020,9,4,2
5548,1460,COURSE7,,Absent,2022,12,22,0
5549,2703,COURSE23,,Present,2024,5,11,2
5550,1739,COURSE8,,Present,2021,12,29,1
5551,2660,COURSE22,,Present,2020,6,20,4
5552,2001,COURSE29,,Present,2024,9,15,1
5553,1686,COURSE30,,Present,2022,7,9,1
5554,2892,COURSE42,,Absent,2022,7,19,4
5555,1442,COURSE5,,Present,2024,12,4,0
5556,2024,COURSE34,,Present,2022,9,16,5
5557,2265,COURSE45,,Present,2024,6,23,3
5558,1934,COURSE33,,Present,2024,6,14,4
5559,1529,COURSE24,,Absent,2023,10,9,5
5560,1146,COURSE3,,Present,2024,6,24,1
5561,1100,COURSE50,,Absent,2020,6,18,2
5562,1729,COURSE4,,Present,2020,5,11,1
5563,2794,COURSE46,,Present,2022,3,2,6
5564,1940,COURSE32,,Absent,2023,11,25,0
5565,1602,COURSE37,,Absent,2021,8,29,1
5566,1976,COURSE7,,Absent,2023,8,15,5
5567,2550,COURSE32,,Present,2020,7,8,6
5568,2534,COURSE3,,Present,2023,10,9,6
5569,2948,COURSE9,,Absent,2024,5,9,5
5570,2168,COURSE39,,Absent,2024,12,23,1
5571,2136,COURSE19,,Absent,2022,9,23,6
5572,1606,COURSE17,,Present,2020,12,29,5
5573,2566,COURSE6,,Absent,2022,12,6,5
5574,2219,COURSE42,,Absent,2023,4,29,1
5575,1720,COURSE11,,Present,2023,10,2,4
5576,1211,COURSE36,,Present,2023,12,7,2
5577,1381,COURSE21,,Present,2020,6,20,6
5578,1512,COURSE39,,Absent,2021,6,8,1
5579,2358,COURSE9,,Present,2020,11,9,6
5580,1135,COURSE43,,Present,2020,8,8,1
5581,2986,COURSE1,,Present,2020,9,12,4
5582,2374,COURSE16,,Absent,2024,7,6,2
5583,2514,COURSE5,,Absent,2020,1,1,0
5584,1520,COURSE19,,Absent,2023,7,31,1
5585,1564,COURSE20,,Present,2022,4,25,3
5586,1489,COURSE24,,Absent,2020,1,29,6
5587,2744,COURSE41,,Present,2023,10,16,6
5588,2195,COURSE31,,Present,2023,4,29,5
5589,2430,COURSE14,,Absent,2023,12,20,3
5590,1005,COURSE8,,Absent,2023,1,1,4
5591,1906,COURSE48,,Present,2021,10,20,1
5592,1430,COURSE31,,Present,2024,12,27,4
5593,2327,COURSE13,,Present,2020,7,7,0
5594,1669,COURSE35,,Present,2022,9,14,2
5595,2598,COURSE3,,Absent,2023,1,3,3
5596,1337,COURSE3,,Present,2022,5,27,4
5597,1498,COURSE12,,Present,2024,10,4,4
5598,1040,COURSE38,,Absent,2023,7,14,0
5599,2435,COURSE20,,Absent,2020,2,5,1
5600,2991,COURSE39,,Present,2022,7,13,6
5601,2771,COURSE16,,Absent,2020,7,30,1
5602,2627,COURSE46,,Absent,2021,1,24,0
5603,1454,COURSE24,,Absent,2023,5,30,6
5604,2246,COURSE28,,Present,2022,12,24,6
5605,1570,COURSE2,,Absent,2024,6,14,6
5606,1144,COURSE8,,Present,2023,2,22,3
5607,1781,COURSE14,,Present,2022,12,3,1
5608,1475,COURSE28,,Present,2024,7,17,0
5609,2270,COURSE25,,Present,2020,1,6,5
5610,1426,COURSE17,,Present,2023,2,9,5
5611,2640,COURSE11,,Absent,2022,4,27,2
5612,2019,COURSE12,,Present,2022,10,14,1
5613,2038,COURSE29,,Present,2022,2,29,4
5614,1176,COURSE5,,Present,2022,11,6,5
5615,2626,COURSE19,,Present,2022,1,8,0
5616,2834,COURSE35,,Absent,2022,9,29,3
5617,2880,COURSE20,,Absent,2024,9,5,6
5618,1683,COURSE39,,Absent,2020,3,12,5
5619,2894,COURSE1,,Present,2024,9,24,4
5620,1533,COURSE16,,Absent,2022,8,4,5
5621,1232,COURSE18,,Present,2022,6,26,6
5622,1470,COURSE32,,Present,2024,10,13,6
5623,1656,COURSE43,,Absent,2024,9,3,6
5624,2828,COURSE47,,Absent,2024,7,3,1
5625,2839,COURSE34,,Present,2024,9,7,0
5626,1391,COURSE40,,Absent,2023,4,23,1
5627,2584,COURSE17,,Present,2021,8,2,6
5628,2838,COURSE49,,Present,2020,2,13,2
5629,1251,COURSE35,,Absent,2020,4,30,6
5630,2299,COURSE22,,Present,2021,12,18,4
5631,1796,COURSE5,,Present,2022,4,27,2
5632,2325,COURSE19,,Absent,2021,8,5,6
5633,1336,COURSE38,,Absent,2024,10,10,5
5634,1596,COURSE21,,Present,2023,4,27,2
5635,2933,COURSE39,,Absent,2022,1,19,0
5636,2538,COURSE34,,Present,2023,12,14,3
5637,1980,COURSE20,,Present,2023,9,19,4
5638,1693,COURSE6,,Present,2021,12,29,4
5639,1961,COURSE43,,Present,2022,1,28,5
5640,1129,COURSE28,,Absent,2024,10,21,3
5641,1361,COURSE16,,Absent,2024,2,18,2
5642,1760,COURSE11,,Absent,2023,4,6,3
5643,2488,COURSE44,,Present,2021,9,4,4
5644,2954,COURSE19,,Absent,2024,6,31,4
5645,1591,COURSE29,,Present,2024,9,27,6
5646,1742,COURSE3,,Present,2022,2,27,5
5647,2229,COURSE26,,Absent,2023,2,5,1
5648,2915,COURSE10,,Absent,2020,8,20,0
5649,2574,COURSE13,,Present,2022,2,6,1
5650,1588,COURSE47,,Absent,2024,8,2,0
5651,1498,COURSE49,,Present,2024,4,7,4
5652,2882,COURSE42,,Present,2024,6,21,4
5653,1222,COURSE26,,Present,2024,7,24,0
5654,1050,COURSE39,,Absent,2024,7,29,5
5655,2422,COURSE24,,Absent,2021,4,22,3
5656,1703,COURSE39,,Absent,2021,6,17,4
5657,1697,COURSE48,,Absent,2024,6,21,3
5658,1692,COURSE2,,Absent,2021,5,27,5
5659,2515,COURSE3,,Present,2024,1,22,2
5660,1738,COURSE16,,Absent,2022,11,23,1
5661,2560,COURSE24,,Absent,2024,3,16,4
5662,2272,COURSE17,,Present,2020,11,16,1
5663,1685,COURSE43,,Present,2023,4,22,3
5664,2747,COURSE12,,Absent,2020,5,23,1
5665,2954,COURSE2,,Present,2020,6,29,3
5666,1839,COURSE29,,Absent,2022,11,3,6
5667,2788,COURSE24,,Present,2022,1,18,0
5668,2073,COURSE9,,Present,2022,5,3,2
5669,1661,COURSE20,,Present,2024,1,1,4
5670,1030,COURSE29,,Present,2020,7,27,1
5671,1496,COURSE13,,Present,2022,6,28,0
5672,2895,COURSE11,,Present,2021,4,29,5
5673,2875,COURSE23,,Present,2022,3,8,1
5674,1454,COURSE23,,Present,2021,12,9,4
5675,2543,COURSE20,,Absent,2021,6,20,0
5676,1102,COURSE8,,Absent,2021,7,5,5
5677,2327,COURSE39,,Absent,2020,2,26,6
5678,2101,COURSE32,,Absent,2021,12,29,6
5679,2246,COURSE6,,Absent,2024,4,18,1
5680,2060,COURSE40,,Present,2021,11,29,1
5681,1168,COURSE40,,Present,2020,1,24,2
5682,1787,COURSE15,,Absent,2021,5,19,6
5683,2107,COURSE16,,Present,2021,10,26,1
5684,2287,COURSE7,,Absent,2023,7,25,2
5685,1503,COURSE11,,Absent,2021,2,31,0
5686,2838,COURSE37,,Absent,2022,1,2,4
5687,2110,COURSE9,,Present,2020,8,17,0
5688,2592,COURSE40,,Absent,2022,8,12,4
5689,1171,COURSE35,,Absent,2024,7,12,3
5690,2888,COURSE18,,Absent,2022,6,9,1
5691,2001,COURSE47,,Present,2023,5,18,4
5692,2722,COURSE38,,Present,2022,4,5,2
5693,1428,COURSE6,,Present,2021,10,20,3
5694,2399,COURSE24,,Present,2020,7,24,0
5695,1034,COURSE20,,Absent,2024,3,27,5
5696,1176,COURSE13,,Absent,2023,10,27,2
5697,1789,COURSE29,,Absent,2024,3,29,4
5698,2701,COURSE22,,Absent,2022,10,16,6
5699,2725,COURSE12,,Present,2024,9,23,4
5700,2863,COURSE48,,Present,2023,12,20,3
5701,2646,COURSE17,,Present,2022,6,21,6
5702,2537,COURSE1,,Present,2022,12,12,1
5703,1507,COURSE9,,Absent,2022,3,3,5
5704,1024,COURSE35,,Present,2021,5,14,3
5705,1014,COURSE12,,Present,2022,2,28,5
5706,2185,COURSE47,,Present,2022,6,16,2
5707,2480,COURSE11,,Absent,2023,6,17,1
5708,1377,COURSE30,,Present,2022,6,23,2
5709,1578,COURSE47,,Present,2021,2,23,0
5710,2703,COURSE10,,Absent,2024,4,16,4
5711,1728,COURSE1,,Present,2023,1,17,6
5712,2760,COURSE33,,Absent,2020,9,22,5
5713,1125,COURSE20,,Absent,2022,12,16,5
5714,1531,COURSE15,,Present,2024,5,9,0
5715,1836,COURSE31,,Absent,2024,7,29,6
5716,1605,COURSE42,,Present,2023,10,25,4
5717,2929,COURSE48,,Present,2021,2,3,3
5718,2556,COURSE20,,Present,2020,3,14,1
5719,1548,COURSE20,,Absent,2022,6,22,3
5720,1863,COURSE35,,Present,2020,4,13,1
5721,2929,COURSE39,,Absent,2020,4,9,3
5722,1717,COURSE22,,Present,2023,8,3,4
5723,2383,COURSE3,,Present,2023,4,15,1
5724,1956,COURSE33,,Present,2021,12,25,2
5725,2613,COURSE37,,Present,2024,9,7,4
5726,1999,COURSE26,,Present,2023,7,7,3
5727,1677,COURSE16,,Present,2022,10,19,2
5728,2057,COURSE3,,Present,2024,5,20,2
5729,1977,COURSE9,,Present,2024,3,23,2
5730,2023,COURSE35,,Absent,2022,4,10,0
5731,2624,COURSE23,,Absent,2023,8,17,5
5732,1461,COURSE39,,Present,2021,2,23,0
5733,2361,COURSE6,,Present,2022,9,18,1
5734,1919,COURSE49,,Present,2020,12,4,5
5735,1191,COURSE2,,Present,2021,9,26,0
5736,1027,COURSE33,,Absent,2024,9,23,3
5737,1193,COURSE35,,Absent,2023,12,26,6
5738,2887,COURSE18,,Present,2020,4,24,3
5739,2671,COURSE16,,Present,2020,8,4,2
5740,1307,COURSE19,,Absent,2022,7,4,3
5741,2919,COURSE23,,Present,2023,5,29,6
5742,1826,COURSE39,,Absent,2022,9,9,5
5743,1571,COURSE19,,Absent,2021,3,5,1
5744,2026,COURSE4,,Absent,2023,8,8,1
5745,1942,COURSE34,,Absent,2022,7,13,3
5746,2733,COURSE4,,Absent,2020,8,26,5
5747,1249,COURSE29,,Absent,2023,5,10,1
5748,2748,COURSE15,,Absent,2023,10,24,5
5749,1282,COURSE33,,Absent,2020,2,15,5
5750,2001,COURSE42,,Present,2021,5,24,3
5751,2709,COURSE43,,Absent,2020,12,28,5
5752,2312,COURSE47,,Present,2020,8,25,0
5753,2066,COURSE7,,Absent,2023,6,18,3
5754,2827,COURSE18,,Absent,2024,2,30,1
5755,2541,COURSE11,,Absent,2021,11,30,1
5756,1897,COURSE46,,Absent,2022,1,27,5
5757,1791,COURSE1,,Present,2022,2,11,1
5758,1959,COURSE32,,Absent,2022,11,16,0
5759,1463,COURSE13,,Absent,2023,7,12,0
5760,1048,COURSE7,,Absent,2021,7,7,5
5761,2096,COURSE14,,Present,2024,10,19,1
5762,2998,COURSE41,,Absent,2022,1,10,6
5763,1950,COURSE2,,Absent,2022,8,11,5
5764,1127,COURSE9,,Present,2022,12,2,5
5765,1640,COURSE16,,Absent,2022,11,23,5
5766,1899,COURSE17,,Absent,2022,1,29,6
5767,1780,COURSE42,,Present,2022,11,20,6
5768,1280,COURSE36,,Absent,2022,11,9,5
5769,1897,COURSE3,,Present,2022,3,18,0
5770,2155,COURSE7,,Absent,2020,11,10,1
5771,1802,COURSE20,,Absent,2023,7,29,6
5772,1033,COURSE19,,Present,2021,1,30,1
5773,2351,COURSE4,,Absent,2024,4,1,0
5774,1634,COURSE32,,Present,2022,9,6,5
5775,1120,COURSE25,,Absent,2021,2,13,0
5776,1599,COURSE26,,Absent,2022,2,10,6
5777,1083,COURSE3,,Absent,2024,1,27,5
5778,1701,COURSE31,,Absent,2024,10,9,3
5779,1054,COURSE46,,Present,2024,11,18,4
5780,1614,COURSE23,,Present,2020,3,18,6
5781,2105,COURSE24,,Absent,2023,6,24,2
5782,2589,COURSE46,,Absent,2023,5,25,5
5783,2689,COURSE3,,Present,2024,9,27,4
5784,1297,COURSE46,,Present,2024,12,4,1
5785,1143,COURSE5,,Present,2023,10,2,6
5786,2103,COURSE46,,Absent,2024,1,31,1
5787,1695,COURSE41,,Absent,2024,11,3,0
5788,1658,COURSE36,,Absent,2021,2,25,0
5789,1015,COURSE17,,Absent,2021,7,6,1
5790,2149,COURSE33,,Absent,2021,10,23,2
5791,2417,COURSE36,,Present,2021,7,15,2
5792,2345,COURSE40,,Absent,2022,4,4,3
5793,2652,COURSE8,,Present,2022,8,7,4
5794,2077,COURSE18,,Absent,2022,9,25,1
5795,2474,COURSE50,,Present,2024,9,27,0
5796,2278,COURSE32,,Absent,2021,12,1,2
5797,1160,COURSE45,,Present,2022,4,13,6
5798,1056,COURSE10,,Absent,2024,4,29,2
5799,1804,COURSE7,,Present,2022,6,30,0
5800,1620,COURSE33,,Present,2024,1,13,6
5801,1083,COURSE27,,Absent,2022,1,29,4
5802,2521,COURSE46,,Absent,2022,1,17,6
5803,1673,COURSE17,,Absent,2024,5,6,5
5804,2520,COURSE50,,Present,2020,7,7,2
5805,1341,COURSE1,,Present,2023,4,25,1
5806,2572,COURSE40,,Absent,2024,6,8,1
5807,2185,COURSE41,,Present,2023,12,20,4
5808,2791,COURSE34,,Absent,2020,6,24,1
5809,2789,COURSE10,,Present,2022,10,27,3
5810,2620,COURSE39,,Absent,2020,5,2,1
5811,2311,COURSE4,,Present,2022,9,18,0
5812,2953,COURSE26,,Absent,2022,10,21,0
5813,2353,COURSE5,,Absent,2020,5,1,5
5814,2633,COURSE24,,Present,2020,7,29,1
5815,1284,COURSE36,,Present,2022,2,30,6
5816,1281,COURSE8,,Absent,2024,5,25,1
5817,2991,COURSE46,,Present,2024,2,24,2
5818,2012,COURSE1,,Present,2020,8,27,4
5819,2367,COURSE15,,Present,2022,9,1,0
5820,2437,COURSE47,,Absent,2024,6,30,3
5821,1499,COURSE41,,Absent,2023,3,18,6
5822,2107,COURSE14,,Absent,2020,1,1,1
5823,2413,COURSE27,,Present,2023,10,15,0
5824,1851,COURSE13,,Absent,2021,2,28,6
5825,1421,COURSE16,,Absent,2024,3,14,0
5826,1174,COURSE10,,Absent,2024,4,29,6
5827,2182,COURSE32,,Absent,2022,12,27,2
5828,2418,COURSE29,,Present,2021,4,9,6
5829,2170,COURSE46,,Present,2020,8,18,5
5830,1597,COURSE38,,Absent,2021,6,8,5
5831,2396,COURSE3,,Absent,2024,7,13,4
5832,2779,COURSE4,,Absent,2023,3,3,4
5833,1420,COURSE38,,Absent,2021,4,25,4
5834,2734,COURSE20,,Absent,2022,8,6,0
5835,2177,COURSE33,,Present,2024,8,3,5
5836,1866,COURSE24,,Absent,2022,5,16,2
5837,2426,COURSE28,,Absent,2022,4,29,2
5838,1653,COURSE2,,Present,2024,6,6,5
5839,2429,COURSE30,,Absent,2020,8,22,3
5840,2005,COURSE43,,Present,2023,10,30,4
5841,2960,COURSE41,,Absent,2024,7,4,6
5842,2932,COURSE42,,Absent,2020,2,11,6
5843,2490,COURSE20,,Absent,2020,3,1,0
5844,2337,COURSE42,,Present,2023,3,2,5
5845,2987,COURSE42,,Present,2020,1,6,0
5846,1498,COURSE39,,Absent,2021,1,27,4
5847,2874,COURSE23,,Absent,2020,12,30,5
5848,2580,COURSE37,,Present,2022,8,20,2
5849,1096,COURSE8,,Absent,2024,7,13,6
5850,2967,COURSE21,,Present,2020,4,3,1
5851,2714,COURSE45,,Absent,2022,12,10,4
5852,1073,COURSE20,,Absent,2024,3,18,4
5853,2231,COURSE8,,Absent,2020,11,7,2
5854,1282,COURSE32,,Absent,2023,7,29,4
5855,1989,COURSE24,,Absent,2023,6,26,0
5856,2697,COURSE24,,Absent,2023,7,20,0
5857,1259,COURSE16,,Present,2021,6,13,1
5858,1090,COURSE9,,Absent,2022,7,10,3
5859,1181,COURSE4,,Present,2023,11,27,2
5860,2031,COURSE20,,Present,2020,6,18,1
5861,2113,COURSE4,,Absent,2024,1,16,5
5862,2158,COURSE46,,Absent,2020,2,31,0
5863,2307,COURSE40,,Absent,2023,11,11,5
5864,2103,COURSE31,,Absent,2024,8,14,4
5865,1928,COURSE21,,Present,2020,8,29,5
5866,2885,COURSE13,,Present,2022,3,22,2
5867,1040,COURSE30,,Absent,2021,9,19,2
5868,1789,COURSE35,,Present,2022,3,7,5
5869,1815,COURSE37,,Present,2020,4,29,4
5870,2624,COURSE46,,Absent,2024,2,20,1
5871,2106,COURSE4,,Absent,2021,2,29,5
5872,2931,COURSE3,,Present,2023,12,16,3
5873,1728,COURSE33,,Absent,2022,10,13,1
5874,2055,COURSE24,,Present,2020,11,13,1
5875,2596,COURSE43,,Absent,2022,10,12,6
5876,1882,COURSE49,,Present,2024,9,20,2
5877,1900,COURSE36,,Present,2024,7,4,1
5878,1989,COURSE49,,Absent,2022,6,2,2
5879,2157,COURSE26,,Present,2022,2,18,5
5880,2328,COURSE2,,Present,2021,10,28,3
5881,1793,COURSE5,,Present,2024,7,22,3
5882,1696,COURSE46,,Absent,2024,7,30,2
5883,2821,COURSE8,,Present,2023,8,2,0
5884,2703,COURSE33,,Absent,2024,7,29,6
5885,1892,COURSE23,,Present,2024,4,13,0
5886,1836,COURSE31,,Absent,2020,7,15,1
5887,1405,COURSE1,,Absent,2022,10,7,5
5888,1947,COURSE45,,Absent,2022,9,11,0
5889,2974,COURSE7,,Absent,2024,1,7,3
5890,1796,COURSE13,,Present,2022,2,2,1
5891,2355,COURSE9,,Present,2022,7,24,0
5892,2493,COURSE38,,Absent,2023,12,24,6
5893,1192,COURSE14,,Absent,2021,6,17,4
5894,1464,COURSE43,,Absent,2022,3,18,1
5895,2530,COURSE26,,Present,2021,2,3,0
5896,2806,COURSE40,,Present,2021,7,25,1
5897,1734,COURSE49,,Absent,2020,12,12,1
5898,2991,COURSE9,,Absent,2022,10,19,0
5899,1599,COURSE6,,Present,2020,1,1,4
5900,1970,COURSE47,,Present,2024,5,22,3
5901,1810,COURSE36,,Absent,2021,10,17,2
5902,1343,COURSE18,,Present,2020,1,26,0
5903,2003,COURSE2,,Absent,2024,12,6,0
5904,2255,COURSE10,,Absent,2023,11,30,4
5905,2894,COURSE24,,Present,2020,5,6,1
5906,1393,COURSE48,,Absent,2021,9,1,4
5907,1037,COURSE26,,Absent,2020,9,14,0
5908,2159,COURSE7,,Absent,2021,10,29,3
5909,1692,COURSE6,,Present,2024,2,28,1
5910,2927,COURSE2,,Present,2021,10,29,2
5911,2848,COURSE33,,Present,2023,12,16,4
5912,2657,COURSE38,,Absent,2023,1,15,4
5913,2959,COURSE43,,Present,2022,9,21,4
5914,2761,COURSE1,,Absent,2021,7,4,1
5915,1436,COURSE4,,Present,2020,11,8,4
5916,2575,COURSE39,,Absent,2022,3,7,0
5917,2923,COURSE22,,Absent,2023,3,31,4
5918,2899,COURSE19,,Absent,2024,3,26,4
5919,1122,COURSE49,,Present,2022,12,21,1
5920,1210,COURSE42,,Absent,2022,1,16,2
5921,2993,COURSE15,,Absent,2021,10,28,6
5922,1875,COURSE11,,Present,2023,10,17,3
5923,1839,COURSE22,,Absent,2020,1,12,5
5924,2551,COURSE41,,Present,2020,10,4,4
5925,1672,COURSE18,,Absent,2022,2,7,2
5926,2464,COURSE39,,Absent,2022,4,8,5
5927,2883,COURSE42,,Present,2023,6,6,6
5928,1344,COURSE22,,Present,2024,5,22,2
5929,2906,COURSE26,,Present,2021,10,29,4
5930,2757,COURSE10,,Present,2021,4,11,1
5931,2173,COURSE41,,Present,2020,6,14,5
5932,1889,COURSE32,,Absent,2024,7,26,2
5933,2587,COURSE33,,Present,2024,9,26,1
5934,2637,COURSE23,,Present,2023,7,6,3
5935,2038,COURSE20,,Absent,2020,1,11,5
5936,2977,COURSE36,,Absent,2020,3,9,4
5937,1502,COURSE19,,Absent,2021,8,13,0
5938,2565,COURSE18,,Present,2020,4,15,1
5939,1042,COURSE44,,Absent,2021,10,15,0
5940,1167,COURSE37,,Absent,2021,8,23,5
5941,2476,COURSE6,,Present,2022,2,12,1
5942,1377,COURSE3,,Absent,2023,10,8,0
5943,1076,COURSE15,,Present,2020,7,13,5
5944,2435,COURSE5,,Present,2021,4,29,0
5945,2594,COURSE40,,Absent,2023,6,21,4
5946,2255,COURSE33,,Present,2020,12,20,1
5947,1830,COURSE44,,Present,2021,2,11,5
5948,2081,COURSE18,,Absent,2024,6,18,3
5949,1318,COURSE30,,Absent,2021,4,12,6
5950,1441,COURSE9,,Absent,2023,4,9,4
5951,1123,COURSE8,,Present,2021,4,21,3
5952,2745,COURSE22,,Absent,2023,9,8,4
5953,1357,COURSE16,,Present,2024,9,7,3
5954,1592,COURSE20,,Present,2024,7,14,2
5955,2913,COURSE18,,Absent,2022,9,26,5
5956,1667,COURSE49,,Present,2022,11,10,6
5957,2590,COURSE2,,Absent,2024,6,26,3
5958,2793,COURSE11,,Absent,2021,4,17,1
5959,1946,COURSE17,,Absent,2020,6,4,2
5960,1342,COURSE29,,Present,2020,11,27,6
5961,1787,COURSE5,,Absent,2021,5,8,6
5962,1069,COURSE3,,Present,2020,5,1,6
5963,1582,COURSE17,,Present,2022,9,16,4
5964,1618,COURSE33,,Present,2022,3,11,5
5965,1389,COURSE9,,Present,2021,1,12,1
5966,2101,COURSE12,,Present,2021,8,30,5
5967,2525,COURSE36,,Absent,2023,10,25,0
5968,2020,COURSE2,,Absent,2020,1,8,3
5969,1128,COURSE49,,Present,2023,12,3,6
5970,2634,COURSE5,,Present,2024,10,8,5
5971,2784,COURSE43,,Absent,2020,10,13,5
5972,1808,COURSE49,,Present,2023,12,27,6
5973,2155,COURSE47,,Present,2023,2,25,6
5974,2507,COURSE25,,Present,2020,10,4,5
5975,1774,COURSE16,,Present,2024,4,11,0
5976,1757,COURSE5,,Present,2023,7,11,3
5977,1625,COURSE26,,Present,2023,8,18,1
5978,2132,COURSE16,,Present,2024,2,24,3
5979,2362,COURSE43,,Present,2023,12,3,1
5980,1366,COURSE6,,Present,2023,4,13,2
5981,2414,COURSE6,,Absent,2023,5,29,5
5982,2580,COURSE8,,Present,2021,8,3,1
5983,2348,COURSE26,,Present,2024,2,29,3
5984,1053,COURSE40,,Present,2021,12,1,6
5985,1178,COURSE37,,Absent,2020,4,15,5
5986,1302,COURSE39,,Absent,2021,7,9,4
5987,2909,COURSE17,,Absent,2024,11,23,4
5988,2445,COURSE46,,Absent,2023,4,8,0
5989,2840,COURSE27,,Absent,2022,8,27,1
5990,2967,COURSE43,,Present,2021,12,8,6
5991,2180,COURSE2,,Absent,2023,4,14,5
5992,1701,COURSE2,,Present,2023,6,29,1
5993,1430,COURSE12,,Present,2021,5,15,2
5994,2390,COURSE44,,Present,2024,8,2,5
5995,2908,COURSE26,,Absent,2023,2,10,3
5996,2431,COURSE18,,Absent,2021,8,6,4
5997,1260,COURSE24,,Absent,2024,2,30,1
5998,2264,COURSE35,,Absent,2023,12,9,3
5999,2495,COURSE47,,Absent,2024,3,7,6
6000,2305,COURSE34,,Absent,2023,12,5,1
6001,1151,COURSE24,,Absent,2023,6,16,4
6002,1132,COURSE17,,Absent,2021,4,29,4
6003,1597,COURSE3,,Present,2020,6,18,1
6004,2983,COURSE43,,Present,2020,2,15,0
6005,2616,COURSE16,,Present,2020,1,25,4
6006,2014,COURSE26,,Absent,2021,1,3,4
6007,2059,COURSE28,,Absent,2021,12,3,4
6008,2388,COURSE9,,Absent,2022,3,11,5
6009,2751,COURSE11,,Present,2022,10,7,4
6010,1624,COURSE37,,Absent,2021,3,18,0
6011,2218,COURSE23,,Absent,2021,2,1,1
6012,1850,COURSE21,,Absent,2021,1,5,0
6013,2665,COURSE12,,Present,2024,3,26,6
6014,2266,COURSE49,,Absent,2020,8,29,0
6015,2604,COURSE40,,Absent,2021,6,21,1
6016,1892,COURSE13,,Present,2024,11,13,0
6017,1623,COURSE20,,Absent,2024,1,2,5
6018,1828,COURSE2,,Absent,2021,4,5,0
6019,2036,COURSE44,,Present,2024,2,23,0
6020,1922,COURSE11,,Present,2024,10,17,6
6021,2438,COURSE27,,Absent,2022,9,10,2
6022,2776,COURSE13,,Present,2022,1,16,1
6023,1556,COURSE7,,Absent,2022,1,23,6
6024,1335,COURSE15,,Present,2020,2,12,0
6025,1756,COURSE12,,Absent,2023,5,1,6
6026,2307,COURSE31,,Absent,2023,3,13,5
6027,2114,COURSE29,,Absent,2022,11,9,6
6028,2111,COURSE7,,Present,2021,3,15,3
6029,1476,COURSE34,,Absent,2022,5,18,1
6030,2741,COURSE1,,Absent,2023,11,3,6
6031,1110,COURSE32,,Present,2021,4,14,5
6032,2676,COURSE23,,Absent,2021,3,17,6
6033,2422,COURSE41,,Present,2023,1,9,5
6034,2864,COURSE8,,Present,2024,4,5,2
6035,2409,COURSE10,,Absent,2021,9,8,0
6036,2572,COURSE46,,Absent,2020,2,12,0
6037,2912,COURSE34,,Present,2023,3,13,6
6038,2177,COURSE5,,Absent,2023,12,4,6
6039,1840,COURSE41,,Present,2021,1,26,6
6040,2953,COURSE2,,Absent,2023,1,28,0
6041,1974,COURSE30,,Absent,2023,2,2,6
6042,1664,COURSE36,,Absent,2020,5,5,1
6043,2475,COURSE23,,Absent,2021,3,17,2
6044,2694,COURSE20,,Present,2020,6,14,0
6045,1385,COURSE16,,Present,2020,11,19,0
6046,1013,COURSE44,,Present,2022,11,23,5
6047,2945,COURSE18,,Absent,2023,1,30,0
6048,1324,COURSE25,,Absent,2020,11,2,3
6049,2464,COURSE8,,Present,2022,3,26,4
6050,2570,COURSE47,,Absent,2024,6,14,6
6051,1867,COURSE22,,Present,2021,5,10,2
6052,1089,COURSE14,,Present,2021,3,10,1
6053,1396,COURSE14,,Absent,2023,9,29,1
6054,1435,COURSE28,,Present,2024,8,12,4
6055,2721,COURSE4,,Present,2023,4,25,4
6056,2981,COURSE45,,Absent,2023,11,6,2
6057,1496,COURSE22,,Present,2020,12,28,5
6058,1337,COURSE29,,Present,2022,12,19,6
6059,2657,COURSE36,,Absent,2023,8,27,1
6060,2651,COURSE33,,Absent,2022,2,4,0
6061,1201,COURSE46,,Absent,2023,3,28,5
6062,1661,COURSE8,,Absent,2021,11,27,5
6063,2073,COURSE8,,Absent,2022,7,21,1
6064,1619,COURSE35,,Absent,2020,5,29,5
6065,2092,COURSE39,,Absent,2022,6,7,6
6066,1560,COURSE40,,Present,2023,9,25,6
6067,1546,COURSE42,,Present,2022,12,8,1
6068,2102,COURSE32,,Absent,2024,1,15,2
6069,1002,COURSE9,,Absent,2024,8,7,2
6070,1199,COURSE22,,Present,2021,4,6,3
6071,1545,COURSE26,,Present,2021,5,24,3
6072,1091,COURSE22,,Absent,2024,7,6,2
6073,1031,COURSE38,,Present,2024,9,7,0
6074,1251,COURSE49,,Present,2022,8,19,0
6075,1231,COURSE47,,Present,2022,7,7,0
6076,1211,COURSE3,,Present,2024,10,6,0
6077,2002,COURSE46,,Present,2023,10,30,2
6078,1958,COURSE47,,Absent,2020,12,14,5
6079,2989,COURSE40,,Present,2021,3,7,2
6080,2219,COURSE33,,Present,2022,4,13,2
6081,1158,COURSE45,,Absent,2020,12,20,6
6082,1174,COURSE24,,Absent,2023,5,12,4
6083,1486,COURSE27,,Absent,2022,7,25,2
6084,1131,COURSE44,,Absent,2024,4,1,5
6085,2616,COURSE23,,Present,2021,12,16,4
6086,1201,COURSE34,,Absent,2022,7,27,6
6087,2065,COURSE5,,Absent,2024,5,31,6
6088,1460,COURSE19,,Absent,2020,1,26,1
6089,1180,COURSE45,,Present,2024,1,20,3
6090,2182,COURSE39,,Absent,2022,9,7,3
6091,1688,COURSE49,,Present,2020,4,30,0
6092,2487,COURSE14,,Absent,2021,11,3,5
6093,1198,COURSE35,,Absent,2020,4,26,3
6094,1669,COURSE15,,Present,2021,9,26,0
6095,2572,COURSE36,,Absent,2022,2,29,0
6096,1065,COURSE33,,Present,2021,11,8,4
6097,1172,COURSE8,,Present,2021,8,3,1
6098,1189,COURSE26,,Absent,2023,10,12,5
6099,2464,COURSE50,,Present,2024,5,26,2
6100,2895,COURSE8,,Absent,2021,6,11,3
6101,2156,COURSE43,,Absent,2020,1,29,4
6102,2655,COURSE32,,Absent,2021,4,10,0
6103,1980,COURSE14,,Present,2022,11,6,5
6104,2943,COURSE2,,Present,2020,5,25,4
6105,1377,COURSE39,,Absent,2022,8,3,2
6106,2278,COURSE44,,Absent,2020,11,31,6
6107,2607,COURSE7,,Absent,2020,6,30,3
6108,2550,COURSE19,,Absent,2020,7,13,6
6109,2174,COURSE28,,Present,2023,12,29,2
6110,2462,COURSE10,,Present,2022,11,18,2
6111,1485,COURSE24,,Absent,2023,10,25,1
6112,1678,COURSE18,,Absent,2022,9,8,1
6113,2720,COURSE17,,Present,2024,8,10,1
6114,2351,COURSE17,,Present,2022,12,5,6
6115,1667,COURSE32,,Absent,2024,4,8,2
6116,1405,COURSE14,,Absent,2023,9,19,6
6117,2351,COURSE40,,Absent,2024,9,10,6
6118,1236,COURSE20,,Present,2022,7,15,3
6119,1101,COURSE22,,Absent,2020,6,22,5
6120,1162,COURSE22,,Present,2022,4,25,5
6121,1764,COURSE39,,Absent,2020,3,6,5
6122,1532,COURSE49,,Absent,2024,1,12,0
6123,2083,COURSE17,,Absent,2022,10,11,1
6124,1565,COURSE27,,Absent,2022,5,10,6
6125,2609,COURSE30,,Present,2020,5,23,2
6126,1837,COURSE24,,Absent,2024,3,23,5
6127,2009,COURSE38,,Present,2024,10,21,6
6128,1245,COURSE3,,Absent,2021,7,19,0
6129,2628,COURSE46,,Present,2024,10,26,5
6130,1015,COURSE33,,Present,2024,6,2,3
6131,1110,COURSE30,,Present,2023,10,23,3
6132,1001,COURSE8,,Present,2020,4,6,1
6133,2696,COURSE30,,Present,2021,8,15,6
6134,2986,COURSE39,,Absent,2020,10,25,2
6135,1158,COURSE7,,Present,2020,12,22,1
6136,2713,COURSE18,,Absent,2020,9,3,6
6137,2970,COURSE28,,Absent,2023,6,13,0
6138,2258,COURSE24,,Absent,2020,9,30,3
6139,1136,COURSE3,,Absent,2024,2,16,1
6140,2160,COURSE20,,Absent,2023,7,5,4
6141,2750,COURSE41,,Present,2020,10,12,5
6142,2526,COURSE15,,Absent,2022,10,25,5
6143,1152,COURSE20,,Absent,2022,10,22,2
6144,1224,COURSE17,,Present,2021,12,8,5
6145,1609,COURSE3,,Present,2022,8,1,3
6146,1384,COURSE50,,Absent,2021,11,7,1
6147,1215,COURSE33,,Present,2020,4,12,0
6148,1390,COURSE37,,Present,2024,10,18,6
6149,1129,COURSE47,,Absent,2021,5,16,4
6150,1927,COURSE35,,Present,2021,4,28,6
6151,2123,COURSE30,,Present,2024,5,23,5
6152,1917,COURSE24,,Absent,2023,5,4,4
6153,1942,COURSE1,,Present,2023,4,21,3
6154,1459,COURSE24,,Present,2023,12,6,1
6155,2582,COURSE46,,Present,2024,10,30,0
6156,2701,COURSE36,,Absent,2023,4,20,6
6157,1103,COURSE31,,Present,2021,8,25,1
6158,1259,COURSE6,,Absent,2024,6,15,2
6159,2357,COURSE44,,Absent,2022,3,13,0
6160,2774,COURSE37,,Present,2021,8,2,2
6161,1849,COURSE48,,Present,2024,4,20,0
6162,1557,COURSE1,,Present,2023,10,28,6
6163,1127,COURSE11,,Present,2023,7,30,1
6164,1929,COURSE50,,Present,2022,6,20,4
6165,1840,COURSE28,,Absent,2022,1,24,6
6166,1018,COURSE27,,Present,2022,9,22,4
6167,2659,COURSE50,,Present,2022,11,1,6
6168,1980,COURSE11,,Present,2020,4,25,4
6169,2850,COURSE15,,Absent,2023,8,11,2
6170,2352,COURSE23,,Absent,2022,10,8,6
6171,1379,COURSE22,,Absent,2024,2,24,3
6172,2749,COURSE13,,Present,2021,7,17,4
6173,1454,COURSE19,,Present,2023,11,17,1
6174,2891,COURSE11,,Present,2021,12,23,4
6175,2028,COURSE39,,Present,2022,10,6,2
6176,2663,COURSE24,,Absent,2022,2,19,5
6177,2738,COURSE8,,Absent,2023,10,31,4
6178,2436,COURSE13,,Present,2022,7,14,5
6179,2984,COURSE30,,Present,2024,5,13,0
6180,1602,COURSE8,,Present,2020,11,3,5
6181,2406,COURSE1,,Absent,2023,1,29,3
6182,1042,COURSE4,,Absent,2021,11,25,4
6183,1915,COURSE17,,Absent,2024,2,5,0
6184,1718,COURSE29,,Absent,2021,8,4,5
6185,1386,COURSE46,,Absent,2023,11,14,3
6186,2615,COURSE16,,Absent,2020,7,29,5
6187,2400,COURSE18,,Present,2020,7,1,2
6188,1581,COURSE39,,Present,2022,1,22,0
6189,1573,COURSE3,,Present,2020,11,3,1
6190,2925,COURSE38,,Absent,2020,5,11,1
6191,2569,COURSE5,,Absent,2021,6,30,6
6192,1609,COURSE24,,Present,2022,4,19,6
6193,1322,COURSE39,,Absent,2022,4,2,3
6194,2517,COURSE1,,Present,2021,10,11,2
6195,2733,COURSE17,,Present,2023,7,7,6
6196,2250,COURSE11,,Present,2021,11,3,6
6197,1454,COURSE23,,Absent,2020,12,3,6
6198,1631,COURSE2,,Absent,2023,11,3,5
6199,2920,COURSE31,,Absent,2021,1,1,4
6200,2609,COURSE35,,Present,2022,4,12,5
6201,1882,COURSE25,,Present,2023,11,24,1
6202,2812,COURSE20,,Present,2021,1,3,0
6203,1779,COURSE36,,Present,2022,9,25,4
6204,2148,COURSE29,,Present,2020,4,13,0
6205,2361,COURSE42,,Present,2021,12,3,4
6206,2721,COURSE34,,Absent,2021,4,20,3
6207,1682,COURSE34,,Present,2022,3,5,4
6208,1152,COURSE3,,Absent,2022,8,28,4
6209,1380,COURSE7,,Absent,2024,8,15,5
6210,2813,COURSE8,,Absent,2024,9,2,5
6211,1805,COURSE4,,Present,2020,7,19,5
6212,2886,COURSE7,,Present,2021,7,11,3
6213,2238,COURSE36,,Present,2022,6,12,5
6214,1694,COURSE43,,Present,2023,4,6,5
6215,2668,COURSE39,,Absent,2021,9,3,6
6216,1456,COURSE29,,Absent,2022,5,11,4
6217,1542,COURSE46,,Absent,2022,3,6,2
6218,2312,COURSE36,,Absent,2022,8,16,0
6219,1561,COURSE1,,Present,2023,8,4,2
6220,2393,COURSE26,,Present,2024,1,30,3
6221,2469,COURSE4,,Absent,2021,9,11,6
6222,2311,COURSE18,,Present,2022,10,9,4
6223,1501,COURSE12,,Absent,2024,1,7,5
6224,1214,COURSE29,,Absent,2023,9,1,2
6225,2488,COURSE35,,Present,2023,2,7,5
6226,1780,COURSE40,,Absent,2024,1,1,3
6227,2423,COURSE26,,Present,2023,12,18,1
6228,1376,COURSE46,,Absent,2022,6,13,5
6229,2525,COURSE7,,Absent,2020,9,22,4
6230,1768,COURSE24,,Present,2024,1,14,6
6231,2602,COURSE42,,Absent,2024,3,20,1
6232,2857,COURSE7,,Present,2021,2,7,4
6233,2981,COURSE13,,Present,2022,7,30,6
6234,2641,COURSE4,,Absent,2023,8,31,6
6235,2054,COURSE43,,Present,2021,7,23,4
6236,2291,COURSE20,,Absent,2023,7,19,4
6237,1924,COURSE20,,Present,2020,4,8,4
6238,2573,COURSE12,,Absent,2021,11,7,6
6239,2887,COURSE40,,Present,2024,3,27,3
6240,1555,COURSE14,,Present,2021,3,8,3
6241,1670,COURSE42,,Absent,2021,2,25,2
6242,2443,COURSE46,,Absent,2021,1,22,4
6243,1582,COURSE12,,Absent,2021,9,15,6
6244,2249,COURSE17,,Present,2023,9,8,4
6245,2722,COURSE18,,Absent,2021,9,21,5
6246,1981,COURSE15,,Present,2020,3,11,4
6247,1522,COURSE3,,Absent,2020,10,20,3
6248,2626,COURSE11,,Present,2020,7,14,2
6249,1534,COURSE44,,Absent,2022,10,25,5
6250,1854,COURSE17,,Present,2024,6,5,2
6251,1545,COURSE18,,Absent,2021,1,8,0
6252,1680,COURSE43,,Absent,2021,4,27,1
6253,1922,COURSE26,,Absent,2024,4,10,6
6254,2589,COURSE40,,Present,2021,9,5,4
6255,2406,COURSE18,,Present,2024,8,10,6
6256,2931,COURSE17,,Present,2023,11,22,0
6257,1247,COURSE44,,Absent,2024,9,22,3
6258,2732,COURSE36,,Absent,2022,11,2,6
6259,2815,COURSE10,,Absent,2024,4,19,0
6260,1131,COURSE36,,Present,2020,8,3,3
6261,1122,COURSE26,,Absent,2022,3,20,4
6262,1409,COURSE39,,Present,2024,1,5,1
6263,2167,COURSE27,,Absent,2023,12,25,4
6264,1979,COURSE36,,Present,2022,4,10,2
6265,1631,COURSE1,,Present,2021,8,3,3
6266,2446,COURSE6,,Present,2020,6,22,2
6267,2600,COURSE9,,Present,2023,7,25,5
6268,2174,COURSE48,,Absent,2023,3,28,6
6269,1016,COURSE23,,Absent,2021,5,10,5
6270,1841,COURSE15,,Present,2021,5,21,3
6271,2199,COURSE19,,Absent,2022,12,31,0
6272,2686,COURSE40,,Present,2022,7,17,6
6273,2035,COURSE18,,Absent,2020,9,14,5
6274,2224,COURSE2,,Absent,2023,11,24,4
6275,2026,COURSE22,,Present,2023,8,21,6
6276,1675,COURSE1,,Present,2022,8,24,4
6277,2101,COURSE11,,Present,2023,4,30,6
6278,2186,COURSE36,,Present,2020,5,23,4
6279,2183,COURSE15,,Absent,2020,7,25,4
6280,1290,COURSE6,,Absent,2024,1,13,1
6281,2794,COURSE31,,Absent,2022,7,6,5
6282,2256,COURSE24,,Present,2021,4,2,4
6283,1130,COURSE34,,Absent,2022,8,7,3
6284,1704,COURSE3,,Present,2023,10,19,4
6285,2525,COURSE3,,Present,2022,11,7,4
6286,1113,COURSE1,,Absent,2024,3,16,5
6287,1773,COURSE47,,Present,2022,8,4,6
6288,1508,COURSE43,,Absent,2022,1,4,2
6289,1174,COURSE38,,Absent,2022,10,9,0
6290,2521,COURSE10,,Absent,2024,10,25,1
6291,1838,COURSE11,,Present,2022,5,26,4
6292,1695,COURSE35,,Absent,2021,4,15,2
6293,1941,COURSE12,,Absent,2022,9,8,0
6294,1712,COURSE16,,Present,2021,6,18,4
6295,2115,COURSE38,,Absent,2023,6,24,5
6296,2434,COURSE3,,Absent,2023,8,21,4
6297,1783,COURSE42,,Present,2022,11,10,2
6298,1443,COURSE11,,Absent,2022,10,9,0
6299,1515,COURSE40,,Absent,2021,12,24,4
6300,2870,COURSE36,,Present,2024,9,7,2
6301,2293,COURSE22,,Present,2024,8,25,0
6302,2680,COURSE3,,Present,2024,5,15,6
6303,2719,COURSE26,,Absent,2021,7,12,5
6304,2253,COURSE39,,Present,2021,9,13,3
6305,1685,COURSE39,,Absent,2024,10,19,1
6306,2686,COURSE18,,Absent,2024,1,24,5
6307,2527,COURSE18,,Present,2022,11,20,4
6308,2925,COURSE29,,Absent,2023,1,12,0
6309,1656,COURSE45,,Absent,2020,7,31,1
6310,2382,COURSE6,,Absent,2024,10,26,1
6311,2837,COURSE48,,Absent,2024,2,2,4
6312,2528,COURSE27,,Present,2022,12,12,2
6313,1911,COURSE25,,Present,2020,11,4,0
6314,2368,COURSE6,,Present,2022,10,29,5
6315,2754,COURSE13,,Present,2024,1,14,1
6316,2835,COURSE45,,Absent,2024,3,23,1
6317,2642,COURSE8,,Absent,2024,4,19,1
6318,2605,COURSE28,,Absent,2020,4,10,3
6319,1858,COURSE3,,Absent,2020,8,6,5
6320,1040,COURSE43,,Present,2022,5,22,0
6321,1277,COURSE34,,Present,2020,11,30,2
6322,2258,COURSE29,,Absent,2021,4,19,6
6323,1052,COURSE7,,Present,2021,1,25,4
6324,1054,COURSE47,,Present,2022,12,28,1
6325,1036,COURSE39,,Absent,2022,3,2,6
6326,2778,COURSE40,,Present,2022,5,8,2
6327,1109,COURSE19,,Present,2023,8,3,2
6328,1744,COURSE20,,Present,2022,12,27,2
6329,1312,COURSE17,,Absent,2023,10,11,0
6330,2832,COURSE4,,Absent,2024,7,2,6
6331,1818,COURSE35,,Absent,2023,7,13,0
6332,1950,COURSE3,,Absent,2023,10,23,5
6333,2951,COURSE29,,Present,2022,4,9,0
6334,2117,COURSE6,,Absent,2020,5,19,6
6335,2199,COURSE9,,Present,2021,2,10,2
6336,1929,COURSE49,,Absent,2022,1,22,6
6337,1411,COURSE32,,Absent,2023,7,14,6
6338,2060,COURSE32,,Present,2024,1,5,6
6339,1257,COURSE19,,Present,2021,7,10,0
6340,2258,COURSE22,,Absent,2023,2,21,6
6341,1153,COURSE17,,Absent,2022,9,10,3
6342,1375,COURSE3,,Absent,2021,10,29,2
6343,1613,COURSE17,,Absent,2024,10,23,3
6344,1229,COURSE36,,Present,2022,11,19,6
6345,2015,COURSE38,,Present,2020,3,20,4
6346,1401,COURSE44,,Absent,2023,12,20,4
6347,1492,COURSE21,,Absent,2024,7,2,1
6348,1007,COURSE18,,Present,2020,11,8,1
6349,1608,COURSE42,,Absent,2022,12,13,6
6350,1299,COURSE8,,Present,2022,6,5,1
6351,2626,COURSE39,,Present,2021,9,23,3
6352,2809,COURSE28,,Absent,2023,6,7,6
6353,1156,COURSE23,,Absent,2023,1,28,6
6354,2855,COURSE20,,Absent,2022,5,15,6
6355,1132,COURSE10,,Present,2023,9,24,1
6356,1059,COURSE28,,Absent,2022,8,14,4
6357,1355,COURSE21,,Present,2022,3,11,2
6358,1482,COURSE40,,Absent,2021,4,28,6
6359,2089,COURSE29,,Absent,2021,11,10,3
6360,1211,COURSE49,,Present,2024,2,25,1
6361,2684,COURSE35,,Absent,2022,10,4,2
6362,3000,COURSE43,,Absent,2024,2,15,2
6363,1628,COURSE20,,Absent,2022,10,16,3
6364,1116,COURSE40,,Present,2022,7,19,2
6365,1313,COURSE20,,Absent,2022,10,7,3
6366,1977,COURSE12,,Absent,2024,8,27,2
6367,2644,COURSE14,,Absent,2021,10,16,6
6368,2161,COURSE6,,Absent,2020,12,4,2
6369,2393,COURSE3,,Absent,2024,12,20,4
6370,2405,COURSE43,,Present,2021,1,29,6
6371,2554,COURSE32,,Present,2022,1,3,6
6372,2182,COURSE3,,Present,2021,6,8,2
6373,2084,COURSE21,,Absent,2021,12,3,4
6374,2083,COURSE36,,Absent,2023,3,18,3
6375,1360,COURSE27,,Absent,2024,11,1,4
6376,2299,COURSE8,,Present,2023,5,21,6
6377,2563,COURSE12,,Present,2021,2,2,6
6378,2993,COURSE29,,Present,2020,1,3,5
6379,1865,COURSE34,,Present,2021,3,5,2
6380,1800,COURSE1,,Absent,2024,12,13,6
6381,2518,COURSE27,,Absent,2023,7,21,0
6382,1392,COURSE8,,Present,2021,11,7,4
6383,2479,COURSE13,,Present,2022,1,27,4
6384,1998,COURSE17,,Absent,2023,9,23,6
6385,1719,COURSE29,,Present,2020,7,5,5
6386,2638,COURSE28,,Absent,2021,2,21,6
6387,1631,COURSE18,,Present,2022,11,26,1
6388,2473,COURSE25,,Absent,2020,2,26,5
6389,2693,COURSE3,,Present,2023,7,7,5
6390,1509,COURSE50,,Present,2022,1,30,4
6391,1857,COURSE15,,Present,2021,5,13,1
6392,2194,COURSE48,,Absent,2021,7,25,5
6393,1965,COURSE5,,Absent,2021,7,18,4
6394,2761,COURSE11,,Present,2024,6,12,1
6395,1239,COURSE43,,Absent,2022,2,28,4
6396,2551,COURSE46,,Present,2023,11,5,6
6397,1535,COURSE13,,Absent,2020,11,3,1
6398,1042,COURSE10,,Absent,2020,10,26,1
6399,1737,COURSE24,,Absent,2022,1,8,6
6400,1974,COURSE44,,Absent,2022,4,22,4
6401,1249,COURSE4,,Present,2022,12,15,0
6402,2705,COURSE8,,Present,2024,2,25,2
6403,1088,COURSE45,,Present,2022,12,31,2
6404,1085,COURSE4,,Present,2022,3,22,6
6405,2977,COURSE23,,Present,2022,11,14,6
6406,1618,COURSE30,,Absent,2023,8,4,3
6407,1333,COURSE17,,Present,2021,4,23,2
6408,2813,COURSE20,,Present,2022,2,17,2
6409,2461,COURSE2,,Absent,2021,6,22,4
6410,1738,COURSE35,,Absent,2023,6,11,6
6411,2129,COURSE30,,Present,2024,10,10,5
6412,2146,COURSE50,,Absent,2024,7,14,5
6413,2359,COURSE43,,Absent,2023,4,12,0
6414,1844,COURSE46,,Absent,2022,6,25,0
6415,1496,COURSE16,,Absent,2020,1,3,0
6416,2873,COURSE25,,Absent,2023,9,18,5
6417,1015,COURSE17,,Present,2022,3,14,6
6418,2005,COURSE20,,Present,2020,11,10,3
6419,2244,COURSE44,,Present,2023,5,15,3
6420,2440,COURSE30,,Absent,2020,6,6,6
6421,2216,COURSE40,,Present,2024,5,28,0
6422,1652,COURSE24,,Present,2020,4,24,5
6423,1981,COURSE6,,Absent,2024,12,31,5
6424,1601,COURSE44,,Absent,2024,2,7,6
6425,2403,COURSE10,,Absent,2022,1,28,3
6426,1500,COURSE20,,Absent,2021,6,7,3
6427,2551,COURSE8,,Absent,2024,7,7,5
6428,1008,COURSE20,,Absent,2024,8,25,1
6429,2795,COURSE9,,Absent,2023,6,13,3
6430,2470,COURSE1,,Absent,2020,7,30,2
6431,2154,COURSE8,,Present,2022,1,30,3
6432,2352,COURSE43,,Absent,2024,9,13,2
6433,2471,COURSE5,,Absent,2023,8,25,1
6434,1887,COURSE9,,Absent,2021,5,2,3
6435,2650,COURSE48,,Absent,2024,9,16,0
6436,1030,COURSE17,,Present,2020,8,13,0
6437,2320,COURSE50,,Absent,2022,12,28,2
6438,1908,COURSE43,,Present,2020,8,27,6
6439,2259,COURSE1,,Absent,2024,7,19,6
6440,2128,COURSE12,,Absent,2021,10,10,2
6441,1121,COURSE1,,Absent,2020,3,12,5
6442,1233,COURSE43,,Absent,2023,4,3,4
6443,1770,COURSE9,,Present,2022,4,7,1
6444,2266,COURSE44,,Absent,2021,5,22,2
6445,1266,COURSE39,,Absent,2021,4,27,3
6446,1357,COURSE42,,Absent,2022,3,7,6
6447,2286,COURSE2,,Absent,2022,11,12,0
6448,2048,COURSE27,,Present,2022,12,20,3
6449,1246,COURSE34,,Absent,2022,6,26,5
6450,2677,COURSE23,,Present,2021,8,5,3
6451,2734,COURSE1,,Present,2023,3,27,1
6452,1902,COURSE2,,Present,2022,4,7,2
6453,1723,COURSE44,,Absent,2021,8,17,5
6454,2689,COURSE19,,Present,2020,11,15,2
6455,1030,COURSE49,,Absent,2021,9,4,0
6456,1950,COURSE27,,Absent,2022,9,22,1
6457,1419,COURSE30,,Absent,2022,4,14,6
6458,1745,COURSE34,,Absent,2022,2,27,1
6459,1486,COURSE24,,Present,2020,9,16,1
6460,2274,COURSE13,,Absent,2022,2,20,5
6461,1810,COURSE10,,Absent,2023,3,20,1
6462,1568,COURSE19,,Present,2021,3,14,2
6463,1977,COURSE28,,Absent,2022,2,21,1
6464,1759,COURSE20,,Absent,2020,5,15,1
6465,1505,COURSE9,,Present,2021,12,27,6
6466,1114,COURSE3,,Present,2024,12,4,0
6467,2594,COURSE17,,Present,2023,3,24,0
6468,1176,COURSE23,,Present,2024,2,1,5
6469,2461,COURSE42,,Present,2020,4,14,2
6470,2673,COURSE22,,Present,2021,9,20,6
6471,2038,COURSE17,,Absent,2021,1,4,6
6472,1138,COURSE27,,Absent,2022,11,7,6
6473,2942,COURSE46,,Absent,2022,4,30,0
6474,1288,COURSE9,,Absent,2023,8,5,6
6475,1297,COURSE40,,Absent,2024,8,18,5
6476,2570,COURSE47,,Present,2022,5,3,3
6477,2081,COURSE24,,Absent,2022,4,13,5
6478,1522,COURSE1,,Absent,2024,11,20,0
6479,1331,COURSE19,,Present,2022,7,16,1
6480,1834,COURSE37,,Absent,2020,3,3,0
6481,2390,COURSE20,,Absent,2023,10,18,4
6482,2068,COURSE44,,Present,2023,9,1,2
6483,1644,COURSE31,,Present,2021,11,23,5
6484,2430,COURSE27,,Absent,2024,11,31,5
6485,2056,COURSE45,,Present,2021,6,27,5
6486,1436,COURSE18,,Present,2020,10,8,0
6487,1843,COURSE47,,Absent,2024,7,12,5
6488,1260,COURSE45,,Present,2022,12,14,1
6489,1851,COURSE18,,Present,2023,9,17,4
6490,1479,COURSE23,,Present,2021,7,8,1
6491,2961,COURSE15,,Present,2024,4,11,5
6492,1466,COURSE4,,Absent,2022,11,2,6
6493,1366,COURSE14,,Absent,2022,7,31,3
6494,1854,COURSE47,,Present,2020,5,3,6
6495,2347,COURSE47,,Present,2020,3,13,1
6496,2599,COURSE41,,Absent,2024,10,11,0
6497,2376,COURSE20,,Absent,2020,8,19,0
6498,2323,COURSE42,,Present,2024,11,26,6
6499,2150,COURSE25,,Absent,2022,6,12,0
6500,2171,COURSE42,,Present,2020,7,13,0
6501,2477,COURSE17,,Present,2023,11,21,1
6502,1343,COURSE46,,Present,2021,11,27,4
6503,2746,COURSE23,,Absent,2024,7,26,2
6504,1308,COURSE29,,Present,2022,3,13,5
6505,2296,COURSE7,,Absent,2020,10,8,6
6506,1847,COURSE35,,Present,2024,8,12,0
6507,2051,COURSE20,,Absent,2021,9,7,3
6508,1264,COURSE8,,Absent,2024,2,6,2
6509,2115,COURSE17,,Present,2021,7,24,6
6510,2751,COURSE49,,Absent,2023,3,28,2
6511,1645,COURSE9,,Absent,2023,5,27,0
6512,1048,COURSE13,,Present,2023,2,20,5
6513,2094,COURSE16,,Present,2023,10,12,3
6514,1509,COURSE14,,Present,2024,4,2,1
6515,1395,COURSE17,,Absent,2021,6,14,1
6516,2414,COURSE26,,Absent,2022,8,8,6
6517,1336,COURSE19,,Absent,2020,7,26,3
6518,1321,COURSE3,,Present,2022,2,4,1
6519,1259,COURSE42,,Present,2021,10,23,4
6520,1387,COURSE42,,Absent,2021,3,25,0
6521,1311,COURSE14,,Present,2020,12,27,4
6522,1651,COURSE10,,Absent,2022,3,10,3
6523,1902,COURSE27,,Absent,2023,8,23,6
6524,2033,COURSE34,,Present,2021,6,1,6
6525,1550,COURSE26,,Present,2022,7,18,3
6526,1540,COURSE36,,Present,2024,4,29,6
6527,2146,COURSE4,,Absent,2021,9,2,4
6528,2698,COURSE5,,Absent,2020,2,21,2
6529,1641,COURSE49,,Absent,2023,2,2,0
6530,1835,COURSE2,,Present,2020,4,26,0
6531,1467,COURSE33,,Present,2023,1,11,1
6532,1973,COURSE5,,Present,2022,12,8,0
6533,1432,COURSE11,,Absent,2021,4,19,1
6534,1408,COURSE33,,Absent,2022,6,4,6
6535,2718,COURSE14,,Absent,2021,5,12,4
6536,1275,COURSE19,,Absent,2023,5,9,1
6537,1784,COURSE19,,Absent,2024,10,13,6
6538,1416,COURSE44,,Present,2023,9,25,5
6539,1243,COURSE34,,Present,2022,9,21,3
6540,2597,COURSE9,,Present,2022,6,29,6
6541,2964,COURSE45,,Absent,2023,10,15,2
6542,1451,COURSE5,,Absent,2020,5,8,1
6543,2919,COURSE45,,Present,2022,4,10,4
6544,2984,COURSE49,,Absent,2022,8,25,5
6545,1368,COURSE20,,Present,2020,11,29,4
6546,1003,COURSE20,,Absent,2021,7,25,1
6547,2275,COURSE8,,Absent,2020,6,5,3
6548,1389,COURSE24,,Absent,2022,1,8,6
6549,1136,COURSE42,,Absent,2022,4,25,0
6550,1974,COURSE43,,Present,2020,12,29,6
6551,1192,COURSE4,,Absent,2020,4,14,4
6552,1082,COURSE48,,Absent,2024,12,2,5
6553,1406,COURSE45,,Absent,2021,10,25,2
6554,1363,COURSE22,,Absent,2023,6,13,0
6555,1185,COURSE13,,Present,2020,12,8,5
6556,2772,COURSE6,,Absent,2020,7,15,4
6557,2298,COURSE1,,Absent,2023,3,17,0
6558,1179,COURSE17,,Absent,2024,4,7,0
6559,1913,COURSE24,,Absent,2020,4,30,0
6560,1330,COURSE39,,Absent,2020,12,18,5
6561,1774,COURSE20,,Present,2022,1,12,1
6562,1030,COURSE36,,Present,2020,5,26,1
6563,2445,COURSE27,,Present,2022,10,14,3
6564,1352,COURSE17,,Absent,2020,11,6,1
6565,2414,COURSE7,,Present,2024,3,8,1
6566,2169,COURSE35,,Present,2023,1,18,1
6567,2328,COURSE32,,Present,2020,8,29,4
6568,1209,COURSE3,,Present,2023,8,3,5
6569,2209,COURSE24,,Present,2021,8,20,2
6570,1619,COURSE3,,Absent,2021,3,28,0
6571,1479,COURSE26,,Absent,2021,9,12,1
6572,2302,COURSE37,,Absent,2021,2,26,0
6573,1208,COURSE38,,Absent,2020,7,22,1
6574,1417,COURSE22,,Absent,2023,4,13,4
6575,2082,COURSE38,,Absent,2023,12,26,5
6576,1766,COURSE38,,Present,2022,9,28,6
6577,1550,COURSE24,,Absent,2020,9,30,0
6578,1392,COURSE6,,Absent,2024,11,30,1
6579,2079,COURSE8,,Present,2021,9,14,1
6580,1204,COURSE35,,Absent,2020,8,15,3
6581,2506,COURSE24,,Present,2024,7,16,2
6582,1263,COURSE1,,Present,2020,8,20,3
6583,2891,COURSE29,,Absent,2020,12,20,3
6584,2434,COURSE48,,Absent,2022,2,29,2
6585,2967,COURSE1,,Absent,2024,6,28,2
6586,1149,COURSE8,,Present,2022,12,13,6
6587,2782,COURSE2,,Present,2023,5,29,5
6588,2813,COURSE49,,Present,2020,9,13,2
6589,1500,COURSE40,,Absent,2023,9,11,5
6590,2918,COURSE31,,Present,2020,2,11,4
6591,2767,COURSE50,,Present,2020,7,2,2
6592,1626,COURSE2,,Absent,2023,5,4,4
6593,2466,COURSE30,,Absent,2020,6,1,1
6594,2820,COURSE25,,Absent,2022,10,14,2
6595,2727,COURSE24,,Present,2021,8,14,4
6596,1802,COURSE21,,Absent,2024,6,2,6
6597,2597,COURSE16,,Absent,2024,6,23,5
6598,2644,COURSE13,,Absent,2024,2,17,2
6599,2990,COURSE5,,Present,2022,9,10,6
6600,2163,COURSE25,,Absent,2022,12,16,6
6601,1064,COURSE2,,Present,2021,3,16,1
6602,1667,COURSE43,,Absent,2024,12,22,6
6603,1431,COURSE37,,Present,2023,6,24,6
6604,1348,COURSE33,,Absent,2023,10,23,2
6605,1060,COURSE43,,Present,2020,9,15,4
6606,2266,COURSE27,,Absent,2022,5,18,3
6607,2484,COURSE46,,Absent,2021,9,30,4
6608,1107,COURSE19,,Present,2023,11,24,1
6609,1097,COURSE9,,Absent,2023,5,26,1
6610,1292,COURSE21,,Absent,2022,7,8,0
6611,2631,COURSE45,,Absent,2021,4,18,1
6612,1940,COURSE16,,Absent,2023,10,10,3
6613,1377,COURSE18,,Present,2021,3,18,5
6614,2251,COURSE42,,Present,2022,7,15,5
6615,2416,COURSE9,,Absent,2021,3,22,6
6616,2949,COURSE33,,Absent,2023,5,24,6
6617,2251,COURSE1,,Present,2020,1,2,4
6618,2862,COURSE7,,Present,2022,12,16,5
6619,2167,COURSE20,,Present,2023,7,10,1
6620,2123,COURSE17,,Present,2023,7,3,4
6621,2348,COURSE49,,Present,2021,9,27,3
6622,1365,COURSE19,,Present,2024,2,1,3
6623,1690,COURSE14,,Absent,2023,6,8,4
6624,2023,COURSE43,,Absent,2022,4,5,5
6625,2894,COURSE11,,Absent,2020,5,23,4
6626,2562,COURSE26,,Absent,2024,8,28,4
6627,1038,COURSE46,,Absent,2022,3,21,2
6628,1926,COURSE14,,Absent,2022,1,5,1
6629,2039,COURSE37,,Present,2021,3,27,2
6630,2258,COURSE4,,Absent,2023,8,27,6
6631,2241,COURSE49,,Present,2022,2,19,6
6632,2257,COURSE16,,Present,2021,9,29,2
6633,2351,COURSE34,,Present,2020,1,22,6
6634,2751,COURSE2,,Absent,2022,8,2,2
6635,1444,COURSE11,,Present,2021,7,11,6
6636,1072,COURSE6,,Absent,2023,4,1,3
6637,1205,COURSE7,,Present,2020,4,30,6
6638,2623,COURSE5,,Present,2023,8,14,5
6639,2781,COURSE20,,Absent,2024,8,21,1
6640,2251,COURSE35,,Absent,2023,3,26,2
6641,2207,COURSE45,,Present,2023,6,8,1
6642,2559,COURSE9,,Absent,2024,6,10,3
6643,1326,COURSE3,,Absent,2023,11,31,4
6644,2871,COURSE2,,Present,2021,8,3,1
6645,2670,COURSE44,,Present,2021,9,8,4
6646,2149,COURSE15,,Present,2020,9,27,3
6647,1554,COURSE50,,Absent,2024,1,2,1
6648,1440,COURSE7,,Present,2020,1,8,5
6649,2430,COURSE39,,Absent,2020,3,24,6
6650,1637,COURSE28,,Present,2021,3,25,1
6651,1227,COURSE20,,Present,2020,12,28,1
6652,1781,COURSE2,,Present,2024,9,25,0
6653,1423,COURSE47,,Absent,2022,1,5,6
6654,1914,COURSE16,,Absent,2024,6,9,4
6655,2281,COURSE41,,Absent,2020,7,30,3
6656,1018,COURSE18,,Absent,2022,9,22,3
6657,2137,COURSE3,,Present,2022,8,26,1
6658,1468,COURSE11,,Present,2022,7,9,4
6659,1050,COURSE42,,Absent,2020,2,19,1
6660,1235,COURSE34,,Absent,2021,6,13,5
6661,1728,COURSE42,,Absent,2022,1,4,3
6662,1090,COURSE49,,Present,2020,4,12,0
6663,1883,COURSE7,,Present,2022,9,31,4
6664,2969,COURSE6,,Absent,2022,11,26,2
6665,2963,COURSE23,,Present,2020,5,31,5
6666,1528,COURSE42,,Present,2020,6,20,2
6667,2050,COURSE15,,Absent,2022,12,22,1
6668,1473,COURSE13,,Present,2022,8,11,4
6669,1927,COURSE9,,Present,2021,1,23,5
6670,2999,COURSE16,,Absent,2021,2,4,4
6671,1745,COURSE50,,Present,2024,8,23,5
6672,2046,COURSE42,,Present,2021,10,24,2
6673,1907,COURSE17,,Present,2024,6,3,2
6674,1021,COURSE37,,Absent,2023,6,6,1
6675,2805,COURSE47,,Absent,2024,1,11,3
6676,1860,COURSE8,,Absent,2023,10,6,4
6677,1964,COURSE9,,Present,2022,7,4,0
6678,1152,COURSE20,,Present,2020,10,3,0
6679,1511,COURSE2,,Present,2023,8,30,4
6680,1575,COURSE26,,Absent,2023,3,5,1
6681,2248,COURSE9,,Absent,2020,3,8,1
6682,2467,COURSE12,,Present,2021,10,1,5
6683,1143,COURSE14,,Absent,2023,5,26,5
6684,1596,COURSE29,,Present,2020,12,16,5
6685,1429,COURSE44,,Present,2021,8,2,0
6686,2884,COURSE7,,Absent,2023,6,1,3
6687,1475,COURSE1,,Present,2022,9,23,6
6688,1355,COURSE42,,Absent,2024,8,18,5
6689,2585,COURSE24,,Absent,2023,2,21,4
6690,1826,COURSE12,,Present,2021,9,26,4
6691,1219,COURSE39,,Absent,2023,9,14,1
6692,1918,COURSE4,,Present,2023,7,20,2
6693,2625,COURSE9,,Present,2023,3,15,3
6694,2161,COURSE31,,Present,2020,6,16,6
6695,2063,COURSE26,,Present,2022,2,2,2
6696,1153,COURSE17,,Absent,2024,8,2,5
6697,1895,COURSE24,,Present,2021,11,12,5
6698,1705,COURSE37,,Absent,2020,8,26,4
6699,1749,COURSE16,,Absent,2022,3,16,2
6700,2294,COURSE3,,Present,2023,12,10,6
6701,2931,COURSE43,,Present,2021,4,6,2
6702,1152,COURSE8,,Present,2023,5,6,2
6703,2028,COURSE26,,Present,2021,9,13,0
6704,1910,COURSE46,,Present,2020,10,10,2
6705,2507,COURSE41,,Absent,2020,1,7,5
6706,1725,COURSE30,,Present,2022,10,2,2
6707,1319,COURSE41,,Present,2021,10,29,3
6708,1707,COURSE7,,Absent,2023,11,12,2
6709,1301,COURSE3,,Absent,2023,3,21,0
6710,1359,COURSE24,,Present,2023,10,4,0
6711,1847,COURSE20,,Absent,2021,4,14,3
6712,1727,COURSE34,,Present,2020,6,20,4
6713,2862,COURSE39,,Absent,2022,10,14,1
6714,2684,COURSE9,,Absent,2022,1,23,0
6715,1094,COURSE49,,Present,2023,4,1,1
6716,2334,COURSE30,,Absent,2024,8,31,1
6717,1030,COURSE32,,Present,2020,9,11,0
6718,2917,COURSE3,,Present,2022,9,17,1
6719,1653,COURSE8,,Present,2023,3,22,3
6720,2029,COURSE50,,Absent,2024,9,3,1
6721,1179,COURSE36,,Absent,2024,4,7,0
6722,1605,COURSE1,,Absent,2023,9,27,2
6723,2631,COURSE48,,Absent,2021,10,30,1
6724,2187,COURSE16,,Absent,2021,4,11,4
6725,2988,COURSE27,,Absent,2020,2,18,5
6726,2892,COURSE12,,Present,2021,7,18,3
6727,2924,COURSE41,,Present,2022,1,3,1
6728,2036,COURSE45,,Absent,2021,9,25,5
6729,1539,COURSE29,,Present,2020,4,20,0
6730,1660,COURSE31,,Absent,2023,3,17,5
6731,1243,COURSE7,,Present,2022,9,3,5
6732,1589,COURSE46,,Absent,2020,2,17,3
6733,2059,COURSE35,,Absent,2023,4,29,2
6734,2314,COURSE15,,Absent,2023,1,22,6
6735,2901,COURSE37,,Present,2021,11,1,0
6736,2595,COURSE20,,Absent,2020,8,15,2
6737,1284,COURSE3,,Present,2024,1,14,0
6738,1899,COURSE12,,Absent,2020,1,19,6
6739,1297,COURSE26,,Absent,2022,7,11,1
6740,1948,COURSE23,,Absent,2020,10,3,4
6741,1461,COURSE35,,Absent,2022,6,4,4
6742,1068,COURSE34,,Absent,2020,5,14,0
6743,2365,COURSE16,,Absent,2021,7,12,1
6744,1954,COURSE13,,Present,2023,7,11,3
6745,1727,COURSE48,,Absent,2022,8,4,3
6746,2995,COURSE19,,Present,2022,2,5,0
6747,2887,COURSE35,,Absent,2023,7,10,5
6748,1947,COURSE26,,Present,2020,9,10,3
6749,1942,COURSE35,,Present,2021,6,14,1
6750,1701,COURSE18,,Present,2020,6,29,4
6751,1868,COURSE18,,Absent,2020,9,14,0
6752,1965,COURSE33,,Present,2020,5,4,5
6753,1706,COURSE49,,Absent,2022,2,27,5
6754,1451,COURSE46,,Absent,2023,7,9,6
6755,2602,COURSE15,,Absent,2023,3,26,5
6756,2360,COURSE27,,Present,2023,5,20,6
6757,2976,COURSE44,,Absent,2022,6,25,5
6758,2117,COURSE23,,Absent,2022,5,21,1
6759,2450,COURSE50,,Present,2024,9,4,0
6760,1646,COURSE17,,Present,2022,1,20,6
6761,2217,COURSE41,,Present,2022,10,12,1
6762,2703,COURSE32,,Absent,2023,6,4,5
6763,1929,COURSE50,,Absent,2021,7,12,5
6764,2292,COURSE33,,Absent,2023,1,4,6
6765,1907,COURSE24,,Present,2024,3,22,6
6766,1949,COURSE46,,Absent,2023,9,20,3
6767,1509,COURSE37,,Present,2023,9,23,4
6768,2574,COURSE14,,Absent,2022,8,25,3
6769,2671,COURSE31,,Present,2020,3,23,5
6770,1384,COURSE3,,Absent,2021,6,24,1
6771,1727,COURSE20,,Present,2020,3,15,5
6772,2326,COURSE19,,Absent,2023,1,8,1
6773,1143,COURSE31,,Present,2023,5,24,1
6774,2131,COURSE42,,Absent,2023,7,15,6
6775,1025,COURSE5,,Present,2024,5,25,6
6776,1250,COURSE34,,Absent,2024,4,10,1
6777,2728,COURSE12,,Present,2024,11,29,3
6778,1989,COURSE6,,Present,2024,8,10,2
6779,1882,COURSE31,,Absent,2022,1,6,1
6780,1820,COURSE28,,Present,2024,7,6,1
6781,2380,COURSE16,,Absent,2020,4,14,6
6782,2786,COURSE13,,Present,2024,10,7,0
6783,1459,COURSE22,,Present,2022,10,14,6
6784,2842,COURSE44,,Present,2024,12,13,2
6785,2279,COURSE6,,Present,2021,7,20,5
6786,2605,COURSE34,,Absent,2023,9,9,0
6787,1874,COURSE11,,Absent,2023,9,20,6
6788,2065,COURSE35,,Present,2023,12,8,0
6789,2219,COURSE26,,Absent,2022,10,16,2
6790,2429,COURSE9,,Present,2024,10,25,1
6791,1931,COURSE33,,Present,2020,9,8,1
6792,1291,COURSE19,,Absent,2024,2,8,6
6793,1996,COURSE14,,Present,2021,2,20,6
6794,2049,COURSE29,,Present,2020,1,23,2
6795,2463,COURSE17,,Present,2024,3,13,3
6796,1909,COURSE43,,Absent,2024,3,30,5
6797,2209,COURSE9,,Present,2023,10,1,0
6798,2413,COURSE33,,Present,2021,5,24,0
6799,1030,COURSE24,,Present,2022,12,30,6
6800,2202,COURSE43,,Absent,2021,4,9,0
6801,1632,COURSE26,,Absent,2022,9,14,3
6802,2962,COURSE4,,Present,2020,11,23,1
6803,2492,COURSE22,,Absent,2022,7,10,1
6804,1268,COURSE19,,Absent,2022,9,13,4
6805,1142,COURSE21,,Present,2021,2,2,5
6806,2350,COURSE33,,Present,2022,10,2,6
6807,2056,COURSE36,,Absent,2021,7,24,4
6808,2759,COURSE47,,Present,2024,9,22,5
6809,1155,COURSE2,,Present,2023,5,4,3
6810,1974,COURSE35,,Absent,2024,4,10,5
6811,1513,COURSE27,,Present,2021,12,5,4
6812,1459,COURSE35,,Present,2024,5,2,4
6813,1292,COURSE40,,Absent,2021,10,7,4
6814,2177,COURSE23,,Absent,2021,3,7,4
6815,2334,COURSE6,,Absent,2022,1,13,2
6816,1720,COURSE7,,Present,2020,5,8,2
6817,1538,COURSE19,,Present,2024,4,20,0
6818,1581,COURSE23,,Absent,2021,4,18,1
6819,2824,COURSE46,,Absent,2021,1,13,5
6820,1422,COURSE31,,Absent,2021,8,14,4
6821,1870,COURSE39,,Present,2024,5,14,3
6822,2117,COURSE4,,Absent,2021,7,3,1
6823,2305,COURSE12,,Absent,2021,1,30,4
6824,1553,COURSE30,,Absent,2023,1,12,3
6825,2061,COURSE14,,Present,2022,9,1,5
6826,2879,COURSE7,,Absent,2024,4,6,5
6827,1073,COURSE46,,Absent,2024,4,24,6
6828,2825,COURSE29,,Present,2023,1,16,2
6829,1685,COURSE36,,Absent,2022,4,4,6
6830,2407,COURSE34,,Present,2022,2,22,6
6831,2486,COURSE30,,Absent,2024,7,23,1
6832,2402,COURSE16,,Present,2020,11,10,1
6833,2606,COURSE10,,Absent,2024,4,11,2
6834,1815,COURSE44,,Present,2020,8,20,6
6835,1132,COURSE15,,Present,2022,7,13,3
6836,2509,COURSE2,,Present,2024,7,8,2
6837,2627,COURSE38,,Present,2022,11,30,3
6838,1221,COURSE36,,Absent,2020,7,31,3
6839,1896,COURSE16,,Present,2021,4,29,3
6840,2458,COURSE19,,Absent,2024,4,30,0
6841,2235,COURSE17,,Present,2020,12,19,1
6842,2630,COURSE37,,Absent,2020,9,17,4
6843,2667,COURSE9,,Absent,2020,12,17,6
6844,1262,COURSE44,,Absent,2021,7,10,4
6845,2973,COURSE20,,Present,2022,5,8,4
6846,1375,COURSE30,,Present,2023,6,4,2
6847,1445,COURSE45,,Absent,2021,3,8,1
6848,2157,COURSE8,,Present,2024,3,2,1
6849,1311,COURSE24,,Absent,2023,7,21,3
6850,2894,COURSE20,,Absent,2022,11,30,5
6851,1485,COURSE16,,Present,2024,8,23,6
6852,1096,COURSE2,,Absent,2020,9,28,4
6853,1366,COURSE42,,Present,2021,8,1,3
6854,1067,COURSE18,,Present,2020,9,20,2
6855,2165,COURSE2,,Absent,2020,3,4,1
6856,2033,COURSE3,,Absent,2024,4,27,3
6857,1131,COURSE42,,Absent,2023,9,31,5
6858,1972,COURSE8,,Absent,2023,8,5,0
6859,1082,COURSE9,,Present,2024,5,8,5
6860,1954,COURSE17,,Absent,2023,9,14,1
6861,2951,COURSE11,,Absent,2024,12,8,2
6862,1108,COURSE29,,Absent,2023,7,10,0
6863,2408,COURSE20,,Absent,2023,6,22,2
6864,2053,COURSE25,,Absent,2020,7,30,4
6865,2838,COURSE47,,Present,2020,1,8,3
6866,2704,COURSE40,,Present,2022,7,23,2
6867,2044,COURSE17,,Present,2022,2,27,3
6868,1225,COURSE49,,Present,2020,9,14,3
6869,1052,COURSE9,,Absent,2024,2,13,0
6870,1212,COURSE28,,Present,2024,12,7,3
6871,2736,COURSE24,,Present,2021,2,27,1
6872,2201,COURSE6,,Present,2022,9,31,0
6873,2182,COURSE42,,Present,2020,9,10,6
6874,1415,COURSE5,,Present,2023,9,12,0
6875,1238,COURSE4,,Present,2023,4,12,6
6876,2539,COURSE17,,Present,2021,6,22,6
6877,2383,COURSE18,,Present,2022,12,25,5
6878,1188,COURSE45,,Absent,2021,9,6,6
6879,2925,COURSE43,,Present,2024,9,25,4
6880,1387,COURSE41,,Absent,2020,2,14,0
6881,2727,COURSE20,,Absent,2023,2,25,4
6882,1981,COURSE13,,Present,2023,5,16,1
6883,1728,COURSE26,,Present,2022,8,1,2
6884,1150,COURSE24,,Absent,2022,8,3,6
6885,2758,COURSE13,,Absent,2023,9,3,0
6886,2443,COURSE44,,Present,2020,8,13,6
6887,2089,COURSE5,,Absent,2022,3,14,3
6888,2053,COURSE16,,Absent,2024,6,4,1
6889,1449,COURSE17,,Absent,2024,12,24,1
6890,1533,COURSE13,,Present,2024,2,14,5
6891,2431,COURSE6,,Present,2024,3,17,1
6892,2403,COURSE25,,Absent,2020,7,8,6
6893,1930,COURSE29,,Absent,2024,5,8,1
6894,1472,COURSE33,,Present,2024,7,23,5
6895,1305,COURSE26,,Absent,2024,8,21,4
6896,2061,COURSE35,,Absent,2024,3,4,6
6897,1782,COURSE6,,Present,2020,4,9,4
6898,1886,COURSE33,,Absent,2020,3,21,5
6899,2029,COURSE3,,Present,2020,4,20,0
6900,2215,COURSE32,,Present,2020,10,21,5
6901,2869,COURSE4,,Absent,2024,1,20,4
6902,2825,COURSE27,,Present,2023,8,14,4
6903,2084,COURSE4,,Present,2022,5,22,3
6904,1837,COURSE17,,Absent,2024,12,12,6
6905,1171,COURSE18,,Present,2020,12,31,0
6906,1790,COURSE25,,Present,2021,10,25,1
6907,1522,COURSE5,,Present,2020,1,4,5
6908,1157,COURSE7,,Present,2022,5,25,3
6909,1950,COURSE28,,Absent,2020,12,7,6
6910,2216,COURSE11,,Absent,2023,11,8,5
6911,2997,COURSE39,,Present,2021,10,28,4
6912,1927,COURSE21,,Absent,2024,9,12,5
6913,2596,COURSE28,,Present,2021,8,27,4
6914,1767,COURSE7,,Present,2020,4,25,5
6915,2537,COURSE40,,Absent,2024,1,25,5
6916,1666,COURSE12,,Absent,2023,4,4,3
6917,1648,COURSE41,,Absent,2021,9,26,1
6918,1396,COURSE2,,Absent,2023,5,16,0
6919,1888,COURSE12,,Absent,2022,2,4,3
6920,1837,COURSE36,,Absent,2021,4,10,3
6921,1963,COURSE12,,Absent,2024,10,20,6
6922,1983,COURSE3,,Present,2020,3,13,1
6923,1212,COURSE27,,Present,2020,9,31,4
6924,1182,COURSE29,,Present,2023,11,22,6
6925,1030,COURSE36,,Absent,2024,6,21,1
6926,2120,COURSE30,,Absent,2021,7,25,1
6927,1920,COURSE35,,Absent,2024,1,8,1
6928,2719,COURSE7,,Present,2020,3,3,3
6929,1573,COURSE35,,Absent,2021,9,5,0
6930,1965,COURSE40,,Present,2022,12,4,3
6931,1442,COURSE16,,Absent,2022,10,28,6
6932,2893,COURSE26,,Present,2021,9,30,4
6933,1787,COURSE46,,Present,2022,7,29,6
6934,1701,COURSE24,,Present,2022,2,10,2
6935,1174,COURSE29,,Absent,2023,11,4,2
6936,1227,COURSE33,,Present,2022,1,29,1
6937,1920,COURSE19,,Present,2023,5,3,1
6938,1979,COURSE39,,Present,2022,4,29,5
6939,1771,COURSE8,,Absent,2021,8,6,4
6940,1624,COURSE26,,Present,2024,11,5,3
6941,1475,COURSE22,,Present,2021,9,8,5
6942,1925,COURSE17,,Present,2020,1,22,6
6943,1828,COURSE39,,Absent,2020,4,3,6
6944,2936,COURSE4,,Present,2021,7,22,4
6945,1646,COURSE8,,Absent,2022,10,14,4
6946,2689,COURSE29,,Absent,2024,6,22,5
6947,2035,COURSE13,,Present,2020,9,15,0
6948,2210,COURSE32,,Present,2021,9,10,4
6949,1909,COURSE41,,Present,2022,8,18,1
6950,2997,COURSE38,,Absent,2024,10,14,2
6951,1742,COURSE39,,Absent,2020,6,24,1
6952,2715,COURSE20,,Present,2024,2,6,3
6953,1050,COURSE3,,Absent,2021,7,20,3
6954,2593,COURSE22,,Present,2024,1,8,0
6955,1380,COURSE44,,Absent,2021,9,13,5
6956,1369,COURSE2,,Present,2020,12,26,5
6957,2190,COURSE8,,Absent,2020,7,8,6
6958,2334,COURSE43,,Present,2021,3,11,3
6959,2711,COURSE7,,Present,2024,2,8,1
6960,2178,COURSE39,,Present,2020,6,6,2
6961,1539,COURSE16,,Absent,2022,10,17,1
6962,2071,COURSE49,,Present,2021,2,14,6
6963,1018,COURSE6,,Absent,2024,3,17,4
6964,2855,COURSE3,,Absent,2021,7,23,0
6965,1492,COURSE4,,Present,2022,5,11,1
6966,2175,COURSE9,,Absent,2020,9,30,2
6967,1503,COURSE21,,Present,2021,9,7,3
6968,1718,COURSE39,,Present,2021,11,8,6
6969,2566,COURSE48,,Absent,2023,8,28,4
6970,2663,COURSE16,,Present,2024,2,14,4
6971,2757,COURSE39,,Present,2020,4,15,4
6972,1804,COURSE16,,Present,2020,9,9,3
6973,1681,COURSE34,,Present,2024,1,1,1
6974,1503,COURSE9,,Absent,2020,10,20,3
6975,1018,COURSE48,,Present,2021,5,1,5
6976,2269,COURSE9,,Absent,2024,4,22,3
6977,2933,COURSE20,,Absent,2021,7,7,4
6978,2524,COURSE38,,Absent,2020,3,2,1
6979,2195,COURSE25,,Absent,2022,7,22,2
6980,2362,COURSE16,,Absent,2020,6,30,4
6981,2645,COURSE29,,Present,2021,10,30,3
6982,1082,COURSE2,,Absent,2022,7,14,4
6983,1104,COURSE36,,Present,2023,4,5,5
6984,2281,COURSE34,,Present,2024,11,27,6
6985,2881,COURSE34,,Present,2021,11,18,5
6986,2280,COURSE48,,Absent,2023,9,31,3
6987,2909,COURSE44,,Absent,2022,12,24,4
6988,1994,COURSE1,,Present,2020,2,16,6
6989,1866,COURSE47,,Absent,2023,10,12,1
6990,2456,COURSE15,,Present,2022,6,12,5
6991,1114,COURSE22,,Present,2021,7,18,1
6992,2460,COURSE32,,Absent,2020,3,17,1
6993,2037,COURSE9,,Absent,2022,9,28,0
6994,2433,COURSE19,,Absent,2023,6,2,1
6995,1643,COURSE8,,Absent,2021,12,16,3
6996,1028,COURSE28,,Present,2022,11,23,5
6997,1173,COURSE42,,Present,2024,4,21,5
6998,2462,COURSE24,,Present,2024,8,28,4
6999,2895,COURSE38,,Present,2022,12,10,4
7000,2249,COURSE26,,Present,2022,12,6,0
7001,1714,COURSE15,,Present,2024,12,21,4
7002,1499,COURSE16,,Absent,2022,8,25,4
7003,1838,COURSE4,,Absent,2020,10,6,2
7004,2856,COURSE46,,Absent,2022,5,2,1
7005,1468,COURSE28,,Absent,2023,9,30,6
7006,1346,COURSE7,,Present,2021,6,29,0
7007,1132,COURSE19,,Present,2023,6,9,1
7008,1723,COURSE23,,Absent,2020,4,4,5
7009,2272,COURSE10,,Present,2024,12,20,6
7010,1012,COURSE50,,Absent,2020,9,6,5
7011,1269,COURSE8,,Absent,2024,4,4,4
7012,1027,COURSE34,,Present,2021,8,8,1
7013,2809,COURSE45,,Present,2021,9,19,2
7014,2714,COURSE36,,Present,2024,3,25,3
7015,1505,COURSE7,,Present,2021,2,28,6
7016,2844,COURSE42,,Present,2020,4,19,6
7017,2408,COURSE9,,Absent,2022,10,17,4
7018,1475,COURSE11,,Absent,2022,4,20,6
7019,1232,COURSE1,,Absent,2022,1,14,0
7020,2887,COURSE49,,Absent,2021,7,27,6
7021,2047,COURSE11,,Absent,2024,11,17,6
7022,1588,COURSE31,,Absent,2022,9,20,0
7023,1650,COURSE20,,Absent,2021,11,18,5
7024,1820,COURSE37,,Present,2024,5,28,0
7025,2672,COURSE37,,Absent,2021,11,11,6
7026,2120,COURSE9,,Absent,2020,10,1,2
7027,1358,COURSE11,,Absent,2020,9,2,3
7028,2682,COURSE12,,Absent,2024,11,17,1
7029,1260,COURSE22,,Absent,2020,6,16,2
7030,1473,COURSE44,,Absent,2021,10,14,4
7031,1376,COURSE14,,Absent,2020,12,20,6
7032,2404,COURSE17,,Present,2020,4,31,3
7033,1567,COURSE9,,Absent,2021,7,2,1
7034,2389,COURSE5,,Present,2023,7,27,2
7035,1949,COURSE23,,Present,2024,3,6,2
7036,1786,COURSE31,,Present,2022,1,29,2
7037,1988,COURSE17,,Absent,2023,6,17,3
7038,2855,COURSE29,,Present,2020,9,5,2
7039,1753,COURSE1,,Absent,2022,2,17,1
7040,1308,COURSE13,,Present,2021,3,28,4
7041,1568,COURSE2,,Absent,2024,1,29,3
7042,2680,COURSE25,,Present,2023,5,29,4
7043,1172,COURSE19,,Absent,2024,1,23,5
7044,2312,COURSE22,,Present,2021,8,24,5
7045,2748,COURSE29,,Absent,2022,8,17,5
7046,1055,COURSE10,,Absent,2022,4,10,0
7047,1858,COURSE20,,Absent,2024,11,29,5
7048,2890,COURSE4,,Present,2023,6,26,6
7049,1202,COURSE46,,Absent,2024,8,23,4
7050,1978,COURSE14,,Absent,2023,12,11,4
7051,1615,COURSE3,,Absent,2024,10,20,4
7052,1024,COURSE40,,Present,2020,7,8,5
7053,1564,COURSE1,,Present,2021,9,27,1
7054,1830,COURSE1,,Absent,2022,5,3,2
7055,1119,COURSE43,,Absent,2022,8,16,2
7056,1587,COURSE45,,Absent,2022,11,26,1
7057,2038,COURSE47,,Absent,2022,10,21,2
7058,2978,COURSE42,,Present,2024,11,5,1
7059,1007,COURSE1,,Absent,2024,6,10,6
7060,1498,COURSE50,,Present,2021,6,6,0
7061,2621,COURSE14,,Present,2021,1,24,0
7062,1747,COURSE33,,Absent,2020,11,17,6
7063,1059,COURSE34,,Present,2023,9,2,4
7064,2683,COURSE47,,Present,2020,11,29,4
7065,1178,COURSE11,,Present,2021,12,21,2
7066,2295,COURSE10,,Present,2022,1,14,6
7067,1693,COURSE20,,Absent,2022,2,5,5
7068,2312,COURSE14,,Present,2020,10,13,1
7069,2415,COURSE28,,Absent,2022,5,11,6
7070,2340,COURSE1,,Absent,2024,6,5,1
7071,2083,COURSE42,,Absent,2024,12,13,6
7072,2376,COURSE12,,Present,2021,12,3,3
7073,2132,COURSE6,,Absent,2024,8,12,1
7074,1121,COURSE33,,Present,2022,4,24,5
7075,1371,COURSE6,,Present,2021,12,11,1
7076,1197,COURSE46,,Present,2021,3,24,6
7077,1043,COURSE40,,Present,2020,9,22,1
7078,1826,COURSE7,,Absent,2022,6,30,6
7079,1902,COURSE12,,Present,2020,4,3,0
7080,2049,COURSE40,,Present,2024,10,25,2
7081,2587,COURSE42,,Present,2021,2,19,3
7082,2791,COURSE22,,Present,2020,6,3,2
7083,1537,COURSE20,,Present,2021,6,20,6
7084,1405,COURSE43,,Absent,2024,12,8,1
7085,2635,COURSE45,,Absent,2023,3,7,0
7086,2364,COURSE19,,Absent,2024,6,4,2
7087,1390,COURSE43,,Absent,2022,1,22,3
7088,1815,COURSE2,,Absent,2021,4,8,4
7089,1260,COURSE33,,Present,2022,3,14,0
7090,1068,COURSE6,,Absent,2021,12,16,0
7091,1048,COURSE46,,Absent,2022,3,14,1
7092,1210,COURSE20,,Present,2024,8,20,6
7093,1046,COURSE22,,Present,2023,9,21,1
7094,2288,COURSE17,,Present,2021,1,15,1
7095,2866,COURSE29,,Present,2023,9,4,1
7096,1211,COURSE46,,Absent,2024,8,6,0
7097,1173,COURSE3,,Absent,2024,10,19,4
7098,2081,COURSE3,,Present,2021,1,26,6
7099,2576,COURSE45,,Present,2020,7,26,0
7100,2427,COURSE20,,Present,2023,6,5,2
7101,1992,COURSE35,,Present,2020,5,8,4
7102,2679,COURSE2,,Absent,2023,12,25,4
7103,2336,COURSE9,,Present,2022,4,20,5
7104,2003,COURSE43,,Absent,2024,10,9,1
7105,1310,COURSE12,,Present,2023,7,8,0
7106,2578,COURSE22,,Present,2020,2,4,4
7107,1639,COURSE47,,Absent,2022,3,18,4
7108,1725,COURSE10,,Present,2024,11,26,0
7109,1305,COURSE40,,Present,2020,11,13,0
7110,1647,COURSE20,,Absent,2022,1,1,2
7111,2528,COURSE24,,Present,2024,4,21,2
7112,1080,COURSE45,,Absent,2023,10,26,2
7113,1443,COURSE36,,Absent,2024,7,3,5
7114,1224,COURSE40,,Present,2020,11,13,5
7115,2534,COURSE47,,Present,2023,7,23,2
7116,2240,COURSE26,,Absent,2023,3,22,1
7117,1123,COURSE20,,Absent,2024,3,28,4
7118,1319,COURSE42,,Present,2020,12,23,0
7119,1795,COURSE7,,Absent,2021,5,2,4
7120,1329,COURSE6,,Present,2021,4,15,1
7121,2556,COURSE44,,Absent,2020,2,2,4
7122,2241,COURSE20,,Absent,2023,7,18,4
7123,1031,COURSE23,,Present,2022,8,7,1
7124,2162,COURSE44,,Present,2022,11,22,4
7125,1529,COURSE22,,Present,2020,5,1,1
7126,1487,COURSE18,,Absent,2021,6,12,4
7127,2804,COURSE32,,Absent,2022,9,5,1
7128,1552,COURSE37,,Present,2022,1,24,2
7129,1742,COURSE48,,Absent,2023,9,11,0
7130,1351,COURSE10,,Present,2020,1,30,6
7131,1746,COURSE39,,Present,2022,12,21,4
7132,2212,COURSE8,,Present,2023,3,2,2
7133,1051,COURSE15,,Absent,2022,10,30,1
7134,1586,COURSE43,,Absent,2022,4,30,0
7135,2090,COURSE11,,Present,2023,3,3,3
7136,1412,COURSE35,,Present,2020,12,23,1
7137,1002,COURSE22,,Absent,2020,7,16,6
7138,2579,COURSE17,,Present,2020,2,15,1
7139,2901,COURSE34,,Present,2020,12,14,2
7140,2526,COURSE32,,Present,2024,8,25,3
7141,1352,COURSE3,,Present,2023,11,27,2
7142,1915,COURSE47,,Absent,2021,10,4,1
7143,2533,COURSE17,,Present,2022,12,2,1
7144,1799,COURSE22,,Present,2020,10,30,3
7145,1584,COURSE38,,Absent,2022,1,18,0
7146,1281,COURSE25,,Present,2020,1,19,2
7147,1932,COURSE28,,Present,2023,4,23,1
7148,2211,COURSE50,,Absent,2023,3,31,3
7149,2645,COURSE8,,Present,2020,5,10,5
7150,1545,COURSE12,,Present,2021,6,4,2
7151,2069,COURSE4,,Present,2024,9,11,3
7152,1252,COURSE37,,Present,2024,7,21,0
7153,1333,COURSE33,,Absent,2021,10,24,5
7154,2754,COURSE42,,Absent,2020,6,2,2
7155,1644,COURSE8,,Present,2024,12,7,0
7156,2158,COURSE40,,Absent,2023,7,23,5
7157,1764,COURSE5,,Present,2024,11,6,4
7158,2658,COURSE17,,Present,2020,6,14,0
7159,1643,COURSE48,,Present,2021,10,22,2
7160,1123,COURSE43,,Present,2022,10,25,5
7161,1325,COURSE28,,Absent,2023,9,5,2
7162,2414,COURSE17,,Absent,2022,1,8,4
7163,2082,COURSE26,,Present,2024,9,12,5
7164,2865,COURSE42,,Absent,2020,9,21,3
7165,2992,COURSE43,,Present,2021,7,12,5
7166,2806,COURSE3,,Absent,2021,3,13,3
7167,1789,COURSE8,,Present,2022,10,25,2
7168,1103,COURSE26,,Present,2020,8,23,0
7169,2973,COURSE42,,Absent,2024,11,11,3
7170,2208,COURSE3,,Present,2020,8,20,4
7171,1144,COURSE3,,Present,2024,9,24,4
7172,1442,COURSE3,,Absent,2024,12,25,1
7173,2512,COURSE24,,Absent,2021,11,2,6
7174,2254,COURSE38,,Present,2024,5,4,3
7175,1416,COURSE12,,Present,2022,4,5,5
7176,1085,COURSE19,,Present,2022,12,8,1
7177,2838,COURSE24,,Absent,2022,12,21,6
7178,1374,COURSE20,,Absent,2020,1,22,1
7179,1391,COURSE32,,Present,2023,5,14,4
7180,1689,COURSE12,,Absent,2023,7,3,5
7181,2753,COURSE5,,Present,2022,4,31,4
7182,1660,COURSE6,,Present,2023,4,22,5
7183,2326,COURSE14,,Present,2024,8,3,4
7184,1922,COURSE22,,Absent,2020,8,8,0
7185,2556,COURSE30,,Present,2021,4,18,4
7186,1096,COURSE36,,Present,2021,12,3,4
7187,1101,COURSE41,,Absent,2022,2,27,6
7188,1958,COURSE22,,Present,2022,11,17,1
7189,1095,COURSE7,,Present,2023,5,22,3
7190,2026,COURSE18,,Absent,2023,3,19,6
7191,1051,COURSE45,,Present,2023,9,29,6
7192,2880,COURSE28,,Present,2024,11,15,0
7193,1495,COURSE16,,Present,2020,6,1,4
7194,1535,COURSE4,,Present,2020,9,9,5
7195,1662,COURSE5,,Absent,2020,7,28,1
7196,2571,COURSE10,,Present,2022,9,14,5
7197,2159,COURSE49,,Absent,2022,5,6,1
7198,1581,COURSE9,,Absent,2024,7,5,4
7199,2852,COURSE30,,Absent,2021,12,10,5
7200,2966,COURSE32,,Absent,2023,5,13,6
7201,1837,COURSE23,,Absent,2023,11,10,6
7202,2960,COURSE1,,Present,2022,12,18,1
7203,2943,COURSE32,,Absent,2020,9,2,5
7204,2517,COURSE33,,Absent,2023,8,23,0
7205,1625,COURSE8,,Present,2024,9,28,1
7206,2846,COURSE12,,Absent,2021,11,14,5
7207,1529,COURSE18,,Present,2020,12,10,3
7208,2592,COURSE42,,Present,2020,8,21,4
7209,1664,COURSE39,,Absent,2022,5,25,2
7210,1964,COURSE26,,Present,2024,3,23,0
7211,2223,COURSE27,,Present,2021,3,2,0
7212,2262,COURSE43,,Absent,2024,12,7,1
7213,2257,COURSE35,,Absent,2021,10,2,4
7214,2021,COURSE1,,Absent,2023,8,8,3
7215,1086,COURSE20,,Absent,2020,6,8,4
7216,2116,COURSE33,,Present,2021,11,23,2
7217,1352,COURSE49,,Absent,2020,3,13,6
7218,2048,COURSE42,,Present,2021,4,22,0
7219,1772,COURSE40,,Present,2022,3,22,2
7220,2091,COURSE33,,Present,2021,2,27,0
7221,1504,COURSE44,,Present,2022,4,18,6
7222,2915,COURSE32,,Present,2024,3,22,4
7223,2031,COURSE1,,Absent,2022,2,14,3
7224,2743,COURSE20,,Absent,2024,8,29,0
7225,1505,COURSE40,,Present,2022,7,6,3
7226,1019,COURSE47,,Absent,2022,2,17,4
7227,2894,COURSE22,,Present,2021,9,30,5
7228,2713,COURSE49,,Absent,2022,4,20,5
7229,2608,COURSE24,,Present,2021,8,26,2
7230,2613,COURSE49,,Absent,2022,3,23,1
7231,2182,COURSE46,,Present,2020,9,15,2
7232,1311,COURSE43,,Present,2024,1,26,0
7233,2219,COURSE48,,Present,2024,4,23,5
7234,2794,COURSE11,,Present,2023,4,23,2
7235,1596,COURSE39,,Present,2020,8,23,2
7236,2935,COURSE33,,Absent,2022,9,6,6
7237,2992,COURSE49,,Present,2020,4,6,0
7238,2099,COURSE42,,Present,2022,7,14,1
7239,2008,COURSE19,,Present,2022,6,25,2
7240,2336,COURSE10,,Present,2023,9,1,6
7241,1514,COURSE3,,Present,2023,7,5,1
7242,2892,COURSE21,,Present,2021,10,3,0
7243,1692,COURSE8,,Absent,2020,7,7,1
7244,1631,COURSE47,,Present,2021,9,16,5
7245,1129,COURSE15,,Absent,2021,3,28,0
7246,1776,COURSE40,,Present,2020,6,13,5
7247,2137,COURSE47,,Absent,2024,6,12,2
7248,1746,COURSE20,,Present,2022,11,23,2
7249,2671,COURSE15,,Present,2024,9,27,1
7250,1198,COURSE10,,Absent,2023,2,8,3
7251,2353,COURSE9,,Present,2024,2,4,1
7252,1266,COURSE7,,Absent,2021,2,26,5
7253,2406,COURSE8,,Absent,2022,4,20,1
7254,2692,COURSE3,,Present,2024,12,14,5
7255,1362,COURSE40,,Absent,2020,7,23,1
7256,2701,COURSE49,,Absent,2021,7,14,5
7257,2584,COURSE45,,Present,2024,7,14,6
7258,1262,COURSE23,,Present,2020,2,23,0
7259,2900,COURSE41,,Absent,2021,10,16,5
7260,2130,COURSE7,,Present,2021,11,29,4
7261,2178,COURSE48,,Present,2021,11,5,1
7262,1670,COURSE16,,Absent,2022,1,25,4
7263,2966,COURSE34,,Present,2022,9,1,5
7264,1075,COURSE46,,Absent,2022,5,5,0
7265,2543,COURSE15,,Absent,2021,1,9,0
7266,1222,COURSE49,,Present,2024,5,1,3
7267,1249,COURSE29,,Present,2024,12,6,2
7268,1627,COURSE17,,Present,2022,8,4,1
7269,2033,COURSE39,,Present,2021,12,13,4
7270,1393,COURSE42,,Present,2023,7,15,3
7271,1195,COURSE45,,Present,2022,2,14,2
7272,2150,COURSE25,,Absent,2022,11,22,0
7273,1934,COURSE23,,Present,2020,12,5,2
7274,2602,COURSE24,,Present,2021,4,23,4
7275,2042,COURSE29,,Present,2021,7,19,4
7276,1915,COURSE17,,Present,2021,10,18,5
7277,1725,COURSE35,,Absent,2021,10,29,5
7278,1601,COURSE8,,Absent,2020,8,19,0
7279,1562,COURSE16,,Present,2023,9,17,2
7280,2336,COURSE33,,Present,2022,8,14,4
7281,2860,COURSE42,,Absent,2022,5,24,4
7282,1369,COURSE45,,Present,2021,8,8,2
7283,1438,COURSE45,,Absent,2021,10,7,6
7284,2914,COURSE28,,Absent,2022,9,26,1
7285,1266,COURSE46,,Present,2021,10,2,4
7286,2669,COURSE7,,Present,2021,10,16,2
7287,1085,COURSE18,,Absent,2023,12,27,2
7288,2515,COURSE30,,Present,2023,3,15,0
7289,2564,COURSE4,,Absent,2023,2,23,5
7290,2380,COURSE7,,Absent,2022,10,24,4
7291,1301,COURSE49,,Present,2023,6,27,0
7292,2503,COURSE36,,Absent,2020,10,22,3
7293,1454,COURSE8,,Present,2022,11,21,6
7294,2941,COURSE46,,Absent,2021,3,13,3
7295,2674,COURSE15,,Present,2024,4,26,2
7296,2188,COURSE45,,Present,2020,7,1,4
7297,1317,COURSE19,,Present,2020,8,2,5
7298,2805,COURSE6,,Present,2022,1,1,2
7299,1161,COURSE13,,Present,2022,2,12,3
7300,1236,COURSE13,,Present,2024,11,15,0
7301,1908,COURSE24,,Absent,2022,2,24,0
7302,1269,COURSE29,,Absent,2024,9,10,2
7303,2166,COURSE32,,Absent,2022,6,29,0
7304,2966,COURSE5,,Present,2024,10,22,1
7305,1311,COURSE13,,Present,2022,9,7,3
7306,1669,COURSE42,,Present,2021,9,21,5
7307,1852,COURSE10,,Present,2022,6,4,1
7308,1459,COURSE30,,Absent,2024,9,11,1
7309,2880,COURSE38,,Present,2021,4,7,0
7310,1783,COURSE11,,Present,2021,9,8,3
7311,1723,COURSE20,,Present,2020,1,30,2
7312,2653,COURSE20,,Present,2024,5,31,2
7313,1280,COURSE8,,Present,2021,12,16,3
7314,2979,COURSE30,,Present,2021,9,27,6
7315,2447,COURSE12,,Present,2023,3,29,1
7316,1075,COURSE18,,Present,2021,6,30,3
7317,2344,COURSE19,,Present,2024,11,24,2
7318,1211,COURSE50,,Absent,2021,2,25,6
7319,2164,COURSE22,,Absent,2022,8,15,1
7320,2744,COURSE24,,Absent,2024,2,7,2
7321,2662,COURSE17,,Present,2021,9,11,4
7322,2224,COURSE32,,Absent,2021,1,8,3
7323,1449,COURSE11,,Absent,2023,9,28,2
7324,1254,COURSE1,,Present,2021,5,20,1
7325,1582,COURSE20,,Present,2024,3,3,1
7326,2836,COURSE1,,Absent,2024,7,18,0
7327,2884,COURSE48,,Absent,2023,12,21,0
7328,2459,COURSE9,,Absent,2020,6,4,5
7329,2768,COURSE8,,Absent,2022,3,30,4
7330,2414,COURSE40,,Absent,2022,11,25,3
7331,1605,COURSE6,,Absent,2020,12,24,0
7332,2885,COURSE49,,Absent,2023,5,29,2
7333,2675,COURSE20,,Present,2020,8,25,6
7334,1259,COURSE39,,Present,2022,1,14,4
7335,2575,COURSE18,,Absent,2022,3,6,6
7336,2943,COURSE8,,Present,2023,10,17,2
7337,2241,COURSE48,,Present,2021,5,28,6
7338,1997,COURSE9,,Present,2022,9,15,0
7339,1884,COURSE14,,Absent,2021,3,14,1
7340,2805,COURSE24,,Absent,2023,8,7,2
7341,2058,COURSE23,,Absent,2020,8,7,6
7342,2265,COURSE42,,Present,2022,10,27,6
7343,2509,COURSE2,,Absent,2020,6,6,5
7344,1412,COURSE37,,Present,2020,9,9,6
7345,1604,COURSE33,,Present,2021,12,23,1
7346,1816,COURSE23,,Present,2021,12,2,3
7347,2979,COURSE14,,Present,2022,1,21,0
7348,2644,COURSE5,,Present,2023,8,20,5
7349,2391,COURSE29,,Absent,2023,12,15,4
7350,1496,COURSE20,,Absent,2024,7,5,3
7351,1417,COURSE42,,Absent,2022,9,1,2
7352,1031,COURSE32,,Absent,2020,9,9,2
7353,1216,COURSE50,,Absent,2021,11,12,2
7354,2733,COURSE29,,Absent,2022,5,15,1
7355,2319,COURSE11,,Absent,2023,10,19,4
7356,2305,COURSE42,,Present,2022,5,18,5
7357,2680,COURSE17,,Absent,2021,8,16,2
7358,1902,COURSE1,,Present,2021,11,14,4
7359,2464,COURSE23,,Absent,2020,6,25,1
7360,2655,COURSE39,,Present,2024,1,29,3
7361,1226,COURSE18,,Absent,2024,8,9,0
7362,2880,COURSE15,,Present,2023,12,23,4
7363,1440,COURSE42,,Present,2024,7,29,0
7364,1240,COURSE35,,Absent,2021,7,3,5
7365,1848,COURSE43,,Present,2024,6,15,4
7366,1197,COURSE50,,Absent,2022,9,9,3
7367,1932,COURSE3,,Absent,2020,3,26,2
7368,2587,COURSE4,,Absent,2021,7,8,5
7369,1512,COURSE13,,Absent,2023,5,10,4
7370,2190,COURSE7,,Absent,2021,12,4,6
7371,1183,COURSE49,,Present,2023,1,12,4
7372,2767,COURSE38,,Present,2020,1,24,1
7373,2917,COURSE40,,Present,2021,10,21,4
7374,2253,COURSE9,,Present,2020,7,30,2
7375,1213,COURSE42,,Present,2021,12,13,5
7376,2039,COURSE41,,Absent,2020,2,28,0
7377,1856,COURSE8,,Absent,2022,1,11,2
7378,1691,COURSE21,,Absent,2023,5,30,1
7379,1135,COURSE16,,Absent,2022,4,26,0
7380,2730,COURSE26,,Present,2022,1,20,3
7381,2804,COURSE40,,Present,2022,12,25,6
7382,1933,COURSE19,,Absent,2022,6,1,2
7383,1325,COURSE19,,Absent,2022,11,23,5
7384,1883,COURSE27,,Absent,2024,8,23,4
7385,2811,COURSE44,,Absent,2022,3,11,3
7386,2412,COURSE43,,Present,2024,2,16,0
7387,1922,COURSE20,,Present,2022,8,20,2
7388,2421,COURSE34,,Present,2021,10,16,5
7389,1780,COURSE1,,Present,2022,8,4,5
7390,2087,COURSE35,,Absent,2020,2,25,0
7391,2424,COURSE26,,Absent,2020,4,20,5
7392,2530,COURSE47,,Absent,2023,4,15,2
7393,2483,COURSE41,,Present,2022,8,2,1
7394,2417,COURSE4,,Present,2022,4,8,0
7395,2755,COURSE46,,Present,2020,11,10,2
7396,1474,COURSE38,,Present,2024,8,17,0
7397,2135,COURSE24,,Present,2020,9,22,6
7398,2190,COURSE4,,Absent,2023,6,4,1
7399,1183,COURSE7,,Absent,2021,1,16,6
7400,1441,COURSE14,,Absent,2020,7,13,6
7401,1187,COURSE39,,Present,2022,12,13,1
7402,2998,COURSE28,,Absent,2021,1,24,0
7403,2257,COURSE14,,Absent,2020,9,25,4
7404,2463,COURSE23,,Present,2022,10,11,6
7405,2240,COURSE7,,Present,2022,10,19,4
7406,1937,COURSE13,,Absent,2021,11,19,5
7407,1509,COURSE6,,Absent,2024,1,25,4
7408,2919,COURSE1,,Present,2022,2,6,1
7409,2451,COURSE29,,Present,2022,6,30,1
7410,2780,COURSE15,,Present,2020,9,3,3
7411,1213,COURSE3,,Absent,2022,8,26,6
7412,2968,COURSE9,,Absent,2024,1,19,4
7413,2826,COURSE42,,Present,2020,2,11,3
7414,1306,COURSE10,,Absent,2024,8,28,5
7415,2049,COURSE28,,Present,2020,12,16,6
7416,2227,COURSE20,,Absent,2022,7,4,1
7417,1411,COURSE20,,Absent,2020,7,21,4
7418,2917,COURSE3,,Present,2022,2,29,4
7419,1633,COURSE29,,Absent,2020,7,9,4
7420,1605,COURSE9,,Absent,2021,11,7,0
7421,2157,COURSE4,,Absent,2024,7,19,2
7422,1649,COURSE49,,Absent,2024,10,7,3
7423,2980,COURSE7,,Absent,2024,4,14,2
7424,1931,COURSE4,,Present,2020,7,19,6
7425,2715,COURSE22,,Absent,2021,6,5,3
7426,2844,COURSE22,,Absent,2021,10,26,5
7427,2075,COURSE2,,Absent,2024,3,31,1
7428,1705,COURSE44,,Present,2021,9,18,2
7429,2566,COURSE39,,Absent,2024,10,20,6
7430,2162,COURSE11,,Present,2021,7,29,4
7431,2836,COURSE26,,Absent,2020,2,8,2
7432,1768,COURSE22,,Present,2023,10,31,3
7433,1424,COURSE34,,Absent,2020,8,26,0
7434,1832,COURSE42,,Absent,2022,4,4,3
7435,1202,COURSE23,,Absent,2022,12,4,1
7436,2707,COURSE47,,Present,2023,6,15,0
7437,1115,COURSE6,,Present,2022,1,21,2
7438,2963,COURSE12,,Present,2022,6,6,4
7439,1892,COURSE1,,Present,2021,12,9,2
7440,2608,COURSE49,,Absent,2021,3,1,3
7441,1441,COURSE20,,Absent,2024,11,15,3
7442,2135,COURSE39,,Present,2021,8,23,5
7443,1393,COURSE47,,Absent,2020,11,21,4
7444,1759,COURSE18,,Absent,2021,7,18,5
7445,2032,COURSE12,,Present,2023,1,20,1
7446,2295,COURSE47,,Absent,2020,9,8,4
7447,1253,COURSE22,,Absent,2021,9,7,6
7448,2011,COURSE35,,Absent,2023,4,2,3
7449,1154,COURSE10,,Present,2022,7,8,3
7450,2451,COURSE12,,Present,2021,2,23,3
7451,2666,COURSE50,,Absent,2023,12,10,5
7452,1690,COURSE41,,Absent,2024,4,16,0
7453,1259,COURSE31,,Present,2020,10,11,3
7454,1474,COURSE35,,Present,2023,3,17,2
7455,2724,COURSE35,,Present,2021,12,25,2
7456,1893,COURSE31,,Present,2021,4,5,6
7457,1235,COURSE17,,Absent,2020,6,30,2
7458,2949,COURSE19,,Present,2022,1,23,5
7459,1065,COURSE5,,Present,2021,8,7,2
7460,2006,COURSE46,,Absent,2024,5,7,0
7461,2851,COURSE15,,Absent,2021,8,10,2
7462,1392,COURSE26,,Absent,2023,12,11,6
7463,2391,COURSE7,,Present,2022,7,5,4
7464,2187,COURSE8,,Absent,2024,7,12,5
7465,1431,COURSE7,,Absent,2023,11,6,2
7466,1533,COURSE5,,Absent,2021,11,17,3
7467,1169,COURSE31,,Absent,2023,11,2,3
7468,1236,COURSE16,,Absent,2023,5,28,1
7469,2230,COURSE15,,Present,2023,1,7,6
7470,1415,COURSE38,,Present,2021,7,13,6
7471,1955,COURSE6,,Present,2023,9,4,5
7472,1969,COURSE16,,Present,2022,1,18,2
7473,1941,COURSE34,,Present,2020,4,20,2
7474,1191,COURSE22,,Absent,2024,1,12,2
7475,2886,COURSE41,,Present,2022,10,22,6
7476,1267,COURSE48,,Absent,2023,1,11,2
7477,1931,COURSE13,,Absent,2021,9,18,6
7478,1963,COURSE22,,Absent,2023,1,13,6
7479,1470,COURSE43,,Present,2021,1,22,0
7480,2942,COURSE22,,Present,2023,9,27,0
7481,1377,COURSE29,,Absent,2023,12,6,6
7482,2504,COURSE2,,Absent,2020,6,9,6
7483,2330,COURSE40,,Present,2023,4,18,4
7484,1329,COURSE28,,Present,2020,6,11,3
7485,1438,COURSE18,,Absent,2024,3,3,3
7486,2087,COURSE10,,Present,2023,8,9,6
7487,2517,COURSE17,,Present,2021,1,17,3
7488,2803,COURSE18,,Absent,2023,5,11,5
7489,1745,COURSE35,,Absent,2020,6,5,1
7490,1823,COURSE13,,Absent,2023,6,21,6
7491,2893,COURSE19,,Absent,2022,5,31,1
7492,2092,COURSE40,,Absent,2020,3,15,5
7493,1892,COURSE48,,Absent,2023,5,31,1
7494,1200,COURSE27,,Absent,2024,5,3,4
7495,2888,COURSE49,,Absent,2020,11,18,3
7496,1086,COURSE6,,Present,2021,2,1,6
7497,1768,COURSE13,,Present,2022,4,10,1
7498,2477,COURSE18,,Absent,2023,7,1,4
7499,1592,COURSE42,,Absent,2023,9,28,1
7500,2018,COURSE39,,Present,2021,2,23,4
7501,1373,COURSE27,,Absent,2022,3,19,4
7502,1307,COURSE26,,Present,2024,2,7,4
7503,1489,COURSE8,,Present,2022,12,21,4
7504,2385,COURSE31,,Present,2023,1,19,5
7505,2408,COURSE42,,Absent,2020,2,24,1
7506,2692,COURSE22,,Present,2022,10,28,4
7507,2635,COURSE25,,Present,2022,6,1,2
7508,1934,COURSE12,,Present,2021,9,17,6
7509,2060,COURSE44,,Absent,2020,4,24,5
7510,1410,COURSE3,,Present,2020,7,13,5
7511,2727,COURSE44,,Absent,2020,1,12,1
7512,2725,COURSE1,,Absent,2020,2,28,4
7513,1426,COURSE12,,Present,2020,4,7,6
7514,2953,COURSE40,,Present,2021,5,29,3
7515,2421,COURSE29,,Present,2021,2,12,6
7516,1886,COURSE24,,Present,2021,12,12,1
7517,2243,COURSE46,,Present,2023,12,21,0
7518,1656,COURSE22,,Absent,2021,8,10,4
7519,1708,COURSE22,,Present,2023,5,19,6
7520,2748,COURSE45,,Present,2024,10,24,4
7521,2896,COURSE30,,Present,2021,4,23,2
7522,1666,COURSE9,,Absent,2022,12,16,0
7523,2775,COURSE20,,Absent,2023,6,26,0
7524,2691,COURSE33,,Present,2022,7,10,5
7525,2634,COURSE11,,Present,2024,10,4,3
7526,1574,COURSE10,,Absent,2022,10,24,2
7527,1067,COURSE18,,Present,2023,1,29,2
7528,2330,COURSE38,,Absent,2021,12,27,1
7529,2126,COURSE27,,Absent,2024,12,9,3
7530,2625,COURSE3,,Present,2024,10,23,6
7531,1569,COURSE48,,Absent,2020,11,13,1
7532,1568,COURSE30,,Present,2023,10,16,4
7533,2164,COURSE37,,Absent,2021,10,23,2
7534,1386,COURSE27,,Present,2021,12,4,5
7535,1960,COURSE35,,Present,2022,9,4,5
7536,2638,COURSE13,,Present,2020,1,4,3
7537,1478,COURSE22,,Absent,2021,3,20,1
7538,2126,COURSE10,,Present,2024,4,12,4
7539,1198,COURSE5,,Present,2021,8,8,4
7540,1437,COURSE45,,Present,2023,5,30,1
7541,2225,COURSE3,,Absent,2022,4,18,0
7542,2559,COURSE42,,Present,2020,4,4,2
7543,2596,COURSE19,,Absent,2021,3,12,5
7544,2796,COURSE36,,Absent,2022,2,23,3
7545,1287,COURSE16,,Absent,2021,2,14,2
7546,1881,COURSE24,,Absent,2020,9,8,3
7547,2862,COURSE24,,Present,2021,1,18,6
7548,2956,COURSE18,,Absent,2024,1,31,1
7549,1821,COURSE36,,Present,2020,8,30,4
7550,2894,COURSE39,,Present,2023,5,24,0
7551,1546,COURSE42,,Absent,2023,3,18,4
7552,1236,COURSE17,,Present,2024,2,10,6
7553,2372,COURSE30,,Present,2023,4,5,4
7554,2873,COURSE38,,Present,2021,5,31,0
7555,1929,COURSE16,,Absent,2022,7,17,5
7556,2076,COURSE45,,Present,2022,10,26,3
7557,2875,COURSE1,,Absent,2021,12,10,0
7558,1514,COURSE43,,Present,2023,7,11,1
7559,2320,COURSE40,,Present,2024,9,7,1
7560,2031,COURSE2,,Absent,2024,11,18,0
7561,1632,COURSE23,,Absent,2022,12,6,5
7562,2226,COURSE8,,Present,2022,2,15,1
7563,2509,COURSE8,,Absent,2020,10,15,4
7564,2486,COURSE13,,Present,2022,7,3,1
7565,2167,COURSE26,,Present,2020,9,4,2
7566,1695,COURSE42,,Absent,2021,4,4,4
7567,2781,COURSE17,,Present,2024,6,26,1
7568,1977,COURSE36,,Present,2022,6,23,3
7569,2108,COURSE6,,Absent,2024,7,24,1
7570,1356,COURSE20,,Absent,2023,11,4,2
7571,1413,COURSE47,,Absent,2023,9,4,0
7572,1087,COURSE17,,Absent,2024,1,28,5
7573,2332,COURSE34,,Present,2022,8,14,2
7574,1506,COURSE45,,Present,2022,7,9,0
7575,1129,COURSE48,,Present,2022,12,15,3
7576,2383,COURSE40,,Present,2023,6,23,6
7577,1236,COURSE24,,Present,2022,3,6,3
7578,1551,COURSE32,,Absent,2023,4,18,4
7579,2876,COURSE23,,Absent,2023,4,11,6
7580,2134,COURSE48,,Present,2024,6,6,2
7581,1961,COURSE38,,Absent,2021,11,2,2
7582,2184,COURSE16,,Present,2023,5,31,5
7583,2371,COURSE37,,Present,2022,6,25,5
7584,2219,COURSE46,,Absent,2022,1,6,5
7585,1501,COURSE28,,Absent,2022,3,15,6
7586,1089,COURSE7,,Present,2020,4,22,6
7587,1559,COURSE49,,Present,2023,6,23,1
7588,2546,COURSE39,,Absent,2021,2,18,2
7589,2200,COURSE50,,Present,2022,8,27,6
7590,2236,COURSE5,,Present,2021,4,23,3
7591,2386,COURSE13,,Absent,2023,8,30,6
7592,1007,COURSE14,,Absent,2021,3,23,2
7593,2744,COURSE24,,Present,2023,1,5,6
7594,1980,COURSE20,,Absent,2022,1,1,6
7595,2035,COURSE38,,Present,2022,12,16,4
7596,2435,COURSE24,,Present,2021,10,22,4
7597,2493,COURSE18,,Present,2022,12,9,0
7598,1072,COURSE28,,Absent,2022,12,21,6
7599,1790,COURSE27,,Absent,2021,4,21,2
7600,1649,COURSE2,,Absent,2022,5,2,4
7601,1918,COURSE48,,Present,2024,7,24,2
7602,1570,COURSE3,,Absent,2020,12,17,6
7603,1915,COURSE9,,Absent,2024,10,8,1
7604,2976,COURSE1,,Absent,2020,1,8,5
7605,2642,COURSE20,,Absent,2020,9,17,6
7606,1053,COURSE47,,Absent,2022,5,21,2
7607,1438,COURSE6,,Present,2023,12,21,4
7608,1754,COURSE20,,Absent,2022,9,28,6
7609,1086,COURSE11,,Absent,2024,9,7,0
7610,1395,COURSE28,,Present,2021,1,3,1
7611,2788,COURSE7,,Present,2020,7,25,0
7612,1866,COURSE48,,Present,2022,8,3,3
7613,2130,COURSE49,,Absent,2023,2,15,2
7614,1112,COURSE22,,Present,2021,1,23,6
7615,1258,COURSE16,,Absent,2024,12,7,4
7616,1887,COURSE28,,Absent,2020,5,21,2
7617,1413,COURSE17,,Present,2022,1,26,3
7618,2809,COURSE12,,Absent,2020,2,13,6
7619,2279,COURSE46,,Absent,2020,11,5,6
7620,2757,COURSE4,,Absent,2020,1,26,1
7621,1199,COURSE41,,Absent,2022,9,28,1
7622,1392,COURSE9,,Present,2023,10,21,5
7623,2586,COURSE45,,Absent,2023,2,24,5
7624,2551,COURSE21,,Absent,2023,11,11,2
7625,2325,COURSE20,,Present,2020,3,26,2
7626,1189,COURSE26,,Absent,2023,6,9,5
7627,2193,COURSE3,,Present,2021,10,7,0
7628,1958,COURSE10,,Present,2020,9,3,6
7629,2811,COURSE23,,Present,2021,7,10,6
7630,2256,COURSE30,,Present,2024,8,10,6
7631,2478,COURSE2,,Absent,2022,5,5,0
7632,1095,COURSE44,,Absent,2022,4,23,3
7633,2538,COURSE35,,Present,2023,9,14,0
7634,1012,COURSE45,,Present,2020,7,5,4
7635,2116,COURSE11,,Absent,2024,2,22,2
7636,1631,COURSE12,,Present,2020,4,10,3
7637,2367,COURSE24,,Present,2020,9,15,5
7638,1332,COURSE4,,Present,2022,7,26,6
7639,2737,COURSE43,,Present,2022,10,16,3
7640,2345,COURSE28,,Present,2024,8,30,0
7641,1883,COURSE46,,Present,2022,12,19,2
7642,2076,COURSE39,,Present,2021,2,11,4
7643,2362,COURSE48,,Present,2024,5,9,2
7644,1090,COURSE24,,Absent,2024,5,5,2
7645,2505,COURSE6,,Absent,2022,8,28,0
7646,2130,COURSE46,,Absent,2023,3,21,2
7647,1775,COURSE17,,Absent,2024,9,14,4
7648,1611,COURSE44,,Present,2022,8,14,4
7649,2530,COURSE6,,Present,2020,5,27,0
7650,1405,COURSE22,,Present,2021,7,10,6
7651,1495,COURSE46,,Absent,2022,1,14,2
7652,2726,COURSE20,,Absent,2024,7,29,6
7653,1799,COURSE31,,Absent,2020,7,19,6
7654,2888,COURSE19,,Present,2022,12,15,1
7655,2022,COURSE14,,Present,2022,12,4,3
7656,2810,COURSE18,,Absent,2020,6,10,5
7657,2601,COURSE43,,Absent,2020,5,2,3
7658,2857,COURSE22,,Present,2023,7,26,5
7659,2849,COURSE34,,Absent,2024,10,20,3
7660,2795,COURSE6,,Present,2023,3,26,6
7661,2334,COURSE17,,Absent,2022,9,7,4
7662,1955,COURSE3,,Absent,2024,6,10,3
7663,1214,COURSE2,,Present,2022,11,27,0
7664,1297,COURSE45,,Present,2023,11,12,1
7665,2999,COURSE1,,Absent,2020,2,21,2
7666,1464,COURSE4,,Present,2024,9,20,4
7667,2817,COURSE2,,Present,2020,1,31,2
7668,1875,COURSE48,,Present,2021,4,31,2
7669,1994,COURSE47,,Absent,2021,9,24,4
7670,2697,COURSE20,,Present,2023,1,12,2
7671,1600,COURSE17,,Absent,2024,11,3,1
7672,2226,COURSE42,,Absent,2024,2,13,5
7673,2304,COURSE4,,Absent,2023,6,25,5
7674,2644,COURSE33,,Present,2020,3,19,2
7675,2723,COURSE12,,Absent,2020,10,18,1
7676,2628,COURSE46,,Present,2024,2,25,4
7677,1913,COURSE41,,Present,2023,2,8,2
7678,1710,COURSE13,,Absent,2023,4,29,1
7679,1994,COURSE34,,Absent,2022,3,23,2
7680,1120,COURSE44,,Absent,2020,7,23,6
7681,2276,COURSE6,,Present,2024,7,13,2
7682,2572,COURSE13,,Present,2022,3,29,6
7683,1975,COURSE17,,Absent,2023,12,22,1
7684,1396,COURSE21,,Absent,2022,3,29,4
7685,2107,COURSE37,,Absent,2021,5,20,5
7686,1108,COURSE8,,Absent,2024,6,21,3
7687,1896,COURSE9,,Absent,2022,8,16,6
7688,2272,COURSE8,,Present,2022,4,24,5
7689,1692,COURSE21,,Absent,2024,1,25,0
7690,1841,COURSE28,,Absent,2024,3,23,5
7691,1168,COURSE17,,Present,2022,3,6,6
7692,2237,COURSE22,,Present,2024,6,26,6
7693,1396,COURSE43,,Absent,2023,9,22,6
7694,2144,COURSE50,,Absent,2021,11,30,6
7695,2920,COURSE12,,Absent,2024,9,25,1
7696,2644,COURSE40,,Absent,2023,2,21,1
7697,2519,COURSE48,,Absent,2024,7,6,3
7698,1878,COURSE34,,Present,2024,3,13,1
7699,2608,COURSE34,,Absent,2021,8,1,5
7700,2337,COURSE39,,Present,2022,8,19,2
7701,1780,COURSE22,,Present,2024,4,14,1
7702,2916,COURSE28,,Present,2023,1,11,4
7703,1947,COURSE46,,Present,2024,6,6,2
7704,1593,COURSE7,,Absent,2022,7,22,6
7705,1196,COURSE37,,Present,2020,7,17,1
7706,2894,COURSE32,,Absent,2023,6,6,1
7707,1220,COURSE17,,Absent,2021,2,25,0
7708,2310,COURSE2,,Present,2023,9,21,6
7709,2705,COURSE23,,Absent,2020,8,31,0
7710,1627,COURSE46,,Absent,2023,5,18,2
7711,2107,COURSE17,,Absent,2022,7,27,3
7712,2251,COURSE22,,Absent,2024,7,23,1
7713,2214,COURSE14,,Present,2023,12,5,2
7714,1237,COURSE45,,Present,2024,4,6,1
7715,2809,COURSE11,,Absent,2022,8,19,0
7716,1538,COURSE32,,Absent,2020,7,18,2
7717,1521,COURSE36,,Present,2024,5,29,2
7718,1411,COURSE19,,Absent,2024,12,15,1
7719,2297,COURSE23,,Absent,2022,9,24,1
7720,1831,COURSE14,,Present,2020,9,30,6
7721,1560,COURSE29,,Absent,2020,1,31,1
7722,2347,COURSE12,,Present,2020,12,27,1
7723,2275,COURSE3,,Absent,2021,1,16,5
7724,1530,COURSE15,,Present,2021,12,9,1
7725,2220,COURSE16,,Present,2024,6,13,1
7726,1215,COURSE26,,Absent,2023,2,30,4
7727,2452,COURSE7,,Present,2023,4,24,6
7728,1028,COURSE17,,Present,2024,10,18,6
7729,2845,COURSE34,,Present,2020,1,4,5
7730,2521,COURSE22,,Present,2022,6,29,3
7731,2783,COURSE36,,Absent,2020,9,17,5
7732,1875,COURSE30,,Present,2022,7,17,0
7733,2416,COURSE38,,Present,2020,10,20,5
7734,2855,COURSE10,,Absent,2022,12,14,3
7735,1719,COURSE16,,Absent,2020,6,25,3
7736,1158,COURSE41,,Absent,2021,7,29,1
7737,1734,COURSE38,,Present,2023,4,10,2
7738,2453,COURSE41,,Present,2020,9,26,2
7739,2111,COURSE38,,Present,2021,9,25,3
7740,2605,COURSE7,,Present,2021,7,4,0
7741,2443,COURSE25,,Absent,2022,10,24,4
7742,2281,COURSE18,,Present,2020,6,10,6
7743,2493,COURSE29,,Absent,2020,3,30,5
7744,2994,COURSE38,,Absent,2023,11,20,5
7745,2876,COURSE12,,Absent,2023,7,10,2
7746,2217,COURSE38,,Present,2023,4,26,0
7747,2581,COURSE23,,Present,2021,5,4,6
7748,2890,COURSE20,,Present,2023,3,16,5
7749,2940,COURSE34,,Present,2023,7,16,1
7750,1624,COURSE22,,Absent,2020,11,4,1
7751,2192,COURSE41,,Absent,2020,8,4,0
7752,2326,COURSE11,,Present,2023,3,12,1
7753,2203,COURSE44,,Present,2024,7,11,1
7754,1052,COURSE34,,Absent,2024,11,30,0
7755,2221,COURSE42,,Present,2020,3,2,3
7756,2749,COURSE30,,Absent,2024,8,22,0
7757,2560,COURSE24,,Absent,2020,10,25,4
7758,1935,COURSE47,,Present,2021,8,19,3
7759,1929,COURSE42,,Absent,2021,1,28,4
7760,1109,COURSE5,,Absent,2021,12,4,5
7761,2326,COURSE7,,Present,2022,8,28,5
7762,1326,COURSE44,,Present,2024,5,10,5
7763,2312,COURSE44,,Present,2022,7,6,4
7764,1760,COURSE30,,Present,2021,5,3,2
7765,1487,COURSE7,,Present,2022,12,6,5
7766,1035,COURSE11,,Present,2024,10,10,0
7767,2690,COURSE3,,Absent,2024,3,14,3
7768,1695,COURSE10,,Absent,2024,10,21,4
7769,2551,COURSE44,,Absent,2020,10,2,6
7770,2597,COURSE3,,Absent,2024,12,1,4
7771,1372,COURSE42,,Absent,2024,8,22,2
7772,1286,COURSE41,,Present,2024,10,21,1
7773,1806,COURSE32,,Present,2021,9,15,3
7774,2241,COURSE6,,Present,2023,9,17,2
7775,2422,COURSE12,,Present,2023,7,2,6
7776,2280,COURSE26,,Present,2020,3,5,0
7777,2631,COURSE31,,Present,2022,4,7,2
7778,1391,COURSE16,,Absent,2021,10,9,1
7779,1120,COURSE20,,Present,2020,8,12,6
7780,2036,COURSE48,,Absent,2023,7,1,6
7781,1333,COURSE10,,Present,2020,3,14,1
7782,2078,COURSE16,,Present,2021,2,16,3
7783,2661,COURSE39,,Present,2024,3,5,4
7784,2660,COURSE44,,Present,2020,12,3,2
7785,2378,COURSE45,,Present,2020,10,4,5
7786,1405,COURSE38,,Absent,2022,2,11,0
7787,1144,COURSE20,,Present,2021,11,25,4
7788,1725,COURSE1,,Present,2024,11,26,5
7789,1977,COURSE46,,Absent,2024,5,16,6
7790,1300,COURSE24,,Present,2021,8,7,2
7791,2592,COURSE27,,Present,2024,7,31,0
7792,2942,COURSE22,,Absent,2024,10,19,3
7793,2557,COURSE15,,Absent,2023,7,7,5
7794,1049,COURSE9,,Absent,2020,7,27,1
7795,1232,COURSE26,,Absent,2022,4,21,4
7796,2587,COURSE4,,Absent,2023,6,22,2
7797,2420,COURSE33,,Present,2020,8,30,0
7798,2139,COURSE27,,Absent,2022,3,16,6
7799,2598,COURSE19,,Absent,2022,9,8,0
7800,1756,COURSE30,,Present,2022,1,18,2
7801,1437,COURSE41,,Absent,2021,6,7,1
7802,1633,COURSE9,,Present,2022,7,29,4
7803,1675,COURSE23,,Absent,2021,8,30,5
7804,2830,COURSE19,,Present,2020,12,5,3
7805,1877,COURSE24,,Present,2020,10,4,6
7806,1824,COURSE16,,Absent,2020,1,30,6
7807,2279,COURSE26,,Absent,2023,9,2,2
7808,1353,COURSE3,,Present,2023,10,18,4
7809,1370,COURSE6,,Present,2021,3,5,1
7810,1229,COURSE2,,Present,2023,3,2,1
7811,2963,COURSE40,,Present,2020,5,29,1
7812,1941,COURSE4,,Present,2022,3,17,2
7813,2867,COURSE4,,Present,2020,12,16,0
7814,2624,COURSE24,,Absent,2020,8,2,2
7815,2155,COURSE5,,Present,2023,5,10,2
7816,1145,COURSE6,,Absent,2020,1,31,0
7817,2400,COURSE44,,Absent,2024,1,25,4
7818,1898,COURSE26,,Present,2023,7,15,2
7819,1986,COURSE44,,Present,2022,7,3,0
7820,1971,COURSE5,,Present,2020,7,23,6
7821,2655,COURSE6,,Absent,2024,3,5,3
7822,2185,COURSE9,,Present,2024,4,13,3
7823,1178,COURSE1,,Present,2022,7,3,3
7824,2744,COURSE43,,Absent,2022,3,24,1
7825,1074,COURSE17,,Present,2020,1,28,5
7826,1293,COURSE24,,Absent,2022,2,5,5
7827,1833,COURSE34,,Absent,2021,7,20,3
7828,2278,COURSE3,,Present,2020,11,29,4
7829,2646,COURSE38,,Absent,2023,11,23,5
7830,1653,COURSE49,,Absent,2024,12,25,5
7831,2872,COURSE17,,Absent,2021,9,30,2
7832,2677,COURSE25,,Present,2020,12,31,0
7833,2454,COURSE8,,Absent,2021,6,14,5
7834,2182,COURSE4,,Present,2024,6,17,3
7835,1564,COURSE28,,Present,2022,2,4,2
7836,1801,COURSE1,,Present,2024,1,29,3
7837,2998,COURSE36,,Absent,2022,6,7,0
7838,1480,COURSE27,,Present,2022,2,23,4
7839,2633,COURSE15,,Absent,2020,1,5,3
7840,2638,COURSE6,,Present,2021,12,29,4
7841,1008,COURSE2,,Present,2022,9,11,4
7842,2965,COURSE23,,Absent,2020,5,30,2
7843,1573,COURSE20,,Present,2020,8,7,1
7844,2111,COURSE43,,Present,2021,2,17,1
7845,1578,COURSE39,,Absent,2022,9,14,2
7846,1931,COURSE19,,Present,2022,12,7,6
7847,1347,COURSE47,,Absent,2023,6,1,1
7848,1398,COURSE22,,Absent,2022,12,3,3
7849,1469,COURSE17,,Absent,2024,3,23,1
7850,1098,COURSE5,,Absent,2021,3,29,0
7851,2009,COURSE39,,Absent,2022,5,23,4
7852,1891,COURSE30,,Present,2022,9,20,6
7853,1784,COURSE41,,Absent,2023,12,30,1
7854,1023,COURSE24,,Present,2023,7,4,2
7855,1551,COURSE8,,Present,2020,12,24,3
7856,2961,COURSE47,,Absent,2024,2,29,2
7857,1915,COURSE49,,Present,2024,5,10,0
7858,1026,COURSE37,,Absent,2022,8,13,3
7859,1325,COURSE40,,Absent,2022,8,8,0
7860,1861,COURSE50,,Present,2021,12,24,5
7861,2276,COURSE4,,Present,2022,7,12,0
7862,2657,COURSE35,,Absent,2021,1,10,0
7863,1590,COURSE27,,Absent,2022,8,5,0
7864,2568,COURSE40,,Present,2021,5,14,1
7865,1381,COURSE15,,Present,2021,4,15,6
7866,1332,COURSE42,,Present,2020,3,24,3
7867,1912,COURSE13,,Present,2021,3,24,3
7868,1481,COURSE2,,Absent,2021,3,16,5
7869,1976,COURSE24,,Absent,2021,1,24,5
7870,1809,COURSE33,,Present,2021,6,8,0
7871,1664,COURSE47,,Absent,2024,1,18,1
7872,1627,COURSE47,,Absent,2021,2,8,5
7873,1791,COURSE43,,Absent,2020,1,25,2
7874,1221,COURSE11,,Present,2022,2,27,4
7875,2541,COURSE2,,Present,2024,8,30,3
7876,1292,COURSE3,,Present,2023,2,22,3
7877,1366,COURSE18,,Present,2022,4,26,6
7878,1286,COURSE23,,Absent,2022,4,4,5
7879,2754,COURSE26,,Absent,2021,3,27,6
7880,2726,COURSE22,,Present,2020,9,7,1
7881,1253,COURSE23,,Present,2021,12,3,2
7882,1392,COURSE20,,Absent,2022,6,7,6
7883,1256,COURSE34,,Present,2022,2,25,1
7884,1422,COURSE34,,Absent,2022,8,10,0
7885,2263,COURSE26,,Present,2024,5,11,1
7886,1418,COURSE11,,Present,2022,1,29,6
7887,1931,COURSE32,,Present,2023,2,2,0
7888,2376,COURSE42,,Absent,2021,9,13,2
7889,1368,COURSE13,,Present,2022,9,7,3
7890,1653,COURSE36,,Present,2022,8,31,6
7891,1655,COURSE16,,Present,2024,8,24,3
7892,1457,COURSE18,,Present,2020,6,13,0
7893,2839,COURSE39,,Absent,2022,12,2,4
7894,2826,COURSE25,,Present,2022,3,6,0
7895,2091,COURSE22,,Absent,2021,7,25,4
7896,2294,COURSE40,,Absent,2021,10,2,2
7897,1884,COURSE30,,Present,2020,12,24,1
7898,2842,COURSE40,,Present,2023,9,22,6
7899,2448,COURSE26,,Absent,2023,7,7,0
7900,2343,COURSE46,,Absent,2022,8,17,5
7901,1545,COURSE24,,Present,2024,3,25,5
7902,1453,COURSE48,,Absent,2021,6,17,6
7903,2602,COURSE44,,Absent,2022,5,28,1
7904,1927,COURSE18,,Absent,2024,12,27,0
7905,2056,COURSE8,,Absent,2022,7,24,4
7906,1854,COURSE10,,Absent,2022,7,19,6
7907,2131,COURSE40,,Absent,2021,3,30,4
7908,1972,COURSE24,,Absent,2022,8,25,1
7909,2936,COURSE29,,Present,2022,2,19,2
7910,1863,COURSE9,,Absent,2023,8,16,6
7911,1149,COURSE33,,Present,2024,1,22,5
7912,2513,COURSE19,,Absent,2021,6,16,3
7913,2308,COURSE36,,Absent,2021,6,11,4
7914,2021,COURSE45,,Absent,2021,3,5,0
7915,2759,COURSE31,,Absent,2024,9,27,1
7916,2538,COURSE20,,Present,2024,8,12,3
7917,2976,COURSE44,,Absent,2021,5,12,3
7918,2676,COURSE12,,Absent,2021,6,19,6
7919,1976,COURSE34,,Absent,2020,11,9,5
7920,1042,COURSE30,,Present,2022,4,15,6
7921,1195,COURSE11,,Present,2021,8,18,5
7922,1749,COURSE17,,Present,2021,12,13,3
7923,1998,COURSE9,,Present,2020,6,2,6
7924,2234,COURSE39,,Absent,2023,8,16,5
7925,1225,COURSE3,,Present,2022,8,11,5
7926,2049,COURSE13,,Present,2023,9,19,5
7927,1467,COURSE30,,Present,2024,11,14,6
7928,1621,COURSE11,,Absent,2022,5,4,5
7929,1184,COURSE16,,Absent,2024,4,18,1
7930,2582,COURSE9,,Present,2020,12,23,5
7931,2828,COURSE24,,Absent,2020,1,10,1
7932,2122,COURSE14,,Present,2022,11,9,4
7933,1312,COURSE8,,Absent,2022,7,15,4
7934,1554,COURSE18,,Present,2022,7,8,6
7935,1337,COURSE45,,Absent,2022,2,21,6
7936,1843,COURSE24,,Present,2022,7,31,2
7937,1294,COURSE46,,Absent,2024,8,12,2
7938,1486,COURSE37,,Absent,2024,7,25,4
7939,2648,COURSE43,,Present,2020,7,13,3
7940,1431,COURSE1,,Absent,2021,3,23,6
7941,2444,COURSE41,,Absent,2022,8,23,3
7942,1455,COURSE6,,Absent,2024,10,29,1
7943,2816,COURSE24,,Present,2023,6,8,6
7944,2221,COURSE17,,Absent,2020,6,5,1
7945,1293,COURSE10,,Absent,2020,7,29,5
7946,1081,COURSE8,,Present,2020,10,20,6
7947,1021,COURSE31,,Absent,2021,12,10,0
7948,2491,COURSE16,,Present,2020,12,4,6
7949,2992,COURSE11,,Present,2022,12,25,5
7950,1466,COURSE16,,Present,2020,9,20,5
7951,1240,COURSE46,,Absent,2024,9,8,2
7952,2847,COURSE32,,Present,2020,6,3,5
7953,2108,COURSE26,,Present,2020,11,5,0
7954,1750,COURSE45,,Absent,2022,1,23,3
7955,2162,COURSE4,,Absent,2022,8,22,0
7956,1516,COURSE11,,Present,2024,3,25,1
7957,1665,COURSE10,,Present,2020,2,20,4
7958,1434,COURSE1,,Present,2021,9,23,3
7959,1893,COURSE12,,Absent,2020,7,21,2
7960,1158,COURSE17,,Absent,2020,10,30,1
7961,2384,COURSE18,,Present,2020,6,20,6
7962,1054,COURSE11,,Present,2024,1,2,5
7963,2318,COURSE8,,Present,2022,11,13,0
7964,2494,COURSE28,,Present,2020,2,9,5
7965,1645,COURSE23,,Present,2021,6,23,0
7966,2205,COURSE16,,Present,2021,1,27,6
7967,2778,COURSE20,,Absent,2023,9,25,0
7968,1423,COURSE48,,Present,2021,11,7,4
7969,1977,COURSE23,,Absent,2021,1,23,6
7970,1189,COURSE35,,Absent,2024,11,2,1
7971,2818,COURSE5,,Absent,2020,12,20,2
7972,2710,COURSE33,,Absent,2021,2,15,6
7973,2548,COURSE5,,Present,2024,4,14,1
7974,1882,COURSE21,,Present,2022,10,4,4
7975,2368,COURSE38,,Present,2023,4,3,5
7976,1455,COURSE42,,Absent,2024,5,22,5
7977,1728,COURSE22,,Absent,2024,8,2,0
7978,1123,COURSE17,,Present,2022,3,29,2
7979,2851,COURSE21,,Absent,2021,6,23,1
7980,2852,COURSE23,,Absent,2021,4,14,3
7981,1967,COURSE29,,Present,2022,5,25,5
7982,1902,COURSE34,,Present,2021,3,16,1
7983,1226,COURSE35,,Present,2022,7,4,0
7984,1452,COURSE43,,Present,2020,12,22,5
7985,2660,COURSE38,,Present,2022,9,14,6
7986,2535,COURSE11,,Absent,2022,7,30,5
7987,2978,COURSE24,,Present,2021,5,9,4
7988,2980,COURSE29,,Present,2021,2,6,1
7989,2372,COURSE11,,Present,2020,5,23,3
7990,2383,COURSE2,,Absent,2020,12,29,0
7991,1530,COURSE12,,Absent,2020,8,2,1
7992,2918,COURSE49,,Absent,2020,9,22,5
7993,1560,COURSE19,,Absent,2020,11,24,0
7994,2519,COURSE23,,Absent,2021,5,12,5
7995,1479,COURSE19,,Absent,2021,10,7,0
7996,1520,COURSE26,,Absent,2023,10,2,5
7997,1879,COURSE22,,Present,2020,9,13,1
7998,1272,COURSE47,,Present,2022,4,31,1
7999,1757,COURSE46,,Present,2024,7,22,6
8000,2036,COURSE31,,Absent,2022,3,7,1
8001,2706,COURSE35,,Absent,2023,9,5,0
8002,2887,COURSE31,,Present,2023,9,17,4
8003,2997,COURSE3,,Present,2020,10,25,3
8004,1431,COURSE17,,Present,2021,3,21,2
8005,1103,COURSE45,,Present,2022,8,27,2
8006,1843,COURSE19,,Absent,2024,7,30,4
8007,2838,COURSE36,,Absent,2020,12,9,5
8008,1368,COURSE48,,Absent,2020,12,10,2
8009,2951,COURSE26,,Present,2024,3,4,3
8010,2270,COURSE42,,Absent,2021,7,16,5
8011,2937,COURSE20,,Absent,2021,3,12,6
8012,2588,COURSE32,,Absent,2023,4,3,5
8013,1482,COURSE30,,Absent,2021,12,8,1
8014,2032,COURSE3,,Present,2024,5,14,4
8015,1500,COURSE40,,Absent,2024,12,12,0
8016,2754,COURSE9,,Absent,2020,6,27,5
8017,2210,COURSE47,,Present,2022,6,18,2
8018,1642,COURSE43,,Present,2021,6,7,5
8019,1649,COURSE50,,Present,2020,2,15,4
8020,2941,COURSE34,,Absent,2020,5,5,0
8021,1275,COURSE22,,Absent,2023,4,29,3
8022,1594,COURSE30,,Absent,2023,1,30,5
8023,1558,COURSE11,,Present,2024,9,24,1
8024,2525,COURSE15,,Present,2024,9,29,2
8025,2615,COURSE34,,Present,2021,5,31,3
8026,2973,COURSE11,,Absent,2020,5,20,1
8027,1363,COURSE42,,Absent,2024,10,8,1
8028,2441,COURSE35,,Absent,2021,4,2,2
8029,1531,COURSE7,,Absent,2023,9,4,4
8030,2116,COURSE16,,Absent,2024,4,18,5
8031,1235,COURSE30,,Present,2020,3,23,0
8032,2514,COURSE49,,Absent,2022,12,22,6
8033,2414,COURSE25,,Absent,2020,9,20,6
8034,1941,COURSE23,,Present,2023,4,10,3
8035,1579,COURSE15,,Absent,2024,4,24,6
8036,1029,COURSE8,,Present,2022,4,15,5
8037,1097,COURSE46,,Absent,2021,12,3,2
8038,2654,COURSE24,,Absent,2021,12,22,0
8039,2950,COURSE40,,Present,2023,4,20,5
8040,2911,COURSE7,,Absent,2022,5,27,4
8041,1095,COURSE47,,Present,2022,10,16,5
8042,1745,COURSE14,,Present,2024,5,29,5
8043,1563,COURSE24,,Absent,2020,12,26,4
8044,1334,COURSE35,,Present,2022,10,7,2
8045,2002,COURSE5,,Absent,2022,6,13,1
8046,2356,COURSE45,,Present,2020,8,15,1
8047,1266,COURSE27,,Absent,2020,8,27,5
8048,2988,COURSE49,,Present,2022,5,30,0
8049,2154,COURSE46,,Present,2020,6,5,2
8050,2925,COURSE21,,Absent,2022,6,25,0
8051,2862,COURSE10,,Absent,2023,2,27,4
8052,2606,COURSE18,,Absent,2024,6,16,0
8053,1741,COURSE14,,Absent,2020,6,22,0
8054,1298,COURSE41,,Absent,2020,9,10,0
8055,1608,COURSE6,,Present,2023,9,20,2
8056,1051,COURSE22,,Present,2022,6,10,6
8057,1476,COURSE50,,Present,2024,5,28,1
8058,2419,COURSE44,,Absent,2021,10,23,5
8059,1003,COURSE50,,Absent,2024,4,3,3
8060,2577,COURSE23,,Absent,2020,2,3,1
8061,2077,COURSE20,,Present,2021,12,13,1
8062,2912,COURSE32,,Present,2021,8,29,4
8063,2794,COURSE43,,Present,2023,1,26,0
8064,1289,COURSE49,,Present,2020,10,13,5
8065,1046,COURSE22,,Present,2021,7,3,3
8066,2497,COURSE33,,Present,2020,10,16,3
8067,1130,COURSE22,,Present,2024,6,25,2
8068,2327,COURSE49,,Present,2020,2,24,5
8069,1449,COURSE24,,Absent,2024,4,12,5
8070,2443,COURSE46,,Absent,2022,4,21,5
8071,1970,COURSE9,,Present,2020,5,26,4
8072,2603,COURSE33,,Absent,2020,4,4,2
8073,1745,COURSE29,,Absent,2024,10,24,2
8074,2207,COURSE41,,Present,2022,12,9,1
8075,2462,COURSE33,,Absent,2020,10,24,5
8076,2416,COURSE7,,Absent,2021,12,21,1
8077,2652,COURSE35,,Present,2022,9,6,0
8078,2427,COURSE49,,Absent,2022,8,15,4
8079,2014,COURSE25,,Absent,2020,11,10,6
8080,1286,COURSE2,,Absent,2023,11,17,0
8081,2249,COURSE6,,Absent,2024,6,2,3
8082,2510,COURSE34,,Present,2023,12,17,4
8083,2586,COURSE34,,Present,2023,4,13,1
8084,1490,COURSE3,,Absent,2022,4,23,3
8085,2266,COURSE17,,Absent,2023,5,2,1
8086,2923,COURSE43,,Absent,2024,5,3,2
8087,2978,COURSE25,,Absent,2024,6,5,4
8088,2356,COURSE10,,Absent,2020,12,12,1
8089,1409,COURSE10,,Absent,2020,2,15,2
8090,2869,COURSE24,,Absent,2022,4,4,4
8091,2271,COURSE20,,Present,2022,11,29,5
8092,2910,COURSE26,,Absent,2023,8,10,0
8093,1369,COURSE35,,Present,2024,10,23,6
8094,1696,COURSE2,,Absent,2024,7,3,2
8095,2458,COURSE33,,Present,2020,3,24,1
8096,1357,COURSE22,,Absent,2022,4,11,2
8097,1553,COURSE31,,Absent,2023,7,10,1
8098,2904,COURSE13,,Present,2022,9,12,0
8099,2717,COURSE11,,Present,2024,10,26,4
8100,1710,COURSE25,,Present,2022,9,11,1
8101,1498,COURSE49,,Present,2020,9,10,2
8102,1296,COURSE41,,Absent,2024,10,31,4
8103,2363,COURSE16,,Absent,2022,9,25,1
8104,1973,COURSE25,,Present,2023,10,14,2
8105,2153,COURSE17,,Present,2023,8,12,3
8106,2033,COURSE22,,Present,2022,3,5,4
8107,1098,COURSE27,,Absent,2024,6,6,0
8108,1443,COURSE47,,Absent,2024,4,3,0
8109,1001,COURSE34,,Absent,2020,12,22,4
8110,1978,COURSE2,,Present,2020,12,2,5
8111,2522,COURSE36,,Present,2021,3,8,4
8112,2391,COURSE20,,Present,2021,9,23,2
8113,1234,COURSE9,,Present,2021,2,21,1
8114,2042,COURSE30,,Present,2024,9,10,4
8115,1259,COURSE13,,Present,2023,9,11,5
8116,1376,COURSE24,,Absent,2020,10,8,0
8117,2992,COURSE9,,Absent,2024,9,13,6
8118,2365,COURSE2,,Absent,2023,7,13,3
8119,2156,COURSE36,,Absent,2024,9,12,5
8120,1737,COURSE46,,Present,2023,8,24,6
8121,1383,COURSE29,,Absent,2023,5,9,0
8122,2809,COURSE14,,Present,2023,3,7,2
8123,1312,COURSE24,,Present,2024,2,28,6
8124,1046,COURSE10,,Absent,2022,9,10,0
8125,2712,COURSE3,,Present,2021,3,7,0
8126,2480,COURSE17,,Absent,2022,1,24,1
8127,1955,COURSE13,,Present,2020,9,8,6
8128,2147,COURSE16,,Absent,2022,3,13,6
8129,2866,COURSE45,,Present,2021,6,10,5
8130,1007,COURSE1,,Present,2024,12,25,1
8131,2274,COURSE19,,Absent,2023,10,30,2
8132,2808,COURSE34,,Absent,2020,8,29,5
8133,1202,COURSE17,,Present,2020,1,12,3
8134,1386,COURSE31,,Present,2023,1,18,3
8135,2664,COURSE12,,Absent,2024,7,30,6
8136,1622,COURSE16,,Absent,2024,10,4,3
8137,1672,COURSE19,,Present,2020,3,2,3
8138,1774,COURSE44,,Present,2021,6,3,5
8139,1580,COURSE17,,Absent,2022,1,12,4
8140,1667,COURSE17,,Absent,2022,7,12,1
8141,2739,COURSE15,,Absent,2020,7,13,0
8142,2472,COURSE45,,Absent,2024,10,2,0
8143,2018,COURSE8,,Absent,2021,5,29,6
8144,1083,COURSE35,,Absent,2020,9,20,5
8145,2824,COURSE3,,Absent,2022,1,13,0
8146,1719,COURSE46,,Absent,2021,1,29,5
8147,2823,COURSE22,,Absent,2020,6,13,5
8148,2925,COURSE47,,Absent,2022,2,26,2
8149,2007,COURSE44,,Present,2023,8,28,1
8150,2055,COURSE26,,Present,2023,1,23,5
8151,2880,COURSE47,,Absent,2024,7,14,1
8152,1460,COURSE16,,Present,2024,3,12,0
8153,1537,COURSE49,,Present,2020,4,18,1
8154,1182,COURSE31,,Absent,2023,2,21,2
8155,1829,COURSE45,,Absent,2020,7,27,5
8156,2440,COURSE38,,Present,2024,12,25,6
8157,2447,COURSE40,,Present,2023,4,9,2
8158,2247,COURSE17,,Present,2022,11,8,6
8159,2273,COURSE7,,Present,2020,9,29,6
8160,1510,COURSE48,,Absent,2020,11,5,3
8161,2326,COURSE38,,Present,2021,12,30,3
8162,1941,COURSE43,,Present,2022,7,14,2
8163,2299,COURSE47,,Absent,2024,11,14,0
8164,1930,COURSE49,,Present,2024,3,20,2
8165,1044,COURSE46,,Present,2024,12,21,4
8166,1483,COURSE17,,Absent,2023,12,8,6
8167,1594,COURSE22,,Present,2024,6,6,3
8168,2481,COURSE37,,Present,2021,2,2,1
8169,1424,COURSE33,,Absent,2020,7,14,6
8170,1858,COURSE32,,Present,2022,7,21,1
8171,1089,COURSE9,,Absent,2024,5,6,5
8172,2589,COURSE8,,Absent,2024,6,23,4
8173,1546,COURSE47,,Present,2024,5,24,0
8174,2047,COURSE19,,Absent,2021,8,7,4
8175,2391,COURSE29,,Absent,2024,7,21,2
8176,1466,COURSE19,,Present,2023,4,27,1
8177,1479,COURSE20,,Absent,2020,9,27,4
8178,2088,COURSE4,,Present,2021,10,18,4
8179,2608,COURSE13,,Absent,2023,7,31,4
8180,1817,COURSE26,,Absent,2020,5,10,5
8181,1479,COURSE33,,Absent,2022,1,13,2
8182,1956,COURSE5,,Present,2021,2,29,0
8183,2138,COURSE38,,Present,2022,12,30,6
8184,2021,COURSE9,,Absent,2023,8,14,0
8185,1452,COURSE17,,Present,2024,8,23,0
8186,1338,COURSE15,,Absent,2020,7,19,4
8187,2462,COURSE36,,Absent,2021,9,23,1
8188,1275,COURSE5,,Present,2020,4,6,2
8189,2913,COURSE5,,Absent,2020,9,14,1
8190,1560,COURSE13,,Present,2024,10,18,3
8191,2271,COURSE25,,Present,2022,3,9,2
8192,1456,COURSE18,,Absent,2022,8,18,5
8193,2015,COURSE17,,Absent,2024,9,10,1
8194,1169,COURSE41,,Present,2021,3,13,3
8195,2151,COURSE21,,Absent,2022,5,26,3
8196,1052,COURSE24,,Present,2022,7,11,5
8197,2382,COURSE8,,Present,2022,8,2,4
8198,1838,COURSE42,,Absent,2021,9,1,3
8199,2965,COURSE8,,Present,2023,11,5,4
8200,2262,COURSE47,,Absent,2023,9,20,4
8201,1511,COURSE32,,Present,2020,9,16,2
8202,1959,COURSE42,,Present,2020,6,20,3
8203,1544,COURSE19,,Present,2020,7,21,4
8204,2222,COURSE15,,Present,2022,2,31,1
8205,1775,COURSE11,,Absent,2020,8,11,4
8206,2482,COURSE4,,Absent,2023,8,1,2
8207,2588,COURSE20,,Present,2022,1,21,5
8208,2444,COURSE28,,Absent,2020,5,11,5
8209,1282,COURSE4,,Absent,2022,6,31,2
8210,2068,COURSE43,,Absent,2022,6,20,5
8211,2252,COURSE38,,Absent,2020,6,8,2
8212,1929,COURSE20,,Absent,2020,5,24,5
8213,1287,COURSE10,,Present,2022,7,3,6
8214,1579,COURSE19,,Present,2024,6,28,1
8215,1430,COURSE24,,Present,2021,10,26,2
8216,1894,COURSE24,,Absent,2024,9,6,0
8217,2399,COURSE42,,Present,2021,12,20,4
8218,2236,COURSE39,,Absent,2024,11,2,4
8219,2944,COURSE48,,Present,2024,7,14,4
8220,2677,COURSE16,,Present,2020,4,6,3
8221,1762,COURSE27,,Absent,2023,9,22,6
8222,2560,COURSE25,,Absent,2021,8,28,1
8223,1706,COURSE1,,Present,2020,9,20,1
8224,1588,COURSE44,,Absent,2020,2,2,3
8225,1018,COURSE4,,Present,2020,1,2,4
8226,2366,COURSE24,,Absent,2023,8,16,0
8227,2897,COURSE37,,Present,2021,3,4,5
8228,2622,COURSE36,,Absent,2022,9,6,5
8229,2022,COURSE3,,Absent,2023,6,21,4
8230,2214,COURSE12,,Present,2023,3,5,4
8231,1214,COURSE43,,Present,2024,6,17,1
8232,2941,COURSE44,,Absent,2024,9,29,0
8233,2683,COURSE42,,Absent,2024,3,10,5
8234,1925,COURSE37,,Absent,2024,2,11,0
8235,2736,COURSE12,,Absent,2020,9,7,5
8236,2483,COURSE22,,Absent,2023,6,22,4
8237,2480,COURSE35,,Present,2022,10,16,3
8238,2012,COURSE30,,Absent,2020,2,19,4
8239,1676,COURSE36,,Present,2024,6,3,3
8240,2027,COURSE50,,Present,2021,1,8,2
8241,1681,COURSE35,,Present,2023,3,11,6
8242,1790,COURSE21,,Present,2022,8,19,2
8243,1839,COURSE22,,Absent,2022,5,19,6
8244,1263,COURSE22,,Present,2024,8,12,3
8245,1864,COURSE49,,Present,2021,1,6,2
8246,1346,COURSE39,,Absent,2024,12,13,3
8247,1288,COURSE14,,Present,2024,4,30,4
8248,2173,COURSE47,,Absent,2021,7,17,1
8249,1907,COURSE22,,Absent,2022,12,12,3
8250,1030,COURSE8,,Absent,2022,10,20,1
8251,1613,COURSE30,,Present,2023,9,27,6
8252,1676,COURSE2,,Present,2023,7,26,3
8253,2097,COURSE10,,Absent,2024,7,31,1
8254,1154,COURSE13,,Absent,2020,7,20,1
8255,1551,COURSE16,,Present,2024,2,26,3
8256,2521,COURSE47,,Present,2020,4,29,4
8257,2212,COURSE46,,Absent,2022,6,2,0
8258,1091,COURSE19,,Present,2021,7,20,1
8259,1678,COURSE34,,Present,2024,9,9,1
8260,1444,COURSE11,,Absent,2023,1,23,4
8261,2338,COURSE25,,Absent,2020,9,2,5
8262,1903,COURSE3,,Present,2023,4,6,3
8263,1464,COURSE10,,Absent,2022,9,28,5
8264,1979,COURSE32,,Absent,2024,9,28,0
8265,1274,COURSE38,,Absent,2022,12,21,6
8266,1880,COURSE13,,Absent,2022,9,25,6
8267,2492,COURSE30,,Present,2020,2,27,0
8268,1199,COURSE30,,Absent,2024,5,10,5
8269,1763,COURSE10,,Absent,2023,3,13,0
8270,2174,COURSE27,,Present,2022,8,3,2
8271,1985,COURSE22,,Present,2022,7,25,4
8272,1392,COURSE45,,Present,2024,8,4,3
8273,1897,COURSE36,,Absent,2020,6,2,4
8274,1790,COURSE1,,Absent,2024,6,6,3
8275,1065,COURSE23,,Absent,2021,9,13,2
8276,2341,COURSE19,,Present,2024,7,29,4
8277,1988,COURSE6,,Present,2023,4,11,1
8278,1026,COURSE2,,Present,2022,10,4,0
8279,2999,COURSE17,,Absent,2023,4,27,5
8280,2612,COURSE15,,Present,2024,8,5,3
8281,1508,COURSE37,,Present,2020,7,5,1
8282,2160,COURSE18,,Present,2023,2,24,5
8283,1314,COURSE27,,Absent,2022,7,26,3
8284,2220,COURSE11,,Absent,2020,4,12,5
8285,2946,COURSE13,,Present,2020,4,25,1
8286,2163,COURSE48,,Present,2023,4,12,5
8287,1377,COURSE22,,Present,2023,9,5,4
8288,2181,COURSE47,,Present,2022,4,4,3
8289,1400,COURSE46,,Absent,2020,8,4,4
8290,1582,COURSE34,,Present,2023,8,16,4
8291,1752,COURSE26,,Present,2024,5,16,1
8292,2045,COURSE20,,Present,2023,4,8,0
8293,1404,COURSE1,,Absent,2020,12,22,3
8294,2784,COURSE6,,Absent,2022,6,9,5
8295,1802,COURSE7,,Present,2020,10,23,1
8296,1430,COURSE13,,Absent,2020,6,4,3
8297,2123,COURSE22,,Absent,2022,4,25,0
8298,1009,COURSE31,,Absent,2024,7,3,5
8299,2276,COURSE34,,Absent,2021,10,23,4
8300,1948,COURSE40,,Absent,2023,2,6,6
8301,1826,COURSE23,,Absent,2022,4,24,1
8302,1205,COURSE15,,Present,2020,5,7,1
8303,1983,COURSE24,,Absent,2024,6,13,1
8304,2607,COURSE32,,Absent,2021,3,20,0
8305,1265,COURSE33,,Present,2024,4,23,3
8306,1761,COURSE27,,Absent,2021,8,26,5
8307,1535,COURSE40,,Absent,2021,10,29,4
8308,2840,COURSE48,,Absent,2023,5,18,1
8309,1871,COURSE17,,Absent,2020,7,8,1
8310,1446,COURSE40,,Present,2020,3,21,0
8311,2061,COURSE12,,Present,2021,1,23,1
8312,2902,COURSE22,,Absent,2021,6,30,4
8313,1908,COURSE8,,Absent,2024,11,18,2
8314,1842,COURSE46,,Present,2022,8,13,5
8315,1107,COURSE4,,Present,2023,8,30,0
8316,2234,COURSE47,,Present,2023,6,12,2
8317,1878,COURSE40,,Absent,2022,11,20,0
8318,1087,COURSE22,,Absent,2023,5,9,6
8319,2606,COURSE20,,Present,2022,11,26,6
8320,2859,COURSE26,,Present,2024,10,16,0
8321,2251,COURSE22,,Absent,2023,1,10,2
8322,2553,COURSE15,,Present,2023,11,11,2
8323,1864,COURSE10,,Absent,2020,1,10,5
8324,1111,COURSE4,,Present,2020,1,30,1
8325,1446,COURSE36,,Absent,2022,2,26,5
8326,1118,COURSE16,,Present,2023,5,19,2
8327,1187,COURSE26,,Absent,2021,12,9,2
8328,1627,COURSE14,,Present,2021,9,16,2
8329,1227,COURSE39,,Absent,2022,6,26,3
8330,1289,COURSE12,,Present,2020,12,31,0
8331,2451,COURSE31,,Absent,2020,11,12,0
8332,1109,COURSE3,,Absent,2023,12,22,5
8333,1646,COURSE4,,Absent,2023,11,8,4
8334,1276,COURSE30,,Absent,2023,5,17,2
8335,2323,COURSE41,,Present,2022,11,6,2
8336,2984,COURSE49,,Absent,2020,4,27,5
8337,2194,COURSE36,,Absent,2023,10,10,5
8338,2833,COURSE49,,Present,2020,12,25,6
8339,1544,COURSE2,,Present,2024,6,22,2
8340,1925,COURSE17,,Absent,2020,6,30,4
8341,2383,COURSE47,,Present,2022,1,10,5
8342,2192,COURSE24,,Absent,2024,1,23,0
8343,2348,COURSE38,,Present,2020,10,10,2
8344,1340,COURSE28,,Absent,2021,9,25,3
8345,1868,COURSE16,,Absent,2024,4,16,2
8346,2131,COURSE42,,Absent,2022,8,29,6
8347,2546,COURSE38,,Absent,2021,8,6,0
8348,2346,COURSE6,,Present,2022,2,21,2
8349,2472,COURSE44,,Present,2021,12,8,4
8350,2259,COURSE19,,Present,2022,8,11,0
8351,1964,COURSE44,,Absent,2024,8,14,0
8352,2042,COURSE36,,Absent,2024,6,31,1
8353,2915,COURSE8,,Absent,2023,7,23,2
8354,2840,COURSE8,,Present,2023,4,5,3
8355,2945,COURSE32,,Absent,2023,9,23,3
8356,2227,COURSE26,,Absent,2022,1,26,3
8357,1771,COURSE10,,Present,2022,6,22,4
8358,1998,COURSE33,,Present,2023,4,19,5
8359,1651,COURSE3,,Present,2023,6,16,5
8360,1062,COURSE28,,Absent,2024,10,14,6
8361,1993,COURSE45,,Present,2023,10,11,2
8362,1219,COURSE40,,Present,2020,4,16,4
8363,1901,COURSE19,,Absent,2024,6,31,3
8364,2937,COURSE2,,Present,2022,3,12,4
8365,2666,COURSE45,,Absent,2020,12,2,0
8366,1876,COURSE7,,Present,2020,1,31,6
8367,2009,COURSE45,,Present,2022,3,16,0
8368,2220,COURSE40,,Present,2021,12,7,4
8369,1921,COURSE10,,Present,2021,10,2,0
8370,1897,COURSE30,,Absent,2023,6,17,1
8371,1012,COURSE46,,Present,2021,7,10,5
8372,2210,COURSE8,,Absent,2020,4,17,6
8373,1050,COURSE36,,Absent,2023,7,23,1
8374,1862,COURSE22,,Absent,2024,9,26,2
8375,1827,COURSE41,,Absent,2021,2,25,4
8376,1192,COURSE15,,Absent,2020,4,3,5
8377,1527,COURSE24,,Absent,2021,5,19,0
8378,2341,COURSE37,,Absent,2022,4,23,5
8379,1724,COURSE32,,Absent,2020,9,19,0
8380,2295,COURSE30,,Present,2020,5,21,0
8381,1497,COURSE21,,Absent,2023,10,5,0
8382,1973,COURSE42,,Absent,2021,2,19,6
8383,1961,COURSE35,,Present,2024,6,11,2
8384,1325,COURSE34,,Absent,2023,12,13,2
8385,2717,COURSE11,,Absent,2021,7,17,5
8386,1791,COURSE9,,Present,2023,12,23,4
8387,1119,COURSE27,,Present,2021,8,8,3
8388,1048,COURSE4,,Absent,2023,8,2,5
8389,1068,COURSE39,,Present,2023,7,7,5
8390,1673,COURSE36,,Absent,2024,5,10,5
8391,1078,COURSE17,,Present,2023,9,24,4
8392,1735,COURSE32,,Absent,2024,3,20,1
8393,2070,COURSE13,,Present,2022,12,7,5
8394,2021,COURSE33,,Absent,2020,1,27,4
8395,1464,COURSE12,,Absent,2020,12,2,4
8396,2519,COURSE12,,Absent,2023,12,26,1
8397,2962,COURSE24,,Present,2024,1,7,1
8398,2981,COURSE36,,Absent,2023,10,23,0
8399,2700,COURSE18,,Present,2021,5,25,1
8400,2835,COURSE12,,Absent,2020,9,9,3
8401,2078,COURSE3,,Absent,2022,5,16,1
8402,1236,COURSE4,,Absent,2020,12,28,4
8403,2347,COURSE28,,Present,2022,11,13,1
8404,1064,COURSE3,,Absent,2024,4,9,4
8405,2045,COURSE7,,Absent,2023,10,27,6
8406,1530,COURSE17,,Present,2022,2,4,6
8407,1383,COURSE15,,Present,2023,3,29,6
8408,2690,COURSE3,,Absent,2022,1,5,4
8409,2141,COURSE1,,Absent,2022,12,16,1
8410,1679,COURSE42,,Present,2020,12,30,5
8411,1149,COURSE40,,Present,2024,3,26,2
8412,1431,COURSE44,,Absent,2021,8,24,4
8413,1798,COURSE18,,Absent,2021,7,30,6
8414,1684,COURSE3,,Present,2020,6,27,1
8415,2863,COURSE35,,Absent,2023,8,12,1
8416,1826,COURSE3,,Absent,2021,8,6,1
8417,2496,COURSE7,,Absent,2023,12,29,0
8418,2049,COURSE33,,Present,2022,7,31,6
8419,2264,COURSE17,,Absent,2021,8,7,1
8420,2995,COURSE42,,Present,2022,4,15,5
8421,2782,COURSE14,,Absent,2024,2,19,4
8422,2413,COURSE5,,Absent,2022,4,7,4
8423,2050,COURSE3,,Absent,2021,8,28,3
8424,1218,COURSE34,,Absent,2024,9,12,4
8425,1308,COURSE10,,Absent,2023,1,29,4
8426,1699,COURSE4,,Present,2021,6,23,6
8427,2174,COURSE17,,Absent,2023,4,11,2
8428,2610,COURSE11,,Present,2021,2,24,0
8429,2794,COURSE27,,Absent,2020,12,13,6
8430,1654,COURSE36,,Present,2022,6,29,1
8431,2802,COURSE1,,Absent,2021,10,27,5
8432,1433,COURSE14,,Present,2023,10,26,3
8433,1391,COURSE6,,Absent,2024,3,10,3
8434,1988,COURSE6,,Absent,2021,4,24,0
8435,2379,COURSE44,,Present,2023,12,18,6
8436,2762,COURSE27,,Absent,2024,1,1,3
8437,2158,COURSE39,,Absent,2023,5,8,1
8438,2883,COURSE33,,Absent,2020,7,30,1
8439,2064,COURSE49,,Absent,2024,10,26,3
8440,2079,COURSE24,,Present,2023,6,25,0
8441,1774,COURSE11,,Present,2022,6,17,0
8442,1008,COURSE41,,Absent,2020,12,30,4
8443,1637,COURSE10,,Present,2021,6,18,6
8444,1638,COURSE38,,Present,2021,4,27,2
8445,2103,COURSE33,,Absent,2023,7,26,4
8446,2430,COURSE15,,Present,2021,3,10,3
8447,1070,COURSE46,,Absent,2021,2,14,1
8448,1981,COURSE3,,Absent,2023,1,28,4
8449,1755,COURSE23,,Present,2024,8,20,6
8450,1398,COURSE18,,Present,2022,11,13,1
8451,2983,COURSE40,,Absent,2021,12,24,5
8452,1002,COURSE33,,Absent,2023,10,31,4
8453,1390,COURSE35,,Absent,2021,12,24,5
8454,1084,COURSE37,,Present,2021,10,22,6
8455,1214,COURSE18,,Present,2020,10,5,3
8456,2071,COURSE43,,Present,2021,6,2,6
8457,2360,COURSE20,,Present,2020,9,2,1
8458,1608,COURSE47,,Present,2022,3,25,3
8459,2178,COURSE23,,Present,2022,2,25,1
8460,1307,COURSE9,,Present,2020,6,6,3
8461,2461,COURSE22,,Absent,2021,12,22,1
8462,2325,COURSE16,,Absent,2023,8,20,4
8463,1200,COURSE11,,Present,2024,2,17,5
8464,1560,COURSE40,,Absent,2023,1,6,6
8465,1128,COURSE43,,Present,2022,8,8,2
8466,2988,COURSE6,,Absent,2020,11,3,6
8467,1557,COURSE41,,Present,2022,10,17,0
8468,1691,COURSE41,,Present,2021,12,10,3
8469,1907,COURSE13,,Absent,2023,4,5,5
8470,2729,COURSE13,,Absent,2021,12,13,2
8471,2368,COURSE45,,Present,2021,5,3,5
8472,2194,COURSE25,,Present,2024,1,26,5
8473,2716,COURSE29,,Present,2022,11,5,2
8474,2060,COURSE36,,Present,2022,9,31,4
8475,2699,COURSE34,,Absent,2021,5,31,0
8476,1570,COURSE17,,Present,2023,1,24,2
8477,2227,COURSE23,,Absent,2021,10,12,6
8478,1440,COURSE39,,Absent,2023,5,23,0
8479,2258,COURSE8,,Absent,2021,9,15,5
8480,1674,COURSE2,,Present,2022,9,21,1
8481,1927,COURSE39,,Absent,2023,9,2,6
8482,1340,COURSE17,,Absent,2021,12,27,2
8483,1635,COURSE36,,Absent,2020,10,18,6
8484,1824,COURSE29,,Absent,2020,1,7,0
8485,2993,COURSE14,,Present,2021,11,5,4
8486,2032,COURSE46,,Present,2023,8,24,2
8487,1493,COURSE16,,Absent,2022,11,13,6
8488,1632,COURSE39,,Present,2024,3,20,3
8489,1382,COURSE20,,Present,2021,9,13,1
8490,2271,COURSE31,,Present,2021,5,11,0
8491,1178,COURSE29,,Absent,2024,11,21,3
8492,1486,COURSE22,,Present,2021,12,22,1
8493,1366,COURSE22,,Present,2024,8,8,2
8494,2162,COURSE8,,Present,2022,12,7,2
8495,1282,COURSE18,,Present,2024,11,17,2
8496,2029,COURSE1,,Present,2020,9,26,2
8497,1788,COURSE40,,Present,2023,1,25,5
8498,2807,COURSE4,,Present,2024,3,13,4
8499,2383,COURSE34,,Absent,2020,9,29,2
8500,1159,COURSE2,,Absent,2023,5,5,4
8501,2109,COURSE28,,Absent,2024,4,25,4
8502,2954,COURSE2,,Absent,2021,5,19,2
8503,1076,COURSE37,,Present,2023,4,14,6
8504,1477,COURSE47,,Present,2021,2,26,5
8505,2057,COURSE39,,Present,2020,3,10,3
8506,1119,COURSE33,,Present,2024,8,23,0
8507,2036,COURSE9,,Present,2022,11,10,0
8508,2692,COURSE20,,Present,2022,4,7,2
8509,2594,COURSE46,,Present,2020,8,30,2
8510,1635,COURSE45,,Present,2024,9,30,4
8511,2731,COURSE3,,Present,2023,11,10,0
8512,1727,COURSE6,,Absent,2020,7,25,5
8513,1686,COURSE7,,Present,2024,6,2,3
8514,2983,COURSE4,,Present,2020,10,18,0
8515,1590,COURSE38,,Absent,2020,4,23,5
8516,1752,COURSE28,,Absent,2022,8,2,2
8517,1511,COURSE43,,Absent,2020,10,4,3
8518,2724,COURSE45,,Present,2022,9,7,6
8519,1018,COURSE22,,Absent,2023,2,8,2
8520,2422,COURSE46,,Absent,2021,2,27,0
8521,2754,COURSE3,,Absent,2023,8,27,5
8522,2478,COURSE29,,Present,2024,7,16,4
8523,2973,COURSE42,,Present,2023,5,4,0
8524,1705,COURSE31,,Absent,2020,9,8,2
8525,2245,COURSE14,,Absent,2021,12,19,6
8526,1773,COURSE26,,Present,2020,8,20,4
8527,1071,COURSE26,,Absent,2020,11,25,1
8528,2838,COURSE9,,Absent,2023,11,18,0
8529,1845,COURSE39,,Absent,2020,8,2,5
8530,1038,COURSE47,,Absent,2021,7,12,4
8531,1948,COURSE40,,Present,2023,6,20,0
8532,1026,COURSE13,,Absent,2021,5,17,2
8533,2836,COURSE18,,Present,2020,2,13,3
8534,1037,COURSE27,,Absent,2021,10,7,3
8535,2942,COURSE32,,Present,2020,8,9,4
8536,2570,COURSE14,,Absent,2020,6,30,2
8537,1698,COURSE26,,Absent,2020,2,28,3
8538,2645,COURSE17,,Present,2022,3,26,3
8539,2214,COURSE24,,Present,2021,8,30,5
8540,2025,COURSE47,,Present,2021,10,18,1
8541,1990,COURSE49,,Present,2020,8,31,6
8542,2538,COURSE47,,Present,2024,7,13,5
8543,2042,COURSE11,,Absent,2024,10,22,4
8544,1263,COURSE7,,Present,2021,9,23,0
8545,1951,COURSE34,,Absent,2023,8,6,2
8546,2656,COURSE6,,Absent,2024,12,24,1
8547,1110,COURSE3,,Absent,2021,1,12,5
8548,1121,COURSE14,,Absent,2022,8,16,1
8549,2336,COURSE14,,Present,2021,4,18,2
8550,1601,COURSE28,,Absent,2022,8,2,0
8551,1573,COURSE6,,Absent,2021,1,4,2
8552,2219,COURSE24,,Present,2022,9,30,2
8553,2172,COURSE36,,Present,2022,10,23,2
8554,2449,COURSE43,,Absent,2024,5,20,3
8555,2226,COURSE24,,Absent,2023,6,3,2
8556,1313,COURSE27,,Present,2022,2,3,1
8557,2462,COURSE42,,Absent,2023,9,16,3
8558,1279,COURSE9,,Absent,2024,10,23,4
8559,1630,COURSE4,,Present,2020,1,11,3
8560,2766,COURSE24,,Present,2023,7,5,5
8561,1480,COURSE22,,Absent,2022,2,12,5
8562,2341,COURSE15,,Present,2020,9,16,5
8563,2051,COURSE28,,Absent,2020,4,29,5
8564,1270,COURSE31,,Absent,2023,10,26,3
8565,2377,COURSE26,,Present,2021,9,21,2
8566,2962,COURSE39,,Absent,2024,4,5,6
8567,1245,COURSE25,,Absent,2023,7,11,5
8568,1763,COURSE20,,Present,2021,3,25,6
8569,1164,COURSE22,,Absent,2022,10,18,1
8570,2379,COURSE49,,Absent,2022,3,25,0
8571,1781,COURSE6,,Absent,2022,12,20,2
8572,2184,COURSE46,,Absent,2021,6,10,4
8573,1841,COURSE24,,Absent,2021,9,9,4
8574,2779,COURSE2,,Absent,2023,11,19,0
8575,1234,COURSE48,,Present,2021,2,15,4
8576,2034,COURSE47,,Absent,2024,10,24,4
8577,2982,COURSE39,,Absent,2020,10,5,2
8578,2602,COURSE9,,Present,2022,1,7,1
8579,1341,COURSE48,,Absent,2020,8,29,2
8580,1672,COURSE5,,Absent,2024,6,20,5
8581,1356,COURSE14,,Present,2023,3,1,0
8582,1723,COURSE43,,Absent,2022,1,31,0
8583,2589,COURSE12,,Absent,2021,6,6,5
8584,1448,COURSE41,,Absent,2022,5,25,5
8585,1704,COURSE21,,Absent,2022,4,20,2
8586,2363,COURSE12,,Present,2020,3,15,5
8587,2322,COURSE36,,Absent,2023,1,30,2
8588,2279,COURSE46,,Present,2020,7,29,3
8589,1291,COURSE42,,Present,2022,4,30,1
8590,1722,COURSE26,,Present,2022,6,14,5
8591,1126,COURSE37,,Present,2022,12,9,3
8592,2781,COURSE4,,Present,2021,11,19,3
8593,2900,COURSE15,,Absent,2021,8,28,5
8594,2028,COURSE41,,Absent,2021,3,20,3
8595,2108,COURSE46,,Absent,2022,8,11,4
8596,2419,COURSE33,,Present,2022,8,22,0
8597,2047,COURSE8,,Absent,2024,3,28,5
8598,2287,COURSE19,,Present,2024,7,8,2
8599,1018,COURSE1,,Absent,2023,5,18,5
8600,2282,COURSE36,,Present,2021,6,13,1
8601,2597,COURSE3,,Absent,2021,4,6,5
8602,1288,COURSE46,,Present,2023,5,20,5
8603,2629,COURSE1,,Absent,2024,8,29,5
8604,1268,COURSE15,,Absent,2020,8,30,1
8605,1823,COURSE29,,Present,2024,7,8,5
8606,2908,COURSE16,,Absent,2024,10,29,4
8607,1574,COURSE19,,Absent,2022,10,6,1
8608,2052,COURSE41,,Present,2020,7,25,2
8609,1715,COURSE23,,Absent,2021,6,1,3
8610,2064,COURSE46,,Absent,2023,3,14,4
8611,1112,COURSE6,,Present,2023,8,4,0
8612,1949,COURSE11,,Absent,2023,4,10,1
8613,2445,COURSE16,,Present,2022,12,22,5
8614,1840,COURSE21,,Present,2020,8,23,3
8615,1238,COURSE33,,Present,2020,1,11,0
8616,2423,COURSE5,,Absent,2022,11,28,3
8617,2858,COURSE27,,Present,2020,2,23,2
8618,2163,COURSE3,,Present,2024,11,13,3
8619,1388,COURSE22,,Present,2021,12,30,4
8620,2445,COURSE39,,Absent,2021,1,8,5
8621,2835,COURSE35,,Present,2024,12,25,5
8622,1656,COURSE24,,Present,2020,8,30,2
8623,2709,COURSE2,,Present,2023,8,15,6
8624,2280,COURSE20,,Absent,2023,12,29,3
8625,1295,COURSE18,,Absent,2023,9,4,5
8626,1628,COURSE4,,Present,2024,12,29,3
8627,2388,COURSE35,,Absent,2023,8,24,2
8628,1463,COURSE17,,Present,2023,4,13,0
8629,1580,COURSE42,,Present,2020,10,7,1
8630,2134,COURSE17,,Absent,2024,6,1,6
8631,2549,COURSE13,,Absent,2020,4,3,1
8632,1659,COURSE41,,Absent,2022,5,10,0
8633,1010,COURSE40,,Present,2021,12,9,2
8634,2397,COURSE16,,Absent,2022,3,23,5
8635,2548,COURSE9,,Present,2022,6,2,4
8636,2631,COURSE30,,Present,2024,2,4,3
8637,2076,COURSE38,,Present,2024,9,24,2
8638,1714,COURSE4,,Present,2020,8,22,2
8639,2538,COURSE11,,Present,2024,9,10,0
8640,2140,COURSE6,,Present,2022,9,6,5
8641,2340,COURSE46,,Absent,2020,2,27,2
8642,2104,COURSE22,,Present,2021,9,22,1
8643,1883,COURSE42,,Present,2021,5,23,1
8644,2857,COURSE17,,Absent,2021,10,14,6
8645,1130,COURSE3,,Present,2024,5,22,1
8646,2466,COURSE46,,Present,2024,7,30,4
8647,2610,COURSE6,,Present,2022,7,24,4
8648,1751,COURSE18,,Present,2024,2,18,5
8649,1925,COURSE6,,Absent,2022,7,8,2
8650,2915,COURSE12,,Absent,2022,9,9,6
8651,1610,COURSE42,,Present,2022,8,17,1
8652,2324,COURSE8,,Present,2020,8,8,6
8653,2699,COURSE20,,Present,2021,12,2,1
8654,2811,COURSE26,,Present,2024,3,27,5
8655,1427,COURSE22,,Present,2023,9,5,1
8656,1342,COURSE49,,Present,2023,10,15,1
8657,1384,COURSE22,,Present,2022,9,12,4
8658,1953,COURSE8,,Absent,2021,12,8,4
8659,1308,COURSE2,,Absent,2023,9,30,5
8660,2746,COURSE6,,Absent,2023,12,17,4
8661,1592,COURSE12,,Absent,2024,9,23,5
8662,1509,COURSE5,,Absent,2021,10,14,3
8663,1371,COURSE46,,Absent,2023,12,22,1
8664,1723,COURSE3,,Present,2024,4,1,0
8665,1123,COURSE27,,Absent,2021,5,31,5
8666,2206,COURSE34,,Present,2023,8,18,0
8667,2902,COURSE18,,Present,2024,12,28,0
8668,1767,COURSE4,,Absent,2021,3,19,1
8669,2251,COURSE3,,Present,2024,2,20,4
8670,1853,COURSE17,,Present,2023,11,25,2
8671,1076,COURSE27,,Absent,2020,12,8,4
8672,1989,COURSE36,,Absent,2022,8,22,2
8673,2980,COURSE10,,Present,2020,6,8,1
8674,1615,COURSE8,,Absent,2023,8,9,2
8675,2215,COURSE43,,Present,2021,11,10,5
8676,2788,COURSE47,,Present,2020,11,24,4
8677,2000,COURSE25,,Present,2023,2,30,2
8678,2859,COURSE38,,Present,2024,5,30,2
8679,2099,COURSE22,,Present,2021,5,15,2
8680,1528,COURSE34,,Absent,2023,9,21,0
8681,2074,COURSE3,,Absent,2020,1,29,5
8682,2324,COURSE26,,Present,2023,6,11,4
8683,2472,COURSE39,,Present,2024,12,13,5
8684,2918,COURSE39,,Present,2024,1,8,2
8685,1112,COURSE24,,Absent,2023,1,7,2
8686,2386,COURSE46,,Present,2021,8,25,1
8687,2550,COURSE27,,Present,2023,10,27,6
8688,2168,COURSE12,,Absent,2022,3,2,2
8689,2566,COURSE7,,Present,2024,4,27,4
8690,1107,COURSE3,,Present,2021,7,6,5
8691,2822,COURSE7,,Absent,2023,10,22,0
8692,1902,COURSE20,,Present,2023,5,17,0
8693,2762,COURSE42,,Present,2024,10,7,2
8694,1162,COURSE48,,Present,2021,11,27,4
8695,2715,COURSE4,,Present,2020,10,14,3
8696,2621,COURSE29,,Present,2021,10,20,1
8697,1800,COURSE18,,Absent,2022,4,3,3
8698,2924,COURSE20,,Present,2021,9,27,2
8699,2038,COURSE38,,Absent,2020,6,21,6
8700,1694,COURSE43,,Present,2024,9,9,1
8701,2924,COURSE34,,Absent,2023,12,24,6
8702,2715,COURSE40,,Present,2024,9,10,4
8703,1678,COURSE30,,Present,2024,12,12,3
8704,2843,COURSE44,,Absent,2022,3,25,6
8705,1146,COURSE8,,Present,2023,3,30,5
8706,2066,COURSE16,,Present,2020,8,10,0
8707,1382,COURSE39,,Present,2020,10,22,0
8708,1107,COURSE7,,Absent,2023,4,29,3
8709,2854,COURSE3,,Absent,2023,7,31,1
8710,2652,COURSE39,,Present,2021,9,9,3
8711,1901,COURSE46,,Present,2021,9,15,4
8712,2478,COURSE39,,Present,2021,6,15,3
8713,1416,COURSE19,,Present,2024,5,20,1
8714,1616,COURSE12,,Absent,2021,4,14,6
8715,1598,COURSE48,,Absent,2021,11,27,2
8716,2178,COURSE18,,Present,2024,7,5,5
8717,1263,COURSE10,,Present,2024,3,23,0
8718,1176,COURSE35,,Present,2022,12,20,2
8719,2956,COURSE48,,Absent,2020,3,20,4
8720,1573,COURSE2,,Present,2020,3,2,5
8721,1285,COURSE42,,Absent,2024,2,27,5
8722,1279,COURSE4,,Present,2020,10,12,5
8723,1850,COURSE39,,Present,2020,9,10,1
8724,2718,COURSE10,,Present,2023,3,4,2
8725,1360,COURSE12,,Absent,2022,2,10,5
8726,2469,COURSE33,,Absent,2023,3,18,2
8727,2303,COURSE9,,Absent,2022,2,29,4
8728,2703,COURSE8,,Absent,2023,8,5,2
8729,2183,COURSE39,,Absent,2021,3,25,6
8730,2730,COURSE12,,Absent,2024,10,25,2
8731,2625,COURSE20,,Absent,2024,9,28,6
8732,2389,COURSE14,,Absent,2020,8,10,1
8733,2006,COURSE20,,Present,2023,10,17,3
8734,1062,COURSE48,,Present,2020,4,22,1
8735,1508,COURSE34,,Absent,2021,7,24,0
8736,1277,COURSE42,,Present,2023,1,11,1
8737,2079,COURSE19,,Absent,2021,11,9,6
8738,1277,COURSE43,,Absent,2021,12,30,6
8739,1888,COURSE13,,Present,2020,1,30,0
8740,1047,COURSE18,,Absent,2021,7,27,5
8741,2904,COURSE40,,Present,2021,4,1,1
8742,2779,COURSE17,,Absent,2024,2,29,2
8743,1670,COURSE28,,Present,2021,12,28,4
8744,2828,COURSE16,,Absent,2021,12,6,4
8745,2936,COURSE32,,Present,2021,4,19,5
8746,1684,COURSE28,,Present,2022,7,15,5
8747,1237,COURSE18,,Absent,2021,4,5,0
8748,2898,COURSE35,,Absent,2024,7,26,3
8749,2840,COURSE9,,Present,2021,6,25,4
8750,2849,COURSE50,,Absent,2023,4,9,3
8751,1452,COURSE24,,Present,2024,1,2,1
8752,1264,COURSE45,,Absent,2023,1,13,1
8753,1856,COURSE40,,Present,2022,10,16,0
8754,2617,COURSE32,,Absent,2020,6,30,0
8755,2319,COURSE19,,Present,2023,2,22,1
8756,1481,COURSE31,,Absent,2022,3,13,5
8757,2429,COURSE19,,Absent,2022,8,19,4
8758,2545,COURSE31,,Present,2021,6,11,5
8759,1590,COURSE12,,Present,2024,10,21,5
8760,2088,COURSE36,,Absent,2022,5,1,2
8761,1249,COURSE3,,Present,2022,8,9,5
8762,2855,COURSE18,,Present,2024,9,15,2
8763,2948,COURSE6,,Absent,2020,9,9,1
8764,1175,COURSE32,,Absent,2023,7,2,0
8765,2549,COURSE46,,Present,2020,12,30,0
8766,1619,COURSE2,,Present,2024,10,30,2
8767,2748,COURSE18,,Present,2022,4,17,4
8768,2408,COURSE28,,Absent,2023,1,20,5
8769,2052,COURSE50,,Present,2022,9,25,3
8770,1454,COURSE13,,Absent,2020,4,22,3
8771,2666,COURSE24,,Absent,2022,3,14,2
8772,2333,COURSE1,,Present,2023,2,15,2
8773,1695,COURSE33,,Absent,2023,3,23,4
8774,2948,COURSE27,,Present,2023,11,3,2
8775,2191,COURSE24,,Absent,2023,9,30,5
8776,2312,COURSE31,,Absent,2023,7,17,5
8777,1443,COURSE17,,Absent,2023,3,11,5
8778,2361,COURSE17,,Present,2023,2,15,6
8779,1241,COURSE45,,Present,2024,12,7,0
8780,2030,COURSE38,,Absent,2022,10,10,0
8781,1667,COURSE36,,Present,2022,9,26,1
8782,1467,COURSE38,,Present,2022,6,3,1
8783,2419,COURSE14,,Present,2024,5,14,6
8784,1807,COURSE28,,Absent,2022,11,9,4
8785,1634,COURSE45,,Absent,2020,1,26,5
8786,2850,COURSE20,,Absent,2022,5,2,2
8787,2565,COURSE6,,Present,2023,12,24,1
8788,2353,COURSE14,,Absent,2023,2,23,3
8789,1801,COURSE49,,Absent,2020,8,24,0
8790,2753,COURSE27,,Absent,2023,1,17,0
8791,2184,COURSE16,,Absent,2021,7,23,1
8792,2196,COURSE44,,Present,2021,9,2,4
8793,1390,COURSE28,,Present,2020,9,28,0
8794,2003,COURSE42,,Absent,2020,2,6,6
8795,1186,COURSE39,,Present,2023,1,3,6
8796,2285,COURSE31,,Absent,2021,2,10,1
8797,1912,COURSE20,,Present,2021,9,12,1
8798,1277,COURSE7,,Absent,2024,6,13,0
8799,1816,COURSE31,,Present,2022,7,14,1
8800,2846,COURSE33,,Absent,2023,8,2,6
8801,2614,COURSE40,,Absent,2024,7,4,0
8802,1810,COURSE17,,Present,2024,12,13,1
8803,2162,COURSE47,,Present,2023,5,11,5
8804,1764,COURSE36,,Present,2023,6,20,3
8805,1786,COURSE46,,Absent,2023,1,1,4
8806,2964,COURSE38,,Absent,2021,10,24,4
8807,1801,COURSE29,,Absent,2020,5,20,2
8808,1025,COURSE8,,Present,2023,1,17,6
8809,2793,COURSE11,,Absent,2021,4,27,0
8810,2155,COURSE3,,Present,2024,8,19,0
8811,2940,COURSE44,,Present,2020,8,8,1
8812,1025,COURSE40,,Absent,2024,2,2,5
8813,1641,COURSE2,,Present,2023,3,10,1
8814,1148,COURSE46,,Absent,2021,8,2,5
8815,1977,COURSE5,,Present,2022,9,8,2
8816,2664,COURSE20,,Present,2020,1,31,2
8817,2250,COURSE32,,Present,2022,10,22,5
8818,2523,COURSE20,,Present,2020,9,24,0
8819,1031,COURSE31,,Absent,2024,3,7,6
8820,2080,COURSE2,,Absent,2024,11,30,2
8821,1106,COURSE46,,Present,2020,5,27,0
8822,1069,COURSE13,,Absent,2020,11,13,6
8823,2798,COURSE17,,Absent,2021,9,16,6
8824,2236,COURSE2,,Present,2020,12,9,1
8825,1136,COURSE35,,Present,2023,12,12,4
8826,2601,COURSE44,,Absent,2024,4,29,5
8827,1235,COURSE2,,Present,2023,6,12,5
8828,1713,COURSE12,,Present,2023,10,30,1
8829,1617,COURSE7,,Present,2021,2,16,5
8830,1781,COURSE22,,Absent,2022,4,2,5
8831,1538,COURSE29,,Present,2022,10,17,6
8832,2419,COURSE50,,Absent,2022,12,31,2
8833,1899,COURSE48,,Present,2024,10,11,5
8834,2228,COURSE30,,Absent,2024,1,6,2
8835,1951,COURSE20,,Present,2020,11,13,3
8836,1609,COURSE37,,Absent,2020,1,23,2
8837,2305,COURSE36,,Present,2022,8,30,5
8838,2968,COURSE2,,Present,2024,12,17,6
8839,1466,COURSE40,,Absent,2023,4,22,4
8840,2260,COURSE23,,Absent,2023,2,29,1
8841,1732,COURSE3,,Present,2022,4,12,6
8842,1415,COURSE42,,Present,2023,11,7,3
8843,2360,COURSE2,,Absent,2022,6,18,5
8844,1905,COURSE20,,Absent,2022,5,8,2
8845,1587,COURSE36,,Present,2022,11,23,4
8846,1707,COURSE39,,Present,2020,10,23,2
8847,1639,COURSE43,,Absent,2024,7,27,5
8848,1692,COURSE43,,Present,2023,7,24,0
8849,1283,COURSE43,,Absent,2024,10,4,0
8850,1180,COURSE42,,Absent,2024,6,8,0
8851,2700,COURSE12,,Absent,2024,5,11,6
8852,1078,COURSE12,,Absent,2021,4,25,0
8853,1558,COURSE11,,Present,2021,6,14,6
8854,2505,COURSE45,,Present,2023,2,20,2
8855,1958,COURSE30,,Absent,2021,11,9,4
8856,2419,COURSE17,,Present,2022,11,31,6
8857,1732,COURSE4,,Absent,2021,6,24,5
8858,2178,COURSE42,,Present,2022,9,29,3
8859,2171,COURSE44,,Present,2023,9,30,6
8860,1258,COURSE28,,Absent,2024,12,1,4
8861,1572,COURSE47,,Present,2022,1,19,6
8862,2012,COURSE50,,Absent,2024,6,25,4
8863,2269,COURSE12,,Present,2024,8,22,5
8864,2062,COURSE2,,Absent,2023,10,23,6
8865,1108,COURSE26,,Absent,2022,2,27,2
8866,2120,COURSE9,,Absent,2023,11,6,5
8867,2645,COURSE27,,Present,2024,3,13,2
8868,2654,COURSE18,,Absent,2020,5,8,3
8869,2160,COURSE31,,Absent,2021,3,13,6
8870,2930,COURSE32,,Absent,2021,2,27,5
8871,2461,COURSE40,,Absent,2022,5,16,6
8872,2417,COURSE41,,Absent,2024,2,13,1
8873,2182,COURSE44,,Present,2020,1,11,4
8874,1348,COURSE47,,Present,2021,6,20,3
8875,2723,COURSE30,,Absent,2024,9,30,0
8876,1706,COURSE18,,Absent,2023,10,25,2
8877,1775,COURSE20,,Present,2020,8,4,1
8878,1286,COURSE26,,Absent,2020,12,7,1
8879,2117,COURSE34,,Present,2020,6,18,5
8880,1964,COURSE5,,Absent,2023,12,21,2
8881,1430,COURSE42,,Absent,2020,7,15,4
8882,2317,COURSE48,,Present,2020,9,3,5
8883,2933,COURSE46,,Present,2024,9,29,6
8884,1280,COURSE8,,Absent,2024,7,30,5
8885,2833,COURSE30,,Present,2021,9,14,3
8886,2600,COURSE2,,Absent,2024,6,30,4
8887,1029,COURSE42,,Absent,2021,5,23,5
8888,2150,COURSE17,,Present,2022,12,16,0
8889,1421,COURSE36,,Present,2023,11,12,2
8890,1829,COURSE41,,Present,2022,1,19,5
8891,1021,COURSE1,,Absent,2024,3,15,2
8892,2310,COURSE22,,Present,2022,3,4,6
8893,2236,COURSE48,,Absent,2022,3,17,2
8894,2267,COURSE18,,Present,2022,10,27,6
8895,2835,COURSE15,,Absent,2024,7,8,0
8896,1039,COURSE37,,Absent,2021,12,30,0
8897,1699,COURSE42,,Present,2023,10,11,6
8898,2227,COURSE17,,Present,2021,6,16,5
8899,1283,COURSE8,,Present,2022,10,20,6
8900,2780,COURSE36,,Present,2023,12,13,5
8901,1332,COURSE17,,Absent,2021,9,15,2
8902,2611,COURSE14,,Absent,2020,1,17,2
8903,2460,COURSE32,,Absent,2022,8,29,2
8904,2658,COURSE13,,Present,2024,6,11,5
8905,2109,COURSE46,,Present,2021,7,8,4
8906,1766,COURSE43,,Absent,2022,11,5,4
8907,1276,COURSE17,,Absent,2022,6,11,2
8908,2654,COURSE41,,Present,2021,6,21,6
8909,1973,COURSE23,,Absent,2021,2,29,6
8910,2253,COURSE40,,Present,2021,12,25,2
8911,2898,COURSE7,,Absent,2021,8,26,2
8912,1510,COURSE7,,Absent,2024,5,24,1
8913,1966,COURSE10,,Absent,2023,8,22,5
8914,1604,COURSE10,,Absent,2020,11,23,6
8915,1987,COURSE2,,Absent,2023,7,25,1
8916,1369,COURSE23,,Absent,2021,3,21,0
8917,2688,COURSE5,,Present,2023,3,6,3
8918,2444,COURSE19,,Present,2020,12,21,4
8919,2647,COURSE24,,Absent,2021,12,24,4
8920,1594,COURSE23,,Present,2023,4,10,5
8921,1771,COURSE34,,Absent,2024,9,10,0
8922,2695,COURSE21,,Absent,2020,2,4,0
8923,2795,COURSE32,,Absent,2021,10,27,5
8924,2311,COURSE23,,Absent,2022,4,11,4
8925,2199,COURSE41,,Present,2022,9,6,2
8926,1300,COURSE41,,Present,2020,5,24,5
8927,1086,COURSE40,,Present,2020,12,18,0
8928,2781,COURSE48,,Absent,2020,10,23,1
8929,1992,COURSE42,,Absent,2021,4,30,4
8930,2453,COURSE23,,Present,2020,1,6,2
8931,2152,COURSE30,,Present,2022,2,27,0
8932,2116,COURSE46,,Absent,2020,4,21,2
8933,1698,COURSE35,,Absent,2021,3,25,5
8934,2090,COURSE36,,Absent,2021,1,22,0
8935,1895,COURSE23,,Absent,2022,12,3,3
8936,1922,COURSE43,,Present,2022,2,18,5
8937,1045,COURSE45,,Present,2024,2,1,5
8938,1208,COURSE32,,Present,2022,2,7,6
8939,1151,COURSE33,,Absent,2020,5,15,4
8940,1313,COURSE14,,Absent,2022,7,27,5
8941,1338,COURSE35,,Absent,2022,10,3,4
8942,2524,COURSE44,,Absent,2024,3,28,0
8943,1664,COURSE3,,Present,2020,2,1,1
8944,1462,COURSE47,,Present,2020,9,24,6
8945,2694,COURSE46,,Present,2023,10,10,4
8946,1622,COURSE30,,Present,2022,9,15,0
8947,2289,COURSE7,,Absent,2022,12,5,2
8948,2439,COURSE11,,Absent,2022,10,1,4
8949,2429,COURSE42,,Present,2020,9,11,1
8950,2849,COURSE3,,Present,2020,8,22,5
8951,1042,COURSE50,,Absent,2021,3,24,3
8952,2793,COURSE45,,Present,2022,12,2,4
8953,1487,COURSE49,,Present,2024,3,19,4
8954,1605,COURSE27,,Absent,2021,4,22,3
8955,2856,COURSE42,,Absent,2023,10,14,6
8956,1342,COURSE24,,Present,2020,1,21,3
8957,1138,COURSE50,,Absent,2021,9,4,4
8958,1292,COURSE40,,Present,2022,7,23,2
8959,2487,COURSE39,,Present,2022,10,5,2
8960,1231,COURSE17,,Absent,2024,8,30,2
8961,2466,COURSE8,,Present,2024,10,12,1
8962,1446,COURSE22,,Present,2024,4,18,1
8963,1799,COURSE31,,Present,2022,8,2,6
8964,1331,COURSE29,,Absent,2022,6,29,4
8965,2287,COURSE49,,Present,2021,11,5,5
8966,1372,COURSE20,,Present,2022,7,3,3
8967,2649,COURSE22,,Present,2024,3,29,1
8968,1648,COURSE34,,Absent,2022,11,26,6
8969,2014,COURSE8,,Absent,2024,12,16,0
8970,2108,COURSE22,,Present,2021,4,15,6
8971,2159,COURSE34,,Absent,2020,1,8,3
8972,1341,COURSE9,,Absent,2023,7,16,1
8973,1271,COURSE49,,Absent,2021,2,29,0
8974,2161,COURSE29,,Absent,2021,3,5,5
8975,2074,COURSE30,,Present,2020,6,6,4
8976,1371,COURSE26,,Absent,2023,4,29,4
8977,1483,COURSE48,,Absent,2021,10,18,1
8978,2382,COURSE41,,Absent,2020,2,25,6
8979,2836,COURSE8,,Absent,2023,1,23,4
8980,1124,COURSE48,,Present,2022,8,18,2
8981,1470,COURSE23,,Absent,2023,7,13,2
8982,1782,COURSE18,,Absent,2021,1,14,0
8983,2760,COURSE3,,Absent,2022,6,6,6
8984,2552,COURSE44,,Absent,2023,8,3,6
8985,1261,COURSE29,,Present,2020,3,23,4
8986,2099,COURSE20,,Present,2022,11,15,6
8987,2917,COURSE47,,Present,2021,10,9,1
8988,1182,COURSE4,,Absent,2024,9,1,1
8989,2597,COURSE4,,Absent,2022,5,8,0
8990,1975,COURSE32,,Present,2022,7,23,4
8991,2575,COURSE16,,Absent,2022,11,4,6
8992,2705,COURSE14,,Absent,2024,3,29,2
8993,1500,COURSE4,,Absent,2023,5,10,2
8994,2985,COURSE38,,Absent,2021,12,10,6
8995,1638,COURSE1,,Present,2022,8,14,0
8996,1636,COURSE35,,Absent,2023,6,24,1
8997,1914,COURSE8,,Present,2021,7,9,0
8998,2734,COURSE42,,Absent,2024,10,3,5
8999,2728,COURSE24,,Present,2023,7,7,4
9000,1081,COURSE1,,Present,2020,8,27,0
9001,1264,COURSE48,,Absent,2022,9,17,2
9002,2398,COURSE3,,Present,2020,2,5,3
9003,2278,COURSE2,,Present,2024,6,29,2
9004,1838,COURSE16,,Present,2022,4,26,6
9005,1685,COURSE43,,Present,2020,11,15,5
9006,2714,COURSE21,,Present,2024,9,20,5
9007,2435,COURSE5,,Absent,2020,9,3,6
9008,2926,COURSE48,,Present,2023,6,12,3
9009,1913,COURSE45,,Present,2021,3,22,0
9010,2975,COURSE39,,Present,2022,8,16,1
9011,1647,COURSE23,,Present,2022,11,4,2
9012,2948,COURSE20,,Present,2022,1,13,5
9013,2685,COURSE13,,Absent,2022,3,27,3
9014,1873,COURSE39,,Present,2023,1,25,6
9015,1151,COURSE35,,Present,2023,3,27,6
9016,1423,COURSE23,,Absent,2022,4,21,3
9017,2677,COURSE15,,Absent,2024,5,22,1
9018,2349,COURSE9,,Present,2023,9,18,0
9019,2566,COURSE27,,Absent,2021,8,19,3
9020,2518,COURSE24,,Absent,2020,4,13,1
9021,2391,COURSE9,,Present,2023,12,24,4
9022,2458,COURSE5,,Absent,2023,5,25,2
9023,1421,COURSE46,,Present,2024,9,10,2
9024,2672,COURSE46,,Present,2020,2,22,2
9025,2496,COURSE36,,Absent,2022,11,14,4
9026,2482,COURSE45,,Absent,2023,6,20,5
9027,2954,COURSE11,,Absent,2023,8,20,5
9028,1388,COURSE13,,Absent,2020,11,3,5
9029,2145,COURSE22,,Present,2020,9,25,5
9030,1831,COURSE17,,Present,2022,7,17,1
9031,2806,COURSE33,,Absent,2023,3,22,1
9032,2031,COURSE34,,Present,2022,11,22,4
9033,1896,COURSE32,,Absent,2023,10,30,1
9034,1154,COURSE24,,Absent,2022,12,9,6
9035,2390,COURSE46,,Present,2021,4,21,1
9036,1316,COURSE30,,Absent,2024,2,16,4
9037,2821,COURSE24,,Absent,2021,2,5,5
9038,1769,COURSE1,,Absent,2020,9,17,3
9039,1811,COURSE34,,Present,2022,6,20,0
9040,2751,COURSE43,,Present,2021,8,15,0
9041,2528,COURSE31,,Absent,2021,9,16,5
9042,2486,COURSE43,,Present,2024,9,12,1
9043,1099,COURSE37,,Present,2023,9,25,0
9044,1168,COURSE49,,Absent,2022,4,23,0
9045,1449,COURSE17,,Present,2023,10,26,5
9046,2092,COURSE46,,Present,2021,5,27,3
9047,2592,COURSE25,,Absent,2022,12,11,0
9048,2090,COURSE49,,Absent,2022,11,24,4
9049,2467,COURSE12,,Absent,2020,11,8,6
9050,1063,COURSE26,,Present,2024,4,27,2
9051,2817,COURSE28,,Present,2024,8,4,1
9052,1682,COURSE16,,Absent,2022,7,24,0
9053,2561,COURSE23,,Present,2020,9,28,1
9054,1331,COURSE3,,Absent,2022,8,30,2
9055,2722,COURSE36,,Present,2024,7,31,3
9056,2624,COURSE41,,Absent,2022,1,30,6
9057,1292,COURSE46,,Present,2024,8,28,4
9058,2785,COURSE37,,Absent,2022,2,15,5
9059,1702,COURSE40,,Present,2020,10,11,4
9060,1055,COURSE4,,Absent,2024,7,26,4
9061,2962,COURSE49,,Absent,2020,5,15,2
9062,1188,COURSE43,,Present,2022,3,12,0
9063,1774,COURSE4,,Absent,2022,11,30,4
9064,2856,COURSE35,,Absent,2021,9,8,2
9065,2697,COURSE39,,Absent,2020,1,17,0
9066,1659,COURSE5,,Absent,2024,12,20,3
9067,2934,COURSE18,,Present,2024,4,25,0
9068,1048,COURSE43,,Absent,2023,3,25,6
9069,2633,COURSE49,,Present,2023,12,25,4
9070,2378,COURSE50,,Absent,2022,4,18,5
9071,2635,COURSE27,,Absent,2021,8,21,5
9072,1249,COURSE22,,Present,2024,9,20,5
9073,2643,COURSE4,,Absent,2020,9,8,0
9074,2349,COURSE47,,Absent,2023,7,13,3
9075,1007,COURSE23,,Present,2023,3,7,1
9076,1740,COURSE33,,Present,2022,4,4,6
9077,1191,COURSE42,,Present,2023,6,3,5
9078,2850,COURSE50,,Absent,2024,2,23,4
9079,1961,COURSE46,,Absent,2021,8,31,4
9080,1088,COURSE41,,Absent,2020,12,11,4
9081,1514,COURSE46,,Present,2024,11,19,5
9082,1396,COURSE36,,Present,2024,5,5,4
9083,1660,COURSE34,,Absent,2023,6,27,4
9084,1328,COURSE36,,Present,2023,2,17,4
9085,2468,COURSE19,,Present,2023,7,21,4
9086,2412,COURSE40,,Present,2024,8,23,0
9087,2092,COURSE17,,Absent,2020,7,26,1
9088,1244,COURSE19,,Present,2022,12,29,4
9089,2731,COURSE18,,Absent,2024,6,18,1
9090,1117,COURSE45,,Absent,2023,7,4,1
9091,1592,COURSE46,,Absent,2023,6,26,4
9092,1383,COURSE42,,Absent,2024,7,25,5
9093,2393,COURSE20,,Present,2022,5,12,6
9094,1778,COURSE17,,Present,2022,9,1,5
9095,1436,COURSE1,,Absent,2020,10,4,6
9096,2143,COURSE26,,Absent,2020,5,9,5
9097,1239,COURSE45,,Absent,2024,8,6,0
9098,2709,COURSE3,,Absent,2022,10,15,3
9099,1303,COURSE20,,Absent,2023,12,8,1
9100,1082,COURSE22,,Absent,2023,7,5,4
9101,2903,COURSE14,,Absent,2021,4,6,1
9102,2573,COURSE29,,Absent,2020,7,17,2
9103,2116,COURSE42,,Absent,2021,1,9,5
9104,2170,COURSE13,,Present,2022,8,12,0
9105,1927,COURSE41,,Absent,2021,4,2,1
9106,2560,COURSE32,,Present,2022,8,22,6
9107,1131,COURSE49,,Absent,2023,5,4,2
9108,1019,COURSE19,,Absent,2022,9,8,3
9109,1759,COURSE18,,Absent,2023,4,23,6
9110,2625,COURSE9,,Absent,2024,6,21,2
9111,1209,COURSE18,,Present,2022,9,28,5
9112,2369,COURSE3,,Present,2020,8,10,2
9113,1774,COURSE32,,Present,2023,6,30,1
9114,2131,COURSE40,,Absent,2023,6,11,2
9115,1786,COURSE42,,Absent,2020,8,7,2
9116,2536,COURSE9,,Absent,2021,12,22,3
9117,2476,COURSE39,,Present,2023,10,14,5
9118,2657,COURSE10,,Present,2024,7,6,5
9119,1138,COURSE14,,Absent,2021,9,6,6
9120,1757,COURSE47,,Absent,2020,7,11,1
9121,2272,COURSE7,,Absent,2022,11,4,5
9122,2623,COURSE23,,Absent,2024,12,27,6
9123,1330,COURSE9,,Absent,2022,1,27,2
9124,1804,COURSE32,,Absent,2021,6,13,4
9125,2370,COURSE34,,Absent,2024,3,5,0
9126,2240,COURSE7,,Present,2022,5,22,6
9127,1140,COURSE6,,Present,2024,6,11,2
9128,1411,COURSE33,,Absent,2022,7,18,6
9129,1522,COURSE29,,Absent,2021,4,25,1
9130,2358,COURSE6,,Present,2023,2,9,3
9131,2324,COURSE22,,Present,2020,1,30,4
9132,1609,COURSE37,,Present,2024,7,16,5
9133,1259,COURSE11,,Present,2020,9,22,0
9134,2074,COURSE2,,Present,2023,7,24,0
9135,2413,COURSE22,,Present,2021,3,21,0
9136,1457,COURSE38,,Absent,2024,9,21,0
9137,2580,COURSE20,,Absent,2024,2,23,1
9138,1952,COURSE42,,Absent,2024,1,5,4
9139,1298,COURSE8,,Present,2022,11,19,4
9140,2657,COURSE43,,Present,2022,1,23,0
9141,2651,COURSE49,,Present,2021,2,11,6
9142,2863,COURSE33,,Present,2022,4,2,1
9143,1034,COURSE17,,Present,2022,9,24,0
9144,1163,COURSE14,,Present,2023,5,18,4
9145,1341,COURSE5,,Absent,2022,11,17,4
9146,1439,COURSE17,,Absent,2021,12,6,5
9147,1455,COURSE8,,Present,2020,1,23,6
9148,2564,COURSE24,,Present,2021,4,13,0
9149,1802,COURSE22,,Absent,2023,11,6,6
9150,2792,COURSE12,,Present,2023,5,6,6
9151,2721,COURSE31,,Absent,2020,12,20,4
9152,2628,COURSE50,,Absent,2023,12,20,1
9153,2004,COURSE46,,Present,2023,12,4,3
9154,2645,COURSE40,,Absent,2024,9,27,1
9155,1929,COURSE17,,Absent,2020,6,25,3
9156,2143,COURSE4,,Present,2024,10,19,3
9157,1835,COURSE41,,Absent,2022,3,25,5
9158,1522,COURSE19,,Absent,2024,7,29,5
9159,2687,COURSE28,,Present,2022,7,28,4
9160,2462,COURSE26,,Present,2021,12,20,2
9161,1159,COURSE37,,Present,2020,8,17,6
9162,2696,COURSE48,,Present,2021,4,22,4
9163,1590,COURSE41,,Present,2022,10,22,2
9164,2619,COURSE7,,Absent,2021,4,19,2
9165,2868,COURSE33,,Absent,2023,4,30,4
9166,2802,COURSE9,,Absent,2022,3,23,4
9167,1548,COURSE7,,Present,2020,2,7,4
9168,1528,COURSE9,,Present,2024,8,17,3
9169,1635,COURSE33,,Absent,2022,9,28,1
9170,2370,COURSE11,,Absent,2021,3,4,0
9171,2703,COURSE8,,Present,2023,5,13,0
9172,1161,COURSE5,,Present,2023,9,13,6
9173,2456,COURSE27,,Absent,2020,12,29,3
9174,1647,COURSE13,,Absent,2020,8,25,1
9175,1251,COURSE12,,Absent,2024,9,13,4
9176,2674,COURSE37,,Present,2020,6,27,1
9177,1924,COURSE7,,Present,2021,10,8,6
9178,2776,COURSE46,,Absent,2020,10,19,3
9179,1981,COURSE17,,Present,2022,5,17,1
9180,1534,COURSE29,,Absent,2020,10,8,2
9181,2398,COURSE44,,Absent,2021,10,30,0
9182,1269,COURSE23,,Absent,2022,8,7,0
9183,1401,COURSE40,,Absent,2022,6,29,0
9184,1274,COURSE17,,Absent,2024,5,18,0
9185,2771,COURSE41,,Absent,2020,3,9,0
9186,2151,COURSE23,,Present,2021,7,5,5
9187,2561,COURSE25,,Absent,2023,12,15,2
9188,1920,COURSE27,,Present,2020,9,6,3
9189,1218,COURSE18,,Present,2024,2,13,0
9190,1863,COURSE44,,Absent,2020,9,3,3
9191,2347,COURSE7,,Absent,2020,7,7,0
9192,2951,COURSE4,,Present,2024,11,24,6
9193,1486,COURSE9,,Absent,2020,2,14,6
9194,2550,COURSE3,,Absent,2021,4,27,4
9195,1415,COURSE42,,Absent,2023,11,7,0
9196,2678,COURSE37,,Absent,2021,12,19,4
9197,2404,COURSE8,,Absent,2020,8,14,3
9198,2231,COURSE3,,Absent,2020,3,30,3
9199,2877,COURSE8,,Absent,2023,10,25,6
9200,1934,COURSE35,,Present,2022,9,7,4
9201,2392,COURSE14,,Present,2024,12,29,4
9202,1535,COURSE3,,Present,2020,9,19,4
9203,1022,COURSE16,,Absent,2024,2,4,4
9204,2777,COURSE13,,Absent,2024,11,25,3
9205,1946,COURSE20,,Present,2020,4,4,6
9206,1334,COURSE49,,Absent,2020,8,23,4
9207,1651,COURSE28,,Present,2020,5,16,2
9208,2699,COURSE32,,Present,2023,7,19,1
9209,1182,COURSE21,,Present,2021,12,22,2
9210,2956,COURSE23,,Absent,2020,4,16,2
9211,1565,COURSE6,,Present,2020,6,12,4
9212,1329,COURSE1,,Present,2020,5,7,0
9213,2644,COURSE16,,Absent,2023,9,22,2
9214,1664,COURSE22,,Absent,2020,1,2,2
9215,2366,COURSE15,,Present,2021,12,6,1
9216,1414,COURSE6,,Present,2024,6,10,2
9217,1204,COURSE32,,Absent,2020,2,6,1
9218,1592,COURSE41,,Present,2021,7,24,5
9219,2303,COURSE31,,Present,2023,12,29,3
9220,1621,COURSE23,,Present,2024,10,18,1
9221,2247,COURSE14,,Absent,2021,8,28,4
9222,2707,COURSE10,,Absent,2023,6,25,2
9223,1358,COURSE17,,Absent,2023,8,6,2
9224,1212,COURSE15,,Absent,2022,4,15,1
9225,2358,COURSE23,,Absent,2022,9,18,6
9226,2262,COURSE2,,Absent,2024,4,20,1
9227,2268,COURSE13,,Present,2023,10,22,5
9228,2782,COURSE31,,Present,2020,12,27,4
9229,1152,COURSE7,,Present,2024,2,4,0
9230,1336,COURSE45,,Present,2021,12,17,0
9231,2506,COURSE7,,Present,2024,3,23,1
9232,1187,COURSE8,,Absent,2024,7,31,4
9233,2924,COURSE20,,Absent,2024,9,12,5
9234,1155,COURSE10,,Absent,2023,5,15,2
9235,2360,COURSE29,,Absent,2021,9,30,0
9236,2281,COURSE30,,Present,2021,8,7,0
9237,1216,COURSE13,,Absent,2024,1,16,2
9238,1760,COURSE37,,Absent,2024,4,9,5
9239,1071,COURSE10,,Absent,2021,12,18,2
9240,2711,COURSE12,,Absent,2023,10,29,0
9241,2982,COURSE3,,Present,2022,12,23,2
9242,2347,COURSE24,,Absent,2021,7,7,0
9243,1446,COURSE18,,Absent,2022,10,1,3
9244,1846,COURSE33,,Present,2023,12,3,3
9245,2446,COURSE43,,Present,2020,9,19,1
9246,2647,COURSE35,,Present,2022,4,26,0
9247,1549,COURSE34,,Absent,2020,6,10,1
9248,1342,COURSE18,,Absent,2024,10,15,1
9249,1199,COURSE33,,Absent,2021,9,13,4
9250,2903,COURSE9,,Present,2024,7,7,2
9251,2893,COURSE18,,Present,2022,5,23,6
9252,1946,COURSE15,,Present,2023,8,3,4
9253,1667,COURSE19,,Present,2021,10,23,5
9254,2887,COURSE16,,Absent,2021,11,8,0
9255,1698,COURSE29,,Absent,2020,1,30,1
9256,2096,COURSE48,,Absent,2020,4,5,0
9257,2018,COURSE46,,Present,2020,12,11,1
9258,2205,COURSE31,,Present,2021,12,29,5
9259,2291,COURSE19,,Present,2024,8,20,5
9260,2789,COURSE28,,Absent,2022,12,29,1
9261,2965,COURSE11,,Absent,2022,9,23,1
9262,2277,COURSE44,,Present,2020,9,6,4
9263,2401,COURSE46,,Absent,2023,12,31,6
9264,1668,COURSE29,,Absent,2023,5,30,4
9265,1007,COURSE20,,Present,2024,6,29,0
9266,1581,COURSE11,,Absent,2024,9,13,6
9267,1734,COURSE37,,Absent,2021,3,28,5
9268,2229,COURSE9,,Absent,2020,4,4,1
9269,1350,COURSE11,,Absent,2023,4,27,6
9270,2870,COURSE24,,Absent,2024,12,13,5
9271,2810,COURSE19,,Present,2021,2,26,5
9272,1631,COURSE17,,Absent,2020,9,6,0
9273,2008,COURSE43,,Absent,2022,11,9,1
9274,1601,COURSE18,,Present,2022,7,6,3
9275,1286,COURSE25,,Present,2024,2,29,2
9276,1205,COURSE24,,Absent,2020,11,13,1
9277,2905,COURSE2,,Present,2021,3,20,6
9278,1144,COURSE24,,Absent,2022,10,3,0
9279,2134,COURSE43,,Absent,2022,9,7,4
9280,2335,COURSE19,,Absent,2020,3,2,6
9281,1480,COURSE17,,Present,2020,6,1,4
9282,2988,COURSE6,,Present,2024,2,30,3
9283,2427,COURSE24,,Present,2022,3,24,0
9284,2753,COURSE26,,Absent,2024,5,12,1
9285,2923,COURSE43,,Absent,2024,11,12,5
9286,2490,COURSE28,,Present,2020,6,20,2
9287,1680,COURSE20,,Absent,2023,1,20,2
9288,2695,COURSE30,,Present,2023,11,12,0
9289,1973,COURSE49,,Absent,2020,7,15,6
9290,2222,COURSE2,,Absent,2022,1,22,6
9291,2342,COURSE39,,Present,2022,12,26,3
9292,2104,COURSE4,,Present,2024,9,27,3
9293,1711,COURSE26,,Absent,2021,1,29,5
9294,2417,COURSE6,,Absent,2024,9,17,4
9295,2891,COURSE20,,Present,2021,10,21,5
9296,1040,COURSE28,,Present,2022,6,14,4
9297,2425,COURSE16,,Absent,2023,3,9,5
9298,1239,COURSE49,,Absent,2023,6,24,5
9299,2785,COURSE12,,Absent,2020,2,30,0
9300,1318,COURSE50,,Absent,2023,9,1,4
9301,2517,COURSE26,,Absent,2021,11,9,5
9302,1222,COURSE3,,Absent,2024,3,4,3
9303,2991,COURSE8,,Absent,2020,3,25,2
9304,2652,COURSE1,,Present,2020,10,6,0
9305,2999,COURSE28,,Present,2023,6,10,6
9306,1159,COURSE21,,Absent,2020,11,18,1
9307,2593,COURSE37,,Absent,2021,11,6,3
9308,2240,COURSE28,,Absent,2020,8,29,4
9309,2302,COURSE9,,Absent,2024,8,14,1
9310,1091,COURSE46,,Present,2024,10,7,5
9311,1294,COURSE17,,Absent,2021,2,3,4
9312,2659,COURSE38,,Present,2023,11,6,1
9313,2696,COURSE50,,Absent,2020,7,14,0
9314,1248,COURSE35,,Absent,2024,5,27,2
9315,2178,COURSE45,,Absent,2024,12,29,4
9316,1180,COURSE2,,Absent,2021,3,11,0
9317,1301,COURSE19,,Absent,2020,12,1,5
9318,1304,COURSE26,,Present,2022,1,12,2
9319,1479,COURSE34,,Present,2024,5,17,5
9320,1334,COURSE9,,Present,2020,2,12,3
9321,2349,COURSE44,,Absent,2021,7,21,4
9322,1562,COURSE28,,Absent,2021,9,5,0
9323,2071,COURSE41,,Present,2022,1,7,2
9324,2585,COURSE3,,Absent,2020,6,10,5
9325,2623,COURSE12,,Present,2020,12,1,0
9326,2462,COURSE31,,Absent,2023,5,4,5
9327,1972,COURSE35,,Absent,2022,4,7,5
9328,1180,COURSE9,,Absent,2024,7,29,1
9329,1592,COURSE11,,Absent,2021,6,17,6
9330,2011,COURSE9,,Present,2022,5,8,0
9331,2848,COURSE18,,Present,2021,7,27,2
9332,2415,COURSE43,,Absent,2022,6,23,1
9333,1086,COURSE36,,Absent,2022,8,4,1
9334,1221,COURSE9,,Present,2021,3,18,4
9335,2866,COURSE45,,Present,2024,1,29,4
9336,2906,COURSE9,,Present,2022,1,10,0
9337,1682,COURSE48,,Present,2022,4,26,4
9338,1414,COURSE25,,Present,2022,12,14,1
9339,1603,COURSE30,,Present,2024,10,14,6
9340,1525,COURSE28,,Absent,2024,8,14,6
9341,1270,COURSE42,,Absent,2021,9,25,5
9342,2948,COURSE19,,Present,2023,8,7,1
9343,2893,COURSE41,,Absent,2021,9,16,2
9344,2710,COURSE22,,Absent,2022,3,15,5
9345,2819,COURSE47,,Absent,2020,10,10,4
9346,1875,COURSE26,,Absent,2020,8,14,1
9347,1922,COURSE40,,Present,2024,5,24,6
9348,2001,COURSE9,,Absent,2024,1,12,4
9349,2115,COURSE34,,Present,2022,5,12,6
9350,1816,COURSE26,,Present,2021,8,2,6
9351,1418,COURSE6,,Present,2020,7,27,5
9352,2859,COURSE28,,Absent,2021,8,19,3
9353,2613,COURSE21,,Present,2023,11,31,2
9354,1230,COURSE43,,Absent,2022,4,27,3
9355,1413,COURSE11,,Absent,2022,2,24,5
9356,1778,COURSE6,,Present,2021,6,24,4
9357,1563,COURSE6,,Present,2021,7,21,6
9358,1045,COURSE36,,Present,2022,4,15,5
9359,2284,COURSE6,,Present,2022,10,30,6
9360,1632,COURSE45,,Absent,2023,8,30,6
9361,2021,COURSE14,,Absent,2021,3,6,4
9362,2148,COURSE42,,Present,2022,5,25,0
9363,2457,COURSE22,,Present,2021,12,22,3
9364,2043,COURSE8,,Present,2023,10,15,4
9365,2966,COURSE18,,Present,2022,6,27,4
9366,2397,COURSE31,,Absent,2021,11,9,4
9367,1498,COURSE28,,Absent,2022,4,7,5
9368,2027,COURSE29,,Present,2020,11,21,5
9369,1415,COURSE7,,Absent,2022,12,10,2
9370,1225,COURSE5,,Absent,2022,10,3,0
9371,2657,COURSE11,,Absent,2023,2,5,2
9372,2244,COURSE43,,Present,2024,7,21,0
9373,1141,COURSE35,,Present,2021,2,27,5
9374,1407,COURSE26,,Present,2023,10,23,3
9375,1117,COURSE50,,Present,2023,4,14,4
9376,1333,COURSE9,,Present,2021,6,14,0
9377,1254,COURSE25,,Absent,2024,2,4,1
9378,2142,COURSE18,,Absent,2022,9,28,2
9379,1191,COURSE3,,Absent,2022,9,23,2
9380,1116,COURSE3,,Present,2024,8,30,5
9381,2073,COURSE9,,Present,2022,9,13,3
9382,1568,COURSE6,,Present,2023,10,9,6
9383,1910,COURSE10,,Absent,2023,11,13,3
9384,1430,COURSE35,,Absent,2024,5,4,5
9385,1277,COURSE10,,Present,2023,11,31,6
9386,2233,COURSE14,,Present,2020,11,25,0
9387,2874,COURSE41,,Present,2024,6,9,2
9388,2106,COURSE16,,Present,2024,7,17,3
9389,2261,COURSE17,,Present,2024,2,9,2
9390,1411,COURSE9,,Present,2021,2,6,6
9391,2265,COURSE6,,Present,2021,7,12,1
9392,1272,COURSE3,,Absent,2023,7,18,0
9393,2026,COURSE47,,Present,2020,1,9,1
9394,1740,COURSE10,,Absent,2020,6,25,3
9395,2838,COURSE32,,Absent,2020,4,1,2
9396,2097,COURSE17,,Present,2020,12,4,6
9397,2847,COURSE4,,Absent,2023,9,12,5
9398,2479,COURSE7,,Absent,2022,6,2,6
9399,1500,COURSE35,,Absent,2024,9,27,1
9400,2089,COURSE19,,Absent,2024,8,10,6
9401,1096,COURSE2,,Absent,2022,12,12,0
9402,2601,COURSE43,,Present,2020,9,27,0
9403,1928,COURSE17,,Present,2024,7,22,4
9404,1136,COURSE46,,Absent,2023,11,24,3
9405,2256,COURSE20,,Absent,2024,3,16,6
9406,2787,COURSE12,,Present,2023,7,18,2
9407,1602,COURSE3,,Absent,2021,11,22,1
9408,1481,COURSE8,,Present,2021,9,11,4
9409,1932,COURSE14,,Present,2020,2,24,4
9410,1880,COURSE41,,Absent,2023,5,15,0
9411,1284,COURSE20,,Absent,2022,9,14,3
9412,2355,COURSE19,,Present,2022,12,19,6
9413,1977,COURSE19,,Absent,2022,6,14,2
9414,2630,COURSE43,,Present,2023,10,20,6
9415,1227,COURSE6,,Absent,2021,9,27,3
9416,1556,COURSE17,,Present,2023,8,24,3
9417,1529,COURSE26,,Present,2020,7,29,6
9418,1202,COURSE44,,Absent,2022,3,13,2
9419,1731,COURSE46,,Present,2024,5,7,3
9420,1806,COURSE33,,Present,2021,7,18,0
9421,2799,COURSE44,,Absent,2021,8,5,6
9422,1107,COURSE36,,Absent,2020,12,9,0
9423,1997,COURSE41,,Absent,2022,12,17,4
9424,1855,COURSE16,,Absent,2021,5,10,1
9425,2985,COURSE16,,Absent,2023,5,16,0
9426,1835,COURSE7,,Present,2022,7,23,2
9427,2285,COURSE28,,Absent,2022,7,10,5
9428,2925,COURSE6,,Absent,2022,9,17,2
9429,1874,COURSE33,,Present,2023,10,9,1
9430,1418,COURSE44,,Present,2024,8,6,6
9431,2411,COURSE22,,Absent,2021,3,9,4
9432,1598,COURSE6,,Present,2021,9,13,2
9433,1315,COURSE49,,Present,2020,11,3,6
9434,2274,COURSE2,,Present,2020,2,16,6
9435,1318,COURSE10,,Absent,2021,10,18,1
9436,2490,COURSE38,,Absent,2023,6,21,2
9437,2003,COURSE32,,Present,2022,1,21,6
9438,2790,COURSE22,,Present,2022,10,8,3
9439,1390,COURSE3,,Absent,2020,7,17,2
9440,2328,COURSE10,,Present,2020,7,7,0
9441,1025,COURSE8,,Absent,2022,1,27,0
9442,1677,COURSE50,,Present,2024,11,24,4
9443,1863,COURSE34,,Present,2023,1,18,2
9444,1224,COURSE2,,Present,2021,10,9,6
9445,1672,COURSE6,,Present,2024,9,15,4
9446,2712,COURSE28,,Present,2024,8,2,3
9447,2760,COURSE6,,Absent,2020,11,27,5
9448,2888,COURSE3,,Present,2021,9,15,1
9449,1389,COURSE4,,Present,2022,12,22,6
9450,1444,COURSE46,,Present,2023,11,23,0
9451,1630,COURSE21,,Absent,2022,2,12,2
9452,1549,COURSE44,,Present,2021,1,3,3
9453,1840,COURSE43,,Present,2021,7,9,2
9454,2278,COURSE27,,Present,2020,6,13,2
9455,2309,COURSE3,,Present,2022,8,6,6
9456,1951,COURSE18,,Present,2020,11,22,4
9457,1663,COURSE38,,Present,2023,1,18,4
9458,1288,COURSE38,,Present,2023,5,26,5
9459,2196,COURSE1,,Present,2020,1,24,4
9460,2519,COURSE4,,Present,2023,6,1,4
9461,1421,COURSE36,,Present,2021,8,14,2
9462,1424,COURSE24,,Absent,2021,9,28,1
9463,2068,COURSE3,,Absent,2021,6,10,2
9464,1807,COURSE39,,Absent,2023,1,7,1
9465,2545,COURSE8,,Absent,2022,10,16,3
9466,1363,COURSE4,,Present,2023,9,15,0
9467,1846,COURSE22,,Present,2020,8,4,1
9468,1939,COURSE36,,Absent,2020,1,29,4
9469,1035,COURSE26,,Present,2022,12,19,1
9470,1184,COURSE20,,Absent,2022,8,25,0
9471,2629,COURSE4,,Absent,2020,11,21,4
9472,2355,COURSE17,,Absent,2022,4,6,5
9473,2100,COURSE44,,Absent,2020,2,21,6
9474,2470,COURSE7,,Present,2022,7,14,4
9475,1808,COURSE14,,Present,2021,6,21,2
9476,1908,COURSE11,,Absent,2020,6,19,6
9477,1453,COURSE33,,Present,2023,2,30,4
9478,2105,COURSE34,,Absent,2020,1,7,4
9479,1009,COURSE23,,Present,2020,11,5,1
9480,1528,COURSE35,,Absent,2023,12,18,6
9481,2816,COURSE36,,Absent,2021,6,30,4
9482,1994,COURSE18,,Present,2023,2,12,0
9483,1792,COURSE39,,Present,2022,1,19,5
9484,2331,COURSE22,,Present,2024,1,20,4
9485,1105,COURSE40,,Absent,2024,6,31,5
9486,1079,COURSE20,,Absent,2021,2,2,5
9487,1727,COURSE6,,Present,2024,12,12,5
9488,2235,COURSE15,,Present,2022,8,14,0
9489,1728,COURSE23,,Absent,2021,1,21,4
9490,2837,COURSE1,,Absent,2024,3,21,5
9491,1415,COURSE36,,Present,2020,1,29,1
9492,1185,COURSE26,,Absent,2024,3,5,4
9493,1864,COURSE15,,Absent,2023,3,2,0
9494,2815,COURSE1,,Absent,2021,12,22,3
9495,1899,COURSE16,,Absent,2022,6,14,5
9496,2114,COURSE49,,Present,2022,3,30,4
9497,1672,COURSE18,,Absent,2022,8,20,1
9498,2954,COURSE8,,Present,2024,4,1,4
9499,2229,COURSE22,,Absent,2020,10,10,2
9500,2206,COURSE38,,Absent,2021,11,1,2
9501,2877,COURSE50,,Present,2023,4,7,3
9502,1801,COURSE19,,Present,2020,3,17,6
9503,1605,COURSE20,,Absent,2024,1,7,6
9504,1695,COURSE4,,Absent,2020,10,15,6
9505,1111,COURSE46,,Present,2024,5,30,3
9506,1408,COURSE39,,Absent,2022,5,6,0
9507,2536,COURSE5,,Present,2023,9,10,1
9508,1838,COURSE13,,Present,2022,3,24,4
9509,2067,COURSE39,,Absent,2021,7,24,5
9510,1699,COURSE3,,Present,2024,6,21,1
9511,2259,COURSE37,,Absent,2023,1,10,5
9512,1048,COURSE49,,Absent,2020,10,5,5
9513,1323,COURSE34,,Present,2021,10,27,2
9514,1180,COURSE4,,Present,2022,9,10,1
9515,1232,COURSE6,,Present,2024,1,22,4
9516,1301,COURSE39,,Present,2024,12,14,2
9517,1260,COURSE33,,Absent,2021,5,27,0
9518,1835,COURSE39,,Present,2023,10,18,2
9519,1540,COURSE34,,Present,2024,11,27,1
9520,1867,COURSE32,,Absent,2021,2,10,6
9521,2384,COURSE6,,Present,2023,5,31,3
9522,2606,COURSE17,,Absent,2024,7,30,1
9523,2071,COURSE16,,Present,2022,2,18,1
9524,1341,COURSE30,,Absent,2023,11,12,1
9525,1894,COURSE13,,Absent,2020,3,29,1
9526,2702,COURSE12,,Absent,2023,6,14,1
9527,2585,COURSE4,,Absent,2020,5,8,0
9528,2849,COURSE49,,Absent,2020,12,3,5
9529,1411,COURSE37,,Present,2022,7,29,6
9530,2935,COURSE15,,Present,2020,8,21,0
9531,1261,COURSE4,,Present,2023,1,26,4
9532,2765,COURSE50,,Present,2021,11,3,6
9533,2459,COURSE47,,Present,2024,4,27,1
9534,2144,COURSE41,,Absent,2021,7,14,2
9535,1744,COURSE13,,Present,2022,11,30,3
9536,2095,COURSE23,,Present,2023,8,29,5
9537,1763,COURSE3,,Present,2020,3,20,5
9538,2263,COURSE4,,Present,2022,5,26,1
9539,2507,COURSE19,,Present,2022,5,4,0
9540,2155,COURSE9,,Present,2020,1,14,1
9541,2828,COURSE9,,Absent,2021,7,6,0
9542,2265,COURSE22,,Present,2023,10,6,2
9543,2374,COURSE18,,Present,2021,7,1,5
9544,2467,COURSE43,,Absent,2021,10,27,1
9545,2621,COURSE42,,Absent,2021,10,10,4
9546,1442,COURSE13,,Absent,2020,10,1,5
9547,3000,COURSE48,,Present,2022,10,31,2
9548,1202,COURSE43,,Absent,2023,1,18,1
9549,1272,COURSE8,,Absent,2021,8,1,5
9550,2724,COURSE27,,Absent,2024,7,8,0
9551,1286,COURSE1,,Present,2022,3,10,4
9552,2151,COURSE39,,Absent,2024,3,3,0
9553,2767,COURSE38,,Present,2023,9,31,0
9554,1234,COURSE25,,Absent,2024,9,26,4
9555,1215,COURSE14,,Present,2022,4,4,4
9556,2280,COURSE6,,Absent,2024,8,4,4
9557,1327,COURSE22,,Absent,2022,3,25,1
9558,2352,COURSE35,,Present,2021,9,15,5
9559,1700,COURSE6,,Present,2020,11,23,2
9560,1008,COURSE22,,Present,2022,4,27,3
9561,1217,COURSE32,,Present,2020,3,28,5
9562,2439,COURSE7,,Present,2024,6,1,3
9563,2518,COURSE13,,Absent,2022,8,26,2
9564,1715,COURSE17,,Present,2023,2,6,4
9565,2344,COURSE25,,Present,2022,1,9,1
9566,1262,COURSE49,,Present,2021,5,14,5
9567,1190,COURSE28,,Present,2021,11,27,0
9568,1831,COURSE44,,Absent,2021,3,20,2
9569,2107,COURSE39,,Absent,2022,2,7,6
9570,2533,COURSE33,,Present,2023,8,2,1
9571,2439,COURSE24,,Absent,2024,11,17,2
9572,2795,COURSE46,,Present,2023,8,25,1
9573,1306,COURSE43,,Absent,2020,10,6,5
9574,2225,COURSE48,,Present,2020,7,31,0
9575,1789,COURSE34,,Present,2024,12,14,3
9576,1065,COURSE42,,Present,2023,4,24,0
9577,2708,COURSE27,,Absent,2022,9,26,5
9578,1608,COURSE12,,Absent,2020,9,3,3
9579,1027,COURSE40,,Absent,2022,12,18,4
9580,1574,COURSE50,,Absent,2022,9,28,2
9581,1542,COURSE24,,Absent,2020,7,1,4
9582,2633,COURSE2,,Absent,2020,2,20,2
9583,2587,COURSE49,,Absent,2022,12,6,0
9584,2005,COURSE43,,Present,2022,2,11,2
9585,2096,COURSE6,,Present,2021,5,14,4
9586,1363,COURSE43,,Absent,2024,11,20,4
9587,2619,COURSE6,,Absent,2020,11,29,4
9588,1073,COURSE50,,Present,2024,9,20,4
9589,2459,COURSE11,,Absent,2020,2,7,0
9590,2234,COURSE46,,Absent,2021,3,20,6
9591,2666,COURSE10,,Absent,2020,10,6,5
9592,1373,COURSE40,,Present,2021,11,25,1
9593,2847,COURSE39,,Absent,2023,1,22,4
9594,1338,COURSE34,,Absent,2020,5,6,4
9595,1456,COURSE17,,Present,2020,8,6,1
9596,2274,COURSE4,,Absent,2022,10,1,3
9597,2952,COURSE34,,Present,2024,9,22,4
9598,1343,COURSE26,,Present,2022,3,23,5
9599,2433,COURSE18,,Present,2023,2,4,0
9600,1505,COURSE41,,Absent,2022,11,18,0
9601,2953,COURSE40,,Present,2020,9,10,3
9602,2049,COURSE34,,Present,2024,10,18,2
9603,2534,COURSE28,,Present,2020,4,12,5
9604,2979,COURSE14,,Absent,2022,2,7,5
9605,1949,COURSE40,,Present,2020,9,27,3
9606,2695,COURSE20,,Present,2020,10,6,5
9607,1286,COURSE34,,Absent,2021,3,15,0
9608,2519,COURSE2,,Present,2023,2,1,6
9609,1146,COURSE41,,Present,2024,4,29,3
9610,2771,COURSE21,,Absent,2022,11,25,2
9611,2331,COURSE23,,Absent,2023,11,28,2
9612,1113,COURSE6,,Absent,2021,7,17,1
9613,2998,COURSE24,,Absent,2022,5,25,0
9614,2883,COURSE36,,Absent,2020,3,3,0
9615,2317,COURSE44,,Absent,2020,3,8,5
9616,2518,COURSE17,,Absent,2024,12,21,1
9617,2996,COURSE25,,Present,2022,9,3,4
9618,1915,COURSE40,,Absent,2020,4,11,0
9619,2345,COURSE37,,Absent,2020,6,18,3
9620,2796,COURSE50,,Absent,2021,6,29,1
9621,1661,COURSE28,,Absent,2022,2,12,6
9622,2346,COURSE50,,Present,2021,8,6,1
9623,2508,COURSE11,,Absent,2024,10,22,1
9624,1944,COURSE36,,Present,2022,3,24,1
9625,1799,COURSE22,,Present,2021,12,18,0
9626,2421,COURSE39,,Present,2023,1,21,2
9627,2618,COURSE2,,Absent,2024,9,23,1
9628,2718,COURSE43,,Absent,2022,3,13,5
9629,2829,COURSE20,,Absent,2023,8,29,1
9630,1411,COURSE29,,Present,2021,2,12,6
9631,2761,COURSE42,,Absent,2023,6,15,1
9632,1721,COURSE3,,Present,2021,9,26,2
9633,1379,COURSE43,,Absent,2021,7,14,3
9634,1290,COURSE18,,Present,2020,8,6,5
9635,2095,COURSE9,,Absent,2021,11,19,2
9636,2693,COURSE16,,Absent,2024,2,1,0
9637,2288,COURSE18,,Absent,2020,9,6,2
9638,2638,COURSE29,,Present,2024,2,28,4
9639,2321,COURSE6,,Present,2023,7,11,2
9640,1535,COURSE44,,Absent,2021,10,29,4
9641,2070,COURSE15,,Present,2024,6,16,4
9642,1449,COURSE45,,Absent,2024,1,7,6
9643,2089,COURSE49,,Absent,2024,4,25,6
9644,2762,COURSE9,,Absent,2020,11,27,0
9645,1741,COURSE20,,Present,2020,12,19,0
9646,2758,COURSE9,,Absent,2020,5,9,4
9647,2301,COURSE48,,Absent,2020,1,21,5
9648,2083,COURSE44,,Present,2022,3,25,5
9649,1343,COURSE3,,Absent,2022,1,13,3
9650,1113,COURSE16,,Absent,2024,10,8,5
9651,2411,COURSE36,,Absent,2024,5,14,5
9652,1635,COURSE20,,Present,2021,7,2,4
9653,2718,COURSE47,,Absent,2023,10,13,4
9654,1591,COURSE45,,Present,2024,12,20,3
9655,1010,COURSE48,,Absent,2021,10,25,2
9656,1044,COURSE36,,Absent,2024,3,31,1
9657,1200,COURSE4,,Present,2020,4,30,4
9658,1981,COURSE24,,Absent,2021,6,30,2
9659,2784,COURSE37,,Absent,2024,8,30,3
9660,2090,COURSE25,,Absent,2024,1,2,2
9661,2895,COURSE33,,Absent,2021,12,9,0
9662,1906,COURSE30,,Absent,2021,7,8,5
9663,2743,COURSE19,,Absent,2021,12,1,2
9664,1962,COURSE30,,Absent,2022,10,4,6
9665,2572,COURSE18,,Absent,2023,1,8,5
9666,2441,COURSE11,,Present,2024,6,16,0
9667,1642,COURSE35,,Absent,2022,11,18,4
9668,2979,COURSE2,,Present,2023,10,29,0
9669,1282,COURSE2,,Present,2021,7,15,2
9670,1173,COURSE14,,Present,2023,8,24,0
9671,1199,COURSE4,,Present,2020,6,31,6
9672,1993,COURSE18,,Present,2024,8,18,5
9673,2534,COURSE31,,Absent,2023,5,9,6
9674,2108,COURSE50,,Absent,2023,11,5,3
9675,1728,COURSE7,,Present,2024,5,9,6
9676,2718,COURSE20,,Present,2022,3,15,4
9677,2099,COURSE27,,Present,2022,5,29,3
9678,1106,COURSE12,,Present,2023,9,24,6
9679,1580,COURSE24,,Present,2020,6,9,3
9680,2060,COURSE12,,Absent,2023,7,28,5
9681,2680,COURSE30,,Absent,2024,2,22,0
9682,1248,COURSE49,,Absent,2023,7,4,5
9683,1016,COURSE39,,Absent,2021,10,30,2
9684,1861,COURSE8,,Absent,2020,3,25,2
9685,2676,COURSE48,,Absent,2022,12,16,0
9686,2437,COURSE37,,Absent,2023,6,30,1
9687,2025,COURSE31,,Absent,2022,4,20,1
9688,1032,COURSE24,,Present,2024,8,29,2
9689,1128,COURSE23,,Absent,2023,7,4,5
9690,2765,COURSE15,,Present,2022,1,21,5
9691,1162,COURSE3,,Present,2021,4,14,0
9692,1740,COURSE47,,Present,2021,1,29,3
9693,2295,COURSE17,,Absent,2021,7,21,0
9694,2602,COURSE49,,Present,2024,9,15,1
9695,2714,COURSE1,,Absent,2021,8,12,1
9696,2719,COURSE13,,Present,2021,9,24,6
9697,1341,COURSE34,,Present,2023,9,25,4
9698,2226,COURSE50,,Present,2022,6,21,3
9699,1118,COURSE7,,Present,2024,12,14,1
9700,1397,COURSE50,,Present,2021,9,9,3
9701,2098,COURSE29,,Present,2021,7,4,0
9702,2571,COURSE8,,Present,2021,3,1,5
9703,2969,COURSE26,,Present,2024,5,19,2
9704,2109,COURSE15,,Present,2022,8,16,6
9705,1200,COURSE5,,Absent,2022,2,15,6
9706,1664,COURSE33,,Present,2020,11,4,0
9707,2630,COURSE27,,Present,2021,3,26,6
9708,1463,COURSE28,,Absent,2023,11,11,1
9709,1265,COURSE34,,Present,2023,9,26,2
9710,2939,COURSE3,,Present,2022,6,8,2
9711,2973,COURSE5,,Present,2024,5,23,2
9712,1596,COURSE15,,Present,2022,12,26,0
9713,1780,COURSE3,,Present,2021,3,4,0
9714,1611,COURSE11,,Present,2024,9,28,4
9715,2988,COURSE13,,Present,2024,3,3,2
9716,2135,COURSE11,,Present,2022,8,24,2
9717,2675,COURSE30,,Present,2022,5,12,1
9718,1806,COURSE50,,Absent,2023,9,8,3
9719,1271,COURSE17,,Present,2022,5,17,0
9720,2733,COURSE22,,Present,2023,12,14,4
9721,2040,COURSE30,,Present,2023,12,25,3
9722,1964,COURSE26,,Absent,2023,12,31,1
9723,2855,COURSE14,,Present,2022,9,20,5
9724,1602,COURSE40,,Absent,2024,1,17,4
9725,2309,COURSE13,,Absent,2024,6,27,4
9726,1094,COURSE31,,Absent,2022,9,26,4
9727,2351,COURSE8,,Present,2023,9,25,2
9728,2383,COURSE43,,Present,2021,12,7,2
9729,1590,COURSE31,,Absent,2023,11,29,2
9730,2369,COURSE46,,Present,2021,11,7,4
9731,2625,COURSE26,,Absent,2023,4,2,6
9732,2654,COURSE3,,Present,2022,11,10,5
9733,2631,COURSE15,,Absent,2023,10,20,2
9734,2183,COURSE24,,Absent,2023,10,6,2
9735,1120,COURSE8,,Absent,2022,3,4,4
9736,2395,COURSE1,,Present,2022,6,20,4
9737,1632,COURSE19,,Present,2022,7,17,5
9738,1364,COURSE29,,Present,2024,6,28,5
9739,1228,COURSE22,,Absent,2023,2,21,4
9740,2547,COURSE2,,Absent,2020,1,3,1
9741,2645,COURSE43,,Absent,2020,11,30,4
9742,1717,COURSE3,,Present,2022,8,15,0
9743,2230,COURSE34,,Absent,2023,7,17,0
9744,2265,COURSE32,,Absent,2022,4,14,6
9745,1600,COURSE11,,Present,2021,3,30,5
9746,1130,COURSE1,,Present,2024,12,30,6
9747,2544,COURSE34,,Absent,2023,7,5,1
9748,2209,COURSE29,,Absent,2020,6,9,5
9749,2479,COURSE44,,Absent,2023,12,31,0
9750,1966,COURSE7,,Absent,2020,8,25,0
9751,2907,COURSE37,,Present,2023,10,23,1
9752,1327,COURSE28,,Present,2022,9,7,4
9753,1955,COURSE45,,Absent,2020,11,19,2
9754,2284,COURSE14,,Present,2021,9,8,3
9755,2061,COURSE4,,Present,2020,5,2,2
9756,2418,COURSE41,,Present,2022,3,30,1
9757,1595,COURSE4,,Present,2022,1,21,1
9758,2656,COURSE17,,Present,2021,9,28,4
9759,2387,COURSE3,,Absent,2023,7,26,2
9760,1453,COURSE2,,Absent,2024,8,23,6
9761,1596,COURSE44,,Present,2022,1,13,6
9762,2777,COURSE12,,Absent,2022,2,5,5
9763,1827,COURSE26,,Present,2024,5,22,5
9764,1791,COURSE8,,Present,2022,12,10,2
9765,2596,COURSE9,,Absent,2021,2,24,4
9766,1401,COURSE32,,Absent,2022,3,8,1
9767,2858,COURSE19,,Absent,2024,12,6,3
9768,2761,COURSE3,,Absent,2024,2,4,3
9769,1836,COURSE36,,Present,2024,6,12,0
9770,1094,COURSE44,,Present,2023,5,26,5
9771,1602,COURSE4,,Present,2020,3,29,5
9772,2828,COURSE35,,Present,2023,4,29,1
9773,2826,COURSE10,,Absent,2022,6,19,3
9774,1768,COURSE30,,Absent,2024,9,19,3
9775,1542,COURSE43,,Absent,2024,1,10,5
9776,2342,COURSE42,,Absent,2023,12,7,5
9777,2313,COURSE28,,Present,2021,12,31,1
9778,2451,COURSE20,,Present,2022,2,26,6
9779,2298,COURSE49,,Present,2022,6,24,4
9780,1477,COURSE26,,Absent,2022,8,2,5
9781,2860,COURSE46,,Absent,2023,8,10,4
9782,1608,COURSE23,,Absent,2021,4,10,1
9783,1372,COURSE20,,Absent,2020,10,1,0
9784,1942,COURSE5,,Present,2024,1,8,4
9785,1485,COURSE29,,Present,2021,12,27,3
9786,2051,COURSE23,,Absent,2020,12,2,5
9787,1060,COURSE28,,Present,2023,6,31,0
9788,1930,COURSE9,,Absent,2021,11,4,2
9789,1732,COURSE36,,Absent,2020,7,29,5
9790,2968,COURSE39,,Present,2021,12,29,5
9791,2401,COURSE17,,Absent,2022,5,31,6
9792,2482,COURSE7,,Absent,2020,9,5,0
9793,1611,COURSE15,,Absent,2024,9,23,4
9794,2494,COURSE8,,Absent,2024,11,3,2
9795,1633,COURSE50,,Absent,2022,2,6,5
9796,2887,COURSE50,,Present,2023,1,28,6
9797,2413,COURSE34,,Absent,2021,12,2,2
9798,2019,COURSE2,,Present,2023,12,19,1
9799,2913,COURSE33,,Present,2023,5,4,4
9800,1181,COURSE30,,Absent,2021,1,14,3
9801,2422,COURSE50,,Absent,2020,2,29,0
9802,1784,COURSE41,,Present,2023,3,26,1
9803,1938,COURSE5,,Present,2021,10,14,3
9804,2861,COURSE34,,Absent,2021,9,22,3
9805,2015,COURSE22,,Absent,2022,3,14,5
9806,1166,COURSE46,,Absent,2020,2,27,6
9807,1723,COURSE3,,Absent,2021,8,25,4
9808,2087,COURSE40,,Present,2024,12,27,5
9809,2291,COURSE45,,Present,2023,2,21,0
9810,1344,COURSE1,,Present,2021,12,25,0
9811,1285,COURSE45,,Present,2022,6,3,0
9812,2489,COURSE28,,Absent,2022,12,19,0
9813,1505,COURSE48,,Present,2022,4,21,2
9814,2250,COURSE40,,Present,2023,10,11,4
9815,2801,COURSE39,,Present,2021,6,24,4
9816,2182,COURSE14,,Absent,2024,5,6,2
9817,1766,COURSE36,,Absent,2020,1,25,3
9818,2130,COURSE19,,Absent,2020,11,22,5
9819,2694,COURSE33,,Absent,2021,8,25,4
9820,1531,COURSE12,,Absent,2020,2,3,5
9821,2648,COURSE31,,Absent,2020,10,7,6
9822,2012,COURSE47,,Present,2023,11,16,6
9823,2409,COURSE17,,Absent,2023,10,7,5
9824,2478,COURSE47,,Absent,2020,6,7,5
9825,1993,COURSE18,,Present,2023,10,10,6
9826,1439,COURSE1,,Absent,2020,5,2,2
9827,2799,COURSE22,,Present,2022,8,14,0
9828,2717,COURSE15,,Absent,2023,9,25,4
9829,2303,COURSE33,,Present,2021,12,21,5
9830,1154,COURSE24,,Absent,2021,4,18,5
9831,1711,COURSE49,,Absent,2020,9,27,2
9832,1273,COURSE43,,Absent,2020,8,27,0
9833,1534,COURSE8,,Present,2023,3,21,6
9834,2296,COURSE9,,Present,2024,4,26,2
9835,2976,COURSE44,,Absent,2024,4,5,6
9836,2542,COURSE5,,Absent,2024,6,5,1
9837,2503,COURSE45,,Present,2023,6,29,2
9838,1118,COURSE19,,Present,2024,10,25,0
9839,1824,COURSE11,,Present,2022,4,9,5
9840,2202,COURSE31,,Present,2021,2,25,1
9841,1326,COURSE26,,Absent,2023,12,12,5
9842,1589,COURSE18,,Present,2023,11,6,1
9843,2560,COURSE27,,Present,2024,1,29,4
9844,2490,COURSE2,,Absent,2024,12,31,5
9845,1398,COURSE6,,Present,2021,10,19,0
9846,1531,COURSE35,,Absent,2022,9,5,0
9847,2618,COURSE13,,Absent,2023,10,24,1
9848,2677,COURSE7,,Absent,2024,11,24,0
9849,2693,COURSE48,,Absent,2023,8,2,4
9850,1354,COURSE26,,Absent,2022,4,30,4
9851,2487,COURSE39,,Present,2023,4,3,2
9852,1645,COURSE50,,Absent,2023,7,20,1
9853,1575,COURSE8,,Absent,2024,12,20,6
9854,1258,COURSE15,,Absent,2020,8,29,1
9855,1150,COURSE42,,Present,2023,3,7,6
9856,2570,COURSE49,,Present,2024,6,21,0
9857,1477,COURSE4,,Absent,2022,6,23,6
9858,1687,COURSE27,,Absent,2024,3,24,5
9859,2340,COURSE3,,Absent,2022,7,31,1
9860,2622,COURSE50,,Present,2024,4,26,3
9861,2950,COURSE4,,Present,2024,3,4,5
9862,1557,COURSE14,,Absent,2021,9,26,0
9863,2223,COURSE11,,Present,2024,7,26,1
9864,1918,COURSE29,,Absent,2024,3,26,1
9865,1036,COURSE36,,Present,2022,10,23,5
9866,1056,COURSE8,,Present,2020,1,5,4
9867,2438,COURSE3,,Absent,2021,9,17,1
9868,2903,COURSE4,,Absent,2022,8,12,5
9869,2264,COURSE16,,Present,2021,5,10,1
9870,1744,COURSE39,,Absent,2024,8,18,1
9871,1156,COURSE1,,Present,2022,11,13,1
9872,2485,COURSE13,,Absent,2021,1,5,0
9873,2740,COURSE45,,Absent,2022,5,13,6
9874,2868,COURSE42,,Present,2022,12,16,0
9875,1456,COURSE34,,Present,2023,8,28,5
9876,2675,COURSE17,,Absent,2023,5,16,3
9877,1114,COURSE16,,Present,2021,3,2,5
9878,1364,COURSE8,,Present,2020,3,14,3
9879,1497,COURSE24,,Present,2020,1,23,3
9880,1574,COURSE33,,Present,2020,6,27,3
9881,1094,COURSE41,,Present,2021,2,12,3
9882,1738,COURSE32,,Absent,2024,5,21,3
9883,2150,COURSE39,,Absent,2021,12,15,0
9884,1601,COURSE46,,Present,2021,4,22,6
9885,2091,COURSE1,,Present,2022,3,19,5
9886,2881,COURSE10,,Present,2022,2,14,0
9887,2931,COURSE13,,Absent,2022,4,25,5
9888,1557,COURSE7,,Present,2020,9,26,5
9889,2706,COURSE38,,Absent,2023,12,18,6
9890,2376,COURSE38,,Present,2023,9,12,2
9891,2665,COURSE17,,Present,2022,11,6,6
9892,2632,COURSE43,,Absent,2022,9,12,5
9893,2027,COURSE13,,Absent,2021,10,9,0
9894,1018,COURSE50,,Absent,2023,10,7,6
9895,2737,COURSE4,,Present,2021,5,6,1
9896,1409,COURSE28,,Present,2024,2,26,1
9897,1774,COURSE45,,Present,2020,4,15,5
9898,1487,COURSE45,,Present,2022,7,19,5
9899,1993,COURSE50,,Absent,2020,4,14,4
9900,1147,COURSE2,,Present,2021,11,4,6
9901,1727,COURSE37,,Absent,2024,2,29,1
9902,1271,COURSE16,,Present,2020,3,7,1
9903,1510,COURSE8,,Present,2020,9,7,2
9904,1654,COURSE28,,Present,2024,3,6,3
9905,2548,COURSE27,,Absent,2023,4,25,5
9906,1645,COURSE26,,Absent,2021,12,20,6
9907,2454,COURSE6,,Absent,2021,7,8,2
9908,1849,COURSE9,,Absent,2021,8,8,5
9909,1392,COURSE34,,Present,2020,8,20,3
9910,1127,COURSE6,,Absent,2022,10,1,6
9911,1469,COURSE44,,Present,2024,9,27,5
9912,2416,COURSE15,,Present,2022,1,26,1
9913,2452,COURSE49,,Present,2020,11,1,6
9914,2827,COURSE48,,Present,2021,2,16,1
9915,2305,COURSE47,,Present,2022,6,7,1
9916,1455,COURSE22,,Present,2023,3,2,4
9917,1064,COURSE6,,Absent,2021,6,9,5
9918,2083,COURSE29,,Present,2022,7,9,5
9919,2366,COURSE48,,Present,2021,12,2,4
9920,2891,COURSE23,,Absent,2023,4,27,4
9921,1551,COURSE49,,Absent,2022,9,29,5
9922,1079,COURSE33,,Absent,2020,8,14,0
9923,2282,COURSE16,,Absent,2024,9,9,5
9924,2532,COURSE11,,Present,2021,4,14,6
9925,1887,COURSE15,,Present,2020,2,12,1
9926,2209,COURSE10,,Present,2020,7,25,5
9927,2045,COURSE27,,Absent,2024,11,10,1
9928,2791,COURSE5,,Present,2024,3,22,2
9929,2137,COURSE16,,Absent,2023,12,20,1
9930,1413,COURSE3,,Present,2023,1,25,6
9931,1814,COURSE16,,Present,2020,11,4,1
9932,1490,COURSE49,,Absent,2023,4,14,2
9933,1179,COURSE41,,Present,2022,1,23,1
9934,2897,COURSE39,,Present,2023,5,7,4
9935,2481,COURSE21,,Present,2024,9,6,6
9936,1269,COURSE47,,Absent,2020,9,16,1
9937,1611,COURSE3,,Absent,2020,11,12,6
9938,2355,COURSE42,,Present,2023,8,9,3
9939,1433,COURSE34,,Present,2022,11,9,1
9940,1915,COURSE26,,Absent,2023,4,18,2
9941,2105,COURSE19,,Absent,2024,9,19,4
9942,1822,COURSE49,,Present,2023,5,3,2
9943,1915,COURSE32,,Present,2024,1,26,4
9944,1041,COURSE20,,Present,2021,12,25,3
9945,2305,COURSE46,,Present,2021,8,8,0
9946,2040,COURSE16,,Absent,2021,11,23,5
9947,2601,COURSE34,,Absent,2022,7,25,6
9948,2325,COURSE19,,Present,2023,9,4,3
9949,2791,COURSE4,,Present,2020,6,20,3
9950,1190,COURSE12,,Present,2022,5,1,1
9951,2104,COURSE23,,Present,2023,3,27,3
9952,1064,COURSE50,,Present,2023,11,18,6
9953,1817,COURSE2,,Absent,2023,10,15,0
9954,2338,COURSE16,,Present,2021,11,13,0
9955,1872,COURSE45,,Absent,2024,8,15,0
9956,2054,COURSE33,,Present,2024,3,4,1
9957,2060,COURSE29,,Absent,2021,2,26,5
9958,2992,COURSE18,,Present,2021,6,5,4
9959,1252,COURSE34,,Present,2024,11,13,3
9960,1621,COURSE8,,Absent,2021,5,25,1
9961,2923,COURSE42,,Present,2024,2,8,1
9962,2116,COURSE38,,Present,2022,3,23,1
9963,1720,COURSE42,,Absent,2024,10,8,4
9964,1278,COURSE46,,Absent,2023,12,23,2
9965,2891,COURSE35,,Absent,2023,4,25,1
9966,2358,COURSE12,,Absent,2020,7,12,1
9967,2024,COURSE32,,Absent,2022,12,30,4
9968,2036,COURSE44,,Absent,2023,5,7,4
9969,2994,COURSE44,,Present,2023,9,16,6
9970,1479,COURSE23,,Absent,2023,4,6,4
9971,2068,COURSE30,,Present,2022,8,13,6
9972,2414,COURSE36,,Present,2024,9,15,5
9973,1686,COURSE25,,Present,2022,8,7,6
9974,1119,COURSE9,,Present,2020,11,24,4
9975,2730,COURSE26,,Absent,2023,5,6,2
9976,2126,COURSE28,,Present,2024,4,26,6
9977,2047,COURSE22,,Absent,2024,3,8,4
9978,2010,COURSE31,,Present,2022,11,11,0
9979,2996,COURSE24,,Absent,2020,4,19,0
9980,2507,COURSE1,,Present,2020,2,9,4
9981,2979,COURSE45,,Present,2024,12,25,2
9982,2153,COURSE34,,Absent,2023,6,18,4
9983,2855,COURSE26,,Absent,2022,7,14,4
9984,2982,COURSE27,,Absent,2020,3,9,2
9985,1933,COURSE46,,Present,2020,7,24,1
9986,2945,COURSE8,,Absent,2023,4,21,4
9987,1442,COURSE48,,Present,2021,6,8,0
9988,2256,COURSE43,,Present,2020,4,12,5
9989,1114,COURSE20,,Absent,2024,4,13,5
9990,2063,COURSE3,,Present,2023,1,24,2
9991,2060,COURSE20,,Absent,2024,7,30,2
9992,1890,COURSE17,,Present,2021,8,20,2
9993,2081,COURSE28,,Absent,2022,2,8,5
9994,1898,COURSE11,,Present,2022,3,18,3
9995,1073,COURSE2,,Absent,2021,4,13,4
9996,2065,COURSE48,,Present,2020,9,6,2
9997,2606,COURSE32,,Present,2022,8,17,5
9998,1059,COURSE32,,Absent,2021,2,8,2
9999,1011,COURSE50,,Absent,2024,12,10,2
10000,1040,COURSE14,,Present,2022,4,13,1