EnrollmentID,StudentID,CourseID,Semester,Year,Grade,Source
1,1039,COURSE47,Spring,2019,F,Original
2,1053,COURSE3,Spring,2022,C,Original
3,1369,COURSE27,Spring,2022,B,Original
4,1202,COURSE22,Summer,2020,D,Original
5,1163,COURSE43,Fall,2020,C,Original
6,1307,COURSE26,Spring,2019,B,Original
7,1474,COURSE38,Summer,2020,F,Original
8,1031,COURSE50,Spring,2020,C,Original
9,1340,COURSE38,Spring,2023,F,Original
10,1374,COURSE16,Spring,2022,A,Original
11,1496,COURSE26,Fall,2023,B,Original
12,1197,COURSE38,Spring,2024,C,Original
13,1374,COURSE23,Spring,2019,B,Original
14,1493,COURSE31,Fall,2023,A,Original
15,1039,COURSE9,Summer,2022,A,Original
16,1001,COURSE18,Spring,2021,B,Original
17,1139,COURSE13,Fall,2019,B,Original
18,1365,COURSE18,Fall,2022,A,Original
19,1106,COURSE28,Summer,2020,F,Original
20,1117,COURSE19,Summer,2024,B,Original
21,1321,COURSE11,Fall,2023,B,Original
22,1351,COURSE6,Fall,2023,D,Original
23,1446,COURSE10,Spring,2020,A,Original
24,1335,COURSE27,Fall,2021,C,Original
25,1234,COURSE2,Summer,2020,D,Original
26,1420,COURSE46,Fall,2019,C,Original
27,1039,COURSE49,Summer,2020,C,Original
28,1458,COURSE35,Fall,2022,A,Original
29,1256,COURSE46,Summer,2020,A,Original
30,1405,COURSE17,Fall,2019,D,Original
31,1387,COURSE49,Spring,2019,B,Original
32,1114,COURSE18,Fall,2020,F,Original
33,1055,COURSE41,Spring,2021,F,Original
34,1060,COURSE24,Spring,2023,A,Original
35,1316,COURSE41,Spring,2021,C,Original
36,1271,COURSE17,Fall,2020,F,Original
37,1314,COURSE13,Summer,2024,A,Original
38,1388,COURSE18,Summer,2022,A,Original
39,1180,COURSE25,Summer,2019,C,Original
40,1103,COURSE34,Spring,2022,A,Original
41,1245,COURSE4,Fall,2019,F,Original
42,1109,COURSE26,Spring,2021,A,Original
43,1400,COURSE31,Fall,2021,A,Original
44,1003,COURSE18,Summer,2020,C,Original
45,1319,COURSE36,Fall,2020,D,Original
46,1325,COURSE30,Fall,2019,A,Original
47,1426,COURSE30,Spring,2019,C,Original
48,1050,COURSE42,Spring,2020,B,Original
49,1333,COURSE47,Summer,2019,D,Original
50,1271,COURSE18,Spring,2019,A,Original
51,1370,COURSE24,Summer,2024,D,Original
52,1243,COURSE33,Fall,2023,B,Original
53,1430,COURSE41,Fall,2023,D,Original
54,1456,COURSE10,Fall,2023,B,Original
55,1151,COURSE48,Summer,2024,C,Original
56,1439,COURSE33,Spring,2019,C,Original
57,1324,COURSE43,Spring,2024,D,Original
58,1293,COURSE39,Summer,2019,B,Original
59,1427,COURSE42,Fall,2023,A,Original
60,1249,COURSE46,Summer,2020,A,Original
61,1196,COURSE27,Summer,2022,C,Original
62,1333,COURSE44,Fall,2020,F,Original
63,1169,COURSE38,Fall,2022,D,Original
64,1149,COURSE45,Fall,2021,A,Original
65,1117,COURSE6,Fall,2019,D,Original
66,1043,COURSE12,Spring,2019,B,Original
67,1448,COURSE5,Spring,2024,C,Original
68,1414,COURSE24,Spring,2023,B,Original
69,1267,COURSE41,Spring,2022,B,Original
70,1458,COURSE2,Summer,2020,A,Original
71,1340,COURSE27,Fall,2024,B,Original
72,1126,COURSE34,Summer,2023,D,Original
73,1245,COURSE20,Summer,2020,D,Original
74,1249,COURSE32,Spring,2023,A,Original
75,1138,COURSE37,Spring,2024,D,Original
76,1178,COURSE49,Summer,2023,D,Original
77,1039,COURSE24,Spring,2020,F,Original
78,1169,COURSE31,Summer,2022,F,Original
79,1104,COURSE9,Spring,2022,F,Original
80,1019,COURSE26,Fall,2023,B,Original
81,1196,COURSE22,Summer,2024,A,Original
82,1163,COURSE3,Spring,2019,B,Original
83,1359,COURSE1,Summer,2024,B,Original
84,1162,COURSE18,Fall,2021,A,Original
85,1407,COURSE39,Spring,2020,A,Original
86,1279,COURSE41,Spring,2024,C,Original
87,1309,COURSE12,Fall,2024,D,Original
88,1143,COURSE37,Spring,2024,C,Original
89,1191,COURSE22,Spring,2020,C,Original
90,1047,COURSE42,Summer,2024,A,Original
91,1475,COURSE24,Summer,2020,F,Original
92,1450,COURSE22,Spring,2024,C,Original
93,1400,COURSE3,Summer,2021,D,Original
94,1220,COURSE30,Spring,2022,A,Original
95,1282,COURSE38,Summer,2023,D,Original
96,1486,COURSE43,Summer,2019,F,Original
97,1146,COURSE10,Fall,2023,A,Original
98,1113,COURSE14,Fall,2023,D,Original
99,1446,COURSE19,Summer,2024,D,Original
100,1467,COURSE30,Fall,2020,D,Original
101,1283,COURSE36,Fall,2021,D,Original
102,1445,COURSE40,Summer,2024,F,Original
103,1252,COURSE2,Fall,2022,A,Original
104,1163,COURSE13,Fall,2020,D,Original
105,1175,COURSE39,Summer,2020,B,Original
106,1277,COURSE3,Spring,2019,C,Original
107,1410,COURSE15,Summer,2022,F,Original
108,1314,COURSE13,Fall,2022,D,Original
109,1495,COURSE34,Spring,2019,B,Original
110,1198,COURSE34,Summer,2019,B,Original
111,1436,COURSE25,Spring,2020,A,Original
112,1115,COURSE28,Fall,2024,C,Original
113,1092,COURSE19,Summer,2023,A,Original
114,1205,COURSE5,Summer,2022,D,Original
115,1433,COURSE20,Summer,2019,A,Original
116,1152,COURSE27,Spring,2024,D,Original
117,1137,COURSE31,Summer,2024,A,Original
118,1274,COURSE19,Spring,2023,B,Original
119,1106,COURSE12,Fall,2020,B,Original
120,1197,COURSE5,Spring,2020,A,Original
121,1262,COURSE4,Spring,2021,D,Original
122,1015,COURSE49,Summer,2021,D,Original
123,1178,COURSE33,Spring,2024,A,Original
124,1106,COURSE27,Summer,2024,D,Original
125,1292,COURSE26,Summer,2022,B,Original
126,1349,COURSE23,Fall,2023,B,Original
127,1499,COURSE38,Summer,2020,A,Original
128,1302,COURSE15,Spring,2022,B,Original
129,1098,COURSE2,Summer,2020,A,Original
130,1225,COURSE7,Fall,2019,C,Original
131,1034,COURSE9,Spring,2020,B,Original
132,1217,COURSE4,Summer,2019,F,Original
133,1152,COURSE4,Spring,2022,F,Original
134,1298,COURSE4,Fall,2021,D,Original
135,1273,COURSE48,Spring,2024,A,Original
136,1428,COURSE31,Spring,2024,F,Original
137,1281,COURSE32,Spring,2022,C,Original
138,1455,COURSE45,Summer,2021,D,Original
139,1262,COURSE4,Fall,2022,C,Original
140,1026,COURSE8,Spring,2023,A,Original
141,1122,COURSE40,Fall,2022,C,Original
142,1269,COURSE49,Spring,2019,D,Original
143,1052,COURSE26,Summer,2023,A,Original
144,1450,COURSE18,Summer,2024,B,Original
145,1470,COURSE35,Fall,2024,B,Original
146,1251,COURSE42,Fall,2022,C,Original
147,1215,COURSE32,Summer,2024,A,Original
148,1473,COURSE40,Spring,2020,D,Original
149,1007,COURSE35,Spring,2020,C,Original
150,1438,COURSE35,Fall,2020,F,Original
151,1155,COURSE35,Fall,2021,D,Original
152,1388,COURSE34,Fall,2023,D,Original
153,1115,COURSE34,Fall,2020,D,Original
154,1221,COURSE15,Summer,2019,C,Original
155,1500,COURSE26,Fall,2019,C,Original
156,1159,COURSE22,Spring,2024,A,Original
157,1075,COURSE46,Spring,2019,A,Original
158,1163,COURSE37,Fall,2021,C,Original
159,1205,COURSE43,Spring,2022,F,Original
160,1480,COURSE10,Spring,2022,B,Original
161,1064,COURSE10,Spring,2021,A,Original
162,1072,COURSE9,Summer,2020,B,Original
163,1106,COURSE14,Spring,2019,F,Original
164,1352,COURSE33,Spring,2021,C,Original
165,1125,COURSE21,Fall,2021,C,Original
166,1242,COURSE41,Fall,2019,F,Original
167,1190,COURSE34,Spring,2024,F,Original
168,1003,COURSE39,Spring,2021,C,Original
169,1031,COURSE8,Fall,2023,D,Original
170,1197,COURSE29,Fall,2021,D,Original
171,1162,COURSE39,Summer,2020,D,Original
172,1221,COURSE29,Spring,2023,F,Original
173,1371,COURSE40,Spring,2019,C,Original
174,1320,COURSE5,Summer,2020,C,Original
175,1433,COURSE5,Spring,2019,F,Original
176,1008,COURSE9,Summer,2019,F,Original
177,1043,COURSE47,Spring,2022,C,Original
178,1131,COURSE10,Summer,2019,A,Original
179,1278,COURSE30,Spring,2023,B,Original
180,1218,COURSE28,Spring,2019,D,Original
181,1060,COURSE9,Fall,2024,C,Original
182,1151,COURSE32,Fall,2019,B,Original
183,1110,COURSE14,Spring,2023,D,Original
184,1057,COURSE33,Fall,2021,D,Original
185,1024,COURSE36,Spring,2020,F,Original
186,1157,COURSE47,Fall,2022,B,Original
187,1113,COURSE14,Fall,2021,C,Original
188,1001,COURSE1,Spring,2020,A,Original
189,1101,COURSE38,Spring,2021,C,Original
190,1466,COURSE43,Summer,2020,D,Original
191,1377,COURSE47,Fall,2024,C,Original
192,1212,COURSE5,Spring,2019,F,Original
193,1292,COURSE8,Fall,2022,C,Original
194,1256,COURSE17,Summer,2024,C,Original
195,1399,COURSE28,Summer,2024,C,Original
196,1466,COURSE32,Spring,2023,B,Original
197,1349,COURSE25,Spring,2022,B,Original
198,1442,COURSE39,Summer,2023,F,Original
199,1061,COURSE34,Spring,2021,C,Original
200,1499,COURSE32,Spring,2022,F,Original
201,1084,COURSE5,Fall,2023,A,Original
202,1454,COURSE30,Spring,2019,B,Original
203,1071,COURSE47,Summer,2019,C,Original
204,1351,COURSE42,Spring,2023,C,Original
205,1438,COURSE23,Spring,2021,A,Original
206,1351,COURSE14,Fall,2020,C,Original
207,1243,COURSE31,Summer,2022,D,Original
208,1415,COURSE11,Summer,2024,D,Original
209,1251,COURSE5,Fall,2022,A,Original
210,1183,COURSE5,Spring,2023,D,Original
211,1110,COURSE34,Summer,2021,B,Original
212,1146,COURSE24,Summer,2021,C,Original
213,1488,COURSE39,Spring,2022,D,Original
214,1375,COURSE38,Fall,2024,A,Original
215,1346,COURSE30,Fall,2019,F,Original
216,1235,COURSE40,Summer,2019,B,Original
217,1409,COURSE36,Summer,2021,F,Original
218,1377,COURSE50,Summer,2020,B,Original
219,1183,COURSE50,Fall,2024,F,Original
220,1408,COURSE33,Spring,2023,F,Original
221,1337,COURSE23,Summer,2022,D,Original
222,1015,COURSE48,Summer,2020,B,Original
223,1197,COURSE11,Summer,2023,A,Original
224,1426,COURSE38,Summer,2023,D,Original
225,1008,COURSE50,Spring,2022,F,Original
226,1124,COURSE3,Summer,2022,A,Original
227,1374,COURSE10,Summer,2022,B,Original
228,1238,COURSE21,Summer,2022,B,Original
229,1223,COURSE16,Fall,2022,B,Original
230,1182,COURSE5,Summer,2020,B,Original
231,1193,COURSE37,Fall,2021,F,Original
232,1107,COURSE49,Fall,2024,F,Original
233,1038,COURSE42,Spring,2019,F,Original
234,1358,COURSE11,Spring,2019,D,Original
235,1072,COURSE23,Summer,2024,C,Original
236,1075,COURSE37,Summer,2023,A,Original
237,1465,COURSE13,Spring,2024,F,Original
238,1439,COURSE27,Summer,2019,C,Original
239,1306,COURSE44,Fall,2019,C,Original
240,1217,COURSE41,Spring,2022,B,Original
241,1245,COURSE41,Spring,2023,A,Original
242,1469,COURSE12,Fall,2020,D,Original
243,1270,COURSE45,Summer,2024,C,Original
244,1317,COURSE19,Spring,2019,A,Original
245,1388,COURSE25,Fall,2022,C,Original
246,1193,COURSE23,Summer,2021,D,Original
247,1442,COURSE29,Fall,2021,B,Original
248,1092,COURSE35,Fall,2022,F,Original
249,1319,COURSE39,Fall,2023,C,Original
250,1034,COURSE2,Fall,2019,D,Original
251,1146,COURSE39,Fall,2020,B,Original
252,1492,COURSE15,Spring,2021,C,Original
253,1116,COURSE38,Spring,2021,D,Original
254,1322,COURSE6,Fall,2023,B,Original
255,1384,COURSE50,Summer,2019,D,Original
256,1207,COURSE27,Spring,2020,D,Original
257,1186,COURSE48,Summer,2021,C,Original
258,1070,COURSE48,Fall,2023,A,Original
259,1270,COURSE26,Fall,2023,C,Original
260,1403,COURSE8,Fall,2020,F,Original
261,1203,COURSE17,Spring,2022,B,Original
262,1003,COURSE19,Summer,2019,B,Original
263,1497,COURSE22,Summer,2023,F,Original
264,1463,COURSE30,Summer,2019,B,Original
265,1242,COURSE27,Spring,2024,C,Original
266,1245,COURSE33,Fall,2020,D,Original
267,1002,COURSE28,Summer,2023,C,Original
268,1095,COURSE41,Spring,2022,D,Original
269,1319,COURSE50,Fall,2020,C,Original
270,1475,COURSE2,Summer,2024,F,Original
271,1013,COURSE24,Fall,2020,C,Original
272,1438,COURSE14,Fall,2019,A,Original
273,1057,COURSE48,Summer,2022,C,Original
274,1007,COURSE16,Summer,2021,F,Original
275,1229,COURSE20,Fall,2024,F,Original
276,1390,COURSE29,Fall,2021,A,Original
277,1212,COURSE41,Spring,2021,A,Original
278,1456,COURSE17,Summer,2020,F,Original
279,1467,COURSE18,Spring,2022,F,Original
280,1339,COURSE50,Fall,2022,A,Original
281,1211,COURSE49,Spring,2022,C,Original
282,1206,COURSE5,Spring,2022,B,Original
283,1108,COURSE43,Summer,2023,D,Original
284,1137,COURSE21,Summer,2023,D,Original
285,1102,COURSE24,Spring,2021,D,Original
286,1137,COURSE41,Fall,2024,D,Original
287,1089,COURSE25,Spring,2021,A,Original
288,1347,COURSE17,Fall,2021,D,Original
289,1002,COURSE12,Summer,2019,F,Original
290,1158,COURSE9,Fall,2019,C,Original
291,1131,COURSE6,Summer,2019,D,Original
292,1276,COURSE28,Summer,2023,C,Original
293,1139,COURSE6,Summer,2021,F,Original
294,1342,COURSE40,Summer,2023,A,Original
295,1265,COURSE40,Spring,2024,A,Original
296,1496,COURSE49,Summer,2023,A,Original
297,1014,COURSE6,Fall,2024,C,Original
298,1300,COURSE2,Fall,2019,C,Original
299,1137,COURSE44,Fall,2024,D,Original
300,1452,COURSE18,Summer,2021,A,Original
301,1378,COURSE43,Fall,2019,C,Original
302,1224,COURSE30,Summer,2020,B,Original
303,1192,COURSE44,Summer,2019,D,Original
304,1298,COURSE20,Fall,2020,A,Original
305,1136,COURSE26,Fall,2020,A,Original
306,1237,COURSE13,Fall,2019,B,Original
307,1322,COURSE21,Fall,2019,D,Original
308,1103,COURSE13,Fall,2023,F,Original
309,1298,COURSE32,Summer,2021,C,Original
310,1427,COURSE48,Spring,2020,D,Original
311,1283,COURSE11,Summer,2019,D,Original
312,1385,COURSE41,Spring,2024,D,Original
313,1435,COURSE16,Fall,2022,C,Original
314,1253,COURSE38,Fall,2021,B,Original
315,1387,COURSE48,Summer,2024,F,Original
316,1199,COURSE35,Fall,2021,D,Original
317,1410,COURSE3,Summer,2019,C,Original
318,1287,COURSE44,Fall,2021,D,Original
319,1455,COURSE1,Spring,2023,D,Original
320,1050,COURSE40,Spring,2020,C,Original
321,1121,COURSE30,Summer,2019,C,Original
322,1095,COURSE35,Fall,2023,A,Original
323,1379,COURSE28,Fall,2021,A,Original
324,1464,COURSE35,Summer,2022,D,Original
325,1339,COURSE26,Spring,2021,D,Original
326,1491,COURSE7,Fall,2020,A,Original
327,1095,COURSE5,Spring,2022,A,Original
328,1388,COURSE11,Fall,2024,F,Original
329,1364,COURSE43,Summer,2024,B,Original
330,1336,COURSE32,Summer,2021,C,Original
331,1084,COURSE9,Summer,2020,C,Original
332,1419,COURSE10,Fall,2019,D,Original
333,1219,COURSE37,Spring,2023,C,Original
334,1282,COURSE22,Summer,2020,F,Original
335,1097,COURSE26,Summer,2021,A,Original
336,1363,COURSE29,Spring,2021,C,Original
337,1411,COURSE18,Fall,2019,A,Original
338,1352,COURSE4,Summer,2024,D,Original
339,1233,COURSE45,Spring,2020,B,Original
340,1113,COURSE24,Summer,2020,D,Original
341,1220,COURSE49,Fall,2021,B,Original
342,1234,COURSE13,Summer,2023,D,Original
343,1339,COURSE15,Summer,2023,D,Original
344,1090,COURSE11,Summer,2023,C,Original
345,1400,COURSE34,Fall,2022,F,Original
346,1107,COURSE49,Spring,2019,C,Original
347,1014,COURSE44,Fall,2020,D,Original
348,1081,COURSE19,Summer,2021,D,Original
349,1046,COURSE15,Summer,2024,D,Original
350,1175,COURSE39,Fall,2024,F,Original
351,1430,COURSE34,Summer,2023,D,Original
352,1348,COURSE16,Summer,2023,D,Original
353,1257,COURSE10,Summer,2021,B,Original
354,1462,COURSE50,Summer,2024,C,Original
355,1424,COURSE22,Summer,2024,C,Original
356,1034,COURSE25,Summer,2020,D,Original
357,1085,COURSE6,Fall,2020,C,Original
358,1339,COURSE33,Fall,2022,A,Original
359,1287,COURSE18,Summer,2024,F,Original
360,1316,COURSE13,Spring,2022,C,Original
361,1478,COURSE5,Fall,2024,D,Original
362,1311,COURSE26,Fall,2024,B,Original
363,1130,COURSE6,Spring,2021,B,Original
364,1099,COURSE47,Summer,2024,D,Original
365,1280,COURSE2,Fall,2021,F,Original
366,1423,COURSE17,Spring,2024,B,Original
367,1347,COURSE9,Spring,2022,D,Original
368,1141,COURSE2,Spring,2020,B,Original
369,1476,COURSE27,Fall,2023,B,Original
370,1486,COURSE44,Fall,2020,A,Original
371,1104,COURSE24,Summer,2024,D,Original
372,1184,COURSE21,Spring,2022,C,Original
373,1329,COURSE36,Fall,2020,C,Original
374,1318,COURSE39,Spring,2023,B,Original
375,1223,COURSE41,Fall,2023,A,Original
376,1291,COURSE45,Fall,2020,F,Original
377,1412,COURSE7,Fall,2020,F,Original
378,1171,COURSE2,Spring,2024,C,Original
379,1354,COURSE43,Summer,2022,C,Original
380,1369,COURSE22,Spring,2022,B,Original
381,1432,COURSE16,Summer,2022,A,Original
382,1359,COURSE8,Spring,2020,B,Original
383,1099,COURSE25,Spring,2023,B,Original
384,1260,COURSE41,Fall,2020,A,Original
385,1366,COURSE44,Summer,2024,B,Original
386,1442,COURSE15,Fall,2022,F,Original
387,1295,COURSE8,Summer,2020,F,Original
388,1388,COURSE46,Spring,2024,B,Original
389,1037,COURSE33,Fall,2020,C,Original
390,1335,COURSE34,Spring,2023,A,Original
391,1399,COURSE12,Fall,2020,A,Original
392,1077,COURSE22,Fall,2020,F,Original
393,1234,COURSE28,Fall,2021,F,Original
394,1152,COURSE38,Fall,2020,D,Original
395,1418,COURSE1,Spring,2019,B,Original
396,1300,COURSE21,Spring,2022,A,Original
397,1406,COURSE26,Summer,2021,F,Original
398,1044,COURSE28,Summer,2023,A,Original
399,1404,COURSE5,Summer,2022,F,Original
400,1079,COURSE40,Summer,2022,B,Original
401,1302,COURSE9,Fall,2020,A,Original
402,1374,COURSE11,Summer,2022,C,Original
403,1409,COURSE15,Fall,2019,D,Original
404,1450,COURSE29,Summer,2020,D,Original
405,1256,COURSE2,Spring,2023,A,Original
406,1136,COURSE36,Summer,2019,F,Original
407,1264,COURSE18,Summer,2021,F,Original
408,1124,COURSE37,Summer,2024,B,Original
409,1297,COURSE3,Spring,2019,C,Original
410,1020,COURSE40,Summer,2023,C,Original
411,1222,COURSE48,Summer,2020,B,Original
412,1290,COURSE17,Fall,2019,D,Original
413,1348,COURSE48,Fall,2022,F,Original
414,1052,COURSE44,Fall,2023,D,Original
415,1500,COURSE38,Spring,2023,A,Original
416,1401,COURSE19,Fall,2020,A,Original
417,1005,COURSE27,Summer,2024,A,Original
418,1055,COURSE41,Spring,2024,A,Original
419,1498,COURSE33,Summer,2022,F,Original
420,1078,COURSE41,Summer,2020,F,Original
421,1038,COURSE12,Summer,2019,D,Original
422,1175,COURSE29,Fall,2020,F,Original
423,1186,COURSE45,Spring,2024,C,Original
424,1036,COURSE23,Spring,2021,B,Original
425,1476,COURSE26,Spring,2022,C,Original
426,1201,COURSE37,Summer,2020,C,Original
427,1108,COURSE37,Summer,2023,B,Original
428,1071,COURSE2,Fall,2022,D,Original
429,1281,COURSE8,Spring,2019,F,Original
430,1058,COURSE27,Summer,2021,C,Original
431,1031,COURSE39,Spring,2023,C,Original
432,1089,COURSE35,Fall,2023,A,Original
433,1497,COURSE42,Spring,2021,F,Original
434,1133,COURSE12,Spring,2022,F,Original
435,1279,COURSE46,Spring,2019,F,Original
436,1044,COURSE31,Fall,2020,D,Original
437,1251,COURSE3,Spring,2022,D,Original
438,1330,COURSE4,Fall,2019,C,Original
439,1394,COURSE41,Spring,2020,C,Original
440,1473,COURSE1,Summer,2021,A,Original
441,1083,COURSE44,Summer,2024,B,Original
442,1255,COURSE26,Fall,2020,C,Original
443,1104,COURSE24,Fall,2021,F,Original
444,1175,COURSE30,Fall,2023,B,Original
445,1454,COURSE31,Spring,2022,B,Original
446,1409,COURSE28,Spring,2023,B,Original
447,1023,COURSE24,Spring,2024,A,Original
448,1239,COURSE2,Spring,2023,A,Original
449,1037,COURSE43,Summer,2021,F,Original
450,1074,COURSE36,Summer,2024,C,Original
451,1485,COURSE47,Fall,2022,A,Original
452,1395,COURSE32,Summer,2021,F,Original
453,1021,COURSE13,Fall,2023,F,Original
454,1298,COURSE20,Spring,2024,B,Original
455,1319,COURSE24,Summer,2022,D,Original
456,1177,COURSE18,Summer,2019,B,Original
457,1294,COURSE4,Summer,2022,B,Original
458,1217,COURSE21,Summer,2019,F,Original
459,1136,COURSE36,Summer,2022,A,Original
460,1214,COURSE28,Summer,2022,C,Original
461,1168,COURSE47,Spring,2022,C,Original
462,1313,COURSE16,Summer,2023,B,Original
463,1417,COURSE43,Spring,2023,D,Original
464,1107,COURSE17,Summer,2023,B,Original
465,1085,COURSE7,Spring,2019,F,Original
466,1438,COURSE15,Summer,2019,C,Original
467,1104,COURSE32,Spring,2023,B,Original
468,1076,COURSE45,Fall,2020,C,Original
469,1468,COURSE11,Spring,2019,C,Original
470,1267,COURSE15,Fall,2022,A,Original
471,1043,COURSE12,Fall,2021,B,Original
472,1111,COURSE49,Spring,2022,F,Original
473,1315,COURSE24,Summer,2023,B,Original
474,1164,COURSE47,Fall,2020,C,Original
475,1002,COURSE26,Spring,2024,A,Original
476,1198,COURSE7,Spring,2020,A,Original
477,1151,COURSE38,Summer,2023,D,Original
478,1346,COURSE2,Spring,2022,D,Original
479,1199,COURSE43,Fall,2022,B,Original
480,1306,COURSE41,Fall,2021,D,Original
481,1488,COURSE33,Fall,2020,B,Original
482,1384,COURSE13,Summer,2021,F,Original
483,1456,COURSE47,Spring,2021,D,Original
484,1189,COURSE33,Fall,2024,A,Original
485,1493,COURSE10,Summer,2021,B,Original
486,1042,COURSE45,Spring,2020,F,Original
487,1370,COURSE2,Spring,2024,B,Original
488,1413,COURSE12,Summer,2020,B,Original
489,1341,COURSE27,Summer,2023,A,Original
490,1100,COURSE13,Summer,2021,F,Original
491,1499,COURSE38,Spring,2022,C,Original
492,1495,COURSE19,Summer,2024,C,Original
493,1225,COURSE19,Spring,2019,F,Original
494,1070,COURSE41,Fall,2024,F,Original
495,1157,COURSE42,Spring,2019,B,Original
496,1163,COURSE14,Spring,2023,A,Original
497,1274,COURSE9,Spring,2020,B,Original
498,1303,COURSE34,Summer,2024,B,Original
499,1150,COURSE7,Spring,2021,F,Original
500,1391,COURSE36,Spring,2019,A,Original
1,1425,COURSE99,Fall,2019,C,Synthetic
2,1129,COURSE135,Spring,2021,D,Synthetic
3,1190,COURSE105,Fall,2019,D,Synthetic
4,2932,COURSE89,Summer,2024,C,Synthetic
5,1632,COURSE138,Summer,2023,D,Synthetic
6,1006,COURSE82,Fall,2019,D,Synthetic
7,1604,COURSE97,Fall,2023,B,Synthetic
8,2084,COURSE55,Summer,2021,B,Synthetic
9,2249,COURSE123,Fall,2021,C,Synthetic
10,1989,COURSE74,Spring,2024,D,Synthetic
11,1913,COURSE111,Fall,2024,C,Synthetic
12,2809,COURSE126,Fall,2022,A,Synthetic
13,1005,COURSE138,Fall,2019,C,Synthetic
14,2341,COURSE129,Fall,2024,B,Synthetic
15,2498,COURSE150,Summer,2021,B,Synthetic
16,2642,COURSE73,Fall,2022,A,Synthetic
17,2695,COURSE122,Fall,2021,D,Synthetic
18,1586,COURSE107,Spring,2023,B,Synthetic
19,1855,COURSE133,Fall,2020,D,Synthetic
20,1711,COURSE58,Spring,2023,C,Synthetic
21,2957,COURSE132,Spring,2020,B,Synthetic
22,1463,COURSE75,Spring,2021,F,Synthetic
23,2073,COURSE101,Summer,2023,C,Synthetic
24,2817,COURSE128,Spring,2021,C,Synthetic
25,2216,COURSE120,Fall,2024,D,Synthetic
26,2394,COURSE142,Spring,2021,D,Synthetic
27,1262,COURSE123,Summer,2024,B,Synthetic
28,2497,COURSE51,Fall,2021,C,Synthetic
29,1810,COURSE72,Spring,2023,D,Synthetic
30,1486,COURSE115,Fall,2019,F,Synthetic
31,1680,COURSE64,Fall,2020,B,Synthetic
32,1675,COURSE145,Fall,2020,C,Synthetic
33,1043,COURSE79,Summer,2019,F,Synthetic
34,2111,COURSE79,Fall,2024,F,Synthetic
35,2694,COURSE84,Spring,2020,D,Synthetic
36,1282,COURSE85,Fall,2024,F,Synthetic
37,1055,COURSE53,Fall,2021,C,Synthetic
38,1478,COURSE77,Fall,2024,A,Synthetic
39,1869,COURSE116,Summer,2023,C,Synthetic
40,2352,COURSE95,Fall,2020,C,Synthetic
41,2128,COURSE139,Spring,2019,B,Synthetic
42,2041,COURSE109,Fall,2023,B,Synthetic
43,2480,COURSE57,Summer,2022,A,Synthetic
44,2436,COURSE94,Spring,2024,A,Synthetic
45,1383,COURSE100,Fall,2020,D,Synthetic
46,2057,COURSE73,Summer,2021,C,Synthetic
47,1377,COURSE61,Spring,2020,A,Synthetic
48,2965,COURSE90,Fall,2023,C,Synthetic
49,2703,COURSE97,Spring,2022,D,Synthetic
50,2323,COURSE123,Fall,2021,A,Synthetic
51,1571,COURSE118,Spring,2022,A,Synthetic
52,1556,COURSE100,Summer,2019,C,Synthetic
53,2080,COURSE113,Fall,2019,C,Synthetic
54,1462,COURSE121,Fall,2022,A,Synthetic
55,2959,COURSE102,Fall,2021,F,Synthetic
56,1218,COURSE140,Spring,2021,C,Synthetic
57,2719,COURSE130,Summer,2021,B,Synthetic
58,2802,COURSE59,Spring,2023,D,Synthetic
59,2494,COURSE66,Summer,2023,C,Synthetic
60,1769,COURSE90,Spring,2022,C,Synthetic
61,2664,COURSE145,Summer,2020,B,Synthetic
62,1180,COURSE106,Spring,2023,C,Synthetic
63,2786,COURSE55,Fall,2019,C,Synthetic
64,2952,COURSE141,Fall,2019,D,Synthetic
65,2939,COURSE72,Fall,2021,B,Synthetic
66,2753,COURSE150,Fall,2023,C,Synthetic
67,2261,COURSE65,Spring,2024,D,Synthetic
68,1777,COURSE117,Fall,2020,B,Synthetic
69,1222,COURSE128,Spring,2019,C,Synthetic
70,1936,COURSE132,Spring,2024,B,Synthetic
71,2860,COURSE63,Fall,2021,C,Synthetic
72,2564,COURSE127,Fall,2020,B,Synthetic
73,2400,COURSE57,Fall,2023,A,Synthetic
74,2620,COURSE119,Fall,2019,D,Synthetic
75,2543,COURSE90,Spring,2021,C,Synthetic
76,2484,COURSE88,Fall,2024,F,Synthetic
77,2663,COURSE137,Spring,2022,C,Synthetic
78,1950,COURSE116,Fall,2020,F,Synthetic
79,2831,COURSE80,Spring,2023,C,Synthetic
80,1896,COURSE118,Spring,2022,F,Synthetic
81,2838,COURSE78,Fall,2020,B,Synthetic
82,1705,COURSE87,Spring,2021,C,Synthetic
83,1372,COURSE88,Spring,2019,C,Synthetic
84,2387,COURSE114,Spring,2024,D,Synthetic
85,1606,COURSE131,Summer,2022,A,Synthetic
86,1144,COURSE75,Spring,2019,D,Synthetic
87,2966,COURSE81,Fall,2022,F,Synthetic
88,2878,COURSE125,Fall,2023,B,Synthetic
89,2358,COURSE108,Spring,2024,D,Synthetic
90,2327,COURSE59,Fall,2020,D,Synthetic
91,2230,COURSE102,Spring,2019,D,Synthetic
92,2676,COURSE91,Summer,2021,A,Synthetic
93,2567,COURSE110,Spring,2022,D,Synthetic
94,1449,COURSE64,Spring,2023,B,Synthetic
95,2693,COURSE100,Summer,2022,A,Synthetic
96,1462,COURSE84,Fall,2023,D,Synthetic
97,1184,COURSE128,Spring,2023,C,Synthetic
98,2317,COURSE113,Spring,2021,C,Synthetic
99,1721,COURSE92,Fall,2023,A,Synthetic
100,2412,COURSE98,Fall,2023,D,Synthetic
101,2994,COURSE103,Spring,2021,D,Synthetic
102,1742,COURSE62,Spring,2024,B,Synthetic
103,2485,COURSE104,Summer,2020,C,Synthetic
104,1920,COURSE59,Spring,2023,D,Synthetic
105,1252,COURSE127,Fall,2022,F,Synthetic
106,2651,COURSE108,Fall,2021,F,Synthetic
107,2597,COURSE76,Spring,2023,C,Synthetic
108,1527,COURSE120,Spring,2021,D,Synthetic
109,2869,COURSE132,Spring,2021,B,Synthetic
110,1118,COURSE60,Fall,2024,A,Synthetic
111,1210,COURSE62,Summer,2020,F,Synthetic
112,1472,COURSE145,Fall,2022,C,Synthetic
113,2191,COURSE68,Summer,2023,F,Synthetic
114,2047,COURSE113,Summer,2024,A,Synthetic
115,2913,COURSE124,Spring,2023,F,Synthetic
116,1644,COURSE78,Fall,2022,D,Synthetic
117,2223,COURSE93,Summer,2020,F,Synthetic
118,2438,COURSE143,Summer,2021,C,Synthetic
119,1669,COURSE107,Summer,2024,A,Synthetic
120,1716,COURSE134,Summer,2023,B,Synthetic
121,2612,COURSE76,Summer,2022,A,Synthetic
122,1488,COURSE116,Summer,2019,C,Synthetic
123,2620,COURSE107,Summer,2024,D,Synthetic
124,1683,COURSE125,Fall,2022,C,Synthetic
125,1589,COURSE126,Spring,2020,F,Synthetic
126,2076,COURSE77,Spring,2020,C,Synthetic
127,2264,COURSE93,Spring,2024,F,Synthetic
128,1424,COURSE64,Spring,2023,B,Synthetic
129,2855,COURSE67,Summer,2024,B,Synthetic
130,2822,COURSE67,Spring,2019,B,Synthetic
131,1830,COURSE63,Spring,2021,C,Synthetic
132,1171,COURSE58,Spring,2021,C,Synthetic
133,1473,COURSE80,Spring,2021,B,Synthetic
134,2772,COURSE146,Spring,2020,A,Synthetic
135,2084,COURSE112,Fall,2019,C,Synthetic
136,1315,COURSE66,Summer,2020,F,Synthetic
137,2045,COURSE124,Summer,2023,C,Synthetic
138,3000,COURSE70,Summer,2022,A,Synthetic
139,2672,COURSE114,Fall,2020,D,Synthetic
140,1552,COURSE133,Fall,2023,B,Synthetic
141,2256,COURSE149,Fall,2021,C,Synthetic
142,1733,COURSE124,Fall,2022,A,Synthetic
143,2227,COURSE94,Fall,2019,A,Synthetic
144,1673,COURSE109,Summer,2019,C,Synthetic
145,2860,COURSE51,Spring,2023,C,Synthetic
146,1735,COURSE66,Summer,2024,F,Synthetic
147,1972,COURSE58,Fall,2020,D,Synthetic
148,1249,COURSE126,Fall,2019,F,Synthetic
149,2247,COURSE89,Fall,2020,A,Synthetic
150,1947,COURSE96,Fall,2019,D,Synthetic
151,2934,COURSE97,Fall,2020,D,Synthetic
152,1628,COURSE91,Fall,2024,D,Synthetic
153,2158,COURSE91,Fall,2024,D,Synthetic
154,2853,COURSE127,Spring,2021,F,Synthetic
155,1908,COURSE91,Fall,2020,F,Synthetic
156,2381,COURSE143,Fall,2019,A,Synthetic
157,1526,COURSE74,Spring,2023,C,Synthetic
158,1669,COURSE138,Spring,2023,C,Synthetic
159,1005,COURSE96,Summer,2019,A,Synthetic
160,1023,COURSE74,Spring,2019,A,Synthetic
161,1744,COURSE72,Summer,2022,D,Synthetic
162,2099,COURSE51,Summer,2023,B,Synthetic
163,2129,COURSE98,Summer,2019,B,Synthetic
164,2194,COURSE132,Fall,2020,C,Synthetic
165,1825,COURSE113,Fall,2024,B,Synthetic
166,1782,COURSE141,Fall,2020,D,Synthetic
167,2341,COURSE132,Spring,2019,B,Synthetic
168,1501,COURSE88,Spring,2020,C,Synthetic
169,2375,COURSE71,Fall,2024,B,Synthetic
170,1910,COURSE136,Spring,2020,C,Synthetic
171,1038,COURSE119,Spring,2019,C,Synthetic
172,1289,COURSE52,Spring,2023,B,Synthetic
173,2769,COURSE60,Spring,2022,C,Synthetic
174,2557,COURSE83,Spring,2024,D,Synthetic
175,2361,COURSE150,Spring,2022,C,Synthetic
176,1988,COURSE79,Summer,2020,B,Synthetic
177,1030,COURSE118,Fall,2022,C,Synthetic
178,1465,COURSE126,Summer,2019,A,Synthetic
179,2361,COURSE150,Spring,2019,C,Synthetic
180,2546,COURSE134,Spring,2024,A,Synthetic
181,1079,COURSE119,Fall,2021,F,Synthetic
182,2274,COURSE134,Fall,2022,B,Synthetic
183,1027,COURSE136,Fall,2020,F,Synthetic
184,1363,COURSE75,Spring,2020,C,Synthetic
185,1567,COURSE145,Fall,2020,C,Synthetic
186,2783,COURSE64,Fall,2024,C,Synthetic
187,1677,COURSE72,Fall,2020,F,Synthetic
188,1860,COURSE131,Spring,2021,A,Synthetic
189,2666,COURSE54,Summer,2022,C,Synthetic
190,1476,COURSE117,Summer,2022,D,Synthetic
191,2262,COURSE87,Spring,2020,F,Synthetic
192,1939,COURSE97,Fall,2020,D,Synthetic
193,2533,COURSE76,Spring,2020,C,Synthetic
194,2529,COURSE51,Spring,2024,C,Synthetic
195,1130,COURSE85,Spring,2019,B,Synthetic
196,1887,COURSE132,Summer,2021,D,Synthetic
197,2219,COURSE117,Summer,2023,D,Synthetic
198,3000,COURSE104,Fall,2020,F,Synthetic
199,2678,COURSE79,Spring,2020,C,Synthetic
200,1038,COURSE57,Spring,2021,B,Synthetic
201,1481,COURSE86,Fall,2020,B,Synthetic
202,2726,COURSE150,Fall,2020,C,Synthetic
203,1774,COURSE118,Spring,2022,F,Synthetic
204,2316,COURSE143,Summer,2023,F,Synthetic
205,1758,COURSE149,Fall,2024,C,Synthetic
206,1373,COURSE113,Fall,2019,C,Synthetic
207,2915,COURSE63,Summer,2023,D,Synthetic
208,1170,COURSE146,Fall,2020,F,Synthetic
209,1958,COURSE112,Summer,2019,A,Synthetic
210,1437,COURSE74,Fall,2020,D,Synthetic
211,2138,COURSE102,Fall,2023,A,Synthetic
212,2838,COURSE141,Summer,2019,A,Synthetic
213,2931,COURSE119,Spring,2022,C,Synthetic
214,2742,COURSE131,Spring,2019,C,Synthetic
215,1203,COURSE116,Spring,2022,A,Synthetic
216,2195,COURSE54,Summer,2022,C,Synthetic
217,1400,COURSE63,Spring,2024,D,Synthetic
218,2553,COURSE145,Summer,2020,D,Synthetic
219,2772,COURSE76,Spring,2020,A,Synthetic
220,1639,COURSE61,Fall,2021,D,Synthetic
221,2048,COURSE138,Fall,2020,A,Synthetic
222,1941,COURSE57,Summer,2021,C,Synthetic
223,2405,COURSE93,Fall,2023,B,Synthetic
224,2327,COURSE137,Summer,2020,C,Synthetic
225,2483,COURSE66,Spring,2019,D,Synthetic
226,2975,COURSE140,Spring,2023,D,Synthetic
227,1637,COURSE107,Summer,2022,D,Synthetic
228,1810,COURSE127,Summer,2020,B,Synthetic
229,1345,COURSE122,Fall,2023,B,Synthetic
230,2840,COURSE124,Fall,2020,B,Synthetic
231,2213,COURSE124,Spring,2023,A,Synthetic
232,2922,COURSE109,Fall,2019,A,Synthetic
233,2077,COURSE69,Fall,2022,C,Synthetic
234,2102,COURSE124,Spring,2019,A,Synthetic
235,2071,COURSE127,Spring,2024,F,Synthetic
236,2598,COURSE69,Spring,2019,A,Synthetic
237,2460,COURSE90,Spring,2023,D,Synthetic
238,2300,COURSE146,Summer,2023,C,Synthetic
239,1892,COURSE117,Summer,2019,C,Synthetic
240,2402,COURSE90,Fall,2023,C,Synthetic
241,2588,COURSE73,Spring,2024,F,Synthetic
242,1554,COURSE119,Fall,2021,C,Synthetic
243,2381,COURSE100,Summer,2019,F,Synthetic
244,1558,COURSE138,Fall,2022,C,Synthetic
245,2931,COURSE69,Fall,2024,D,Synthetic
246,1223,COURSE95,Spring,2020,F,Synthetic
247,1382,COURSE124,Summer,2024,F,Synthetic
248,2897,COURSE92,Fall,2024,A,Synthetic
249,2051,COURSE114,Spring,2020,D,Synthetic
250,2844,COURSE92,Summer,2023,D,Synthetic
251,2102,COURSE77,Fall,2022,D,Synthetic
252,1387,COURSE66,Summer,2022,B,Synthetic
253,1312,COURSE121,Spring,2019,D,Synthetic
254,2129,COURSE83,Summer,2024,C,Synthetic
255,2642,COURSE116,Summer,2022,D,Synthetic
256,1218,COURSE95,Spring,2021,F,Synthetic
257,1975,COURSE129,Spring,2020,D,Synthetic
258,1954,COURSE116,Fall,2019,D,Synthetic
259,1971,COURSE79,Fall,2021,B,Synthetic
260,1844,COURSE79,Fall,2022,F,Synthetic
261,2225,COURSE129,Fall,2023,C,Synthetic
262,2181,COURSE103,Fall,2024,C,Synthetic
263,1204,COURSE53,Summer,2019,F,Synthetic
264,1004,COURSE140,Fall,2023,A,Synthetic
265,2511,COURSE69,Spring,2023,B,Synthetic
266,1773,COURSE150,Summer,2019,F,Synthetic
267,1091,COURSE132,Spring,2022,F,Synthetic
268,2493,COURSE117,Summer,2021,D,Synthetic
269,2234,COURSE141,Fall,2021,B,Synthetic
270,1159,COURSE122,Spring,2021,D,Synthetic
271,1065,COURSE107,Spring,2019,F,Synthetic
272,1692,COURSE68,Summer,2020,F,Synthetic
273,1661,COURSE63,Spring,2020,A,Synthetic
274,2923,COURSE77,Summer,2023,F,Synthetic
275,2851,COURSE71,Spring,2021,D,Synthetic
276,1624,COURSE104,Fall,2021,C,Synthetic
277,1587,COURSE64,Fall,2024,C,Synthetic
278,2809,COURSE140,Fall,2019,C,Synthetic
279,1537,COURSE68,Fall,2022,B,Synthetic
280,1330,COURSE67,Spring,2020,C,Synthetic
281,2631,COURSE123,Fall,2019,D,Synthetic
282,1152,COURSE58,Spring,2024,C,Synthetic
283,1752,COURSE52,Spring,2023,F,Synthetic
284,2733,COURSE150,Fall,2023,D,Synthetic
285,2297,COURSE145,Fall,2019,C,Synthetic
286,1609,COURSE90,Summer,2021,C,Synthetic
287,2041,COURSE100,Spring,2022,A,Synthetic
288,1068,COURSE68,Spring,2022,B,Synthetic
289,1234,COURSE59,Spring,2024,B,Synthetic
290,1549,COURSE135,Spring,2022,D,Synthetic
291,2233,COURSE85,Summer,2019,A,Synthetic
292,2350,COURSE121,Spring,2023,B,Synthetic
293,2087,COURSE145,Fall,2021,B,Synthetic
294,2948,COURSE86,Fall,2024,A,Synthetic
295,2663,COURSE112,Summer,2019,A,Synthetic
296,1799,COURSE112,Summer,2022,B,Synthetic
297,2735,COURSE60,Summer,2020,F,Synthetic
298,2048,COURSE77,Spring,2023,A,Synthetic
299,1993,COURSE106,Summer,2022,B,Synthetic
300,2333,COURSE109,Spring,2019,B,Synthetic
301,2723,COURSE54,Summer,2022,F,Synthetic
302,2845,COURSE146,Summer,2023,A,Synthetic
303,1667,COURSE82,Spring,2020,F,Synthetic
304,2722,COURSE128,Spring,2021,D,Synthetic
305,2902,COURSE128,Spring,2024,A,Synthetic
306,2228,COURSE116,Spring,2019,D,Synthetic
307,1197,COURSE64,Spring,2024,B,Synthetic
308,2170,COURSE62,Fall,2024,A,Synthetic
309,2308,COURSE85,Summer,2019,F,Synthetic
310,2056,COURSE129,Spring,2021,A,Synthetic
311,2868,COURSE69,Fall,2020,F,Synthetic
312,1640,COURSE102,Spring,2021,A,Synthetic
313,2811,COURSE75,Fall,2020,C,Synthetic
314,2113,COURSE71,Summer,2021,D,Synthetic
315,2345,COURSE61,Summer,2022,F,Synthetic
316,2646,COURSE59,Spring,2021,B,Synthetic
317,2963,COURSE70,Fall,2023,A,Synthetic
318,1947,COURSE84,Spring,2022,A,Synthetic
319,1560,COURSE73,Fall,2020,F,Synthetic
320,2940,COURSE86,Spring,2023,F,Synthetic
321,1657,COURSE70,Spring,2020,B,Synthetic
322,1017,COURSE129,Fall,2021,B,Synthetic
323,1308,COURSE117,Summer,2024,D,Synthetic
324,2706,COURSE63,Fall,2021,B,Synthetic
325,2174,COURSE128,Fall,2023,C,Synthetic
326,1865,COURSE105,Spring,2022,B,Synthetic
327,1123,COURSE56,Spring,2020,B,Synthetic
328,1203,COURSE136,Fall,2024,B,Synthetic
329,1899,COURSE61,Fall,2024,B,Synthetic
330,2156,COURSE80,Spring,2024,B,Synthetic
331,2338,COURSE95,Summer,2022,F,Synthetic
332,1854,COURSE92,Summer,2020,C,Synthetic
333,2476,COURSE99,Spring,2019,C,Synthetic
334,1065,COURSE59,Fall,2019,C,Synthetic
335,2836,COURSE107,Fall,2022,C,Synthetic
336,2826,COURSE69,Spring,2022,A,Synthetic
337,2592,COURSE79,Fall,2021,F,Synthetic
338,1437,COURSE149,Spring,2020,C,Synthetic
339,2612,COURSE122,Spring,2020,F,Synthetic
340,1754,COURSE105,Summer,2020,A,Synthetic
341,1896,COURSE85,Fall,2019,B,Synthetic
342,1686,COURSE54,Fall,2022,C,Synthetic
343,1247,COURSE51,Fall,2022,F,Synthetic
344,1488,COURSE71,Spring,2020,F,Synthetic
345,2292,COURSE140,Spring,2021,D,Synthetic
346,2336,COURSE61,Spring,2022,A,Synthetic
347,1946,COURSE67,Spring,2022,A,Synthetic
348,2523,COURSE149,Summer,2021,F,Synthetic
349,2158,COURSE64,Spring,2022,A,Synthetic
350,2375,COURSE82,Fall,2020,A,Synthetic
351,1664,COURSE124,Summer,2024,C,Synthetic
352,2426,COURSE68,Spring,2024,A,Synthetic
353,1545,COURSE90,Summer,2020,C,Synthetic
354,1797,COURSE126,Fall,2024,F,Synthetic
355,2289,COURSE144,Fall,2023,B,Synthetic
356,1812,COURSE98,Fall,2021,A,Synthetic
357,2436,COURSE113,Summer,2024,A,Synthetic
358,1750,COURSE148,Summer,2020,C,Synthetic
359,1898,COURSE74,Summer,2021,C,Synthetic
360,2991,COURSE103,Fall,2023,A,Synthetic
361,1201,COURSE56,Summer,2019,B,Synthetic
362,1475,COURSE138,Fall,2019,C,Synthetic
363,2923,COURSE113,Fall,2019,F,Synthetic
364,2561,COURSE65,Fall,2019,C,Synthetic
365,2344,COURSE51,Summer,2021,D,Synthetic
366,2139,COURSE95,Spring,2019,B,Synthetic
367,2273,COURSE128,Summer,2022,D,Synthetic
368,2766,COURSE61,Summer,2020,D,Synthetic
369,1328,COURSE148,Summer,2020,C,Synthetic
370,2513,COURSE71,Summer,2022,C,Synthetic
371,2331,COURSE109,Spring,2022,D,Synthetic
372,1098,COURSE69,Fall,2019,C,Synthetic
373,1139,COURSE115,Fall,2021,C,Synthetic
374,2014,COURSE116,Fall,2021,D,Synthetic
375,1131,COURSE101,Spring,2020,F,Synthetic
376,2095,COURSE137,Fall,2024,A,Synthetic
377,2881,COURSE98,Summer,2022,D,Synthetic
378,1748,COURSE120,Spring,2021,A,Synthetic
379,1762,COURSE104,Spring,2020,A,Synthetic
380,1882,COURSE143,Spring,2019,A,Synthetic
381,1656,COURSE110,Summer,2021,D,Synthetic
382,2148,COURSE122,Fall,2021,F,Synthetic
383,2451,COURSE137,Fall,2024,B,Synthetic
384,2965,COURSE110,Summer,2020,C,Synthetic
385,2413,COURSE69,Spring,2020,A,Synthetic
386,1203,COURSE135,Fall,2021,A,Synthetic
387,2017,COURSE118,Fall,2023,C,Synthetic
388,1612,COURSE84,Fall,2023,A,Synthetic
389,2376,COURSE112,Summer,2020,D,Synthetic
390,2951,COURSE126,Summer,2022,A,Synthetic
391,2668,COURSE123,Spring,2022,B,Synthetic
392,1472,COURSE127,Spring,2024,C,Synthetic
393,1328,COURSE148,Summer,2024,C,Synthetic
394,1455,COURSE69,Fall,2024,C,Synthetic
395,1463,COURSE139,Spring,2022,C,Synthetic
396,1584,COURSE131,Summer,2020,F,Synthetic
397,2744,COURSE80,Fall,2019,C,Synthetic
398,1896,COURSE137,Spring,2020,F,Synthetic
399,1815,COURSE92,Fall,2023,D,Synthetic
400,2009,COURSE71,Spring,2023,F,Synthetic
401,1199,COURSE68,Spring,2020,C,Synthetic
402,1589,COURSE90,Spring,2020,B,Synthetic
403,2903,COURSE71,Summer,2019,A,Synthetic
404,1046,COURSE98,Spring,2023,F,Synthetic
405,1125,COURSE63,Fall,2024,D,Synthetic
406,1171,COURSE68,Fall,2023,B,Synthetic
407,2789,COURSE122,Fall,2022,C,Synthetic
408,2487,COURSE95,Spring,2023,B,Synthetic
409,2534,COURSE117,Spring,2020,A,Synthetic
410,2208,COURSE144,Summer,2020,B,Synthetic
411,2486,COURSE124,Spring,2023,C,Synthetic
412,1312,COURSE141,Spring,2021,A,Synthetic
413,1832,COURSE104,Spring,2024,A,Synthetic
414,2353,COURSE126,Summer,2024,C,Synthetic
415,1705,COURSE98,Summer,2020,B,Synthetic
416,2740,COURSE72,Summer,2021,F,Synthetic
417,1471,COURSE118,Spring,2019,C,Synthetic
418,1350,COURSE51,Summer,2019,B,Synthetic
419,2308,COURSE120,Fall,2020,D,Synthetic
420,1931,COURSE114,Summer,2020,C,Synthetic
421,2159,COURSE69,Fall,2024,C,Synthetic
422,1452,COURSE134,Fall,2023,B,Synthetic
423,1937,COURSE100,Summer,2021,A,Synthetic
424,1912,COURSE108,Fall,2021,B,Synthetic
425,1026,COURSE65,Summer,2019,A,Synthetic
426,1824,COURSE114,Summer,2022,D,Synthetic
427,2284,COURSE93,Fall,2024,F,Synthetic
428,1229,COURSE79,Summer,2019,F,Synthetic
429,2391,COURSE107,Fall,2024,A,Synthetic
430,1161,COURSE94,Summer,2023,F,Synthetic
431,2649,COURSE63,Fall,2023,C,Synthetic
432,1539,COURSE148,Summer,2019,C,Synthetic
433,1571,COURSE80,Fall,2020,A,Synthetic
434,2919,COURSE53,Fall,2019,F,Synthetic
435,2287,COURSE81,Fall,2021,C,Synthetic
436,2006,COURSE95,Spring,2020,C,Synthetic
437,1851,COURSE54,Fall,2019,A,Synthetic
438,2095,COURSE78,Fall,2021,D,Synthetic
439,2401,COURSE115,Spring,2020,D,Synthetic
440,1679,COURSE96,Summer,2019,C,Synthetic
441,1620,COURSE96,Fall,2020,F,Synthetic
442,2973,COURSE75,Spring,2019,A,Synthetic
443,2941,COURSE91,Fall,2019,F,Synthetic
444,1014,COURSE137,Fall,2022,F,Synthetic
445,2824,COURSE122,Spring,2023,B,Synthetic
446,1804,COURSE88,Fall,2020,A,Synthetic
447,2055,COURSE67,Summer,2023,B,Synthetic
448,1649,COURSE79,Summer,2019,B,Synthetic
449,2087,COURSE110,Spring,2020,A,Synthetic
450,1087,COURSE95,Fall,2021,D,Synthetic
451,1710,COURSE112,Fall,2022,A,Synthetic
452,2894,COURSE75,Spring,2023,C,Synthetic
453,1426,COURSE97,Summer,2024,F,Synthetic
454,2913,COURSE135,Fall,2020,B,Synthetic
455,2216,COURSE125,Fall,2021,C,Synthetic
456,2017,COURSE121,Fall,2022,B,Synthetic
457,1422,COURSE104,Spring,2019,B,Synthetic
458,2030,COURSE140,Summer,2023,D,Synthetic
459,2755,COURSE149,Summer,2019,C,Synthetic
460,1042,COURSE89,Fall,2019,F,Synthetic
461,1333,COURSE146,Summer,2024,D,Synthetic
462,2990,COURSE145,Fall,2022,F,Synthetic
463,1131,COURSE139,Spring,2023,A,Synthetic
464,1208,COURSE95,Spring,2024,B,Synthetic
465,1828,COURSE123,Spring,2022,A,Synthetic
466,1632,COURSE123,Spring,2024,F,Synthetic
467,1745,COURSE62,Summer,2019,A,Synthetic
468,2574,COURSE105,Fall,2022,A,Synthetic
469,2415,COURSE59,Summer,2019,B,Synthetic
470,2959,COURSE73,Spring,2020,B,Synthetic
471,2109,COURSE69,Fall,2024,F,Synthetic
472,2158,COURSE106,Summer,2023,C,Synthetic
473,2475,COURSE62,Summer,2023,C,Synthetic
474,1288,COURSE94,Fall,2023,F,Synthetic
475,1312,COURSE79,Summer,2022,C,Synthetic
476,1657,COURSE59,Spring,2020,D,Synthetic
477,2054,COURSE58,Spring,2022,D,Synthetic
478,2700,COURSE54,Fall,2021,C,Synthetic
479,2883,COURSE68,Summer,2022,A,Synthetic
480,2767,COURSE105,Fall,2024,F,Synthetic
481,1162,COURSE109,Summer,2024,A,Synthetic
482,1055,COURSE99,Spring,2021,B,Synthetic
483,1588,COURSE54,Fall,2020,D,Synthetic
484,1833,COURSE99,Spring,2023,D,Synthetic
485,1676,COURSE57,Fall,2024,C,Synthetic
486,2457,COURSE109,Spring,2022,C,Synthetic
487,1256,COURSE87,Fall,2023,D,Synthetic
488,1629,COURSE51,Summer,2024,D,Synthetic
489,1028,COURSE114,Summer,2019,C,Synthetic
490,2997,COURSE99,Summer,2019,F,Synthetic
491,2206,COURSE102,Fall,2022,B,Synthetic
492,1570,COURSE91,Spring,2021,C,Synthetic
493,2890,COURSE90,Fall,2023,F,Synthetic
494,2960,COURSE134,Fall,2021,F,Synthetic
495,2248,COURSE124,Summer,2023,F,Synthetic
496,1697,COURSE60,Summer,2021,D,Synthetic
497,2620,COURSE116,Summer,2020,D,Synthetic
498,2749,COURSE84,Fall,2024,C,Synthetic
499,2360,COURSE75,Fall,2023,F,Synthetic
500,1804,COURSE78,Fall,2021,A,Synthetic
501,2259,COURSE150,Spring,2020,A,Synthetic
502,1424,COURSE54,Fall,2024,C,Synthetic
503,1296,COURSE92,Spring,2020,C,Synthetic
504,1911,COURSE124,Summer,2019,D,Synthetic
505,2265,COURSE111,Spring,2024,A,Synthetic
506,2058,COURSE94,Summer,2020,D,Synthetic
507,1827,COURSE132,Fall,2024,C,Synthetic
508,1159,COURSE72,Summer,2023,A,Synthetic
509,1443,COURSE65,Fall,2024,C,Synthetic
510,1398,COURSE106,Fall,2020,C,Synthetic
511,1668,COURSE69,Summer,2020,D,Synthetic
512,2140,COURSE135,Summer,2024,B,Synthetic
513,1596,COURSE53,Summer,2022,D,Synthetic
514,2213,COURSE95,Fall,2024,C,Synthetic
515,1995,COURSE59,Fall,2024,D,Synthetic
516,2090,COURSE66,Summer,2020,D,Synthetic
517,1554,COURSE91,Summer,2024,A,Synthetic
518,1501,COURSE71,Summer,2023,A,Synthetic
519,1007,COURSE113,Spring,2019,F,Synthetic
520,2097,COURSE121,Fall,2023,C,Synthetic
521,1112,COURSE110,Spring,2019,C,Synthetic
522,2602,COURSE64,Spring,2022,B,Synthetic
523,1603,COURSE145,Summer,2022,D,Synthetic
524,2088,COURSE121,Spring,2023,A,Synthetic
525,2734,COURSE97,Summer,2020,A,Synthetic
526,1934,COURSE108,Fall,2019,D,Synthetic
527,1912,COURSE148,Summer,2022,D,Synthetic
528,1041,COURSE140,Summer,2021,B,Synthetic
529,2056,COURSE62,Spring,2021,F,Synthetic
530,1239,COURSE55,Fall,2023,D,Synthetic
531,2190,COURSE144,Fall,2021,A,Synthetic
532,2005,COURSE143,Spring,2021,C,Synthetic
533,1904,COURSE99,Fall,2023,B,Synthetic
534,2739,COURSE87,Spring,2020,A,Synthetic
535,1999,COURSE105,Summer,2019,D,Synthetic
536,2837,COURSE149,Fall,2020,C,Synthetic
537,2825,COURSE53,Spring,2019,F,Synthetic
538,1757,COURSE53,Fall,2020,F,Synthetic
539,2801,COURSE130,Spring,2024,D,Synthetic
540,1545,COURSE96,Summer,2020,D,Synthetic
541,1111,COURSE57,Spring,2022,C,Synthetic
542,1278,COURSE144,Summer,2024,D,Synthetic
543,2326,COURSE113,Spring,2023,B,Synthetic
544,1288,COURSE133,Fall,2019,A,Synthetic
545,1557,COURSE126,Spring,2022,C,Synthetic
546,1226,COURSE99,Fall,2022,C,Synthetic
547,2408,COURSE130,Summer,2024,D,Synthetic
548,2992,COURSE106,Spring,2019,F,Synthetic
549,1240,COURSE118,Spring,2024,D,Synthetic
550,1936,COURSE110,Summer,2022,B,Synthetic
551,1053,COURSE94,Spring,2019,D,Synthetic
552,1432,COURSE134,Summer,2019,A,Synthetic
553,1503,COURSE136,Fall,2024,C,Synthetic
554,2270,COURSE115,Summer,2021,C,Synthetic
555,2043,COURSE90,Summer,2022,C,Synthetic
556,1466,COURSE76,Spring,2024,F,Synthetic
557,2955,COURSE111,Fall,2024,C,Synthetic
558,2077,COURSE54,Summer,2024,C,Synthetic
559,2282,COURSE112,Summer,2024,D,Synthetic
560,1550,COURSE113,Spring,2019,A,Synthetic
561,1829,COURSE91,Fall,2020,D,Synthetic
562,1995,COURSE98,Fall,2021,F,Synthetic
563,1220,COURSE131,Fall,2020,F,Synthetic
564,1515,COURSE135,Spring,2024,B,Synthetic
565,1451,COURSE58,Spring,2020,A,Synthetic
566,2403,COURSE108,Fall,2021,C,Synthetic
567,1762,COURSE74,Fall,2021,B,Synthetic
568,2882,COURSE65,Spring,2021,D,Synthetic
569,2518,COURSE134,Summer,2019,F,Synthetic
570,1107,COURSE136,Spring,2022,C,Synthetic
571,2965,COURSE87,Spring,2022,A,Synthetic
572,1778,COURSE57,Fall,2019,B,Synthetic
573,2037,COURSE61,Spring,2020,F,Synthetic
574,1967,COURSE66,Fall,2023,C,Synthetic
575,2964,COURSE144,Spring,2023,D,Synthetic
576,1397,COURSE84,Fall,2021,F,Synthetic
577,2411,COURSE93,Fall,2024,F,Synthetic
578,2437,COURSE75,Spring,2024,A,Synthetic
579,2995,COURSE109,Spring,2021,D,Synthetic
580,2295,COURSE61,Fall,2022,B,Synthetic
581,1626,COURSE134,Summer,2024,F,Synthetic
582,1346,COURSE129,Fall,2023,C,Synthetic
583,1766,COURSE109,Summer,2020,C,Synthetic
584,1453,COURSE135,Spring,2020,B,Synthetic
585,1385,COURSE143,Summer,2022,B,Synthetic
586,2880,COURSE102,Fall,2020,F,Synthetic
587,1253,COURSE62,Fall,2019,C,Synthetic
588,1274,COURSE55,Summer,2023,D,Synthetic
589,1145,COURSE127,Spring,2024,C,Synthetic
590,1950,COURSE54,Fall,2019,C,Synthetic
591,1705,COURSE122,Summer,2021,D,Synthetic
592,1912,COURSE130,Spring,2022,A,Synthetic
593,1067,COURSE113,Summer,2023,A,Synthetic
594,1825,COURSE135,Summer,2022,A,Synthetic
595,2406,COURSE81,Spring,2019,C,Synthetic
596,1411,COURSE116,Summer,2019,A,Synthetic
597,1815,COURSE110,Summer,2022,B,Synthetic
598,1884,COURSE56,Fall,2021,C,Synthetic
599,2280,COURSE85,Spring,2023,D,Synthetic
600,2518,COURSE123,Spring,2019,B,Synthetic
601,2295,COURSE107,Fall,2023,B,Synthetic
602,2142,COURSE59,Fall,2023,D,Synthetic
603,1982,COURSE108,Spring,2021,C,Synthetic
604,2552,COURSE51,Spring,2020,A,Synthetic
605,1720,COURSE93,Fall,2019,C,Synthetic
606,1952,COURSE125,Fall,2019,B,Synthetic
607,2157,COURSE81,Fall,2022,C,Synthetic
608,2359,COURSE66,Spring,2020,C,Synthetic
609,1555,COURSE67,Spring,2019,C,Synthetic
610,2277,COURSE111,Summer,2024,F,Synthetic
611,2046,COURSE108,Summer,2021,F,Synthetic
612,1272,COURSE140,Fall,2022,A,Synthetic
613,1454,COURSE129,Summer,2020,B,Synthetic
614,2257,COURSE71,Summer,2021,C,Synthetic
615,1981,COURSE123,Fall,2023,A,Synthetic
616,2056,COURSE78,Spring,2023,C,Synthetic
617,2210,COURSE127,Summer,2022,A,Synthetic
618,1191,COURSE116,Fall,2023,C,Synthetic
619,1854,COURSE124,Summer,2020,B,Synthetic
620,1088,COURSE87,Summer,2023,A,Synthetic
621,1316,COURSE87,Summer,2023,C,Synthetic
622,1779,COURSE108,Summer,2023,D,Synthetic
623,2986,COURSE115,Fall,2020,F,Synthetic
624,2966,COURSE122,Fall,2024,D,Synthetic
625,2450,COURSE74,Spring,2022,F,Synthetic
626,1882,COURSE138,Fall,2019,F,Synthetic
627,1735,COURSE147,Fall,2019,B,Synthetic
628,2231,COURSE91,Spring,2019,C,Synthetic
629,1629,COURSE77,Summer,2019,C,Synthetic
630,1183,COURSE112,Summer,2024,A,Synthetic
631,1195,COURSE76,Summer,2024,A,Synthetic
632,1530,COURSE85,Summer,2019,C,Synthetic
633,1557,COURSE127,Fall,2022,F,Synthetic
634,1639,COURSE80,Summer,2020,C,Synthetic
635,1515,COURSE70,Summer,2024,C,Synthetic
636,1501,COURSE55,Summer,2019,A,Synthetic
637,2177,COURSE91,Fall,2022,F,Synthetic
638,2389,COURSE68,Summer,2022,B,Synthetic
639,1951,COURSE135,Fall,2020,D,Synthetic
640,1239,COURSE116,Fall,2024,C,Synthetic
641,1464,COURSE90,Summer,2022,D,Synthetic
642,2016,COURSE90,Summer,2023,A,Synthetic
643,2693,COURSE58,Fall,2020,C,Synthetic
644,2541,COURSE75,Fall,2019,A,Synthetic
645,2900,COURSE106,Spring,2023,D,Synthetic
646,2163,COURSE136,Spring,2019,C,Synthetic
647,1366,COURSE66,Fall,2020,C,Synthetic
648,1237,COURSE149,Summer,2024,F,Synthetic
649,2214,COURSE145,Fall,2022,D,Synthetic
650,2793,COURSE122,Spring,2023,A,Synthetic
651,1925,COURSE89,Summer,2021,F,Synthetic
652,1618,COURSE74,Summer,2019,F,Synthetic
653,1386,COURSE114,Fall,2020,A,Synthetic
654,2227,COURSE144,Summer,2021,A,Synthetic
655,1002,COURSE79,Spring,2024,A,Synthetic
656,1315,COURSE133,Summer,2023,C,Synthetic
657,1847,COURSE90,Fall,2020,A,Synthetic
658,2693,COURSE98,Spring,2021,A,Synthetic
659,2514,COURSE65,Spring,2021,A,Synthetic
660,2190,COURSE103,Fall,2020,D,Synthetic
661,1119,COURSE134,Summer,2024,C,Synthetic
662,2567,COURSE65,Fall,2019,A,Synthetic
663,1520,COURSE104,Summer,2020,C,Synthetic
664,1524,COURSE99,Summer,2020,C,Synthetic
665,2349,COURSE113,Summer,2023,A,Synthetic
666,2606,COURSE123,Summer,2022,D,Synthetic
667,1980,COURSE111,Spring,2023,B,Synthetic
668,1202,COURSE125,Spring,2023,B,Synthetic
669,1856,COURSE131,Spring,2021,C,Synthetic
670,2576,COURSE71,Summer,2023,C,Synthetic
671,2488,COURSE121,Fall,2021,A,Synthetic
672,1607,COURSE76,Fall,2023,C,Synthetic
673,1515,COURSE94,Fall,2024,C,Synthetic
674,1533,COURSE150,Fall,2023,B,Synthetic
675,1460,COURSE110,Fall,2022,C,Synthetic
676,1490,COURSE89,Fall,2022,F,Synthetic
677,2969,COURSE148,Summer,2019,B,Synthetic
678,2595,COURSE107,Fall,2020,A,Synthetic
679,1672,COURSE147,Spring,2022,F,Synthetic
680,2786,COURSE85,Fall,2023,A,Synthetic
681,1880,COURSE82,Summer,2024,B,Synthetic
682,1233,COURSE57,Spring,2023,D,Synthetic
683,2084,COURSE90,Summer,2022,B,Synthetic
684,1211,COURSE62,Summer,2023,B,Synthetic
685,1342,COURSE57,Fall,2020,C,Synthetic
686,1582,COURSE127,Fall,2019,D,Synthetic
687,1502,COURSE80,Spring,2022,A,Synthetic
688,1480,COURSE106,Summer,2021,D,Synthetic
689,1838,COURSE144,Summer,2020,C,Synthetic
690,2487,COURSE74,Summer,2023,D,Synthetic
691,2358,COURSE98,Spring,2019,B,Synthetic
692,1771,COURSE53,Spring,2023,D,Synthetic
693,1220,COURSE126,Summer,2020,C,Synthetic
694,1929,COURSE119,Fall,2019,D,Synthetic
695,2982,COURSE147,Spring,2020,C,Synthetic
696,2530,COURSE127,Summer,2023,A,Synthetic
697,1285,COURSE52,Summer,2023,B,Synthetic
698,1317,COURSE147,Summer,2020,B,Synthetic
699,1733,COURSE131,Summer,2023,C,Synthetic
700,1162,COURSE136,Summer,2019,D,Synthetic
701,1338,COURSE131,Summer,2022,F,Synthetic
702,1560,COURSE104,Spring,2020,C,Synthetic
703,1868,COURSE113,Spring,2021,A,Synthetic
704,2745,COURSE110,Summer,2021,A,Synthetic
705,2885,COURSE57,Spring,2022,F,Synthetic
706,2134,COURSE105,Spring,2021,C,Synthetic
707,1665,COURSE63,Fall,2023,A,Synthetic
708,1569,COURSE134,Spring,2019,A,Synthetic
709,2319,COURSE130,Spring,2020,D,Synthetic
710,1226,COURSE142,Fall,2023,D,Synthetic
711,2349,COURSE144,Fall,2020,A,Synthetic
712,2731,COURSE84,Summer,2021,F,Synthetic
713,1743,COURSE52,Summer,2024,B,Synthetic
714,1243,COURSE76,Fall,2024,F,Synthetic
715,1162,COURSE91,Fall,2019,A,Synthetic
716,1159,COURSE98,Summer,2019,C,Synthetic
717,1247,COURSE61,Spring,2023,F,Synthetic
718,2990,COURSE85,Spring,2022,F,Synthetic
719,1859,COURSE69,Summer,2022,F,Synthetic
720,1257,COURSE134,Summer,2022,C,Synthetic
721,2348,COURSE110,Summer,2023,C,Synthetic
722,1931,COURSE109,Fall,2019,A,Synthetic
723,2354,COURSE79,Summer,2022,A,Synthetic
724,1342,COURSE124,Spring,2024,D,Synthetic
725,2153,COURSE79,Fall,2022,F,Synthetic
726,2888,COURSE147,Summer,2021,C,Synthetic
727,1182,COURSE120,Spring,2022,A,Synthetic
728,1491,COURSE75,Fall,2019,F,Synthetic
729,2796,COURSE102,Summer,2020,D,Synthetic
730,2019,COURSE85,Fall,2024,C,Synthetic
731,2211,COURSE65,Fall,2023,B,Synthetic
732,2708,COURSE123,Summer,2019,F,Synthetic
733,1445,COURSE117,Spring,2020,D,Synthetic
734,2073,COURSE123,Summer,2022,A,Synthetic
735,2193,COURSE113,Spring,2024,A,Synthetic
736,2698,COURSE56,Fall,2023,D,Synthetic
737,2837,COURSE142,Summer,2023,A,Synthetic
738,2622,COURSE110,Spring,2021,D,Synthetic
739,1290,COURSE57,Spring,2020,D,Synthetic
740,2587,COURSE149,Fall,2020,C,Synthetic
741,2288,COURSE54,Fall,2024,B,Synthetic
742,2564,COURSE52,Spring,2020,C,Synthetic
743,2857,COURSE89,Spring,2020,A,Synthetic
744,2115,COURSE85,Spring,2021,A,Synthetic
745,2810,COURSE94,Summer,2019,B,Synthetic
746,2411,COURSE124,Summer,2021,D,Synthetic
747,1607,COURSE138,Summer,2022,B,Synthetic
748,1432,COURSE89,Summer,2019,A,Synthetic
749,1472,COURSE58,Fall,2023,A,Synthetic
750,1708,COURSE127,Fall,2023,D,Synthetic
751,2285,COURSE146,Fall,2023,C,Synthetic
752,2953,COURSE127,Summer,2021,D,Synthetic
753,1062,COURSE99,Fall,2022,C,Synthetic
754,1813,COURSE107,Spring,2024,C,Synthetic
755,1379,COURSE141,Spring,2022,F,Synthetic
756,1564,COURSE70,Fall,2020,D,Synthetic
757,2920,COURSE108,Fall,2020,F,Synthetic
758,2132,COURSE127,Spring,2024,C,Synthetic
759,2880,COURSE118,Fall,2019,C,Synthetic
760,2084,COURSE118,Spring,2021,A,Synthetic
761,1764,COURSE71,Summer,2023,A,Synthetic
762,1962,COURSE99,Fall,2022,A,Synthetic
763,2434,COURSE61,Spring,2023,A,Synthetic
764,2394,COURSE85,Summer,2019,B,Synthetic
765,2517,COURSE96,Spring,2019,C,Synthetic
766,1405,COURSE71,Spring,2022,C,Synthetic
767,2816,COURSE93,Summer,2022,C,Synthetic
768,1525,COURSE143,Fall,2020,A,Synthetic
769,1687,COURSE142,Summer,2020,C,Synthetic
770,1884,COURSE71,Fall,2020,F,Synthetic
771,1526,COURSE124,Summer,2021,D,Synthetic
772,2372,COURSE100,Summer,2023,C,Synthetic
773,1172,COURSE82,Fall,2021,C,Synthetic
774,2478,COURSE79,Summer,2022,C,Synthetic
775,2745,COURSE140,Summer,2020,D,Synthetic
776,1391,COURSE114,Summer,2024,D,Synthetic
777,1203,COURSE75,Summer,2024,F,Synthetic
778,2991,COURSE53,Summer,2020,B,Synthetic
779,2406,COURSE71,Spring,2024,F,Synthetic
780,1857,COURSE113,Fall,2019,D,Synthetic
781,2760,COURSE127,Spring,2023,B,Synthetic
782,2225,COURSE127,Spring,2024,D,Synthetic
783,2606,COURSE94,Summer,2021,C,Synthetic
784,2126,COURSE149,Fall,2022,F,Synthetic
785,2839,COURSE58,Summer,2020,C,Synthetic
786,1875,COURSE143,Fall,2019,C,Synthetic
787,2909,COURSE146,Spring,2020,F,Synthetic
788,2923,COURSE89,Summer,2019,B,Synthetic
789,2013,COURSE60,Spring,2024,D,Synthetic
790,2048,COURSE119,Spring,2020,A,Synthetic
791,1737,COURSE65,Spring,2020,C,Synthetic
792,2364,COURSE146,Spring,2023,A,Synthetic
793,2023,COURSE103,Summer,2021,A,Synthetic
794,2343,COURSE54,Summer,2023,C,Synthetic
795,2855,COURSE76,Spring,2020,D,Synthetic
796,1226,COURSE117,Fall,2024,C,Synthetic
797,2200,COURSE89,Fall,2019,A,Synthetic
798,1763,COURSE134,Spring,2020,C,Synthetic
799,1583,COURSE96,Summer,2024,C,Synthetic
800,2870,COURSE119,Fall,2021,B,Synthetic
801,1695,COURSE75,Spring,2021,C,Synthetic
802,2833,COURSE113,Summer,2022,B,Synthetic
803,1292,COURSE95,Summer,2020,C,Synthetic
804,1790,COURSE79,Spring,2022,A,Synthetic
805,1749,COURSE129,Spring,2019,F,Synthetic
806,1858,COURSE143,Fall,2022,C,Synthetic
807,1383,COURSE57,Fall,2020,C,Synthetic
808,1141,COURSE74,Spring,2022,C,Synthetic
809,2842,COURSE106,Spring,2019,C,Synthetic
810,1429,COURSE63,Spring,2020,F,Synthetic
811,2124,COURSE111,Fall,2023,C,Synthetic
812,2518,COURSE62,Summer,2024,F,Synthetic
813,2936,COURSE75,Summer,2020,F,Synthetic
814,1797,COURSE74,Fall,2020,D,Synthetic
815,2930,COURSE84,Summer,2021,F,Synthetic
816,1975,COURSE118,Summer,2022,A,Synthetic
817,2583,COURSE145,Fall,2024,F,Synthetic
818,2353,COURSE94,Fall,2023,A,Synthetic
819,2546,COURSE94,Summer,2023,A,Synthetic
820,2275,COURSE142,Spring,2023,B,Synthetic
821,1282,COURSE82,Summer,2019,F,Synthetic
822,2809,COURSE88,Summer,2020,F,Synthetic
823,2878,COURSE135,Fall,2020,D,Synthetic
824,2809,COURSE65,Fall,2020,C,Synthetic
825,1032,COURSE81,Fall,2021,A,Synthetic
826,1424,COURSE92,Fall,2024,D,Synthetic
827,2137,COURSE97,Spring,2023,C,Synthetic
828,1035,COURSE138,Fall,2019,C,Synthetic
829,2146,COURSE82,Fall,2024,F,Synthetic
830,1403,COURSE55,Spring,2020,C,Synthetic
831,2374,COURSE120,Summer,2021,D,Synthetic
832,2489,COURSE139,Fall,2022,D,Synthetic
833,2576,COURSE51,Fall,2019,F,Synthetic
834,2138,COURSE141,Summer,2021,A,Synthetic
835,2018,COURSE53,Spring,2019,F,Synthetic
836,1481,COURSE92,Summer,2023,B,Synthetic
837,1431,COURSE65,Summer,2021,A,Synthetic
838,1410,COURSE146,Spring,2023,C,Synthetic
839,1681,COURSE111,Summer,2024,B,Synthetic
840,1065,COURSE86,Summer,2024,F,Synthetic
841,1216,COURSE116,Fall,2019,D,Synthetic
842,1503,COURSE135,Spring,2023,D,Synthetic
843,2387,COURSE109,Fall,2022,B,Synthetic
844,2071,COURSE95,Spring,2020,D,Synthetic
845,2664,COURSE148,Fall,2021,A,Synthetic
846,1995,COURSE146,Summer,2024,B,Synthetic
847,2593,COURSE58,Fall,2021,D,Synthetic
848,1538,COURSE59,Fall,2022,A,Synthetic
849,2686,COURSE79,Spring,2021,F,Synthetic
850,2613,COURSE51,Spring,2023,B,Synthetic
851,2467,COURSE130,Summer,2021,A,Synthetic
852,1612,COURSE54,Spring,2020,F,Synthetic
853,1990,COURSE120,Fall,2022,C,Synthetic
854,2989,COURSE90,Fall,2022,C,Synthetic
855,2372,COURSE99,Spring,2023,F,Synthetic
856,2187,COURSE82,Fall,2023,F,Synthetic
857,2998,COURSE69,Fall,2021,D,Synthetic
858,2013,COURSE112,Fall,2021,C,Synthetic
859,1138,COURSE71,Fall,2023,A,Synthetic
860,2784,COURSE93,Fall,2022,C,Synthetic
861,2395,COURSE83,Summer,2021,F,Synthetic
862,2971,COURSE121,Fall,2021,C,Synthetic
863,1418,COURSE96,Fall,2024,A,Synthetic
864,1734,COURSE68,Fall,2022,C,Synthetic
865,2926,COURSE109,Summer,2020,D,Synthetic
866,1952,COURSE115,Summer,2019,C,Synthetic
867,2599,COURSE148,Fall,2023,D,Synthetic
868,1396,COURSE138,Spring,2021,C,Synthetic
869,1572,COURSE81,Spring,2020,F,Synthetic
870,1165,COURSE98,Summer,2019,D,Synthetic
871,2048,COURSE103,Summer,2022,C,Synthetic
872,2570,COURSE68,Summer,2020,D,Synthetic
873,2709,COURSE60,Summer,2022,B,Synthetic
874,1058,COURSE129,Spring,2023,D,Synthetic
875,1861,COURSE105,Spring,2024,A,Synthetic
876,1309,COURSE73,Spring,2020,F,Synthetic
877,1735,COURSE145,Spring,2022,A,Synthetic
878,1806,COURSE65,Summer,2021,B,Synthetic
879,1674,COURSE66,Spring,2019,C,Synthetic
880,2524,COURSE94,Summer,2020,B,Synthetic
881,2232,COURSE67,Fall,2023,B,Synthetic
882,2375,COURSE55,Fall,2023,C,Synthetic
883,1749,COURSE96,Fall,2024,B,Synthetic
884,2931,COURSE101,Fall,2019,D,Synthetic
885,2294,COURSE123,Spring,2021,D,Synthetic
886,2470,COURSE138,Spring,2021,D,Synthetic
887,1971,COURSE121,Spring,2023,B,Synthetic
888,2553,COURSE64,Spring,2020,A,Synthetic
889,1773,COURSE140,Spring,2019,A,Synthetic
890,2451,COURSE90,Fall,2021,B,Synthetic
891,2707,COURSE57,Spring,2020,A,Synthetic
892,1965,COURSE147,Spring,2019,D,Synthetic
893,2724,COURSE96,Summer,2020,D,Synthetic
894,2826,COURSE70,Spring,2023,D,Synthetic
895,2050,COURSE126,Summer,2022,A,Synthetic
896,2915,COURSE139,Summer,2022,C,Synthetic
897,1971,COURSE100,Fall,2019,C,Synthetic
898,2017,COURSE69,Spring,2019,C,Synthetic
899,1731,COURSE107,Fall,2022,B,Synthetic
900,2768,COURSE128,Fall,2023,F,Synthetic
901,1603,COURSE135,Spring,2020,D,Synthetic
902,2526,COURSE85,Summer,2022,C,Synthetic
903,2776,COURSE83,Fall,2023,D,Synthetic
904,1234,COURSE100,Summer,2020,D,Synthetic
905,2041,COURSE134,Fall,2020,D,Synthetic
906,1658,COURSE120,Fall,2023,A,Synthetic
907,1372,COURSE61,Summer,2019,B,Synthetic
908,1610,COURSE58,Summer,2022,D,Synthetic
909,2273,COURSE86,Spring,2020,A,Synthetic
910,2208,COURSE74,Fall,2020,A,Synthetic
911,2488,COURSE55,Summer,2024,D,Synthetic
912,2363,COURSE124,Spring,2019,C,Synthetic
913,1602,COURSE137,Spring,2022,F,Synthetic
914,2217,COURSE58,Fall,2021,D,Synthetic
915,1337,COURSE64,Fall,2021,C,Synthetic
916,1171,COURSE54,Fall,2024,B,Synthetic
917,2621,COURSE149,Summer,2021,C,Synthetic
918,2106,COURSE98,Summer,2021,F,Synthetic
919,2526,COURSE72,Summer,2023,C,Synthetic
920,1124,COURSE51,Fall,2023,A,Synthetic
921,2313,COURSE93,Spring,2024,D,Synthetic
922,2508,COURSE117,Summer,2020,A,Synthetic
923,2951,COURSE73,Summer,2020,D,Synthetic
924,1445,COURSE115,Fall,2024,B,Synthetic
925,1032,COURSE97,Fall,2023,D,Synthetic
926,2402,COURSE143,Spring,2022,C,Synthetic
927,2007,COURSE129,Spring,2024,C,Synthetic
928,2336,COURSE108,Spring,2024,B,Synthetic
929,1789,COURSE123,Fall,2019,B,Synthetic
930,1639,COURSE71,Summer,2021,D,Synthetic
931,2396,COURSE86,Summer,2021,B,Synthetic
932,2348,COURSE121,Spring,2022,D,Synthetic
933,2868,COURSE95,Spring,2024,F,Synthetic
934,2344,COURSE103,Summer,2020,D,Synthetic
935,1962,COURSE150,Spring,2021,C,Synthetic
936,2059,COURSE138,Fall,2023,A,Synthetic
937,1073,COURSE108,Spring,2024,B,Synthetic
938,1402,COURSE88,Summer,2020,D,Synthetic
939,2265,COURSE148,Fall,2022,F,Synthetic
940,2417,COURSE150,Spring,2024,C,Synthetic
941,2715,COURSE149,Fall,2020,C,Synthetic
942,1927,COURSE85,Spring,2019,B,Synthetic
943,2453,COURSE77,Spring,2019,D,Synthetic
944,1261,COURSE88,Summer,2019,D,Synthetic
945,1303,COURSE89,Fall,2023,A,Synthetic
946,2007,COURSE140,Spring,2021,F,Synthetic
947,1052,COURSE143,Fall,2021,C,Synthetic
948,1906,COURSE98,Spring,2020,C,Synthetic
949,2933,COURSE71,Summer,2023,A,Synthetic
950,1305,COURSE109,Spring,2022,F,Synthetic
951,2337,COURSE110,Summer,2024,B,Synthetic
952,2109,COURSE124,Fall,2021,C,Synthetic
953,2117,COURSE76,Fall,2019,C,Synthetic
954,1269,COURSE126,Summer,2019,F,Synthetic
955,2940,COURSE60,Summer,2022,D,Synthetic
956,1042,COURSE63,Fall,2020,C,Synthetic
957,1600,COURSE123,Fall,2020,F,Synthetic
958,2426,COURSE138,Fall,2024,C,Synthetic
959,2187,COURSE94,Fall,2019,B,Synthetic
960,1147,COURSE150,Spring,2019,D,Synthetic
961,2685,COURSE137,Spring,2020,C,Synthetic
962,2666,COURSE76,Spring,2023,A,Synthetic
963,1542,COURSE111,Fall,2022,F,Synthetic
964,1755,COURSE76,Fall,2021,A,Synthetic
965,2310,COURSE93,Summer,2020,F,Synthetic
966,2221,COURSE72,Spring,2020,B,Synthetic
967,2517,COURSE68,Spring,2021,A,Synthetic
968,2295,COURSE115,Summer,2019,B,Synthetic
969,1130,COURSE62,Fall,2022,C,Synthetic
970,2986,COURSE86,Spring,2019,C,Synthetic
971,1633,COURSE123,Summer,2022,D,Synthetic
972,1743,COURSE62,Fall,2020,C,Synthetic
973,2078,COURSE86,Summer,2022,F,Synthetic
974,1188,COURSE96,Fall,2024,F,Synthetic
975,2834,COURSE71,Fall,2021,A,Synthetic
976,1804,COURSE72,Summer,2024,C,Synthetic
977,1673,COURSE131,Fall,2022,D,Synthetic
978,2584,COURSE103,Spring,2020,C,Synthetic
979,2098,COURSE136,Summer,2019,F,Synthetic
980,2177,COURSE86,Spring,2021,B,Synthetic
981,1728,COURSE111,Summer,2020,F,Synthetic
982,1536,COURSE116,Summer,2019,C,Synthetic
983,2349,COURSE131,Summer,2020,B,Synthetic
984,1617,COURSE139,Spring,2021,F,Synthetic
985,2902,COURSE53,Spring,2022,D,Synthetic
986,2865,COURSE64,Fall,2022,A,Synthetic
987,1217,COURSE106,Summer,2021,B,Synthetic
988,1871,COURSE96,Fall,2021,B,Synthetic
989,1341,COURSE116,Fall,2021,A,Synthetic
990,2626,COURSE124,Summer,2022,C,Synthetic
991,2104,COURSE59,Summer,2022,F,Synthetic
992,2994,COURSE117,Fall,2023,D,Synthetic
993,2582,COURSE144,Spring,2020,F,Synthetic
994,1128,COURSE58,Summer,2023,F,Synthetic
995,2542,COURSE89,Fall,2020,D,Synthetic
996,2974,COURSE84,Fall,2021,B,Synthetic
997,1843,COURSE55,Fall,2023,A,Synthetic
998,2470,COURSE64,Fall,2022,A,Synthetic
999,2435,COURSE58,Spring,2022,C,Synthetic
1000,2784,COURSE113,Summer,2020,C,Synthetic
1001,2779,COURSE148,Summer,2024,D,Synthetic
1002,2567,COURSE52,Spring,2022,C,Synthetic
1003,1579,COURSE51,Fall,2022,D,Synthetic
1004,1159,COURSE82,Summer,2024,C,Synthetic
1005,1249,COURSE104,Spring,2019,B,Synthetic
1006,2344,COURSE112,Summer,2024,B,Synthetic
1007,2193,COURSE144,Summer,2023,C,Synthetic
1008,2571,COURSE111,Fall,2022,D,Synthetic
1009,2959,COURSE51,Spring,2020,C,Synthetic
1010,1372,COURSE65,Summer,2019,B,Synthetic
1011,1268,COURSE62,Spring,2022,D,Synthetic
1012,1613,COURSE100,Spring,2020,B,Synthetic
1013,1323,COURSE141,Spring,2023,D,Synthetic
1014,2205,COURSE58,Summer,2024,D,Synthetic
1015,1577,COURSE99,Spring,2020,C,Synthetic
1016,2816,COURSE93,Spring,2024,D,Synthetic
1017,2843,COURSE62,Summer,2020,F,Synthetic
1018,2650,COURSE78,Spring,2022,C,Synthetic
1019,2675,COURSE79,Fall,2023,A,Synthetic
1020,1792,COURSE114,Summer,2019,F,Synthetic
1021,1909,COURSE59,Summer,2019,A,Synthetic
1022,1171,COURSE97,Summer,2024,F,Synthetic
1023,1327,COURSE89,Fall,2022,B,Synthetic
1024,1461,COURSE92,Fall,2022,C,Synthetic
1025,1918,COURSE139,Summer,2021,C,Synthetic
1026,2358,COURSE115,Fall,2022,C,Synthetic
1027,2321,COURSE59,Fall,2021,D,Synthetic
1028,1261,COURSE103,Fall,2020,A,Synthetic
1029,2467,COURSE78,Spring,2020,C,Synthetic
1030,1949,COURSE71,Fall,2022,A,Synthetic
1031,2127,COURSE103,Spring,2019,F,Synthetic
1032,3000,COURSE130,Summer,2020,F,Synthetic
1033,2529,COURSE83,Fall,2023,C,Synthetic
1034,2483,COURSE87,Fall,2020,F,Synthetic
1035,2574,COURSE65,Fall,2024,C,Synthetic
1036,1100,COURSE55,Fall,2020,B,Synthetic
1037,1451,COURSE108,Fall,2020,A,Synthetic
1038,2806,COURSE137,Summer,2022,F,Synthetic
1039,1119,COURSE79,Fall,2020,A,Synthetic
1040,2939,COURSE81,Summer,2022,C,Synthetic
1041,2275,COURSE128,Spring,2024,F,Synthetic
1042,2148,COURSE114,Fall,2024,A,Synthetic
1043,2010,COURSE119,Fall,2022,A,Synthetic
1044,2277,COURSE88,Spring,2021,A,Synthetic
1045,2099,COURSE103,Summer,2021,C,Synthetic
1046,2737,COURSE98,Summer,2022,C,Synthetic
1047,2676,COURSE59,Fall,2019,C,Synthetic
1048,2383,COURSE141,Spring,2020,A,Synthetic
1049,2806,COURSE133,Fall,2020,B,Synthetic
1050,2644,COURSE111,Summer,2023,C,Synthetic
1051,2860,COURSE102,Fall,2022,F,Synthetic
1052,1350,COURSE51,Spring,2023,F,Synthetic
1053,2047,COURSE123,Spring,2019,D,Synthetic
1054,1607,COURSE129,Summer,2021,D,Synthetic
1055,1216,COURSE99,Spring,2022,C,Synthetic
1056,1375,COURSE144,Fall,2024,A,Synthetic
1057,1770,COURSE129,Fall,2024,F,Synthetic
1058,1110,COURSE98,Fall,2024,F,Synthetic
1059,1354,COURSE144,Fall,2021,A,Synthetic
1060,1118,COURSE81,Fall,2023,C,Synthetic
1061,2396,COURSE148,Spring,2022,A,Synthetic
1062,2341,COURSE140,Summer,2022,B,Synthetic
1063,1898,COURSE93,Spring,2022,D,Synthetic
1064,2072,COURSE87,Summer,2022,C,Synthetic
1065,1747,COURSE66,Fall,2022,B,Synthetic
1066,1761,COURSE103,Summer,2024,D,Synthetic
1067,2147,COURSE98,Summer,2020,C,Synthetic
1068,1324,COURSE110,Fall,2024,A,Synthetic
1069,1039,COURSE130,Summer,2023,B,Synthetic
1070,1857,COURSE60,Summer,2023,B,Synthetic
1071,1972,COURSE87,Summer,2019,F,Synthetic
1072,1664,COURSE117,Fall,2022,B,Synthetic
1073,1607,COURSE135,Spring,2021,C,Synthetic
1074,2605,COURSE110,Fall,2022,C,Synthetic
1075,1921,COURSE118,Spring,2024,A,Synthetic
1076,1272,COURSE115,Summer,2020,B,Synthetic
1077,1134,COURSE72,Fall,2024,D,Synthetic
1078,2902,COURSE123,Spring,2019,C,Synthetic
1079,2370,COURSE128,Spring,2021,B,Synthetic
1080,2956,COURSE117,Summer,2022,D,Synthetic
1081,1669,COURSE98,Spring,2022,A,Synthetic
1082,1011,COURSE121,Spring,2020,D,Synthetic
1083,1096,COURSE64,Fall,2019,B,Synthetic
1084,2642,COURSE80,Fall,2019,C,Synthetic
1085,1746,COURSE142,Summer,2023,C,Synthetic
1086,2305,COURSE53,Spring,2023,B,Synthetic
1087,2421,COURSE146,Spring,2019,F,Synthetic
1088,1792,COURSE94,Spring,2020,B,Synthetic
1089,2654,COURSE55,Fall,2021,D,Synthetic
1090,2413,COURSE59,Spring,2020,A,Synthetic
1091,1452,COURSE147,Spring,2020,A,Synthetic
1092,1270,COURSE85,Summer,2023,A,Synthetic
1093,1553,COURSE119,Summer,2022,F,Synthetic
1094,1265,COURSE58,Summer,2022,A,Synthetic
1095,2887,COURSE130,Summer,2020,B,Synthetic
1096,2726,COURSE120,Spring,2019,B,Synthetic
1097,1411,COURSE74,Fall,2023,B,Synthetic
1098,2119,COURSE145,Fall,2023,F,Synthetic
1099,2562,COURSE86,Fall,2022,D,Synthetic
1100,2420,COURSE132,Summer,2020,A,Synthetic
1101,2543,COURSE131,Summer,2023,C,Synthetic
1102,1809,COURSE94,Spring,2023,A,Synthetic
1103,1373,COURSE63,Summer,2020,A,Synthetic
1104,2590,COURSE73,Fall,2022,D,Synthetic
1105,2736,COURSE56,Fall,2020,B,Synthetic
1106,1035,COURSE144,Summer,2023,A,Synthetic
1107,1514,COURSE83,Spring,2019,D,Synthetic
1108,2927,COURSE129,Spring,2023,D,Synthetic
1109,2775,COURSE147,Spring,2024,D,Synthetic
1110,2864,COURSE72,Spring,2023,A,Synthetic
1111,2707,COURSE131,Summer,2021,D,Synthetic
1112,2029,COURSE107,Fall,2022,B,Synthetic
1113,2578,COURSE112,Spring,2020,B,Synthetic
1114,2309,COURSE54,Summer,2020,A,Synthetic
1115,2938,COURSE72,Spring,2021,B,Synthetic
1116,1699,COURSE105,Summer,2024,C,Synthetic
1117,1856,COURSE98,Spring,2022,F,Synthetic
1118,1970,COURSE122,Spring,2019,A,Synthetic
1119,1599,COURSE90,Fall,2021,A,Synthetic
1120,1328,COURSE70,Summer,2019,D,Synthetic
1121,1671,COURSE137,Spring,2023,B,Synthetic
1122,2840,COURSE68,Spring,2024,F,Synthetic
1123,2606,COURSE82,Summer,2021,F,Synthetic
1124,1461,COURSE51,Spring,2022,B,Synthetic
1125,1498,COURSE58,Summer,2019,F,Synthetic
1126,2362,COURSE130,Spring,2024,C,Synthetic
1127,1919,COURSE122,Fall,2019,D,Synthetic
1128,1443,COURSE70,Summer,2020,F,Synthetic
1129,1026,COURSE115,Fall,2019,F,Synthetic
1130,2365,COURSE79,Summer,2020,B,Synthetic
1131,1261,COURSE146,Summer,2022,F,Synthetic
1132,2959,COURSE93,Fall,2020,B,Synthetic
1133,1720,COURSE114,Spring,2022,C,Synthetic
1134,1078,COURSE110,Fall,2023,D,Synthetic
1135,1211,COURSE121,Summer,2023,B,Synthetic
1136,1208,COURSE66,Fall,2021,C,Synthetic
1137,1775,COURSE95,Spring,2022,A,Synthetic
1138,1817,COURSE121,Fall,2020,A,Synthetic
1139,2074,COURSE122,Summer,2023,C,Synthetic
1140,2731,COURSE86,Fall,2023,B,Synthetic
1141,2205,COURSE89,Fall,2021,D,Synthetic
1142,2949,COURSE99,Spring,2020,A,Synthetic
1143,1960,COURSE51,Summer,2020,B,Synthetic
1144,1352,COURSE84,Summer,2023,F,Synthetic
1145,1591,COURSE85,Spring,2019,A,Synthetic
1146,2278,COURSE138,Fall,2019,B,Synthetic
1147,1262,COURSE115,Summer,2024,D,Synthetic
1148,2971,COURSE124,Spring,2023,B,Synthetic
1149,2301,COURSE89,Spring,2024,D,Synthetic
1150,2284,COURSE68,Spring,2019,C,Synthetic
1151,1488,COURSE55,Spring,2020,D,Synthetic
1152,2965,COURSE113,Spring,2024,C,Synthetic
1153,1089,COURSE133,Fall,2021,B,Synthetic
1154,1990,COURSE101,Fall,2020,A,Synthetic
1155,1016,COURSE106,Fall,2021,D,Synthetic
1156,1946,COURSE106,Summer,2022,C,Synthetic
1157,2579,COURSE106,Summer,2022,A,Synthetic
1158,1718,COURSE112,Spring,2019,D,Synthetic
1159,1455,COURSE113,Spring,2021,D,Synthetic
1160,1536,COURSE118,Fall,2019,C,Synthetic
1161,1474,COURSE98,Spring,2019,C,Synthetic
1162,2748,COURSE144,Fall,2024,F,Synthetic
1163,1773,COURSE144,Summer,2021,B,Synthetic
1164,2840,COURSE66,Summer,2023,D,Synthetic
1165,1221,COURSE143,Summer,2021,C,Synthetic
1166,1401,COURSE142,Fall,2020,D,Synthetic
1167,1963,COURSE133,Fall,2020,B,Synthetic
1168,1902,COURSE143,Fall,2024,A,Synthetic
1169,2420,COURSE86,Summer,2021,A,Synthetic
1170,2796,COURSE126,Summer,2022,D,Synthetic
1171,2119,COURSE103,Summer,2021,C,Synthetic
1172,2033,COURSE61,Spring,2022,A,Synthetic
1173,2565,COURSE95,Spring,2023,D,Synthetic
1174,2959,COURSE111,Fall,2019,C,Synthetic
1175,1688,COURSE132,Summer,2024,C,Synthetic
1176,2525,COURSE74,Summer,2020,B,Synthetic
1177,2391,COURSE139,Fall,2021,A,Synthetic
1178,2768,COURSE105,Fall,2021,B,Synthetic
1179,2055,COURSE150,Summer,2024,F,Synthetic
1180,1207,COURSE110,Fall,2019,A,Synthetic
1181,2974,COURSE57,Fall,2024,C,Synthetic
1182,1307,COURSE118,Spring,2023,D,Synthetic
1183,1555,COURSE78,Summer,2019,D,Synthetic
1184,2918,COURSE118,Fall,2024,B,Synthetic
1185,1442,COURSE123,Fall,2022,C,Synthetic
1186,2787,COURSE55,Spring,2024,C,Synthetic
1187,2538,COURSE128,Spring,2021,B,Synthetic
1188,1680,COURSE115,Summer,2021,A,Synthetic
1189,2851,COURSE59,Spring,2021,A,Synthetic
1190,1786,COURSE109,Fall,2019,D,Synthetic
1191,1327,COURSE93,Summer,2021,D,Synthetic
1192,2747,COURSE66,Spring,2020,B,Synthetic
1193,2281,COURSE144,Spring,2021,A,Synthetic
1194,1675,COURSE150,Spring,2023,B,Synthetic
1195,1741,COURSE143,Fall,2021,F,Synthetic
1196,2087,COURSE81,Spring,2020,A,Synthetic
1197,2282,COURSE88,Summer,2019,D,Synthetic
1198,1983,COURSE101,Summer,2021,D,Synthetic
1199,2525,COURSE69,Summer,2023,F,Synthetic
1200,1624,COURSE112,Summer,2022,A,Synthetic
1201,1363,COURSE107,Spring,2024,C,Synthetic
1202,1477,COURSE130,Fall,2020,F,Synthetic
1203,1406,COURSE79,Fall,2020,C,Synthetic
1204,1315,COURSE137,Fall,2022,C,Synthetic
1205,1761,COURSE133,Spring,2022,A,Synthetic
1206,1610,COURSE108,Spring,2024,D,Synthetic
1207,1565,COURSE71,Summer,2021,A,Synthetic
1208,2623,COURSE130,Spring,2023,C,Synthetic
1209,2180,COURSE144,Spring,2022,C,Synthetic
1210,2376,COURSE133,Fall,2019,B,Synthetic
1211,2438,COURSE63,Summer,2021,A,Synthetic
1212,1823,COURSE131,Summer,2019,C,Synthetic
1213,1570,COURSE74,Fall,2022,F,Synthetic
1214,1767,COURSE150,Summer,2019,A,Synthetic
1215,1586,COURSE118,Spring,2024,C,Synthetic
1216,2959,COURSE98,Spring,2024,A,Synthetic
1217,1463,COURSE107,Summer,2024,D,Synthetic
1218,1237,COURSE114,Spring,2020,B,Synthetic
1219,2622,COURSE71,Spring,2019,D,Synthetic
1220,1391,COURSE75,Fall,2022,B,Synthetic
1221,2965,COURSE127,Summer,2022,C,Synthetic
1222,2425,COURSE72,Fall,2019,C,Synthetic
1223,2166,COURSE146,Spring,2021,A,Synthetic
1224,1517,COURSE108,Summer,2020,F,Synthetic
1225,1584,COURSE86,Fall,2019,B,Synthetic
1226,2091,COURSE103,Summer,2019,A,Synthetic
1227,2805,COURSE113,Spring,2021,C,Synthetic
1228,2922,COURSE116,Spring,2021,D,Synthetic
1229,2834,COURSE61,Spring,2024,D,Synthetic
1230,2786,COURSE105,Summer,2019,C,Synthetic
1231,2854,COURSE84,Fall,2022,D,Synthetic
1232,1375,COURSE124,Fall,2022,D,Synthetic
1233,1002,COURSE140,Fall,2024,A,Synthetic
1234,1068,COURSE90,Summer,2022,F,Synthetic
1235,1190,COURSE137,Fall,2020,D,Synthetic
1236,1004,COURSE144,Fall,2024,F,Synthetic
1237,2924,COURSE113,Fall,2019,A,Synthetic
1238,1592,COURSE133,Summer,2023,B,Synthetic
1239,1963,COURSE140,Summer,2022,F,Synthetic
1240,2325,COURSE146,Fall,2022,A,Synthetic
1241,2339,COURSE88,Summer,2020,D,Synthetic
1242,2329,COURSE88,Summer,2022,D,Synthetic
1243,2544,COURSE147,Fall,2019,F,Synthetic
1244,1098,COURSE115,Fall,2022,A,Synthetic
1245,1734,COURSE111,Fall,2022,B,Synthetic
1246,2533,COURSE135,Fall,2023,D,Synthetic
1247,1058,COURSE77,Summer,2024,A,Synthetic
1248,1756,COURSE77,Spring,2023,D,Synthetic
1249,1722,COURSE66,Summer,2023,F,Synthetic
1250,1990,COURSE130,Spring,2022,C,Synthetic
1251,1300,COURSE144,Summer,2024,C,Synthetic
1252,2647,COURSE137,Summer,2019,C,Synthetic
1253,1090,COURSE89,Summer,2024,A,Synthetic
1254,2528,COURSE92,Spring,2019,D,Synthetic
1255,2512,COURSE86,Spring,2023,D,Synthetic
1256,2054,COURSE142,Summer,2022,C,Synthetic
1257,2987,COURSE62,Summer,2022,A,Synthetic
1258,2767,COURSE72,Spring,2022,C,Synthetic
1259,2193,COURSE56,Summer,2024,B,Synthetic
1260,1016,COURSE148,Spring,2023,B,Synthetic
1261,2744,COURSE99,Fall,2024,C,Synthetic
1262,1701,COURSE131,Spring,2022,B,Synthetic
1263,2768,COURSE64,Fall,2021,A,Synthetic
1264,1939,COURSE66,Fall,2020,B,Synthetic
1265,1864,COURSE93,Summer,2019,A,Synthetic
1266,1111,COURSE68,Fall,2020,B,Synthetic
1267,1215,COURSE150,Spring,2024,D,Synthetic
1268,1347,COURSE53,Spring,2019,C,Synthetic
1269,1381,COURSE140,Fall,2024,C,Synthetic
1270,1888,COURSE51,Fall,2020,F,Synthetic
1271,1309,COURSE62,Summer,2021,A,Synthetic
1272,1107,COURSE138,Fall,2024,D,Synthetic
1273,1622,COURSE118,Fall,2020,F,Synthetic
1274,2216,COURSE119,Spring,2020,A,Synthetic
1275,1581,COURSE131,Spring,2024,D,Synthetic
1276,1545,COURSE72,Spring,2021,A,Synthetic
1277,2955,COURSE67,Summer,2023,F,Synthetic
1278,1958,COURSE131,Spring,2019,D,Synthetic
1279,1188,COURSE103,Fall,2019,C,Synthetic
1280,1461,COURSE108,Fall,2023,D,Synthetic
1281,2898,COURSE110,Summer,2019,C,Synthetic
1282,1116,COURSE51,Summer,2019,F,Synthetic
1283,2561,COURSE138,Fall,2020,A,Synthetic
1284,2638,COURSE133,Fall,2021,C,Synthetic
1285,2959,COURSE112,Spring,2023,C,Synthetic
1286,1797,COURSE98,Summer,2024,B,Synthetic
1287,2566,COURSE52,Summer,2021,D,Synthetic
1288,1207,COURSE145,Spring,2020,B,Synthetic
1289,2106,COURSE126,Fall,2019,B,Synthetic
1290,2805,COURSE141,Summer,2022,C,Synthetic
1291,2408,COURSE138,Spring,2024,C,Synthetic
1292,1074,COURSE133,Summer,2020,F,Synthetic
1293,2928,COURSE131,Spring,2023,B,Synthetic
1294,1644,COURSE146,Summer,2024,D,Synthetic
1295,2270,COURSE129,Spring,2021,A,Synthetic
1296,2806,COURSE144,Summer,2022,D,Synthetic
1297,2599,COURSE128,Fall,2019,A,Synthetic
1298,2293,COURSE149,Fall,2024,C,Synthetic
1299,2271,COURSE120,Fall,2024,C,Synthetic
1300,1959,COURSE87,Summer,2022,C,Synthetic
1301,2560,COURSE61,Fall,2020,B,Synthetic
1302,1354,COURSE71,Fall,2020,D,Synthetic
1303,2362,COURSE67,Summer,2023,C,Synthetic
1304,1513,COURSE113,Spring,2019,A,Synthetic
1305,1765,COURSE149,Summer,2019,B,Synthetic
1306,2475,COURSE142,Spring,2022,C,Synthetic
1307,1554,COURSE92,Spring,2023,C,Synthetic
1308,1111,COURSE83,Summer,2021,D,Synthetic
1309,2332,COURSE135,Summer,2023,F,Synthetic
1310,2773,COURSE64,Fall,2022,A,Synthetic
1311,2464,COURSE106,Spring,2023,D,Synthetic
1312,1031,COURSE103,Summer,2023,F,Synthetic
1313,1030,COURSE81,Fall,2021,B,Synthetic
1314,1995,COURSE142,Spring,2021,F,Synthetic
1315,2747,COURSE94,Spring,2020,A,Synthetic
1316,2884,COURSE77,Summer,2019,D,Synthetic
1317,2509,COURSE118,Summer,2022,A,Synthetic
1318,1176,COURSE119,Spring,2022,C,Synthetic
1319,1003,COURSE107,Summer,2019,C,Synthetic
1320,2548,COURSE128,Spring,2022,A,Synthetic
1321,2468,COURSE75,Fall,2022,C,Synthetic
1322,1854,COURSE120,Summer,2024,F,Synthetic
1323,1875,COURSE65,Fall,2023,A,Synthetic
1324,2338,COURSE107,Summer,2023,A,Synthetic
1325,2871,COURSE52,Fall,2021,C,Synthetic
1326,2758,COURSE93,Fall,2022,A,Synthetic
1327,1419,COURSE137,Spring,2020,D,Synthetic
1328,1720,COURSE74,Summer,2024,D,Synthetic
1329,2277,COURSE76,Spring,2022,C,Synthetic
1330,1085,COURSE127,Spring,2023,A,Synthetic
1331,1081,COURSE133,Fall,2020,A,Synthetic
1332,1148,COURSE114,Fall,2023,C,Synthetic
1333,2314,COURSE108,Summer,2019,C,Synthetic
1334,2651,COURSE106,Fall,2019,A,Synthetic
1335,1798,COURSE53,Spring,2019,A,Synthetic
1336,2802,COURSE134,Summer,2020,F,Synthetic
1337,2559,COURSE89,Fall,2023,B,Synthetic
1338,2532,COURSE141,Summer,2024,C,Synthetic
1339,2132,COURSE90,Spring,2021,C,Synthetic
1340,2322,COURSE100,Fall,2019,D,Synthetic
1341,1149,COURSE102,Spring,2024,A,Synthetic
1342,2324,COURSE56,Fall,2020,D,Synthetic
1343,1686,COURSE100,Summer,2023,A,Synthetic
1344,2722,COURSE127,Spring,2023,A,Synthetic
1345,2630,COURSE51,Spring,2021,C,Synthetic
1346,2842,COURSE114,Fall,2023,B,Synthetic
1347,2306,COURSE129,Spring,2021,C,Synthetic
1348,2338,COURSE55,Spring,2022,A,Synthetic
1349,2324,COURSE62,Spring,2021,A,Synthetic
1350,2384,COURSE125,Summer,2023,C,Synthetic
1351,1512,COURSE107,Fall,2021,F,Synthetic
1352,1570,COURSE139,Spring,2024,B,Synthetic
1353,2945,COURSE130,Fall,2023,C,Synthetic
1354,1818,COURSE142,Summer,2022,C,Synthetic
1355,1137,COURSE104,Fall,2022,F,Synthetic
1356,1566,COURSE74,Fall,2024,A,Synthetic
1357,1364,COURSE109,Fall,2020,B,Synthetic
1358,1776,COURSE104,Summer,2023,C,Synthetic
1359,2036,COURSE66,Spring,2020,B,Synthetic
1360,2694,COURSE139,Summer,2023,D,Synthetic
1361,1851,COURSE78,Summer,2021,B,Synthetic
1362,2313,COURSE55,Fall,2019,A,Synthetic
1363,2490,COURSE101,Spring,2020,D,Synthetic
1364,2709,COURSE90,Summer,2021,C,Synthetic
1365,1175,COURSE150,Fall,2024,B,Synthetic
1366,2760,COURSE93,Summer,2021,A,Synthetic
1367,1997,COURSE110,Fall,2023,B,Synthetic
1368,2386,COURSE73,Spring,2022,C,Synthetic
1369,2292,COURSE150,Summer,2020,A,Synthetic
1370,1162,COURSE146,Summer,2020,C,Synthetic
1371,1005,COURSE94,Fall,2023,D,Synthetic
1372,2108,COURSE107,Fall,2023,D,Synthetic
1373,1355,COURSE79,Fall,2024,A,Synthetic
1374,2340,COURSE140,Fall,2024,C,Synthetic
1375,1418,COURSE91,Spring,2021,B,Synthetic
1376,1712,COURSE77,Summer,2019,A,Synthetic
1377,2075,COURSE66,Spring,2024,B,Synthetic
1378,2086,COURSE72,Fall,2020,B,Synthetic
1379,1479,COURSE58,Spring,2022,A,Synthetic
1380,2806,COURSE120,Fall,2019,A,Synthetic
1381,2263,COURSE78,Summer,2020,C,Synthetic
1382,1747,COURSE63,Summer,2023,A,Synthetic
1383,2894,COURSE97,Summer,2021,A,Synthetic
1384,2688,COURSE110,Spring,2022,D,Synthetic
1385,1517,COURSE148,Fall,2023,A,Synthetic
1386,2665,COURSE96,Fall,2024,A,Synthetic
1387,1275,COURSE111,Spring,2019,F,Synthetic
1388,2112,COURSE110,Spring,2022,A,Synthetic
1389,2656,COURSE139,Fall,2021,F,Synthetic
1390,2829,COURSE63,Fall,2022,D,Synthetic
1391,2397,COURSE114,Fall,2019,B,Synthetic
1392,2505,COURSE136,Fall,2024,F,Synthetic
1393,2117,COURSE149,Summer,2023,B,Synthetic
1394,2829,COURSE122,Summer,2022,F,Synthetic
1395,1943,COURSE76,Fall,2019,C,Synthetic
1396,1863,COURSE99,Spring,2022,B,Synthetic
1397,2765,COURSE109,Spring,2021,F,Synthetic
1398,2611,COURSE114,Spring,2023,F,Synthetic
1399,1139,COURSE135,Summer,2023,F,Synthetic
1400,1856,COURSE80,Summer,2022,C,Synthetic
1401,2865,COURSE110,Summer,2024,A,Synthetic
1402,1447,COURSE84,Summer,2024,C,Synthetic
1403,1850,COURSE117,Fall,2024,B,Synthetic
1404,2809,COURSE88,Fall,2023,B,Synthetic
1405,2258,COURSE127,Spring,2024,C,Synthetic
1406,1628,COURSE87,Summer,2021,A,Synthetic
1407,1034,COURSE82,Fall,2019,F,Synthetic
1408,1765,COURSE131,Fall,2021,D,Synthetic
1409,2316,COURSE88,Spring,2022,A,Synthetic
1410,1451,COURSE103,Spring,2022,B,Synthetic
1411,1596,COURSE75,Fall,2021,C,Synthetic
1412,1985,COURSE119,Fall,2020,B,Synthetic
1413,1384,COURSE65,Spring,2023,A,Synthetic
1414,2516,COURSE147,Spring,2019,C,Synthetic
1415,2417,COURSE99,Spring,2022,F,Synthetic
1416,1228,COURSE57,Spring,2021,B,Synthetic
1417,1783,COURSE130,Spring,2020,A,Synthetic
1418,2912,COURSE129,Fall,2020,F,Synthetic
1419,1933,COURSE98,Summer,2022,D,Synthetic
1420,1715,COURSE93,Fall,2019,F,Synthetic
1421,2535,COURSE74,Spring,2024,A,Synthetic
1422,2820,COURSE106,Fall,2024,C,Synthetic
1423,2720,COURSE92,Spring,2024,D,Synthetic
1424,1354,COURSE112,Fall,2020,A,Synthetic
1425,1327,COURSE137,Spring,2019,D,Synthetic
1426,2084,COURSE102,Summer,2021,C,Synthetic
1427,2241,COURSE110,Spring,2021,F,Synthetic
1428,2998,COURSE83,Summer,2024,D,Synthetic
1429,1163,COURSE60,Fall,2023,D,Synthetic
1430,2996,COURSE82,Fall,2024,C,Synthetic
1431,1149,COURSE115,Spring,2023,C,Synthetic
1432,1382,COURSE58,Spring,2023,A,Synthetic
1433,1526,COURSE64,Fall,2023,F,Synthetic
1434,1034,COURSE121,Summer,2019,B,Synthetic
1435,2939,COURSE117,Fall,2021,B,Synthetic
1436,1351,COURSE56,Spring,2024,C,Synthetic
1437,2620,COURSE110,Spring,2020,B,Synthetic
1438,1855,COURSE51,Summer,2021,C,Synthetic
1439,1263,COURSE144,Summer,2019,A,Synthetic
1440,2494,COURSE75,Spring,2023,F,Synthetic
1441,2988,COURSE76,Fall,2021,A,Synthetic
1442,2148,COURSE113,Fall,2020,D,Synthetic
1443,1332,COURSE115,Summer,2023,D,Synthetic
1444,1516,COURSE65,Fall,2024,A,Synthetic
1445,2184,COURSE68,Fall,2019,D,Synthetic
1446,2105,COURSE76,Spring,2024,C,Synthetic
1447,2857,COURSE56,Spring,2024,C,Synthetic
1448,1157,COURSE53,Spring,2024,A,Synthetic
1449,1014,COURSE113,Summer,2024,B,Synthetic
1450,1931,COURSE52,Spring,2020,C,Synthetic
1451,1094,COURSE66,Summer,2024,F,Synthetic
1452,1009,COURSE90,Summer,2022,A,Synthetic
1453,1580,COURSE121,Summer,2021,D,Synthetic
1454,1046,COURSE58,Fall,2022,C,Synthetic
1455,2990,COURSE96,Summer,2022,F,Synthetic
1456,2883,COURSE145,Fall,2020,F,Synthetic
1457,2821,COURSE97,Fall,2023,C,Synthetic
1458,2659,COURSE104,Spring,2024,B,Synthetic
1459,2549,COURSE118,Spring,2023,D,Synthetic
1460,1796,COURSE140,Fall,2023,C,Synthetic
1461,2341,COURSE148,Summer,2019,A,Synthetic
1462,2198,COURSE97,Fall,2023,C,Synthetic
1463,2771,COURSE95,Spring,2021,D,Synthetic
1464,2505,COURSE68,Fall,2024,A,Synthetic
1465,1145,COURSE55,Summer,2022,B,Synthetic
1466,1903,COURSE58,Fall,2023,A,Synthetic
1467,1464,COURSE56,Summer,2019,A,Synthetic
1468,2606,COURSE75,Fall,2020,F,Synthetic
1469,2777,COURSE52,Spring,2023,F,Synthetic
1470,2957,COURSE119,Spring,2023,B,Synthetic
1471,1978,COURSE64,Fall,2020,C,Synthetic
1472,2161,COURSE82,Spring,2019,F,Synthetic
1473,1604,COURSE105,Spring,2021,F,Synthetic
1474,1588,COURSE109,Summer,2019,A,Synthetic
1475,1761,COURSE61,Spring,2019,D,Synthetic
1476,2729,COURSE90,Summer,2022,D,Synthetic
1477,2469,COURSE77,Summer,2021,C,Synthetic
1478,2866,COURSE148,Fall,2020,A,Synthetic
1479,2977,COURSE112,Spring,2023,F,Synthetic
1480,2744,COURSE134,Fall,2020,A,Synthetic
1481,2395,COURSE83,Summer,2020,D,Synthetic
1482,2536,COURSE89,Spring,2024,C,Synthetic
1483,2124,COURSE146,Summer,2023,C,Synthetic
1484,1889,COURSE85,Summer,2020,B,Synthetic
1485,2692,COURSE88,Summer,2020,D,Synthetic
1486,2231,COURSE137,Fall,2023,A,Synthetic
1487,2333,COURSE73,Fall,2019,C,Synthetic
1488,2238,COURSE141,Summer,2024,A,Synthetic
1489,2953,COURSE128,Spring,2024,D,Synthetic
1490,1370,COURSE71,Fall,2020,F,Synthetic
1491,2415,COURSE150,Summer,2024,C,Synthetic
1492,1602,COURSE112,Summer,2020,C,Synthetic
1493,1687,COURSE143,Spring,2021,A,Synthetic
1494,1774,COURSE117,Fall,2020,A,Synthetic
1495,2915,COURSE126,Spring,2022,F,Synthetic
1496,2362,COURSE141,Summer,2024,C,Synthetic
1497,2987,COURSE89,Spring,2020,D,Synthetic
1498,2135,COURSE102,Summer,2021,A,Synthetic
1499,1195,COURSE134,Spring,2024,C,Synthetic
1500,1317,COURSE119,Summer,2023,A,Synthetic
1501,1147,COURSE134,Summer,2022,C,Synthetic
1502,1067,COURSE91,Spring,2020,A,Synthetic
1503,2297,COURSE100,Spring,2021,D,Synthetic
1504,2965,COURSE63,Fall,2023,C,Synthetic
1505,2321,COURSE64,Summer,2019,C,Synthetic
1506,2202,COURSE72,Summer,2023,B,Synthetic
1507,2007,COURSE142,Fall,2023,A,Synthetic
1508,1175,COURSE84,Fall,2020,B,Synthetic
1509,2565,COURSE75,Fall,2021,C,Synthetic
1510,1391,COURSE103,Summer,2019,D,Synthetic
1511,2132,COURSE141,Summer,2024,B,Synthetic
1512,1590,COURSE84,Spring,2020,A,Synthetic
1513,2361,COURSE62,Summer,2023,F,Synthetic
1514,2182,COURSE72,Fall,2024,D,Synthetic
1515,1807,COURSE120,Summer,2023,A,Synthetic
1516,2996,COURSE113,Fall,2023,B,Synthetic
1517,1875,COURSE76,Spring,2021,C,Synthetic
1518,1342,COURSE145,Summer,2019,B,Synthetic
1519,2151,COURSE115,Fall,2021,C,Synthetic
1520,2536,COURSE78,Spring,2024,D,Synthetic
1521,2890,COURSE92,Fall,2021,D,Synthetic
1522,2382,COURSE123,Summer,2024,A,Synthetic
1523,1456,COURSE93,Spring,2019,A,Synthetic
1524,2636,COURSE119,Summer,2024,C,Synthetic
1525,1353,COURSE144,Fall,2022,B,Synthetic
1526,1632,COURSE75,Spring,2023,A,Synthetic
1527,2392,COURSE91,Fall,2023,B,Synthetic
1528,2119,COURSE65,Summer,2022,C,Synthetic
1529,2023,COURSE75,Spring,2024,C,Synthetic
1530,1390,COURSE85,Summer,2021,C,Synthetic
1531,2572,COURSE117,Summer,2020,B,Synthetic
1532,2903,COURSE72,Spring,2019,D,Synthetic
1533,1394,COURSE70,Summer,2019,A,Synthetic
1534,1218,COURSE77,Summer,2024,C,Synthetic
1535,2650,COURSE123,Summer,2020,F,Synthetic
1536,1151,COURSE67,Fall,2024,F,Synthetic
1537,1437,COURSE89,Spring,2024,D,Synthetic
1538,2216,COURSE131,Spring,2021,C,Synthetic
1539,1336,COURSE139,Fall,2020,F,Synthetic
1540,1147,COURSE97,Fall,2020,B,Synthetic
1541,1181,COURSE93,Fall,2019,C,Synthetic
1542,1636,COURSE125,Spring,2021,F,Synthetic
1543,1271,COURSE70,Spring,2020,F,Synthetic
1544,2043,COURSE106,Fall,2020,F,Synthetic
1545,2676,COURSE108,Spring,2022,A,Synthetic
1546,1903,COURSE97,Spring,2023,A,Synthetic
1547,2400,COURSE53,Fall,2022,C,Synthetic
1548,1257,COURSE91,Spring,2021,A,Synthetic
1549,2842,COURSE102,Spring,2020,C,Synthetic
1550,2073,COURSE99,Fall,2022,D,Synthetic
1551,2585,COURSE82,Spring,2019,A,Synthetic
1552,2826,COURSE133,Fall,2019,C,Synthetic
1553,1033,COURSE110,Fall,2020,B,Synthetic
1554,2375,COURSE94,Summer,2024,D,Synthetic
1555,2603,COURSE62,Summer,2020,D,Synthetic
1556,2261,COURSE126,Summer,2024,C,Synthetic
1557,1326,COURSE120,Fall,2024,C,Synthetic
1558,1685,COURSE141,Summer,2020,C,Synthetic
1559,2255,COURSE141,Summer,2023,C,Synthetic
1560,1898,COURSE110,Fall,2020,C,Synthetic
1561,1371,COURSE113,Fall,2019,B,Synthetic
1562,1580,COURSE61,Spring,2021,B,Synthetic
1563,1800,COURSE83,Fall,2022,C,Synthetic
1564,1666,COURSE149,Summer,2021,C,Synthetic
1565,1161,COURSE89,Spring,2020,A,Synthetic
1566,1623,COURSE117,Summer,2020,F,Synthetic
1567,2317,COURSE58,Fall,2019,C,Synthetic
1568,1474,COURSE82,Fall,2021,B,Synthetic
1569,1568,COURSE116,Spring,2024,B,Synthetic
1570,2381,COURSE113,Fall,2022,C,Synthetic
1571,1908,COURSE104,Spring,2020,C,Synthetic
1572,2220,COURSE96,Spring,2022,B,Synthetic
1573,1730,COURSE148,Summer,2024,D,Synthetic
1574,2329,COURSE145,Fall,2020,B,Synthetic
1575,1105,COURSE92,Spring,2021,A,Synthetic
1576,1152,COURSE122,Summer,2019,F,Synthetic
1577,2718,COURSE132,Fall,2019,C,Synthetic
1578,1053,COURSE112,Spring,2020,C,Synthetic
1579,2022,COURSE103,Summer,2022,B,Synthetic
1580,2466,COURSE83,Summer,2022,C,Synthetic
1581,2468,COURSE147,Spring,2019,C,Synthetic
1582,2476,COURSE134,Spring,2020,C,Synthetic
1583,1187,COURSE110,Fall,2021,C,Synthetic
1584,2187,COURSE66,Fall,2019,D,Synthetic
1585,2219,COURSE88,Spring,2024,F,Synthetic
1586,1807,COURSE117,Fall,2024,C,Synthetic
1587,2868,COURSE125,Fall,2019,C,Synthetic
1588,1122,COURSE107,Summer,2021,F,Synthetic
1589,2189,COURSE51,Summer,2019,C,Synthetic
1590,2637,COURSE62,Fall,2019,D,Synthetic
1591,1443,COURSE127,Summer,2022,B,Synthetic
1592,2934,COURSE147,Fall,2020,A,Synthetic
1593,1724,COURSE56,Summer,2024,F,Synthetic
1594,2888,COURSE101,Summer,2024,C,Synthetic
1595,1579,COURSE82,Summer,2022,D,Synthetic
1596,2668,COURSE145,Fall,2023,A,Synthetic
1597,2361,COURSE63,Summer,2022,A,Synthetic
1598,2184,COURSE94,Summer,2019,D,Synthetic
1599,1199,COURSE133,Fall,2020,F,Synthetic
1600,2454,COURSE96,Fall,2023,C,Synthetic
1601,2755,COURSE54,Summer,2019,C,Synthetic
1602,2602,COURSE68,Fall,2021,A,Synthetic
1603,1969,COURSE127,Spring,2023,F,Synthetic
1604,1835,COURSE78,Fall,2022,A,Synthetic
1605,1593,COURSE97,Spring,2019,C,Synthetic
1606,1951,COURSE128,Spring,2023,C,Synthetic
1607,2841,COURSE120,Fall,2021,A,Synthetic
1608,1560,COURSE91,Summer,2020,D,Synthetic
1609,1626,COURSE92,Fall,2020,A,Synthetic
1610,1949,COURSE122,Fall,2020,A,Synthetic
1611,2653,COURSE68,Summer,2022,A,Synthetic
1612,1341,COURSE55,Summer,2023,C,Synthetic
1613,2342,COURSE133,Spring,2019,D,Synthetic
1614,1541,COURSE136,Summer,2022,C,Synthetic
1615,1443,COURSE102,Summer,2021,F,Synthetic
1616,1724,COURSE132,Summer,2024,C,Synthetic
1617,1153,COURSE115,Fall,2020,D,Synthetic
1618,1550,COURSE119,Summer,2020,D,Synthetic
1619,2875,COURSE136,Fall,2020,B,Synthetic
1620,1478,COURSE150,Summer,2023,B,Synthetic
1621,2123,COURSE102,Spring,2019,C,Synthetic
1622,2743,COURSE67,Summer,2024,C,Synthetic
1623,2828,COURSE59,Summer,2021,D,Synthetic
1624,1285,COURSE107,Fall,2021,A,Synthetic
1625,1326,COURSE138,Summer,2021,C,Synthetic
1626,2865,COURSE150,Fall,2022,C,Synthetic
1627,2850,COURSE106,Spring,2021,A,Synthetic
1628,1951,COURSE66,Spring,2021,C,Synthetic
1629,2880,COURSE120,Fall,2022,A,Synthetic
1630,1993,COURSE120,Summer,2024,C,Synthetic
1631,2403,COURSE122,Spring,2024,B,Synthetic
1632,2132,COURSE58,Fall,2023,A,Synthetic
1633,1592,COURSE83,Fall,2024,F,Synthetic
1634,2296,COURSE111,Spring,2019,C,Synthetic
1635,2616,COURSE135,Spring,2022,A,Synthetic
1636,2418,COURSE63,Spring,2024,B,Synthetic
1637,2212,COURSE139,Summer,2023,A,Synthetic
1638,2053,COURSE135,Fall,2020,F,Synthetic
1639,2784,COURSE143,Spring,2024,D,Synthetic
1640,1852,COURSE93,Fall,2019,B,Synthetic
1641,1779,COURSE124,Spring,2020,B,Synthetic
1642,2027,COURSE55,Spring,2021,F,Synthetic
1643,1293,COURSE77,Fall,2019,B,Synthetic
1644,1004,COURSE52,Spring,2023,D,Synthetic
1645,2570,COURSE61,Fall,2020,C,Synthetic
1646,1227,COURSE58,Summer,2022,A,Synthetic
1647,1866,COURSE128,Spring,2020,D,Synthetic
1648,1558,COURSE68,Fall,2019,C,Synthetic
1649,2621,COURSE105,Summer,2021,A,Synthetic
1650,2661,COURSE63,Fall,2024,A,Synthetic
1651,1713,COURSE88,Fall,2022,C,Synthetic
1652,1940,COURSE137,Fall,2019,C,Synthetic
1653,1892,COURSE122,Fall,2019,C,Synthetic
1654,2660,COURSE142,Fall,2024,A,Synthetic
1655,2482,COURSE123,Fall,2022,F,Synthetic
1656,1248,COURSE71,Fall,2019,B,Synthetic
1657,2942,COURSE89,Summer,2020,C,Synthetic
1658,2522,COURSE148,Fall,2021,B,Synthetic
1659,2721,COURSE131,Fall,2024,F,Synthetic
1660,2492,COURSE100,Summer,2022,D,Synthetic
1661,2398,COURSE55,Fall,2021,F,Synthetic
1662,1277,COURSE97,Summer,2021,F,Synthetic
1663,1077,COURSE95,Spring,2019,C,Synthetic
1664,1157,COURSE114,Spring,2022,C,Synthetic
1665,2908,COURSE127,Spring,2019,B,Synthetic
1666,2589,COURSE131,Summer,2023,B,Synthetic
1667,2779,COURSE105,Fall,2021,B,Synthetic
1668,1390,COURSE95,Summer,2022,A,Synthetic
1669,1825,COURSE126,Summer,2020,D,Synthetic
1670,1014,COURSE137,Spring,2019,F,Synthetic
1671,2709,COURSE109,Summer,2024,B,Synthetic
1672,1251,COURSE71,Fall,2022,C,Synthetic
1673,2974,COURSE129,Fall,2023,D,Synthetic
1674,1122,COURSE58,Spring,2021,A,Synthetic
1675,1858,COURSE149,Summer,2022,C,Synthetic
1676,2202,COURSE66,Spring,2019,A,Synthetic
1677,1375,COURSE110,Fall,2023,A,Synthetic
1678,1236,COURSE88,Spring,2023,F,Synthetic
1679,2502,COURSE114,Spring,2020,A,Synthetic
1680,1674,COURSE130,Fall,2021,B,Synthetic
1681,2472,COURSE57,Spring,2023,D,Synthetic
1682,1378,COURSE137,Fall,2023,D,Synthetic
1683,2741,COURSE112,Spring,2020,C,Synthetic
1684,1778,COURSE105,Fall,2023,B,Synthetic
1685,1120,COURSE90,Spring,2023,D,Synthetic
1686,1082,COURSE83,Fall,2021,C,Synthetic
1687,1108,COURSE121,Spring,2019,C,Synthetic
1688,2544,COURSE108,Summer,2022,D,Synthetic
1689,2186,COURSE84,Fall,2022,D,Synthetic
1690,2255,COURSE99,Fall,2021,C,Synthetic
1691,2434,COURSE126,Spring,2022,C,Synthetic
1692,1378,COURSE150,Fall,2019,A,Synthetic
1693,2877,COURSE76,Spring,2024,F,Synthetic
1694,2156,COURSE97,Summer,2024,B,Synthetic
1695,2723,COURSE127,Summer,2023,C,Synthetic
1696,1871,COURSE127,Fall,2022,A,Synthetic
1697,1633,COURSE74,Fall,2023,B,Synthetic
1698,1107,COURSE123,Spring,2023,A,Synthetic
1699,2726,COURSE109,Spring,2019,F,Synthetic
1700,2021,COURSE115,Summer,2023,F,Synthetic
1701,2810,COURSE95,Fall,2020,A,Synthetic
1702,1222,COURSE80,Summer,2023,A,Synthetic
1703,2740,COURSE92,Summer,2019,B,Synthetic
1704,2657,COURSE80,Summer,2020,B,Synthetic
1705,2419,COURSE117,Spring,2022,A,Synthetic
1706,2208,COURSE85,Fall,2020,B,Synthetic
1707,1281,COURSE79,Spring,2023,D,Synthetic
1708,1583,COURSE138,Summer,2021,F,Synthetic
1709,2641,COURSE74,Spring,2021,C,Synthetic
1710,1110,COURSE96,Fall,2023,D,Synthetic
1711,1964,COURSE58,Fall,2022,F,Synthetic
1712,1726,COURSE62,Summer,2024,D,Synthetic
1713,1659,COURSE99,Fall,2020,C,Synthetic
1714,1437,COURSE71,Summer,2021,F,Synthetic
1715,1968,COURSE83,Spring,2023,A,Synthetic
1716,1185,COURSE144,Spring,2020,A,Synthetic
1717,2887,COURSE87,Spring,2020,D,Synthetic
1718,1637,COURSE57,Spring,2023,C,Synthetic
1719,1273,COURSE91,Fall,2022,C,Synthetic
1720,1102,COURSE52,Fall,2020,A,Synthetic
1721,2981,COURSE85,Spring,2022,C,Synthetic
1722,1736,COURSE67,Spring,2019,A,Synthetic
1723,2112,COURSE72,Spring,2023,C,Synthetic
1724,2591,COURSE96,Fall,2019,C,Synthetic
1725,2049,COURSE144,Spring,2020,A,Synthetic
1726,1687,COURSE99,Spring,2020,A,Synthetic
1727,2046,COURSE110,Summer,2023,C,Synthetic
1728,2940,COURSE83,Spring,2022,B,Synthetic
1729,2579,COURSE66,Summer,2020,A,Synthetic
1730,1403,COURSE63,Fall,2024,A,Synthetic
1731,1633,COURSE109,Fall,2024,B,Synthetic
1732,1448,COURSE126,Fall,2024,D,Synthetic
1733,2882,COURSE128,Fall,2020,F,Synthetic
1734,2639,COURSE88,Fall,2021,C,Synthetic
1735,2728,COURSE88,Spring,2020,A,Synthetic
1736,2522,COURSE150,Spring,2021,A,Synthetic
1737,1070,COURSE88,Summer,2021,B,Synthetic
1738,2342,COURSE89,Summer,2022,A,Synthetic
1739,2170,COURSE125,Summer,2019,C,Synthetic
1740,2916,COURSE59,Summer,2019,B,Synthetic
1741,1358,COURSE97,Summer,2019,C,Synthetic
1742,2923,COURSE136,Summer,2022,C,Synthetic
1743,1821,COURSE146,Spring,2020,B,Synthetic
1744,2909,COURSE127,Spring,2019,D,Synthetic
1745,1686,COURSE91,Spring,2020,B,Synthetic
1746,2293,COURSE76,Summer,2023,D,Synthetic
1747,2584,COURSE99,Summer,2023,F,Synthetic
1748,1005,COURSE72,Fall,2022,B,Synthetic
1749,1181,COURSE150,Summer,2021,F,Synthetic
1750,2234,COURSE96,Fall,2020,F,Synthetic
1751,1481,COURSE78,Spring,2021,F,Synthetic
1752,1908,COURSE87,Summer,2023,B,Synthetic
1753,2324,COURSE98,Fall,2020,A,Synthetic
1754,2826,COURSE88,Summer,2020,C,Synthetic
1755,1638,COURSE117,Fall,2019,B,Synthetic
1756,1297,COURSE86,Spring,2023,C,Synthetic
1757,2032,COURSE102,Fall,2023,D,Synthetic
1758,2890,COURSE87,Fall,2020,C,Synthetic
1759,1178,COURSE144,Fall,2019,B,Synthetic
1760,2209,COURSE108,Summer,2024,A,Synthetic
1761,1811,COURSE131,Spring,2024,D,Synthetic
1762,2624,COURSE58,Spring,2024,C,Synthetic
1763,1302,COURSE119,Spring,2021,D,Synthetic
1764,1938,COURSE103,Fall,2020,C,Synthetic
1765,1754,COURSE146,Summer,2019,D,Synthetic
1766,1423,COURSE147,Summer,2019,B,Synthetic
1767,2288,COURSE144,Fall,2019,A,Synthetic
1768,1226,COURSE79,Summer,2021,D,Synthetic
1769,2218,COURSE120,Spring,2023,A,Synthetic
1770,1136,COURSE134,Spring,2019,C,Synthetic
1771,2258,COURSE69,Summer,2021,C,Synthetic
1772,2589,COURSE73,Spring,2020,B,Synthetic
1773,1108,COURSE69,Fall,2023,D,Synthetic
1774,1095,COURSE142,Summer,2021,F,Synthetic
1775,2112,COURSE139,Fall,2019,A,Synthetic
1776,1466,COURSE140,Fall,2022,C,Synthetic
1777,1851,COURSE123,Fall,2022,B,Synthetic
1778,1034,COURSE96,Summer,2021,A,Synthetic
1779,2389,COURSE102,Summer,2024,D,Synthetic
1780,2563,COURSE62,Summer,2020,C,Synthetic
1781,2976,COURSE110,Spring,2019,A,Synthetic
1782,2209,COURSE66,Fall,2019,D,Synthetic
1783,1652,COURSE147,Fall,2023,B,Synthetic
1784,2689,COURSE65,Spring,2019,A,Synthetic
1785,2347,COURSE107,Summer,2024,B,Synthetic
1786,2981,COURSE111,Spring,2020,F,Synthetic
1787,2279,COURSE141,Spring,2022,F,Synthetic
1788,2013,COURSE112,Spring,2020,B,Synthetic
1789,1696,COURSE78,Spring,2024,A,Synthetic
1790,1177,COURSE69,Fall,2023,C,Synthetic
1791,2608,COURSE51,Summer,2020,B,Synthetic
1792,2534,COURSE60,Spring,2023,C,Synthetic
1793,2241,COURSE98,Summer,2023,F,Synthetic
1794,1646,COURSE72,Fall,2022,B,Synthetic
1795,1686,COURSE84,Summer,2021,A,Synthetic
1796,2401,COURSE140,Fall,2022,D,Synthetic
1797,1076,COURSE117,Summer,2024,C,Synthetic
1798,2049,COURSE97,Summer,2020,F,Synthetic
1799,1532,COURSE142,Fall,2023,D,Synthetic
1800,1419,COURSE135,Fall,2021,D,Synthetic
1801,1038,COURSE51,Spring,2024,A,Synthetic
1802,2577,COURSE78,Fall,2021,B,Synthetic
1803,1219,COURSE145,Summer,2019,A,Synthetic
1804,1421,COURSE128,Summer,2021,B,Synthetic
1805,2341,COURSE136,Spring,2022,C,Synthetic
1806,1546,COURSE113,Summer,2019,A,Synthetic
1807,2333,COURSE135,Summer,2020,C,Synthetic
1808,1248,COURSE125,Spring,2024,F,Synthetic
1809,2051,COURSE96,Fall,2022,F,Synthetic
1810,2863,COURSE51,Summer,2023,D,Synthetic
1811,2757,COURSE84,Spring,2023,D,Synthetic
1812,2951,COURSE150,Fall,2021,F,Synthetic
1813,1842,COURSE115,Spring,2021,A,Synthetic
1814,2302,COURSE148,Spring,2024,B,Synthetic
1815,2587,COURSE130,Spring,2021,F,Synthetic
1816,1100,COURSE104,Fall,2023,C,Synthetic
1817,2129,COURSE54,Fall,2019,C,Synthetic
1818,1387,COURSE63,Fall,2022,A,Synthetic
1819,1514,COURSE133,Summer,2024,B,Synthetic
1820,1528,COURSE120,Fall,2023,D,Synthetic
1821,2614,COURSE118,Fall,2023,C,Synthetic
1822,2087,COURSE74,Fall,2022,F,Synthetic
1823,1155,COURSE61,Spring,2019,C,Synthetic
1824,1129,COURSE78,Spring,2019,D,Synthetic
1825,2721,COURSE100,Spring,2020,F,Synthetic
1826,1042,COURSE94,Spring,2024,C,Synthetic
1827,2447,COURSE133,Fall,2024,C,Synthetic
1828,1066,COURSE113,Summer,2022,B,Synthetic
1829,1458,COURSE86,Spring,2021,A,Synthetic
1830,1491,COURSE88,Summer,2023,C,Synthetic
1831,1303,COURSE69,Spring,2019,C,Synthetic
1832,2036,COURSE54,Summer,2020,D,Synthetic
1833,1565,COURSE63,Spring,2024,F,Synthetic
1834,2282,COURSE99,Summer,2020,B,Synthetic
1835,1301,COURSE78,Spring,2023,B,Synthetic
1836,1848,COURSE61,Spring,2023,A,Synthetic
1837,1753,COURSE130,Summer,2024,C,Synthetic
1838,2744,COURSE107,Spring,2019,F,Synthetic
1839,1896,COURSE104,Fall,2024,C,Synthetic
1840,1765,COURSE67,Spring,2024,B,Synthetic
1841,1661,COURSE98,Spring,2022,B,Synthetic
1842,2499,COURSE96,Fall,2019,D,Synthetic
1843,2532,COURSE86,Summer,2022,A,Synthetic
1844,1058,COURSE83,Spring,2023,C,Synthetic
1845,2864,COURSE108,Fall,2024,C,Synthetic
1846,1408,COURSE96,Fall,2021,A,Synthetic
1847,1214,COURSE68,Spring,2024,A,Synthetic
1848,1550,COURSE87,Fall,2019,C,Synthetic
1849,2897,COURSE130,Summer,2024,D,Synthetic
1850,1969,COURSE78,Fall,2020,F,Synthetic
1851,2094,COURSE95,Summer,2023,C,Synthetic
1852,2327,COURSE130,Summer,2019,B,Synthetic
1853,1286,COURSE74,Summer,2020,A,Synthetic
1854,1375,COURSE96,Fall,2023,C,Synthetic
1855,2407,COURSE112,Fall,2019,C,Synthetic
1856,1942,COURSE72,Spring,2024,C,Synthetic
1857,1366,COURSE85,Fall,2021,C,Synthetic
1858,1062,COURSE69,Summer,2019,B,Synthetic
1859,2705,COURSE85,Summer,2020,D,Synthetic
1860,2220,COURSE77,Summer,2021,F,Synthetic
1861,1989,COURSE80,Summer,2023,C,Synthetic
1862,1910,COURSE123,Summer,2020,F,Synthetic
1863,2618,COURSE118,Spring,2021,F,Synthetic
1864,2375,COURSE105,Spring,2020,F,Synthetic
1865,1529,COURSE142,Fall,2021,D,Synthetic
1866,2130,COURSE98,Fall,2021,C,Synthetic
1867,2135,COURSE51,Fall,2022,C,Synthetic
1868,1805,COURSE114,Spring,2023,C,Synthetic
1869,1988,COURSE149,Fall,2022,A,Synthetic
1870,1024,COURSE73,Summer,2020,B,Synthetic
1871,2418,COURSE149,Spring,2021,C,Synthetic
1872,2926,COURSE123,Summer,2020,A,Synthetic
1873,2401,COURSE76,Summer,2021,B,Synthetic
1874,1189,COURSE102,Spring,2021,A,Synthetic
1875,2038,COURSE143,Spring,2024,D,Synthetic
1876,2702,COURSE114,Summer,2019,B,Synthetic
1877,2177,COURSE56,Spring,2022,F,Synthetic
1878,1536,COURSE150,Summer,2022,A,Synthetic
1879,1601,COURSE96,Spring,2022,B,Synthetic
1880,1888,COURSE135,Summer,2024,C,Synthetic
1881,1941,COURSE111,Spring,2019,A,Synthetic
1882,1623,COURSE54,Spring,2021,B,Synthetic
1883,1939,COURSE100,Summer,2020,A,Synthetic
1884,1629,COURSE109,Fall,2020,B,Synthetic
1885,2603,COURSE135,Fall,2019,A,Synthetic
1886,2607,COURSE58,Spring,2024,A,Synthetic
1887,2583,COURSE132,Spring,2021,F,Synthetic
1888,1023,COURSE147,Summer,2021,B,Synthetic
1889,1999,COURSE51,Summer,2020,C,Synthetic
1890,1200,COURSE139,Summer,2021,C,Synthetic
1891,2749,COURSE80,Spring,2023,B,Synthetic
1892,2645,COURSE80,Spring,2024,D,Synthetic
1893,1325,COURSE127,Fall,2024,F,Synthetic
1894,2898,COURSE119,Fall,2022,C,Synthetic
1895,2200,COURSE63,Spring,2024,C,Synthetic
1896,2721,COURSE94,Fall,2020,A,Synthetic
1897,1583,COURSE136,Spring,2019,C,Synthetic
1898,2685,COURSE61,Fall,2023,A,Synthetic
1899,1472,COURSE110,Fall,2023,A,Synthetic
1900,1345,COURSE87,Spring,2020,A,Synthetic
1901,2760,COURSE78,Fall,2024,C,Synthetic
1902,1640,COURSE100,Fall,2019,C,Synthetic
1903,2113,COURSE76,Summer,2022,C,Synthetic
1904,2669,COURSE92,Summer,2024,F,Synthetic
1905,1873,COURSE65,Spring,2019,C,Synthetic
1906,2718,COURSE71,Fall,2022,D,Synthetic
1907,2947,COURSE144,Summer,2019,A,Synthetic
1908,2958,COURSE101,Spring,2023,C,Synthetic
1909,1810,COURSE52,Spring,2021,B,Synthetic
1910,2983,COURSE80,Fall,2021,C,Synthetic
1911,2587,COURSE90,Spring,2019,C,Synthetic
1912,2276,COURSE113,Spring,2024,F,Synthetic
1913,2480,COURSE142,Summer,2024,A,Synthetic
1914,2016,COURSE97,Spring,2019,B,Synthetic
1915,2982,COURSE97,Spring,2024,A,Synthetic
1916,1465,COURSE123,Summer,2020,C,Synthetic
1917,1483,COURSE103,Spring,2020,F,Synthetic
1918,1468,COURSE121,Spring,2019,D,Synthetic
1919,1623,COURSE104,Fall,2020,B,Synthetic
1920,2418,COURSE123,Spring,2024,B,Synthetic
1921,1303,COURSE98,Fall,2024,D,Synthetic
1922,1348,COURSE131,Fall,2024,F,Synthetic
1923,2380,COURSE149,Spring,2024,C,Synthetic
1924,2229,COURSE61,Spring,2024,C,Synthetic
1925,1968,COURSE67,Fall,2019,C,Synthetic
1926,2795,COURSE99,Spring,2023,C,Synthetic
1927,1857,COURSE92,Fall,2022,A,Synthetic
1928,2604,COURSE87,Fall,2024,D,Synthetic
1929,2401,COURSE59,Summer,2019,F,Synthetic
1930,2829,COURSE84,Fall,2023,C,Synthetic
1931,1388,COURSE110,Spring,2020,F,Synthetic
1932,1873,COURSE141,Spring,2023,C,Synthetic
1933,2080,COURSE83,Spring,2019,C,Synthetic
1934,2896,COURSE120,Spring,2024,B,Synthetic
1935,2707,COURSE139,Fall,2019,A,Synthetic
1936,2747,COURSE75,Summer,2019,D,Synthetic
1937,1379,COURSE126,Spring,2024,B,Synthetic
1938,2419,COURSE102,Summer,2019,B,Synthetic
1939,2471,COURSE150,Spring,2021,F,Synthetic
1940,2965,COURSE53,Fall,2020,D,Synthetic
1941,1878,COURSE75,Spring,2019,F,Synthetic
1942,2036,COURSE70,Fall,2022,D,Synthetic
1943,2209,COURSE61,Spring,2023,A,Synthetic
1944,2818,COURSE102,Fall,2020,A,Synthetic
1945,1311,COURSE109,Spring,2020,A,Synthetic
1946,2906,COURSE129,Spring,2022,C,Synthetic
1947,1022,COURSE57,Fall,2024,C,Synthetic
1948,2879,COURSE106,Summer,2022,C,Synthetic
1949,1344,COURSE102,Spring,2022,A,Synthetic
1950,2361,COURSE52,Summer,2020,D,Synthetic
1951,1801,COURSE136,Spring,2019,C,Synthetic
1952,1080,COURSE108,Spring,2022,C,Synthetic
1953,1903,COURSE117,Fall,2023,B,Synthetic
1954,2569,COURSE149,Spring,2022,F,Synthetic
1955,2150,COURSE81,Summer,2019,A,Synthetic
1956,1327,COURSE65,Summer,2021,F,Synthetic
1957,1259,COURSE97,Summer,2021,F,Synthetic
1958,2280,COURSE147,Fall,2022,B,Synthetic
1959,2856,COURSE87,Spring,2023,B,Synthetic
1960,2004,COURSE125,Fall,2020,F,Synthetic
1961,1478,COURSE70,Summer,2020,C,Synthetic
1962,1877,COURSE106,Spring,2023,F,Synthetic
1963,2027,COURSE108,Spring,2023,A,Synthetic
1964,1188,COURSE77,Fall,2019,B,Synthetic
1965,2757,COURSE141,Spring,2023,C,Synthetic
1966,2627,COURSE148,Fall,2023,B,Synthetic
1967,2212,COURSE133,Fall,2019,D,Synthetic
1968,2956,COURSE136,Summer,2021,B,Synthetic
1969,2600,COURSE112,Spring,2023,B,Synthetic
1970,1189,COURSE92,Summer,2024,C,Synthetic
1971,2854,COURSE113,Summer,2022,C,Synthetic
1972,1585,COURSE135,Summer,2023,B,Synthetic
1973,1259,COURSE113,Fall,2024,B,Synthetic
1974,1798,COURSE87,Spring,2023,C,Synthetic
1975,2902,COURSE109,Summer,2022,D,Synthetic
1976,2963,COURSE96,Fall,2021,D,Synthetic
1977,2757,COURSE78,Fall,2022,A,Synthetic
1978,1940,COURSE150,Spring,2020,C,Synthetic
1979,1833,COURSE57,Fall,2021,B,Synthetic
1980,1156,COURSE142,Summer,2019,C,Synthetic
1981,1115,COURSE109,Fall,2023,C,Synthetic
1982,1825,COURSE88,Spring,2023,D,Synthetic
1983,2900,COURSE91,Summer,2024,C,Synthetic
1984,2821,COURSE108,Summer,2021,C,Synthetic
1985,2106,COURSE94,Summer,2023,C,Synthetic
1986,1425,COURSE56,Summer,2024,A,Synthetic
1987,1144,COURSE122,Spring,2023,B,Synthetic
1988,1848,COURSE81,Fall,2024,A,Synthetic
1989,1001,COURSE60,Fall,2019,F,Synthetic
1990,2928,COURSE130,Summer,2024,D,Synthetic
1991,1621,COURSE99,Summer,2023,D,Synthetic
1992,2661,COURSE87,Summer,2021,C,Synthetic
1993,2100,COURSE129,Spring,2021,B,Synthetic
1994,2154,COURSE61,Fall,2020,C,Synthetic
1995,1872,COURSE138,Fall,2021,D,Synthetic
1996,2510,COURSE139,Spring,2023,D,Synthetic
1997,1994,COURSE82,Spring,2022,D,Synthetic
1998,1164,COURSE101,Summer,2019,A,Synthetic
1999,1386,COURSE133,Fall,2020,B,Synthetic
2000,2520,COURSE131,Spring,2021,C,Synthetic
2001,2718,COURSE134,Fall,2020,A,Synthetic
2002,2814,COURSE109,Spring,2021,B,Synthetic
2003,1111,COURSE138,Summer,2020,C,Synthetic
2004,1413,COURSE99,Spring,2020,F,Synthetic
2005,2674,COURSE77,Fall,2021,C,Synthetic
2006,1263,COURSE66,Fall,2022,C,Synthetic
2007,1275,COURSE131,Spring,2023,C,Synthetic
2008,2849,COURSE113,Summer,2023,C,Synthetic
2009,2794,COURSE121,Summer,2024,F,Synthetic
2010,2006,COURSE96,Fall,2022,C,Synthetic
2011,1541,COURSE141,Fall,2020,B,Synthetic
2012,2515,COURSE134,Fall,2021,C,Synthetic
2013,2726,COURSE98,Spring,2019,F,Synthetic
2014,1177,COURSE87,Summer,2021,B,Synthetic
2015,2959,COURSE59,Spring,2022,A,Synthetic
2016,2336,COURSE87,Spring,2021,C,Synthetic
2017,2286,COURSE53,Spring,2022,D,Synthetic
2018,2793,COURSE104,Spring,2022,A,Synthetic
2019,2427,COURSE71,Spring,2023,F,Synthetic
2020,1201,COURSE126,Spring,2023,B,Synthetic
2021,2418,COURSE117,Summer,2022,F,Synthetic
2022,2010,COURSE111,Fall,2020,A,Synthetic
2023,1787,COURSE114,Summer,2020,A,Synthetic
2024,2284,COURSE78,Fall,2023,C,Synthetic
2025,2289,COURSE61,Fall,2023,A,Synthetic
2026,1223,COURSE140,Spring,2020,A,Synthetic
2027,2485,COURSE121,Fall,2019,C,Synthetic
2028,1480,COURSE99,Summer,2021,F,Synthetic
2029,2509,COURSE132,Fall,2020,C,Synthetic
2030,1467,COURSE136,Fall,2023,F,Synthetic
2031,1018,COURSE125,Summer,2022,B,Synthetic
2032,1907,COURSE109,Fall,2019,B,Synthetic
2033,1516,COURSE58,Spring,2024,D,Synthetic
2034,1294,COURSE138,Summer,2019,B,Synthetic
2035,1339,COURSE63,Fall,2024,F,Synthetic
2036,2104,COURSE101,Summer,2020,A,Synthetic
2037,1100,COURSE62,Summer,2023,C,Synthetic
2038,1275,COURSE66,Summer,2023,D,Synthetic
2039,2254,COURSE120,Summer,2023,D,Synthetic
2040,2688,COURSE97,Spring,2023,C,Synthetic
2041,2532,COURSE110,Spring,2019,F,Synthetic
2042,2338,COURSE54,Spring,2020,C,Synthetic
2043,1324,COURSE133,Spring,2022,C,Synthetic
2044,1557,COURSE72,Fall,2020,C,Synthetic
2045,2752,COURSE149,Spring,2022,D,Synthetic
2046,2666,COURSE101,Summer,2021,C,Synthetic
2047,1563,COURSE59,Fall,2024,A,Synthetic
2048,2316,COURSE128,Spring,2020,A,Synthetic
2049,2440,COURSE68,Spring,2021,C,Synthetic
2050,2626,COURSE132,Fall,2021,C,Synthetic
2051,1769,COURSE93,Spring,2023,A,Synthetic
2052,2184,COURSE82,Spring,2021,D,Synthetic
2053,2798,COURSE141,Fall,2024,F,Synthetic
2054,2001,COURSE54,Summer,2022,D,Synthetic
2055,1418,COURSE72,Fall,2024,F,Synthetic
2056,1871,COURSE146,Summer,2022,C,Synthetic
2057,2202,COURSE135,Summer,2020,D,Synthetic
2058,1547,COURSE106,Summer,2024,B,Synthetic
2059,1784,COURSE110,Summer,2024,C,Synthetic
2060,1617,COURSE81,Fall,2024,A,Synthetic
2061,1651,COURSE101,Summer,2022,F,Synthetic
2062,1613,COURSE104,Spring,2019,C,Synthetic
2063,1128,COURSE104,Spring,2022,A,Synthetic
2064,1756,COURSE112,Fall,2019,B,Synthetic
2065,2952,COURSE148,Summer,2024,D,Synthetic
2066,2476,COURSE98,Fall,2019,C,Synthetic
2067,2120,COURSE82,Fall,2019,C,Synthetic
2068,1455,COURSE92,Summer,2019,D,Synthetic
2069,2768,COURSE53,Summer,2024,F,Synthetic
2070,1735,COURSE57,Spring,2024,C,Synthetic
2071,2095,COURSE79,Summer,2024,C,Synthetic
2072,2125,COURSE84,Spring,2021,A,Synthetic
2073,2878,COURSE64,Fall,2021,D,Synthetic
2074,2948,COURSE130,Summer,2022,C,Synthetic
2075,1992,COURSE116,Summer,2024,C,Synthetic
2076,2790,COURSE149,Spring,2019,F,Synthetic
2077,2426,COURSE80,Spring,2019,A,Synthetic
2078,2547,COURSE121,Spring,2021,D,Synthetic
2079,2919,COURSE130,Fall,2024,A,Synthetic
2080,2777,COURSE111,Fall,2019,D,Synthetic
2081,1414,COURSE52,Summer,2020,D,Synthetic
2082,2718,COURSE68,Fall,2021,D,Synthetic
2083,1567,COURSE75,Spring,2021,F,Synthetic
2084,2945,COURSE96,Spring,2024,D,Synthetic
2085,2752,COURSE103,Spring,2023,F,Synthetic
2086,1335,COURSE139,Summer,2023,C,Synthetic
2087,2702,COURSE119,Spring,2021,F,Synthetic
2088,2184,COURSE121,Summer,2023,F,Synthetic
2089,2767,COURSE112,Spring,2023,C,Synthetic
2090,2235,COURSE136,Summer,2023,A,Synthetic
2091,1359,COURSE133,Spring,2020,F,Synthetic
2092,2586,COURSE99,Summer,2020,B,Synthetic
2093,2502,COURSE68,Spring,2020,D,Synthetic
2094,2372,COURSE132,Spring,2020,A,Synthetic
2095,2433,COURSE81,Fall,2021,C,Synthetic
2096,1965,COURSE148,Summer,2020,B,Synthetic
2097,1565,COURSE69,Summer,2024,B,Synthetic
2098,2211,COURSE75,Fall,2024,C,Synthetic
2099,2560,COURSE98,Spring,2019,A,Synthetic
2100,1046,COURSE120,Spring,2020,B,Synthetic
2101,2726,COURSE133,Fall,2024,A,Synthetic
2102,2262,COURSE89,Spring,2022,F,Synthetic
2103,2669,COURSE146,Summer,2021,C,Synthetic
2104,1362,COURSE106,Fall,2023,B,Synthetic
2105,2502,COURSE67,Fall,2020,D,Synthetic
2106,2701,COURSE97,Spring,2022,C,Synthetic
2107,2154,COURSE137,Spring,2022,A,Synthetic
2108,2875,COURSE145,Fall,2023,C,Synthetic
2109,2160,COURSE139,Summer,2020,D,Synthetic
2110,1450,COURSE101,Spring,2022,B,Synthetic
2111,2046,COURSE148,Summer,2020,B,Synthetic
2112,2289,COURSE60,Summer,2022,B,Synthetic
2113,2195,COURSE126,Summer,2023,D,Synthetic
2114,2302,COURSE51,Spring,2024,A,Synthetic
2115,2484,COURSE86,Spring,2024,C,Synthetic
2116,2732,COURSE51,Fall,2022,D,Synthetic
2117,1373,COURSE116,Summer,2023,F,Synthetic
2118,1067,COURSE71,Fall,2020,D,Synthetic
2119,2805,COURSE128,Fall,2019,B,Synthetic
2120,2815,COURSE75,Spring,2020,A,Synthetic
2121,1291,COURSE139,Fall,2021,A,Synthetic
2122,2565,COURSE60,Spring,2021,F,Synthetic
2123,2355,COURSE74,Fall,2022,B,Synthetic
2124,1291,COURSE126,Summer,2020,A,Synthetic
2125,1133,COURSE135,Spring,2022,D,Synthetic
2126,1909,COURSE127,Spring,2023,C,Synthetic
2127,2385,COURSE52,Spring,2020,D,Synthetic
2128,1782,COURSE118,Fall,2021,B,Synthetic
2129,2128,COURSE125,Fall,2021,C,Synthetic
2130,2127,COURSE72,Fall,2019,D,Synthetic
2131,1147,COURSE137,Spring,2019,B,Synthetic
2132,2397,COURSE59,Spring,2019,D,Synthetic
2133,1649,COURSE92,Fall,2024,F,Synthetic
2134,1735,COURSE108,Summer,2021,F,Synthetic
2135,1533,COURSE144,Spring,2022,C,Synthetic
2136,2880,COURSE67,Fall,2020,C,Synthetic
2137,1743,COURSE132,Fall,2019,A,Synthetic
2138,2708,COURSE81,Spring,2019,F,Synthetic
2139,1610,COURSE113,Fall,2020,C,Synthetic
2140,1175,COURSE91,Fall,2022,F,Synthetic
2141,1110,COURSE120,Fall,2023,C,Synthetic
2142,1658,COURSE99,Spring,2023,D,Synthetic
2143,2588,COURSE74,Spring,2023,D,Synthetic
2144,1439,COURSE68,Spring,2020,B,Synthetic
2145,1262,COURSE58,Fall,2020,D,Synthetic
2146,2787,COURSE138,Summer,2021,D,Synthetic
2147,2066,COURSE134,Fall,2024,B,Synthetic
2148,1792,COURSE85,Summer,2021,C,Synthetic
2149,2522,COURSE61,Fall,2021,B,Synthetic
2150,1033,COURSE74,Spring,2020,F,Synthetic
2151,2682,COURSE73,Spring,2022,F,Synthetic
2152,1970,COURSE64,Spring,2023,F,Synthetic
2153,2620,COURSE146,Summer,2023,D,Synthetic
2154,1756,COURSE83,Fall,2020,A,Synthetic
2155,2838,COURSE148,Spring,2024,B,Synthetic
2156,2924,COURSE67,Summer,2022,C,Synthetic
2157,2099,COURSE64,Summer,2020,C,Synthetic
2158,1733,COURSE67,Spring,2019,C,Synthetic
2159,1864,COURSE137,Fall,2022,C,Synthetic
2160,1889,COURSE135,Fall,2023,D,Synthetic
2161,2067,COURSE81,Fall,2021,C,Synthetic
2162,2946,COURSE94,Summer,2023,C,Synthetic
2163,2609,COURSE98,Summer,2021,D,Synthetic
2164,1278,COURSE95,Summer,2022,C,Synthetic
2165,1605,COURSE72,Spring,2022,C,Synthetic
2166,2274,COURSE72,Fall,2019,C,Synthetic
2167,2414,COURSE110,Fall,2024,C,Synthetic
2168,2010,COURSE147,Summer,2022,C,Synthetic
2169,1400,COURSE57,Summer,2020,C,Synthetic
2170,1096,COURSE56,Spring,2023,B,Synthetic
2171,1267,COURSE125,Fall,2024,C,Synthetic
2172,2452,COURSE80,Fall,2023,D,Synthetic
2173,2068,COURSE150,Fall,2023,C,Synthetic
2174,2622,COURSE63,Spring,2024,D,Synthetic
2175,1722,COURSE108,Summer,2022,C,Synthetic
2176,1811,COURSE81,Summer,2021,B,Synthetic
2177,1476,COURSE86,Summer,2023,C,Synthetic
2178,1070,COURSE119,Spring,2022,F,Synthetic
2179,2470,COURSE59,Fall,2021,C,Synthetic
2180,1516,COURSE135,Spring,2019,B,Synthetic
2181,2186,COURSE121,Fall,2019,F,Synthetic
2182,1393,COURSE119,Spring,2023,B,Synthetic
2183,2302,COURSE74,Spring,2020,F,Synthetic
2184,1402,COURSE117,Spring,2020,A,Synthetic
2185,1084,COURSE56,Summer,2022,C,Synthetic
2186,1687,COURSE78,Spring,2022,C,Synthetic
2187,1346,COURSE140,Spring,2019,F,Synthetic
2188,1059,COURSE66,Spring,2019,A,Synthetic
2189,2273,COURSE118,Spring,2022,C,Synthetic
2190,1836,COURSE72,Summer,2019,C,Synthetic
2191,1746,COURSE144,Spring,2020,A,Synthetic
2192,2506,COURSE82,Spring,2019,D,Synthetic
2193,2377,COURSE95,Spring,2019,A,Synthetic
2194,1091,COURSE135,Fall,2019,C,Synthetic
2195,2773,COURSE94,Summer,2021,C,Synthetic
2196,1162,COURSE111,Spring,2021,A,Synthetic
2197,1910,COURSE134,Fall,2022,C,Synthetic
2198,1601,COURSE128,Summer,2023,A,Synthetic
2199,1162,COURSE52,Summer,2021,D,Synthetic
2200,1375,COURSE110,Summer,2021,B,Synthetic
2201,2223,COURSE106,Summer,2020,C,Synthetic
2202,1709,COURSE111,Summer,2020,B,Synthetic
2203,2629,COURSE130,Summer,2024,F,Synthetic
2204,2759,COURSE143,Spring,2024,C,Synthetic
2205,1102,COURSE71,Summer,2023,B,Synthetic
2206,2055,COURSE57,Spring,2021,A,Synthetic
2207,1147,COURSE90,Summer,2020,B,Synthetic
2208,2984,COURSE74,Spring,2019,A,Synthetic
2209,2973,COURSE122,Summer,2019,C,Synthetic
2210,1484,COURSE106,Spring,2022,C,Synthetic
2211,2655,COURSE77,Fall,2019,C,Synthetic
2212,1425,COURSE111,Spring,2020,A,Synthetic
2213,2449,COURSE101,Fall,2022,D,Synthetic
2214,2229,COURSE95,Fall,2023,C,Synthetic
2215,2961,COURSE109,Fall,2022,C,Synthetic
2216,1185,COURSE139,Spring,2019,A,Synthetic
2217,2248,COURSE112,Summer,2022,A,Synthetic
2218,2980,COURSE149,Fall,2019,C,Synthetic
2219,2560,COURSE105,Fall,2021,C,Synthetic
2220,1231,COURSE115,Fall,2021,B,Synthetic
2221,1742,COURSE55,Spring,2024,C,Synthetic
2222,2305,COURSE93,Fall,2023,C,Synthetic
2223,2106,COURSE127,Summer,2024,B,Synthetic
2224,2403,COURSE128,Fall,2021,F,Synthetic
2225,2254,COURSE52,Fall,2021,B,Synthetic
2226,1448,COURSE147,Summer,2020,F,Synthetic
2227,1501,COURSE113,Summer,2020,C,Synthetic
2228,1393,COURSE59,Fall,2023,B,Synthetic
2229,1319,COURSE103,Summer,2021,A,Synthetic
2230,2600,COURSE73,Summer,2022,F,Synthetic
2231,1796,COURSE137,Spring,2020,C,Synthetic
2232,1579,COURSE76,Spring,2023,F,Synthetic
2233,1113,COURSE56,Spring,2020,F,Synthetic
2234,1037,COURSE111,Fall,2019,B,Synthetic
2235,1290,COURSE71,Fall,2019,B,Synthetic
2236,2344,COURSE123,Fall,2023,D,Synthetic
2237,2175,COURSE90,Summer,2023,B,Synthetic
2238,2881,COURSE116,Summer,2020,B,Synthetic
2239,1596,COURSE81,Summer,2023,C,Synthetic
2240,1584,COURSE61,Spring,2023,D,Synthetic
2241,1274,COURSE146,Fall,2021,C,Synthetic
2242,1932,COURSE142,Spring,2020,C,Synthetic
2243,2438,COURSE92,Spring,2022,A,Synthetic
2244,2419,COURSE86,Summer,2019,D,Synthetic
2245,2164,COURSE138,Fall,2024,F,Synthetic
2246,1497,COURSE67,Summer,2020,F,Synthetic
2247,1091,COURSE140,Summer,2022,F,Synthetic
2248,1735,COURSE94,Fall,2021,A,Synthetic
2249,1447,COURSE142,Spring,2022,A,Synthetic
2250,1933,COURSE147,Fall,2023,C,Synthetic
2251,2935,COURSE117,Summer,2023,D,Synthetic
2252,1231,COURSE79,Summer,2020,F,Synthetic
2253,1357,COURSE53,Fall,2020,C,Synthetic
2254,1761,COURSE120,Summer,2024,A,Synthetic
2255,1677,COURSE112,Fall,2022,D,Synthetic
2256,1804,COURSE138,Spring,2022,A,Synthetic
2257,1771,COURSE117,Summer,2024,D,Synthetic
2258,2261,COURSE102,Summer,2020,B,Synthetic
2259,2672,COURSE146,Summer,2024,B,Synthetic
2260,2922,COURSE135,Spring,2021,F,Synthetic
2261,2419,COURSE120,Spring,2019,C,Synthetic
2262,1357,COURSE137,Fall,2020,B,Synthetic
2263,1038,COURSE90,Fall,2019,B,Synthetic
2264,2018,COURSE63,Fall,2023,F,Synthetic
2265,1004,COURSE110,Summer,2020,C,Synthetic
2266,1626,COURSE147,Spring,2019,F,Synthetic
2267,2143,COURSE86,Fall,2020,C,Synthetic
2268,1363,COURSE136,Spring,2019,F,Synthetic
2269,1963,COURSE137,Fall,2020,F,Synthetic
2270,2731,COURSE139,Fall,2024,D,Synthetic
2271,2990,COURSE54,Spring,2024,C,Synthetic
2272,1455,COURSE148,Fall,2019,D,Synthetic
2273,2068,COURSE69,Fall,2019,B,Synthetic
2274,2748,COURSE119,Summer,2019,C,Synthetic
2275,1135,COURSE116,Spring,2019,C,Synthetic
2276,2818,COURSE110,Fall,2019,D,Synthetic
2277,1668,COURSE93,Fall,2022,C,Synthetic
2278,1717,COURSE141,Fall,2022,C,Synthetic
2279,1915,COURSE93,Spring,2019,F,Synthetic
2280,1454,COURSE77,Spring,2019,A,Synthetic
2281,1698,COURSE57,Spring,2019,D,Synthetic
2282,1930,COURSE140,Spring,2023,B,Synthetic
2283,1471,COURSE81,Fall,2021,F,Synthetic
2284,1167,COURSE147,Summer,2019,A,Synthetic
2285,2920,COURSE64,Fall,2020,A,Synthetic
2286,2044,COURSE88,Spring,2024,D,Synthetic
2287,2894,COURSE64,Fall,2022,A,Synthetic
2288,1328,COURSE93,Fall,2024,C,Synthetic
2289,1213,COURSE102,Spring,2021,B,Synthetic
2290,2289,COURSE118,Spring,2021,D,Synthetic
2291,2926,COURSE122,Fall,2021,C,Synthetic
2292,2188,COURSE137,Fall,2020,A,Synthetic
2293,1469,COURSE70,Fall,2023,B,Synthetic
2294,1643,COURSE131,Fall,2020,C,Synthetic
2295,1960,COURSE107,Summer,2021,B,Synthetic
2296,2734,COURSE61,Fall,2021,A,Synthetic
2297,2250,COURSE71,Summer,2020,C,Synthetic
2298,1580,COURSE77,Summer,2022,B,Synthetic
2299,1438,COURSE66,Summer,2021,A,Synthetic
2300,2164,COURSE70,Fall,2022,D,Synthetic
2301,2526,COURSE149,Spring,2020,D,Synthetic
2302,1763,COURSE124,Summer,2021,D,Synthetic
2303,2081,COURSE65,Summer,2022,F,Synthetic
2304,2114,COURSE92,Spring,2019,B,Synthetic
2305,2963,COURSE72,Fall,2022,C,Synthetic
2306,2167,COURSE111,Spring,2024,B,Synthetic
2307,1375,COURSE150,Spring,2019,A,Synthetic
2308,1352,COURSE147,Summer,2023,C,Synthetic
2309,1839,COURSE57,Spring,2021,A,Synthetic
2310,1326,COURSE58,Spring,2021,D,Synthetic
2311,1891,COURSE117,Spring,2019,A,Synthetic
2312,1980,COURSE97,Summer,2020,D,Synthetic
2313,1759,COURSE84,Summer,2020,D,Synthetic
2314,1290,COURSE98,Spring,2024,C,Synthetic
2315,2098,COURSE103,Summer,2021,C,Synthetic
2316,2375,COURSE69,Spring,2022,A,Synthetic
2317,1391,COURSE104,Fall,2022,F,Synthetic
2318,2929,COURSE148,Summer,2021,C,Synthetic
2319,2250,COURSE63,Spring,2024,D,Synthetic
2320,2804,COURSE111,Spring,2019,C,Synthetic
2321,1554,COURSE140,Fall,2021,C,Synthetic
2322,1592,COURSE91,Fall,2023,C,Synthetic
2323,2201,COURSE105,Summer,2023,D,Synthetic
2324,2502,COURSE90,Summer,2021,F,Synthetic
2325,1025,COURSE127,Fall,2022,B,Synthetic
2326,1946,COURSE110,Spring,2024,C,Synthetic
2327,2127,COURSE60,Fall,2021,B,Synthetic
2328,2153,COURSE115,Summer,2020,B,Synthetic
2329,2373,COURSE104,Fall,2022,C,Synthetic
2330,2678,COURSE134,Summer,2021,A,Synthetic
2331,2094,COURSE68,Summer,2019,B,Synthetic
2332,2604,COURSE104,Spring,2020,C,Synthetic
2333,1012,COURSE119,Summer,2021,B,Synthetic
2334,1673,COURSE79,Fall,2022,B,Synthetic
2335,2417,COURSE60,Summer,2024,B,Synthetic
2336,2335,COURSE95,Summer,2021,B,Synthetic
2337,1668,COURSE110,Summer,2024,D,Synthetic
2338,1187,COURSE84,Spring,2021,C,Synthetic
2339,1691,COURSE89,Summer,2020,B,Synthetic
2340,1328,COURSE84,Spring,2019,C,Synthetic
2341,2483,COURSE79,Spring,2024,D,Synthetic
2342,2380,COURSE131,Spring,2024,D,Synthetic
2343,2240,COURSE139,Summer,2020,D,Synthetic
2344,2192,COURSE150,Spring,2019,C,Synthetic
2345,1551,COURSE59,Summer,2023,C,Synthetic
2346,2000,COURSE82,Summer,2024,C,Synthetic
2347,1229,COURSE125,Summer,2021,D,Synthetic
2348,1058,COURSE51,Spring,2019,B,Synthetic
2349,1493,COURSE97,Spring,2020,D,Synthetic
2350,1899,COURSE129,Fall,2019,A,Synthetic
2351,2263,COURSE77,Fall,2020,D,Synthetic
2352,1444,COURSE124,Summer,2022,C,Synthetic
2353,1525,COURSE105,Summer,2022,C,Synthetic
2354,1236,COURSE107,Fall,2023,B,Synthetic
2355,1063,COURSE140,Summer,2019,C,Synthetic
2356,1763,COURSE79,Fall,2023,B,Synthetic
2357,1492,COURSE135,Fall,2021,A,Synthetic
2358,1003,COURSE103,Fall,2020,A,Synthetic
2359,2603,COURSE73,Fall,2023,F,Synthetic
2360,2588,COURSE59,Summer,2024,A,Synthetic
2361,1008,COURSE105,Spring,2022,C,Synthetic
2362,1614,COURSE56,Fall,2021,A,Synthetic
2363,2500,COURSE123,Fall,2021,B,Synthetic
2364,2566,COURSE99,Spring,2023,A,Synthetic
2365,2032,COURSE57,Fall,2021,C,Synthetic
2366,2039,COURSE93,Summer,2023,F,Synthetic
2367,1805,COURSE95,Spring,2020,A,Synthetic
2368,1338,COURSE69,Fall,2022,C,Synthetic
2369,2916,COURSE148,Fall,2019,C,Synthetic
2370,1364,COURSE147,Fall,2022,C,Synthetic
2371,2547,COURSE125,Spring,2019,C,Synthetic
2372,1385,COURSE81,Spring,2023,C,Synthetic
2373,1428,COURSE146,Fall,2021,F,Synthetic
2374,2556,COURSE53,Summer,2022,B,Synthetic
2375,1195,COURSE105,Spring,2022,F,Synthetic
2376,2046,COURSE61,Spring,2022,D,Synthetic
2377,1427,COURSE84,Summer,2023,B,Synthetic
2378,1403,COURSE74,Spring,2022,F,Synthetic
2379,1238,COURSE54,Summer,2020,A,Synthetic
2380,2014,COURSE138,Spring,2024,F,Synthetic
2381,2692,COURSE100,Summer,2020,F,Synthetic
2382,2049,COURSE132,Summer,2021,C,Synthetic
2383,1602,COURSE86,Summer,2024,B,Synthetic
2384,2269,COURSE66,Fall,2024,C,Synthetic
2385,2565,COURSE74,Fall,2022,D,Synthetic
2386,1107,COURSE107,Spring,2019,A,Synthetic
2387,2590,COURSE60,Summer,2023,C,Synthetic
2388,1864,COURSE82,Summer,2023,B,Synthetic
2389,1680,COURSE94,Summer,2019,A,Synthetic
2390,1333,COURSE70,Summer,2023,C,Synthetic
2391,1228,COURSE127,Summer,2023,C,Synthetic
2392,2298,COURSE90,Summer,2023,C,Synthetic
2393,2606,COURSE134,Fall,2019,F,Synthetic
2394,2773,COURSE91,Summer,2020,B,Synthetic
2395,2199,COURSE126,Fall,2021,B,Synthetic
2396,2344,COURSE131,Summer,2023,A,Synthetic
2397,2719,COURSE104,Summer,2021,F,Synthetic
2398,1989,COURSE130,Fall,2020,A,Synthetic
2399,2687,COURSE104,Spring,2020,C,Synthetic
2400,2506,COURSE108,Summer,2023,D,Synthetic
2401,1942,COURSE130,Fall,2020,D,Synthetic
2402,1466,COURSE111,Fall,2020,A,Synthetic
2403,1068,COURSE126,Fall,2021,B,Synthetic
2404,2172,COURSE91,Fall,2020,B,Synthetic
2405,1308,COURSE51,Fall,2020,B,Synthetic
2406,1368,COURSE143,Fall,2020,B,Synthetic
2407,2244,COURSE91,Spring,2019,B,Synthetic
2408,1126,COURSE142,Fall,2020,C,Synthetic
2409,2256,COURSE129,Fall,2021,A,Synthetic
2410,1681,COURSE97,Fall,2020,F,Synthetic
2411,2030,COURSE146,Summer,2022,D,Synthetic
2412,2492,COURSE88,Fall,2022,C,Synthetic
2413,2359,COURSE126,Summer,2022,A,Synthetic
2414,2298,COURSE148,Fall,2021,C,Synthetic
2415,2792,COURSE115,Spring,2020,C,Synthetic
2416,1871,COURSE94,Summer,2023,C,Synthetic
2417,2613,COURSE139,Summer,2021,C,Synthetic
2418,2774,COURSE81,Spring,2021,C,Synthetic
2419,1756,COURSE64,Summer,2020,B,Synthetic
2420,2134,COURSE52,Summer,2021,A,Synthetic
2421,1703,COURSE52,Fall,2024,C,Synthetic
2422,1810,COURSE116,Spring,2020,C,Synthetic
2423,1901,COURSE65,Summer,2023,A,Synthetic
2424,2578,COURSE98,Spring,2022,B,Synthetic
2425,1680,COURSE84,Summer,2024,C,Synthetic
2426,1333,COURSE83,Fall,2022,F,Synthetic
2427,2011,COURSE142,Spring,2021,B,Synthetic
2428,2794,COURSE69,Fall,2021,F,Synthetic
2429,2954,COURSE121,Spring,2020,C,Synthetic
2430,2977,COURSE132,Fall,2020,D,Synthetic
2431,2538,COURSE90,Fall,2023,D,Synthetic
2432,1337,COURSE64,Fall,2024,B,Synthetic
2433,1408,COURSE108,Spring,2021,A,Synthetic
2434,1479,COURSE59,Spring,2024,B,Synthetic
2435,1781,COURSE53,Spring,2019,C,Synthetic
2436,1832,COURSE131,Fall,2024,B,Synthetic
2437,1582,COURSE87,Summer,2023,F,Synthetic
2438,2127,COURSE60,Fall,2022,B,Synthetic
2439,1826,COURSE143,Spring,2023,C,Synthetic
2440,1794,COURSE72,Summer,2020,C,Synthetic
2441,2620,COURSE82,Fall,2022,F,Synthetic
2442,1065,COURSE82,Summer,2023,A,Synthetic
2443,1263,COURSE94,Summer,2023,D,Synthetic
2444,2785,COURSE98,Summer,2022,C,Synthetic
2445,1001,COURSE146,Fall,2024,D,Synthetic
2446,1024,COURSE55,Summer,2022,B,Synthetic
2447,1124,COURSE114,Spring,2022,A,Synthetic
2448,2876,COURSE94,Fall,2022,A,Synthetic
2449,2528,COURSE79,Summer,2021,A,Synthetic
2450,1441,COURSE86,Spring,2019,A,Synthetic
2451,1913,COURSE149,Summer,2023,C,Synthetic
2452,1275,COURSE65,Summer,2020,C,Synthetic
2453,1523,COURSE150,Summer,2023,B,Synthetic
2454,1611,COURSE63,Spring,2022,B,Synthetic
2455,1795,COURSE67,Summer,2024,B,Synthetic
2456,2609,COURSE116,Spring,2020,C,Synthetic
2457,1526,COURSE130,Fall,2021,D,Synthetic
2458,2769,COURSE66,Summer,2024,F,Synthetic
2459,1106,COURSE54,Fall,2020,B,Synthetic
2460,2853,COURSE106,Fall,2023,F,Synthetic
2461,1532,COURSE78,Spring,2020,A,Synthetic
2462,1943,COURSE121,Summer,2021,A,Synthetic
2463,2966,COURSE133,Spring,2022,D,Synthetic
2464,1946,COURSE73,Spring,2020,D,Synthetic
2465,2234,COURSE66,Spring,2024,C,Synthetic
2466,1694,COURSE145,Summer,2021,F,Synthetic
2467,1262,COURSE114,Fall,2019,C,Synthetic
2468,2440,COURSE150,Summer,2024,C,Synthetic
2469,1592,COURSE82,Fall,2020,D,Synthetic
2470,2918,COURSE121,Fall,2019,A,Synthetic
2471,2723,COURSE144,Spring,2024,A,Synthetic
2472,2807,COURSE118,Fall,2021,B,Synthetic
2473,2888,COURSE98,Spring,2024,A,Synthetic
2474,2786,COURSE117,Spring,2023,B,Synthetic
2475,2166,COURSE136,Fall,2022,C,Synthetic
2476,1527,COURSE113,Fall,2024,D,Synthetic
2477,2189,COURSE54,Fall,2024,A,Synthetic
2478,1570,COURSE134,Summer,2021,D,Synthetic
2479,1014,COURSE113,Spring,2024,B,Synthetic
2480,1966,COURSE142,Summer,2023,C,Synthetic
2481,1578,COURSE75,Fall,2024,A,Synthetic
2482,1165,COURSE87,Spring,2024,C,Synthetic
2483,2404,COURSE136,Spring,2024,A,Synthetic
2484,2257,COURSE90,Spring,2021,B,Synthetic
2485,2766,COURSE148,Summer,2020,D,Synthetic
2486,2174,COURSE134,Spring,2020,F,Synthetic
2487,1717,COURSE147,Fall,2021,A,Synthetic
2488,1941,COURSE80,Summer,2024,C,Synthetic
2489,2299,COURSE74,Spring,2022,D,Synthetic
2490,2953,COURSE110,Summer,2021,B,Synthetic
2491,2977,COURSE76,Summer,2023,C,Synthetic
2492,2729,COURSE125,Summer,2021,C,Synthetic
2493,2121,COURSE123,Fall,2022,F,Synthetic
2494,1967,COURSE122,Summer,2022,A,Synthetic
2495,1930,COURSE100,Summer,2021,C,Synthetic
2496,1729,COURSE87,Spring,2023,B,Synthetic
2497,2985,COURSE121,Spring,2020,C,Synthetic
2498,2035,COURSE70,Summer,2024,B,Synthetic
2499,2205,COURSE93,Spring,2019,F,Synthetic
2500,2738,COURSE81,Fall,2020,D,Synthetic
2501,1325,COURSE129,Fall,2019,D,Synthetic
2502,2634,COURSE71,Fall,2023,A,Synthetic
2503,2284,COURSE77,Spring,2020,C,Synthetic
2504,2037,COURSE125,Spring,2022,C,Synthetic
2505,2712,COURSE71,Fall,2021,F,Synthetic
2506,2893,COURSE63,Summer,2020,C,Synthetic
2507,1214,COURSE115,Fall,2023,F,Synthetic
2508,2654,COURSE79,Fall,2023,C,Synthetic
2509,1854,COURSE89,Summer,2024,B,Synthetic
2510,2181,COURSE82,Fall,2019,B,Synthetic
2511,2166,COURSE140,Summer,2020,C,Synthetic
2512,2502,COURSE94,Summer,2020,F,Synthetic
2513,2735,COURSE59,Spring,2020,C,Synthetic
2514,1140,COURSE51,Fall,2021,A,Synthetic
2515,1091,COURSE114,Fall,2023,D,Synthetic
2516,1354,COURSE86,Fall,2020,B,Synthetic
2517,2812,COURSE136,Spring,2024,B,Synthetic
2518,1711,COURSE92,Fall,2022,F,Synthetic
2519,2833,COURSE133,Spring,2024,A,Synthetic
2520,1908,COURSE109,Spring,2024,D,Synthetic
2521,1311,COURSE146,Fall,2019,C,Synthetic
2522,1076,COURSE148,Summer,2021,C,Synthetic
2523,2220,COURSE121,Fall,2022,F,Synthetic
2524,1928,COURSE110,Fall,2024,C,Synthetic
2525,2264,COURSE102,Fall,2022,A,Synthetic
2526,2358,COURSE100,Fall,2020,F,Synthetic
2527,1564,COURSE82,Fall,2023,A,Synthetic
2528,2374,COURSE56,Fall,2020,D,Synthetic
2529,1576,COURSE141,Summer,2020,C,Synthetic
2530,1466,COURSE113,Summer,2019,D,Synthetic
2531,1294,COURSE81,Summer,2019,B,Synthetic
2532,1350,COURSE101,Spring,2019,C,Synthetic
2533,2524,COURSE70,Fall,2020,C,Synthetic
2534,1178,COURSE75,Fall,2022,F,Synthetic
2535,2548,COURSE141,Spring,2022,C,Synthetic
2536,1641,COURSE120,Summer,2020,C,Synthetic
2537,1551,COURSE142,Fall,2024,D,Synthetic
2538,1201,COURSE144,Spring,2023,C,Synthetic
2539,1714,COURSE76,Spring,2024,A,Synthetic
2540,2278,COURSE71,Spring,2021,D,Synthetic
2541,1243,COURSE67,Fall,2021,C,Synthetic
2542,1562,COURSE100,Summer,2022,B,Synthetic
2543,1745,COURSE97,Spring,2021,F,Synthetic
2544,2129,COURSE52,Spring,2024,C,Synthetic
2545,1337,COURSE104,Fall,2021,D,Synthetic
2546,2245,COURSE111,Fall,2021,F,Synthetic
2547,2223,COURSE116,Summer,2022,C,Synthetic
2548,1607,COURSE145,Fall,2023,B,Synthetic
2549,1088,COURSE138,Fall,2020,D,Synthetic
2550,2163,COURSE150,Fall,2020,B,Synthetic
2551,1201,COURSE142,Spring,2019,F,Synthetic
2552,1940,COURSE65,Fall,2022,A,Synthetic
2553,2028,COURSE71,Spring,2021,C,Synthetic
2554,2606,COURSE53,Spring,2022,C,Synthetic
2555,1119,COURSE104,Fall,2019,C,Synthetic
2556,1443,COURSE150,Fall,2019,B,Synthetic
2557,2747,COURSE89,Spring,2021,C,Synthetic
2558,2070,COURSE122,Summer,2019,C,Synthetic
2559,1107,COURSE111,Fall,2023,C,Synthetic
2560,2521,COURSE129,Summer,2019,F,Synthetic
2561,1801,COURSE109,Summer,2023,A,Synthetic
2562,2234,COURSE69,Summer,2024,A,Synthetic
2563,2926,COURSE124,Summer,2023,C,Synthetic
2564,2387,COURSE149,Summer,2021,D,Synthetic
2565,2990,COURSE63,Fall,2021,B,Synthetic
2566,2521,COURSE68,Summer,2024,F,Synthetic
2567,1057,COURSE103,Spring,2021,D,Synthetic
2568,1932,COURSE123,Summer,2020,F,Synthetic
2569,1949,COURSE93,Fall,2020,A,Synthetic
2570,1554,COURSE83,Summer,2020,C,Synthetic
2571,3000,COURSE99,Summer,2020,C,Synthetic
2572,1578,COURSE118,Summer,2024,B,Synthetic
2573,1096,COURSE72,Summer,2020,C,Synthetic
2574,1660,COURSE147,Fall,2021,C,Synthetic
2575,2253,COURSE69,Summer,2023,C,Synthetic
2576,1760,COURSE55,Spring,2022,D,Synthetic
2577,2348,COURSE127,Spring,2022,B,Synthetic
2578,1201,COURSE130,Fall,2024,F,Synthetic
2579,2282,COURSE142,Spring,2019,C,Synthetic
2580,1353,COURSE128,Fall,2019,C,Synthetic
2581,2580,COURSE56,Fall,2020,B,Synthetic
2582,1219,COURSE75,Fall,2019,A,Synthetic
2583,2407,COURSE136,Summer,2021,B,Synthetic
2584,2721,COURSE141,Spring,2024,D,Synthetic
2585,2912,COURSE59,Fall,2024,C,Synthetic
2586,1839,COURSE108,Spring,2020,F,Synthetic
2587,2069,COURSE137,Fall,2020,D,Synthetic
2588,1281,COURSE54,Summer,2022,C,Synthetic
2589,1332,COURSE120,Fall,2022,D,Synthetic
2590,2286,COURSE131,Fall,2020,D,Synthetic
2591,1841,COURSE137,Fall,2023,C,Synthetic
2592,2366,COURSE107,Summer,2022,A,Synthetic
2593,2578,COURSE105,Summer,2023,B,Synthetic
2594,1914,COURSE108,Fall,2021,A,Synthetic
2595,1432,COURSE128,Fall,2021,A,Synthetic
2596,1285,COURSE125,Fall,2019,A,Synthetic
2597,2509,COURSE87,Fall,2020,A,Synthetic
2598,1745,COURSE137,Spring,2019,C,Synthetic
2599,2465,COURSE135,Fall,2023,B,Synthetic
2600,1422,COURSE138,Spring,2023,A,Synthetic
2601,1755,COURSE141,Spring,2019,D,Synthetic
2602,2092,COURSE70,Spring,2022,D,Synthetic
2603,2717,COURSE126,Summer,2020,B,Synthetic
2604,1120,COURSE82,Fall,2021,F,Synthetic
2605,1371,COURSE91,Summer,2022,F,Synthetic
2606,1653,COURSE114,Fall,2024,F,Synthetic
2607,1584,COURSE84,Spring,2022,C,Synthetic
2608,1215,COURSE99,Spring,2021,A,Synthetic
2609,2200,COURSE130,Fall,2019,C,Synthetic
2610,1061,COURSE59,Fall,2022,B,Synthetic
2611,1906,COURSE71,Summer,2024,A,Synthetic
2612,1720,COURSE81,Fall,2022,C,Synthetic
2613,1564,COURSE106,Spring,2023,C,Synthetic
2614,1698,COURSE130,Summer,2019,C,Synthetic
2615,2628,COURSE144,Spring,2022,A,Synthetic
2616,2045,COURSE134,Fall,2021,D,Synthetic
2617,2564,COURSE142,Summer,2023,B,Synthetic
2618,1781,COURSE150,Spring,2022,A,Synthetic
2619,2256,COURSE57,Spring,2021,C,Synthetic
2620,1219,COURSE76,Fall,2022,C,Synthetic
2621,1897,COURSE86,Fall,2019,C,Synthetic
2622,2242,COURSE55,Fall,2019,B,Synthetic
2623,1933,COURSE143,Fall,2020,A,Synthetic
2624,1685,COURSE69,Fall,2020,C,Synthetic
2625,2144,COURSE149,Fall,2024,B,Synthetic
2626,1528,COURSE122,Spring,2023,C,Synthetic
2627,2088,COURSE127,Fall,2022,C,Synthetic
2628,1950,COURSE108,Summer,2020,A,Synthetic
2629,1401,COURSE135,Summer,2020,B,Synthetic
2630,1211,COURSE145,Summer,2019,D,Synthetic
2631,2124,COURSE87,Summer,2021,C,Synthetic
2632,1570,COURSE148,Spring,2020,B,Synthetic
2633,2650,COURSE141,Summer,2019,A,Synthetic
2634,2158,COURSE117,Spring,2024,D,Synthetic
2635,2403,COURSE119,Fall,2020,C,Synthetic
2636,1258,COURSE79,Fall,2021,C,Synthetic
2637,1694,COURSE122,Summer,2022,A,Synthetic
2638,1470,COURSE80,Fall,2023,A,Synthetic
2639,1155,COURSE112,Fall,2023,C,Synthetic
2640,1969,COURSE109,Fall,2022,B,Synthetic
2641,1176,COURSE83,Spring,2023,F,Synthetic
2642,2349,COURSE139,Spring,2019,C,Synthetic
2643,1874,COURSE67,Fall,2024,B,Synthetic
2644,1921,COURSE61,Spring,2022,D,Synthetic
2645,2766,COURSE135,Fall,2024,B,Synthetic
2646,2965,COURSE105,Summer,2022,A,Synthetic
2647,1707,COURSE101,Spring,2021,A,Synthetic
2648,2082,COURSE96,Spring,2023,F,Synthetic
2649,1808,COURSE79,Summer,2019,F,Synthetic
2650,1412,COURSE84,Fall,2019,C,Synthetic
2651,1176,COURSE99,Summer,2023,C,Synthetic
2652,2037,COURSE71,Fall,2022,F,Synthetic
2653,1957,COURSE106,Fall,2023,A,Synthetic
2654,2346,COURSE81,Summer,2020,A,Synthetic
2655,2318,COURSE130,Summer,2021,B,Synthetic
2656,1900,COURSE63,Summer,2019,C,Synthetic
2657,1980,COURSE127,Fall,2020,C,Synthetic
2658,1204,COURSE128,Summer,2023,B,Synthetic
2659,2441,COURSE119,Fall,2020,D,Synthetic
2660,2201,COURSE142,Fall,2021,F,Synthetic
2661,2500,COURSE98,Spring,2020,C,Synthetic
2662,1627,COURSE94,Fall,2020,C,Synthetic
2663,2163,COURSE67,Fall,2024,B,Synthetic
2664,2374,COURSE84,Fall,2022,B,Synthetic
2665,1779,COURSE113,Fall,2020,C,Synthetic
2666,2808,COURSE90,Summer,2019,B,Synthetic
2667,2853,COURSE95,Fall,2019,A,Synthetic
2668,1476,COURSE72,Summer,2020,C,Synthetic
2669,1400,COURSE89,Fall,2020,D,Synthetic
2670,1330,COURSE125,Fall,2023,A,Synthetic
2671,1226,COURSE79,Summer,2023,F,Synthetic
2672,2962,COURSE95,Summer,2024,A,Synthetic
2673,1879,COURSE145,Fall,2024,C,Synthetic
2674,2981,COURSE64,Spring,2022,A,Synthetic
2675,2626,COURSE93,Summer,2022,C,Synthetic
2676,2046,COURSE68,Spring,2020,B,Synthetic
2677,1723,COURSE58,Summer,2023,F,Synthetic
2678,2749,COURSE102,Fall,2022,C,Synthetic
2679,1402,COURSE76,Fall,2023,B,Synthetic
2680,2920,COURSE82,Spring,2021,C,Synthetic
2681,1228,COURSE150,Fall,2024,B,Synthetic
2682,1422,COURSE145,Fall,2019,C,Synthetic
2683,1955,COURSE94,Fall,2022,F,Synthetic
2684,1264,COURSE147,Fall,2023,A,Synthetic
2685,1965,COURSE87,Fall,2021,C,Synthetic
2686,1621,COURSE136,Fall,2019,F,Synthetic
2687,2032,COURSE75,Fall,2020,D,Synthetic
2688,2006,COURSE97,Summer,2024,A,Synthetic
2689,1984,COURSE106,Fall,2024,A,Synthetic
2690,2719,COURSE66,Fall,2021,D,Synthetic
2691,2418,COURSE143,Fall,2021,A,Synthetic
2692,1760,COURSE57,Spring,2022,A,Synthetic
2693,2480,COURSE145,Spring,2021,D,Synthetic
2694,1334,COURSE95,Summer,2021,B,Synthetic
2695,2329,COURSE68,Summer,2023,F,Synthetic
2696,1299,COURSE57,Spring,2020,D,Synthetic
2697,1725,COURSE116,Fall,2020,C,Synthetic
2698,1666,COURSE146,Summer,2024,D,Synthetic
2699,1302,COURSE109,Summer,2023,D,Synthetic
2700,1786,COURSE142,Fall,2024,B,Synthetic
2701,1037,COURSE62,Fall,2022,D,Synthetic
2702,2304,COURSE114,Fall,2023,D,Synthetic
2703,2075,COURSE146,Fall,2019,C,Synthetic
2704,2953,COURSE92,Fall,2024,C,Synthetic
2705,1017,COURSE51,Fall,2023,C,Synthetic
2706,2340,COURSE105,Summer,2021,C,Synthetic
2707,1797,COURSE64,Spring,2022,F,Synthetic
2708,2734,COURSE144,Summer,2023,C,Synthetic
2709,1511,COURSE121,Fall,2024,B,Synthetic
2710,1009,COURSE135,Fall,2019,C,Synthetic
2711,2748,COURSE117,Spring,2023,C,Synthetic
2712,1149,COURSE113,Spring,2023,D,Synthetic
2713,2292,COURSE91,Summer,2023,A,Synthetic
2714,2648,COURSE131,Spring,2021,C,Synthetic
2715,1183,COURSE63,Summer,2020,B,Synthetic
2716,1060,COURSE74,Summer,2022,C,Synthetic
2717,2493,COURSE81,Fall,2020,C,Synthetic
2718,2968,COURSE74,Fall,2024,F,Synthetic
2719,1091,COURSE101,Spring,2024,D,Synthetic
2720,2770,COURSE113,Summer,2020,B,Synthetic
2721,2824,COURSE78,Spring,2024,C,Synthetic
2722,2459,COURSE136,Spring,2024,D,Synthetic
2723,2389,COURSE66,Spring,2021,A,Synthetic
2724,1926,COURSE133,Spring,2020,B,Synthetic
2725,2567,COURSE89,Summer,2024,D,Synthetic
2726,1469,COURSE133,Summer,2022,C,Synthetic
2727,1240,COURSE131,Summer,2023,B,Synthetic
2728,1084,COURSE56,Summer,2021,F,Synthetic
2729,2806,COURSE69,Summer,2020,A,Synthetic
2730,1724,COURSE135,Spring,2024,A,Synthetic
2731,1954,COURSE51,Spring,2019,B,Synthetic
2732,2353,COURSE119,Spring,2021,A,Synthetic
2733,1423,COURSE92,Fall,2021,C,Synthetic
2734,2892,COURSE114,Fall,2019,D,Synthetic
2735,1768,COURSE72,Fall,2024,D,Synthetic
2736,2726,COURSE58,Spring,2020,C,Synthetic
2737,1250,COURSE73,Spring,2021,F,Synthetic
2738,2371,COURSE126,Summer,2021,A,Synthetic
2739,1039,COURSE128,Spring,2020,A,Synthetic
2740,1482,COURSE87,Spring,2024,D,Synthetic
2741,2863,COURSE77,Spring,2021,D,Synthetic
2742,2687,COURSE94,Fall,2021,D,Synthetic
2743,1341,COURSE143,Summer,2022,D,Synthetic
2744,2719,COURSE92,Summer,2022,C,Synthetic
2745,2079,COURSE134,Fall,2020,A,Synthetic
2746,1638,COURSE109,Spring,2020,F,Synthetic
2747,1226,COURSE149,Spring,2019,C,Synthetic
2748,2329,COURSE137,Summer,2021,D,Synthetic
2749,1596,COURSE68,Summer,2019,C,Synthetic
2750,2889,COURSE124,Spring,2021,C,Synthetic
2751,1990,COURSE108,Spring,2020,B,Synthetic
2752,1439,COURSE120,Summer,2022,A,Synthetic
2753,1352,COURSE58,Spring,2020,D,Synthetic
2754,1875,COURSE84,Summer,2021,A,Synthetic
2755,1764,COURSE123,Fall,2019,A,Synthetic
2756,1855,COURSE100,Spring,2021,A,Synthetic
2757,2286,COURSE143,Spring,2019,F,Synthetic
2758,1498,COURSE148,Spring,2024,F,Synthetic
2759,2350,COURSE147,Spring,2022,D,Synthetic
2760,1516,COURSE72,Summer,2022,F,Synthetic
2761,1902,COURSE144,Spring,2019,B,Synthetic
2762,1899,COURSE128,Summer,2023,B,Synthetic
2763,2909,COURSE96,Spring,2023,C,Synthetic
2764,2366,COURSE82,Fall,2024,D,Synthetic
2765,1472,COURSE51,Fall,2021,A,Synthetic
2766,1873,COURSE53,Summer,2022,D,Synthetic
2767,2939,COURSE66,Summer,2023,D,Synthetic
2768,2906,COURSE110,Summer,2019,A,Synthetic
2769,2240,COURSE144,Fall,2019,C,Synthetic
2770,1115,COURSE56,Spring,2020,C,Synthetic
2771,2993,COURSE108,Fall,2024,A,Synthetic
2772,2196,COURSE77,Spring,2021,B,Synthetic
2773,2510,COURSE132,Spring,2019,A,Synthetic
2774,1296,COURSE58,Fall,2023,A,Synthetic
2775,1670,COURSE120,Fall,2023,B,Synthetic
2776,2461,COURSE75,Summer,2021,B,Synthetic
2777,1927,COURSE95,Summer,2020,C,Synthetic
2778,2650,COURSE58,Fall,2022,C,Synthetic
2779,1386,COURSE74,Spring,2020,B,Synthetic
2780,2733,COURSE104,Summer,2019,A,Synthetic
2781,1911,COURSE79,Spring,2023,A,Synthetic
2782,2701,COURSE51,Summer,2024,C,Synthetic
2783,2883,COURSE126,Fall,2020,A,Synthetic
2784,1257,COURSE143,Summer,2019,C,Synthetic
2785,2446,COURSE72,Summer,2024,B,Synthetic
2786,1925,COURSE145,Spring,2023,B,Synthetic
2787,1800,COURSE147,Spring,2021,C,Synthetic
2788,1196,COURSE109,Fall,2023,F,Synthetic
2789,1718,COURSE98,Fall,2022,F,Synthetic
2790,1336,COURSE98,Spring,2023,C,Synthetic
2791,2200,COURSE128,Spring,2024,D,Synthetic
2792,2657,COURSE97,Fall,2023,C,Synthetic
2793,1018,COURSE110,Spring,2023,F,Synthetic
2794,2260,COURSE89,Spring,2022,C,Synthetic
2795,1515,COURSE85,Spring,2023,B,Synthetic
2796,1743,COURSE136,Fall,2022,C,Synthetic
2797,1409,COURSE132,Spring,2019,A,Synthetic
2798,2766,COURSE122,Spring,2019,A,Synthetic
2799,2405,COURSE139,Spring,2024,C,Synthetic
2800,2255,COURSE91,Fall,2024,C,Synthetic
2801,2985,COURSE102,Fall,2019,B,Synthetic
2802,1065,COURSE124,Spring,2020,F,Synthetic
2803,2754,COURSE129,Summer,2023,B,Synthetic
2804,2183,COURSE111,Fall,2023,C,Synthetic
2805,1157,COURSE90,Spring,2021,C,Synthetic
2806,1649,COURSE56,Summer,2019,C,Synthetic
2807,2108,COURSE124,Fall,2020,C,Synthetic
2808,1251,COURSE69,Fall,2021,B,Synthetic
2809,1569,COURSE93,Spring,2022,A,Synthetic
2810,1136,COURSE90,Spring,2021,D,Synthetic
2811,2741,COURSE72,Fall,2020,B,Synthetic
2812,1294,COURSE90,Summer,2019,D,Synthetic
2813,1892,COURSE145,Fall,2020,B,Synthetic
2814,1044,COURSE91,Summer,2022,D,Synthetic
2815,1786,COURSE99,Spring,2021,C,Synthetic
2816,1156,COURSE64,Fall,2022,A,Synthetic
2817,2115,COURSE107,Fall,2020,A,Synthetic
2818,1602,COURSE145,Summer,2021,C,Synthetic
2819,2547,COURSE72,Fall,2019,A,Synthetic
2820,2046,COURSE110,Spring,2023,C,Synthetic
2821,2049,COURSE101,Spring,2019,C,Synthetic
2822,2508,COURSE82,Spring,2024,A,Synthetic
2823,2859,COURSE65,Spring,2023,C,Synthetic
2824,1370,COURSE115,Fall,2020,A,Synthetic
2825,2931,COURSE127,Summer,2020,D,Synthetic
2826,1024,COURSE147,Fall,2023,F,Synthetic
2827,2600,COURSE149,Summer,2022,B,Synthetic
2828,2165,COURSE142,Spring,2022,F,Synthetic
2829,2059,COURSE147,Summer,2020,A,Synthetic
2830,1424,COURSE96,Summer,2019,A,Synthetic
2831,1152,COURSE142,Fall,2024,B,Synthetic
2832,2759,COURSE127,Fall,2021,C,Synthetic
2833,1813,COURSE106,Summer,2022,C,Synthetic
2834,1302,COURSE136,Fall,2021,C,Synthetic
2835,1958,COURSE119,Spring,2020,C,Synthetic
2836,1381,COURSE137,Fall,2021,D,Synthetic
2837,1499,COURSE76,Summer,2021,D,Synthetic
2838,1270,COURSE119,Fall,2024,D,Synthetic
2839,1364,COURSE144,Fall,2021,A,Synthetic
2840,1845,COURSE79,Spring,2020,B,Synthetic
2841,2575,COURSE105,Fall,2023,D,Synthetic
2842,2990,COURSE70,Spring,2019,A,Synthetic
2843,2854,COURSE138,Fall,2020,A,Synthetic
2844,2046,COURSE127,Fall,2022,B,Synthetic
2845,1260,COURSE99,Fall,2023,C,Synthetic
2846,2422,COURSE133,Summer,2024,A,Synthetic
2847,2245,COURSE147,Fall,2021,C,Synthetic
2848,1781,COURSE123,Summer,2021,B,Synthetic
2849,1411,COURSE146,Spring,2019,F,Synthetic
2850,1243,COURSE119,Summer,2019,D,Synthetic
2851,1122,COURSE133,Spring,2024,C,Synthetic
2852,2118,COURSE74,Fall,2020,A,Synthetic
2853,2988,COURSE101,Fall,2019,A,Synthetic
2854,2183,COURSE109,Fall,2021,A,Synthetic
2855,2771,COURSE129,Spring,2024,F,Synthetic
2856,2983,COURSE105,Spring,2023,A,Synthetic
2857,1666,COURSE130,Summer,2021,B,Synthetic
2858,2587,COURSE101,Spring,2019,C,Synthetic
2859,1720,COURSE83,Fall,2020,C,Synthetic
2860,1562,COURSE149,Spring,2023,D,Synthetic
2861,1007,COURSE94,Fall,2020,D,Synthetic
2862,1730,COURSE135,Spring,2019,C,Synthetic
2863,1859,COURSE137,Spring,2023,C,Synthetic
2864,1257,COURSE55,Fall,2021,F,Synthetic
2865,2579,COURSE138,Fall,2022,C,Synthetic
2866,2804,COURSE106,Fall,2022,F,Synthetic
2867,2006,COURSE61,Summer,2021,D,Synthetic
2868,1218,COURSE129,Fall,2020,B,Synthetic
2869,1439,COURSE139,Summer,2019,B,Synthetic
2870,2072,COURSE95,Spring,2020,A,Synthetic
2871,2711,COURSE128,Fall,2023,F,Synthetic
2872,2103,COURSE71,Spring,2020,C,Synthetic
2873,2119,COURSE120,Summer,2020,C,Synthetic
2874,2902,COURSE94,Fall,2024,D,Synthetic
2875,2274,COURSE130,Fall,2020,D,Synthetic
2876,2495,COURSE120,Summer,2024,D,Synthetic
2877,1939,COURSE138,Fall,2019,D,Synthetic
2878,2438,COURSE88,Spring,2024,B,Synthetic
2879,2521,COURSE130,Summer,2020,B,Synthetic
2880,1705,COURSE105,Spring,2024,C,Synthetic
2881,1951,COURSE58,Summer,2020,F,Synthetic
2882,1895,COURSE107,Summer,2023,D,Synthetic
2883,1108,COURSE147,Summer,2023,D,Synthetic
2884,2804,COURSE99,Fall,2023,B,Synthetic
2885,1485,COURSE143,Fall,2019,B,Synthetic
2886,1794,COURSE106,Fall,2023,B,Synthetic
2887,2426,COURSE71,Spring,2022,C,Synthetic
2888,2779,COURSE75,Summer,2020,D,Synthetic
2889,1577,COURSE121,Summer,2023,A,Synthetic
2890,2109,COURSE61,Spring,2024,B,Synthetic
2891,1817,COURSE150,Spring,2021,D,Synthetic
2892,2876,COURSE62,Spring,2024,C,Synthetic
2893,2267,COURSE106,Fall,2019,D,Synthetic
2894,2673,COURSE98,Summer,2023,B,Synthetic
2895,2434,COURSE84,Spring,2019,C,Synthetic
2896,2196,COURSE128,Spring,2019,D,Synthetic
2897,1921,COURSE87,Summer,2022,C,Synthetic
2898,1824,COURSE63,Fall,2019,C,Synthetic
2899,2718,COURSE81,Fall,2021,A,Synthetic
2900,1291,COURSE72,Spring,2024,B,Synthetic
2901,2360,COURSE105,Fall,2024,B,Synthetic
2902,1409,COURSE86,Summer,2024,D,Synthetic
2903,2432,COURSE105,Spring,2023,C,Synthetic
2904,2627,COURSE119,Summer,2019,C,Synthetic
2905,1456,COURSE51,Fall,2024,A,Synthetic
2906,2285,COURSE99,Spring,2021,D,Synthetic
2907,2306,COURSE104,Spring,2024,B,Synthetic
2908,2999,COURSE149,Fall,2023,C,Synthetic
2909,2691,COURSE106,Spring,2020,C,Synthetic
2910,2560,COURSE70,Spring,2023,A,Synthetic
2911,2308,COURSE69,Fall,2022,D,Synthetic
2912,2613,COURSE88,Spring,2024,D,Synthetic
2913,1900,COURSE90,Fall,2022,F,Synthetic
2914,1186,COURSE71,Spring,2024,B,Synthetic
2915,2139,COURSE76,Spring,2022,D,Synthetic
2916,1103,COURSE127,Fall,2019,B,Synthetic
2917,2791,COURSE106,Spring,2019,A,Synthetic
2918,2985,COURSE124,Spring,2024,C,Synthetic
2919,2846,COURSE63,Summer,2021,D,Synthetic
2920,2963,COURSE134,Summer,2020,B,Synthetic
2921,1388,COURSE116,Spring,2019,B,Synthetic
2922,2489,COURSE123,Summer,2024,F,Synthetic
2923,2632,COURSE75,Spring,2024,B,Synthetic
2924,2175,COURSE68,Fall,2021,D,Synthetic
2925,2960,COURSE53,Spring,2019,B,Synthetic
2926,1636,COURSE95,Summer,2021,C,Synthetic
2927,1777,COURSE63,Fall,2023,F,Synthetic
2928,1678,COURSE93,Summer,2023,F,Synthetic
2929,1792,COURSE129,Summer,2022,B,Synthetic
2930,1019,COURSE133,Spring,2022,C,Synthetic
2931,1659,COURSE82,Fall,2021,A,Synthetic
2932,2827,COURSE78,Spring,2019,D,Synthetic
2933,2559,COURSE52,Fall,2019,A,Synthetic
2934,2991,COURSE113,Fall,2019,A,Synthetic
2935,1974,COURSE78,Spring,2024,B,Synthetic
2936,2648,COURSE98,Fall,2022,D,Synthetic
2937,2227,COURSE140,Fall,2022,A,Synthetic
2938,1473,COURSE58,Summer,2024,C,Synthetic
2939,1681,COURSE128,Spring,2024,D,Synthetic
2940,1694,COURSE115,Spring,2019,C,Synthetic
2941,1295,COURSE82,Spring,2021,F,Synthetic
2942,1419,COURSE135,Fall,2020,C,Synthetic
2943,1574,COURSE106,Spring,2024,A,Synthetic
2944,1009,COURSE61,Summer,2024,F,Synthetic
2945,2734,COURSE88,Spring,2024,D,Synthetic
2946,2470,COURSE124,Spring,2024,C,Synthetic
2947,1018,COURSE139,Spring,2019,D,Synthetic
2948,2784,COURSE70,Summer,2023,A,Synthetic
2949,1330,COURSE75,Fall,2021,F,Synthetic
2950,2342,COURSE146,Fall,2020,D,Synthetic
2951,1440,COURSE116,Fall,2019,D,Synthetic
2952,1756,COURSE123,Spring,2022,D,Synthetic
2953,1218,COURSE108,Summer,2020,C,Synthetic
2954,1542,COURSE82,Fall,2022,C,Synthetic
2955,1792,COURSE60,Summer,2024,F,Synthetic
2956,2921,COURSE59,Spring,2023,C,Synthetic
2957,2582,COURSE84,Spring,2023,C,Synthetic
2958,2459,COURSE142,Summer,2021,A,Synthetic
2959,1389,COURSE94,Summer,2023,A,Synthetic
2960,1588,COURSE78,Summer,2023,C,Synthetic
2961,1325,COURSE78,Spring,2023,D,Synthetic
2962,2749,COURSE101,Fall,2021,D,Synthetic
2963,1272,COURSE65,Spring,2019,C,Synthetic
2964,1999,COURSE116,Spring,2019,A,Synthetic
2965,1216,COURSE138,Spring,2024,B,Synthetic
2966,1531,COURSE120,Summer,2023,C,Synthetic
2967,1759,COURSE72,Fall,2024,C,Synthetic
2968,2596,COURSE121,Spring,2019,C,Synthetic
2969,1859,COURSE100,Fall,2021,C,Synthetic
2970,2469,COURSE105,Fall,2019,F,Synthetic
2971,1159,COURSE95,Fall,2023,A,Synthetic
2972,2816,COURSE98,Spring,2022,F,Synthetic
2973,2324,COURSE128,Summer,2019,C,Synthetic
2974,1954,COURSE77,Fall,2024,C,Synthetic
2975,2269,COURSE76,Spring,2020,F,Synthetic
2976,1757,COURSE148,Spring,2024,A,Synthetic
2977,1887,COURSE103,Spring,2022,C,Synthetic
2978,1356,COURSE136,Fall,2023,C,Synthetic
2979,2361,COURSE134,Fall,2020,C,Synthetic
2980,2351,COURSE111,Fall,2021,C,Synthetic
2981,1191,COURSE143,Fall,2019,C,Synthetic
2982,1692,COURSE134,Summer,2019,F,Synthetic
2983,1096,COURSE107,Summer,2019,B,Synthetic
2984,2587,COURSE52,Fall,2022,B,Synthetic
2985,1557,COURSE76,Fall,2022,A,Synthetic
2986,1450,COURSE103,Spring,2019,C,Synthetic
2987,1735,COURSE93,Summer,2019,D,Synthetic
2988,1366,COURSE54,Summer,2019,D,Synthetic
2989,1777,COURSE131,Summer,2024,B,Synthetic
2990,2003,COURSE73,Fall,2023,C,Synthetic
2991,1950,COURSE105,Summer,2022,D,Synthetic
2992,2963,COURSE117,Summer,2022,C,Synthetic
2993,1039,COURSE109,Spring,2021,D,Synthetic
2994,2102,COURSE67,Spring,2022,A,Synthetic
2995,2117,COURSE51,Summer,2020,B,Synthetic
2996,2401,COURSE58,Spring,2020,C,Synthetic
2997,1271,COURSE119,Spring,2024,A,Synthetic
2998,1062,COURSE113,Fall,2024,C,Synthetic
2999,2516,COURSE122,Summer,2023,A,Synthetic
3000,2327,COURSE62,Spring,2021,A,Synthetic
3001,1706,COURSE101,Spring,2019,F,Synthetic
3002,2175,COURSE96,Fall,2024,C,Synthetic
3003,1448,COURSE101,Fall,2022,D,Synthetic
3004,1097,COURSE150,Fall,2019,B,Synthetic
3005,2604,COURSE122,Spring,2021,D,Synthetic
3006,1523,COURSE130,Summer,2022,D,Synthetic
3007,1092,COURSE150,Spring,2024,C,Synthetic
3008,2242,COURSE141,Spring,2024,C,Synthetic
3009,1212,COURSE134,Fall,2024,D,Synthetic
3010,1018,COURSE106,Fall,2023,B,Synthetic
3011,2501,COURSE97,Fall,2023,F,Synthetic
3012,1540,COURSE51,Fall,2020,F,Synthetic
3013,1204,COURSE87,Fall,2024,C,Synthetic
3014,1088,COURSE65,Summer,2022,B,Synthetic
3015,2981,COURSE117,Fall,2019,C,Synthetic
3016,2525,COURSE89,Summer,2019,C,Synthetic
3017,1839,COURSE57,Spring,2024,D,Synthetic
3018,2137,COURSE80,Summer,2023,C,Synthetic
3019,2739,COURSE129,Spring,2023,A,Synthetic
3020,1583,COURSE84,Summer,2023,A,Synthetic
3021,1272,COURSE146,Fall,2019,F,Synthetic
3022,2335,COURSE123,Spring,2021,C,Synthetic
3023,1544,COURSE129,Summer,2020,F,Synthetic
3024,1847,COURSE86,Summer,2023,A,Synthetic
3025,2492,COURSE73,Spring,2020,F,Synthetic
3026,1873,COURSE79,Fall,2019,B,Synthetic
3027,2636,COURSE82,Fall,2020,A,Synthetic
3028,1186,COURSE147,Spring,2023,A,Synthetic
3029,2070,COURSE121,Fall,2023,B,Synthetic
3030,1154,COURSE86,Summer,2020,B,Synthetic
3031,2666,COURSE139,Summer,2021,F,Synthetic
3032,2540,COURSE142,Spring,2021,D,Synthetic
3033,1968,COURSE98,Fall,2022,B,Synthetic
3034,2528,COURSE117,Fall,2024,F,Synthetic
3035,1060,COURSE91,Spring,2021,D,Synthetic
3036,2523,COURSE147,Summer,2021,D,Synthetic
3037,1793,COURSE108,Spring,2020,F,Synthetic
3038,1434,COURSE132,Fall,2024,D,Synthetic
3039,2420,COURSE81,Fall,2020,C,Synthetic
3040,2863,COURSE85,Summer,2020,D,Synthetic
3041,1726,COURSE56,Summer,2024,B,Synthetic
3042,1054,COURSE67,Spring,2024,C,Synthetic
3043,1952,COURSE52,Summer,2024,B,Synthetic
3044,1164,COURSE94,Summer,2020,C,Synthetic
3045,1160,COURSE143,Fall,2019,A,Synthetic
3046,1354,COURSE147,Fall,2022,B,Synthetic
3047,2828,COURSE145,Fall,2020,A,Synthetic
3048,1235,COURSE124,Summer,2022,A,Synthetic
3049,1407,COURSE104,Spring,2019,C,Synthetic
3050,1208,COURSE128,Summer,2019,B,Synthetic
3051,1898,COURSE89,Fall,2023,A,Synthetic
3052,2242,COURSE61,Fall,2022,C,Synthetic
3053,2545,COURSE54,Fall,2019,D,Synthetic
3054,1147,COURSE120,Spring,2021,D,Synthetic
3055,2855,COURSE67,Fall,2022,F,Synthetic
3056,2451,COURSE81,Spring,2021,C,Synthetic
3057,1939,COURSE140,Spring,2023,B,Synthetic
3058,2988,COURSE140,Spring,2021,B,Synthetic
3059,1547,COURSE56,Fall,2024,F,Synthetic
3060,1891,COURSE106,Summer,2020,C,Synthetic
3061,2465,COURSE83,Spring,2019,F,Synthetic
3062,2409,COURSE82,Summer,2022,B,Synthetic
3063,2928,COURSE96,Fall,2019,B,Synthetic
3064,2268,COURSE86,Spring,2019,A,Synthetic
3065,2398,COURSE94,Fall,2020,B,Synthetic
3066,1421,COURSE72,Spring,2019,D,Synthetic
3067,2989,COURSE87,Summer,2019,A,Synthetic
3068,2049,COURSE132,Fall,2021,B,Synthetic
3069,1147,COURSE118,Spring,2023,A,Synthetic
3070,2394,COURSE97,Spring,2020,F,Synthetic
3071,2548,COURSE89,Summer,2020,F,Synthetic
3072,2024,COURSE51,Summer,2021,C,Synthetic
3073,1465,COURSE87,Fall,2020,F,Synthetic
3074,1033,COURSE52,Spring,2022,D,Synthetic
3075,1427,COURSE65,Fall,2020,C,Synthetic
3076,1785,COURSE61,Fall,2022,B,Synthetic
3077,2841,COURSE72,Summer,2019,C,Synthetic
3078,2293,COURSE51,Fall,2021,C,Synthetic
3079,2692,COURSE122,Summer,2024,C,Synthetic
3080,2011,COURSE135,Fall,2024,A,Synthetic
3081,2179,COURSE137,Summer,2024,F,Synthetic
3082,2054,COURSE102,Fall,2020,B,Synthetic
3083,2152,COURSE119,Summer,2020,F,Synthetic
3084,1457,COURSE144,Fall,2024,A,Synthetic
3085,1974,COURSE92,Fall,2019,A,Synthetic
3086,1315,COURSE113,Summer,2021,C,Synthetic
3087,1644,COURSE86,Spring,2022,A,Synthetic
3088,2448,COURSE115,Summer,2022,B,Synthetic
3089,2275,COURSE88,Fall,2020,D,Synthetic
3090,1975,COURSE149,Summer,2019,D,Synthetic
3091,1395,COURSE58,Summer,2024,D,Synthetic
3092,2734,COURSE129,Fall,2022,D,Synthetic
3093,2596,COURSE73,Summer,2019,A,Synthetic
3094,2450,COURSE66,Fall,2021,F,Synthetic
3095,2436,COURSE85,Spring,2020,F,Synthetic
3096,1986,COURSE103,Summer,2021,D,Synthetic
3097,2178,COURSE148,Spring,2024,C,Synthetic
3098,1891,COURSE61,Fall,2019,B,Synthetic
3099,1173,COURSE142,Summer,2022,D,Synthetic
3100,1732,COURSE143,Fall,2022,C,Synthetic
3101,1013,COURSE113,Summer,2021,C,Synthetic
3102,1891,COURSE128,Summer,2022,F,Synthetic
3103,2617,COURSE51,Fall,2024,F,Synthetic
3104,2899,COURSE77,Fall,2019,B,Synthetic
3105,1637,COURSE100,Summer,2019,F,Synthetic
3106,2990,COURSE112,Summer,2022,D,Synthetic
3107,2194,COURSE65,Spring,2022,B,Synthetic
3108,2697,COURSE66,Spring,2024,C,Synthetic
3109,1655,COURSE116,Fall,2021,A,Synthetic
3110,2429,COURSE67,Fall,2022,C,Synthetic
3111,2556,COURSE119,Spring,2021,C,Synthetic
3112,2063,COURSE148,Spring,2023,B,Synthetic
3113,1405,COURSE132,Fall,2024,C,Synthetic
3114,2797,COURSE64,Fall,2019,B,Synthetic
3115,1939,COURSE96,Spring,2019,F,Synthetic
3116,1831,COURSE88,Summer,2021,F,Synthetic
3117,1908,COURSE103,Spring,2021,D,Synthetic
3118,1550,COURSE82,Fall,2021,D,Synthetic
3119,1567,COURSE109,Summer,2022,C,Synthetic
3120,2822,COURSE115,Spring,2022,C,Synthetic
3121,2192,COURSE69,Fall,2019,F,Synthetic
3122,1382,COURSE118,Spring,2019,A,Synthetic
3123,1377,COURSE141,Fall,2019,B,Synthetic
3124,1604,COURSE150,Fall,2022,A,Synthetic
3125,2069,COURSE135,Summer,2019,B,Synthetic
3126,1353,COURSE112,Summer,2021,A,Synthetic
3127,2589,COURSE103,Spring,2024,C,Synthetic
3128,2854,COURSE143,Fall,2019,B,Synthetic
3129,1835,COURSE129,Spring,2021,A,Synthetic
3130,1456,COURSE127,Summer,2022,A,Synthetic
3131,2795,COURSE95,Summer,2022,F,Synthetic
3132,1037,COURSE75,Summer,2024,C,Synthetic
3133,2944,COURSE94,Summer,2019,F,Synthetic
3134,2657,COURSE53,Fall,2020,D,Synthetic
3135,2205,COURSE82,Spring,2022,B,Synthetic
3136,2653,COURSE80,Fall,2024,A,Synthetic
3137,1206,COURSE125,Spring,2022,B,Synthetic
3138,2704,COURSE80,Summer,2019,D,Synthetic
3139,2421,COURSE119,Spring,2021,D,Synthetic
3140,2285,COURSE91,Fall,2023,A,Synthetic
3141,2476,COURSE82,Spring,2022,C,Synthetic
3142,2369,COURSE133,Spring,2020,B,Synthetic
3143,1356,COURSE96,Fall,2020,C,Synthetic
3144,2621,COURSE97,Fall,2023,D,Synthetic
3145,1306,COURSE116,Spring,2023,B,Synthetic
3146,2473,COURSE77,Fall,2022,B,Synthetic
3147,2824,COURSE147,Spring,2024,B,Synthetic
3148,1090,COURSE95,Fall,2021,B,Synthetic
3149,1381,COURSE85,Spring,2020,B,Synthetic
3150,1031,COURSE84,Fall,2024,B,Synthetic
3151,1980,COURSE111,Summer,2023,C,Synthetic
3152,1129,COURSE141,Spring,2021,A,Synthetic
3153,1483,COURSE75,Fall,2020,A,Synthetic
3154,2491,COURSE67,Summer,2024,A,Synthetic
3155,1911,COURSE96,Fall,2019,C,Synthetic
3156,2794,COURSE81,Summer,2024,C,Synthetic
3157,2121,COURSE57,Spring,2020,B,Synthetic
3158,1609,COURSE63,Spring,2019,D,Synthetic
3159,1469,COURSE121,Summer,2021,C,Synthetic
3160,1512,COURSE98,Spring,2020,A,Synthetic
3161,2757,COURSE76,Summer,2024,D,Synthetic
3162,1939,COURSE123,Summer,2024,D,Synthetic
3163,2622,COURSE125,Fall,2021,B,Synthetic
3164,1490,COURSE128,Fall,2022,D,Synthetic
3165,1639,COURSE62,Fall,2022,F,Synthetic
3166,1377,COURSE149,Summer,2019,B,Synthetic
3167,2392,COURSE52,Summer,2019,C,Synthetic
3168,2675,COURSE79,Fall,2024,D,Synthetic
3169,1900,COURSE97,Summer,2022,F,Synthetic
3170,2589,COURSE51,Summer,2024,C,Synthetic
3171,2669,COURSE54,Spring,2023,C,Synthetic
3172,1670,COURSE100,Fall,2019,D,Synthetic
3173,2033,COURSE138,Spring,2023,A,Synthetic
3174,1723,COURSE107,Fall,2024,A,Synthetic
3175,2591,COURSE82,Summer,2021,B,Synthetic
3176,2971,COURSE120,Fall,2024,D,Synthetic
3177,1170,COURSE58,Spring,2024,A,Synthetic
3178,1162,COURSE128,Fall,2020,D,Synthetic
3179,1788,COURSE120,Summer,2020,C,Synthetic
3180,2225,COURSE146,Summer,2022,B,Synthetic
3181,2174,COURSE90,Spring,2023,A,Synthetic
3182,1103,COURSE61,Fall,2024,B,Synthetic
3183,2345,COURSE130,Summer,2020,C,Synthetic
3184,1103,COURSE79,Spring,2023,D,Synthetic
3185,1091,COURSE67,Fall,2021,C,Synthetic
3186,2811,COURSE97,Spring,2024,C,Synthetic
3187,2703,COURSE108,Spring,2022,C,Synthetic
3188,1313,COURSE100,Spring,2024,D,Synthetic
3189,2390,COURSE131,Summer,2019,B,Synthetic
3190,2835,COURSE70,Spring,2023,C,Synthetic
3191,2109,COURSE111,Summer,2022,C,Synthetic
3192,2396,COURSE125,Spring,2020,C,Synthetic
3193,2187,COURSE98,Fall,2019,A,Synthetic
3194,2546,COURSE93,Fall,2022,A,Synthetic
3195,1411,COURSE134,Spring,2019,A,Synthetic
3196,2162,COURSE139,Spring,2020,C,Synthetic
3197,1686,COURSE116,Spring,2023,A,Synthetic
3198,2320,COURSE138,Fall,2024,B,Synthetic
3199,2804,COURSE143,Summer,2019,A,Synthetic
3200,1416,COURSE73,Summer,2019,B,Synthetic
3201,2148,COURSE112,Spring,2023,A,Synthetic
3202,2685,COURSE118,Summer,2023,D,Synthetic
3203,1526,COURSE129,Fall,2023,C,Synthetic
3204,2367,COURSE132,Spring,2020,C,Synthetic
3205,2951,COURSE132,Summer,2021,C,Synthetic
3206,2736,COURSE57,Summer,2022,C,Synthetic
3207,2490,COURSE94,Summer,2019,A,Synthetic
3208,1927,COURSE53,Summer,2019,B,Synthetic
3209,1153,COURSE96,Fall,2022,B,Synthetic
3210,2567,COURSE57,Spring,2023,D,Synthetic
3211,2468,COURSE107,Fall,2023,C,Synthetic
3212,2162,COURSE135,Summer,2024,A,Synthetic
3213,2833,COURSE123,Fall,2021,B,Synthetic
3214,2464,COURSE113,Spring,2021,D,Synthetic
3215,2440,COURSE106,Summer,2023,F,Synthetic
3216,1599,COURSE67,Summer,2021,F,Synthetic
3217,1230,COURSE146,Spring,2024,D,Synthetic
3218,2344,COURSE81,Summer,2022,B,Synthetic
3219,1986,COURSE118,Summer,2024,C,Synthetic
3220,1505,COURSE83,Fall,2021,C,Synthetic
3221,1412,COURSE56,Spring,2022,D,Synthetic
3222,1500,COURSE125,Fall,2022,A,Synthetic
3223,2792,COURSE107,Spring,2023,B,Synthetic
3224,1347,COURSE51,Spring,2021,B,Synthetic
3225,2473,COURSE141,Fall,2024,C,Synthetic
3226,1592,COURSE70,Fall,2022,C,Synthetic
3227,1372,COURSE126,Fall,2020,B,Synthetic
3228,2350,COURSE62,Spring,2022,A,Synthetic
3229,2683,COURSE130,Spring,2021,C,Synthetic
3230,1824,COURSE128,Spring,2019,D,Synthetic
3231,1336,COURSE107,Fall,2024,A,Synthetic
3232,1853,COURSE105,Spring,2022,C,Synthetic
3233,2576,COURSE64,Summer,2020,B,Synthetic
3234,2859,COURSE79,Summer,2022,C,Synthetic
3235,1992,COURSE107,Spring,2024,C,Synthetic
3236,1339,COURSE104,Spring,2024,C,Synthetic
3237,1072,COURSE86,Summer,2022,A,Synthetic
3238,1694,COURSE103,Spring,2020,C,Synthetic
3239,1041,COURSE150,Fall,2023,B,Synthetic
3240,2680,COURSE93,Spring,2024,F,Synthetic
3241,1064,COURSE107,Spring,2021,A,Synthetic
3242,1026,COURSE61,Summer,2019,A,Synthetic
3243,2057,COURSE98,Summer,2023,C,Synthetic
3244,2285,COURSE84,Summer,2023,A,Synthetic
3245,2055,COURSE144,Summer,2023,C,Synthetic
3246,1935,COURSE143,Fall,2020,A,Synthetic
3247,1919,COURSE137,Summer,2019,B,Synthetic
3248,1986,COURSE140,Spring,2023,A,Synthetic
3249,2076,COURSE108,Fall,2022,C,Synthetic
3250,1833,COURSE78,Spring,2020,D,Synthetic
3251,2139,COURSE89,Fall,2024,C,Synthetic
3252,2200,COURSE78,Spring,2021,C,Synthetic
3253,1832,COURSE143,Spring,2023,C,Synthetic
3254,2700,COURSE79,Spring,2023,D,Synthetic
3255,2116,COURSE62,Spring,2022,F,Synthetic
3256,1695,COURSE102,Fall,2024,C,Synthetic
3257,1366,COURSE146,Spring,2024,D,Synthetic
3258,2392,COURSE149,Spring,2020,C,Synthetic
3259,1148,COURSE66,Spring,2020,D,Synthetic
3260,2796,COURSE148,Fall,2020,F,Synthetic
3261,2614,COURSE68,Spring,2022,A,Synthetic
3262,1098,COURSE63,Spring,2022,B,Synthetic
3263,2672,COURSE145,Summer,2021,C,Synthetic
3264,2972,COURSE52,Spring,2021,C,Synthetic
3265,1269,COURSE77,Spring,2020,B,Synthetic
3266,2776,COURSE84,Spring,2021,C,Synthetic
3267,2711,COURSE110,Fall,2022,B,Synthetic
3268,1553,COURSE62,Fall,2020,D,Synthetic
3269,2967,COURSE122,Spring,2023,C,Synthetic
3270,1791,COURSE80,Summer,2021,D,Synthetic
3271,1457,COURSE105,Fall,2022,C,Synthetic
3272,2821,COURSE133,Fall,2023,D,Synthetic
3273,1994,COURSE84,Fall,2023,A,Synthetic
3274,2789,COURSE123,Summer,2024,C,Synthetic
3275,2585,COURSE71,Spring,2024,B,Synthetic
3276,2079,COURSE102,Spring,2020,C,Synthetic
3277,2397,COURSE89,Spring,2024,B,Synthetic
3278,1534,COURSE136,Summer,2022,C,Synthetic
3279,1268,COURSE66,Spring,2020,C,Synthetic
3280,2962,COURSE86,Summer,2019,F,Synthetic
3281,1687,COURSE111,Summer,2022,D,Synthetic
3282,2032,COURSE150,Spring,2021,C,Synthetic
3283,1025,COURSE53,Spring,2022,C,Synthetic
3284,1117,COURSE110,Spring,2024,C,Synthetic
3285,2602,COURSE59,Summer,2022,F,Synthetic
3286,2174,COURSE144,Summer,2023,D,Synthetic
3287,2847,COURSE78,Spring,2020,C,Synthetic
3288,2117,COURSE145,Spring,2023,C,Synthetic
3289,1088,COURSE148,Fall,2021,B,Synthetic
3290,1710,COURSE132,Spring,2022,D,Synthetic
3291,2631,COURSE69,Summer,2024,D,Synthetic
3292,1530,COURSE139,Summer,2024,F,Synthetic
3293,2305,COURSE80,Spring,2022,B,Synthetic
3294,1838,COURSE135,Spring,2024,C,Synthetic
3295,1503,COURSE134,Summer,2021,A,Synthetic
3296,2849,COURSE65,Spring,2020,B,Synthetic
3297,1461,COURSE128,Spring,2024,C,Synthetic
3298,1184,COURSE143,Summer,2022,D,Synthetic
3299,1351,COURSE115,Fall,2019,C,Synthetic
3300,2164,COURSE79,Spring,2019,D,Synthetic
3301,2605,COURSE64,Summer,2019,A,Synthetic
3302,1341,COURSE75,Spring,2020,C,Synthetic
3303,2846,COURSE142,Spring,2023,C,Synthetic
3304,2197,COURSE101,Fall,2022,C,Synthetic
3305,2982,COURSE70,Fall,2020,D,Synthetic
3306,1792,COURSE110,Spring,2021,B,Synthetic
3307,2393,COURSE105,Fall,2021,D,Synthetic
3308,2701,COURSE103,Spring,2024,A,Synthetic
3309,1536,COURSE117,Summer,2020,C,Synthetic
3310,1009,COURSE124,Summer,2019,D,Synthetic
3311,1991,COURSE58,Fall,2024,C,Synthetic
3312,1065,COURSE79,Fall,2020,F,Synthetic
3313,2035,COURSE51,Fall,2019,F,Synthetic
3314,2381,COURSE130,Fall,2024,C,Synthetic
3315,1292,COURSE71,Spring,2023,A,Synthetic
3316,1305,COURSE127,Summer,2021,C,Synthetic
3317,2130,COURSE125,Spring,2022,D,Synthetic
3318,1957,COURSE73,Summer,2022,B,Synthetic
3319,2667,COURSE66,Spring,2022,A,Synthetic
3320,2389,COURSE147,Spring,2019,C,Synthetic
3321,1927,COURSE128,Fall,2019,F,Synthetic
3322,1023,COURSE104,Summer,2019,C,Synthetic
3323,1858,COURSE136,Fall,2024,A,Synthetic
3324,2830,COURSE93,Fall,2021,D,Synthetic
3325,2225,COURSE117,Spring,2022,B,Synthetic
3326,2213,COURSE136,Spring,2024,A,Synthetic
3327,2304,COURSE134,Summer,2023,B,Synthetic
3328,1372,COURSE135,Spring,2022,C,Synthetic
3329,1504,COURSE140,Summer,2020,A,Synthetic
3330,2370,COURSE71,Fall,2024,F,Synthetic
3331,2022,COURSE93,Spring,2020,F,Synthetic
3332,2349,COURSE112,Fall,2021,C,Synthetic
3333,2518,COURSE127,Fall,2020,D,Synthetic
3334,2694,COURSE66,Fall,2019,B,Synthetic
3335,1884,COURSE86,Fall,2024,C,Synthetic
3336,2340,COURSE97,Fall,2019,A,Synthetic
3337,2036,COURSE144,Fall,2023,C,Synthetic
3338,1974,COURSE96,Spring,2021,A,Synthetic
3339,1219,COURSE122,Summer,2020,D,Synthetic
3340,1957,COURSE115,Fall,2023,C,Synthetic
3341,2599,COURSE105,Summer,2019,B,Synthetic
3342,2525,COURSE77,Summer,2019,B,Synthetic
3343,2470,COURSE57,Spring,2024,B,Synthetic
3344,2805,COURSE146,Summer,2023,A,Synthetic
3345,2603,COURSE55,Spring,2023,D,Synthetic
3346,2352,COURSE85,Spring,2021,B,Synthetic
3347,2720,COURSE79,Spring,2022,C,Synthetic
3348,2323,COURSE96,Spring,2020,C,Synthetic
3349,2283,COURSE139,Spring,2024,C,Synthetic
3350,1491,COURSE111,Summer,2019,D,Synthetic
3351,1877,COURSE56,Summer,2019,F,Synthetic
3352,2035,COURSE56,Fall,2020,C,Synthetic
3353,2477,COURSE87,Summer,2022,B,Synthetic
3354,1265,COURSE129,Spring,2022,C,Synthetic
3355,1514,COURSE129,Spring,2024,F,Synthetic
3356,2596,COURSE150,Summer,2021,C,Synthetic
3357,1903,COURSE150,Fall,2024,D,Synthetic
3358,2750,COURSE106,Spring,2020,F,Synthetic
3359,2845,COURSE78,Fall,2020,A,Synthetic
3360,2510,COURSE82,Summer,2021,C,Synthetic
3361,1361,COURSE134,Spring,2020,A,Synthetic
3362,1166,COURSE74,Spring,2022,C,Synthetic
3363,1864,COURSE127,Spring,2024,C,Synthetic
3364,2934,COURSE100,Fall,2020,A,Synthetic
3365,1178,COURSE65,Fall,2022,F,Synthetic
3366,2545,COURSE104,Spring,2024,A,Synthetic
3367,2210,COURSE109,Fall,2022,B,Synthetic
3368,2541,COURSE123,Summer,2019,D,Synthetic
3369,2382,COURSE135,Spring,2022,F,Synthetic
3370,2443,COURSE78,Spring,2024,D,Synthetic
3371,1590,COURSE114,Fall,2022,B,Synthetic
3372,1692,COURSE111,Spring,2024,B,Synthetic
3373,1759,COURSE131,Fall,2022,C,Synthetic
3374,2651,COURSE93,Spring,2020,F,Synthetic
3375,1892,COURSE110,Fall,2021,F,Synthetic
3376,2020,COURSE72,Spring,2022,B,Synthetic
3377,2722,COURSE132,Fall,2020,B,Synthetic
3378,2681,COURSE99,Spring,2023,A,Synthetic
3379,1367,COURSE88,Spring,2023,C,Synthetic
3380,2319,COURSE76,Spring,2021,A,Synthetic
3381,2132,COURSE148,Fall,2020,F,Synthetic
3382,2371,COURSE150,Spring,2022,C,Synthetic
3383,2320,COURSE116,Summer,2023,A,Synthetic
3384,2792,COURSE123,Summer,2024,B,Synthetic
3385,1434,COURSE137,Summer,2023,B,Synthetic
3386,2132,COURSE79,Summer,2021,A,Synthetic
3387,1504,COURSE68,Summer,2021,B,Synthetic
3388,1137,COURSE52,Summer,2023,C,Synthetic
3389,1930,COURSE59,Fall,2022,D,Synthetic
3390,1838,COURSE130,Fall,2021,C,Synthetic
3391,1749,COURSE88,Fall,2020,C,Synthetic
3392,2503,COURSE143,Spring,2020,C,Synthetic
3393,2462,COURSE146,Summer,2024,F,Synthetic
3394,1322,COURSE74,Spring,2023,D,Synthetic
3395,1309,COURSE124,Fall,2022,D,Synthetic
3396,2465,COURSE116,Summer,2019,D,Synthetic
3397,2949,COURSE65,Spring,2020,A,Synthetic
3398,2952,COURSE75,Spring,2023,C,Synthetic
3399,1078,COURSE96,Fall,2023,D,Synthetic
3400,1701,COURSE114,Fall,2024,D,Synthetic
3401,1535,COURSE143,Fall,2021,B,Synthetic
3402,2904,COURSE83,Spring,2020,D,Synthetic
3403,1978,COURSE140,Spring,2024,F,Synthetic
3404,2653,COURSE147,Summer,2020,A,Synthetic
3405,1483,COURSE59,Spring,2024,C,Synthetic
3406,1149,COURSE53,Fall,2019,B,Synthetic
3407,1554,COURSE86,Spring,2021,C,Synthetic
3408,2135,COURSE122,Spring,2021,B,Synthetic
3409,2160,COURSE117,Summer,2020,F,Synthetic
3410,1242,COURSE125,Spring,2021,C,Synthetic
3411,2754,COURSE106,Fall,2022,A,Synthetic
3412,2983,COURSE55,Fall,2022,D,Synthetic
3413,1599,COURSE149,Spring,2019,C,Synthetic
3414,2054,COURSE105,Summer,2019,F,Synthetic
3415,2471,COURSE81,Summer,2020,D,Synthetic
3416,1528,COURSE103,Fall,2019,C,Synthetic
3417,2976,COURSE60,Summer,2022,A,Synthetic
3418,1244,COURSE86,Fall,2021,C,Synthetic
3419,1731,COURSE64,Fall,2024,A,Synthetic
3420,1970,COURSE60,Fall,2020,C,Synthetic
3421,2117,COURSE95,Spring,2019,B,Synthetic
3422,2574,COURSE103,Fall,2019,C,Synthetic
3423,1427,COURSE131,Fall,2019,D,Synthetic
3424,2270,COURSE64,Spring,2021,D,Synthetic
3425,1976,COURSE110,Fall,2023,C,Synthetic
3426,2959,COURSE131,Spring,2020,A,Synthetic
3427,2583,COURSE147,Spring,2019,D,Synthetic
3428,1472,COURSE146,Summer,2021,F,Synthetic
3429,1092,COURSE111,Spring,2021,C,Synthetic
3430,1767,COURSE91,Summer,2020,C,Synthetic
3431,2606,COURSE82,Summer,2021,B,Synthetic
3432,2782,COURSE123,Spring,2019,A,Synthetic
3433,2011,COURSE143,Summer,2022,A,Synthetic
3434,1595,COURSE88,Summer,2019,B,Synthetic
3435,2160,COURSE118,Fall,2024,B,Synthetic
3436,2326,COURSE62,Fall,2024,C,Synthetic
3437,1476,COURSE80,Summer,2019,B,Synthetic
3438,2197,COURSE52,Fall,2023,B,Synthetic
3439,2245,COURSE79,Fall,2024,C,Synthetic
3440,2243,COURSE65,Summer,2023,C,Synthetic
3441,1520,COURSE52,Fall,2021,F,Synthetic
3442,2960,COURSE129,Spring,2022,C,Synthetic
3443,1650,COURSE54,Fall,2023,D,Synthetic
3444,1310,COURSE73,Spring,2024,F,Synthetic
3445,2351,COURSE132,Summer,2020,F,Synthetic
3446,1927,COURSE100,Spring,2020,B,Synthetic
3447,2891,COURSE87,Summer,2019,C,Synthetic
3448,2631,COURSE59,Fall,2021,C,Synthetic
3449,2092,COURSE86,Fall,2024,D,Synthetic
3450,2262,COURSE73,Fall,2022,B,Synthetic
3451,1349,COURSE78,Spring,2024,B,Synthetic
3452,1588,COURSE150,Summer,2024,D,Synthetic
3453,2724,COURSE109,Fall,2020,F,Synthetic
3454,2892,COURSE118,Spring,2019,C,Synthetic
3455,2310,COURSE146,Summer,2023,F,Synthetic
3456,2277,COURSE140,Spring,2019,B,Synthetic
3457,1148,COURSE79,Spring,2021,F,Synthetic
3458,1521,COURSE129,Summer,2023,B,Synthetic
3459,2255,COURSE110,Summer,2021,A,Synthetic
3460,1267,COURSE67,Fall,2021,C,Synthetic
3461,2380,COURSE68,Spring,2024,F,Synthetic
3462,2837,COURSE78,Summer,2021,D,Synthetic
3463,1950,COURSE128,Summer,2023,D,Synthetic
3464,1923,COURSE146,Spring,2023,C,Synthetic
3465,3000,COURSE60,Spring,2024,C,Synthetic
3466,2964,COURSE129,Fall,2022,A,Synthetic
3467,2962,COURSE149,Fall,2023,F,Synthetic
3468,1015,COURSE98,Summer,2022,A,Synthetic
3469,2115,COURSE112,Summer,2022,C,Synthetic
3470,2310,COURSE57,Spring,2023,C,Synthetic
3471,1654,COURSE76,Summer,2024,B,Synthetic
3472,1002,COURSE139,Summer,2022,B,Synthetic
3473,2767,COURSE138,Summer,2022,A,Synthetic
3474,1814,COURSE123,Summer,2024,C,Synthetic
3475,2652,COURSE141,Spring,2023,D,Synthetic
3476,2463,COURSE64,Spring,2020,A,Synthetic
3477,2926,COURSE140,Fall,2022,B,Synthetic
3478,2363,COURSE112,Spring,2024,B,Synthetic
3479,1636,COURSE111,Fall,2019,C,Synthetic
3480,2078,COURSE85,Fall,2019,C,Synthetic
3481,2585,COURSE133,Spring,2020,A,Synthetic
3482,1046,COURSE110,Summer,2019,A,Synthetic
3483,2004,COURSE56,Spring,2020,C,Synthetic
3484,1554,COURSE62,Summer,2021,F,Synthetic
3485,1898,COURSE75,Spring,2021,B,Synthetic
3486,1451,COURSE80,Spring,2024,F,Synthetic
3487,2245,COURSE140,Spring,2023,D,Synthetic
3488,2148,COURSE69,Fall,2023,C,Synthetic
3489,2863,COURSE64,Summer,2020,D,Synthetic
3490,2025,COURSE79,Spring,2024,C,Synthetic
3491,1762,COURSE88,Spring,2022,F,Synthetic
3492,1900,COURSE75,Fall,2023,A,Synthetic
3493,2842,COURSE71,Summer,2023,C,Synthetic
3494,2257,COURSE87,Summer,2019,D,Synthetic
3495,2582,COURSE75,Spring,2019,C,Synthetic
3496,2366,COURSE136,Fall,2023,F,Synthetic
3497,1999,COURSE139,Summer,2023,D,Synthetic
3498,1746,COURSE146,Summer,2020,F,Synthetic
3499,2029,COURSE145,Spring,2021,C,Synthetic
3500,2073,COURSE144,Summer,2024,C,Synthetic
3501,2974,COURSE114,Spring,2022,B,Synthetic
3502,1462,COURSE66,Fall,2020,F,Synthetic
3503,1245,COURSE92,Summer,2023,F,Synthetic
3504,1813,COURSE52,Fall,2020,A,Synthetic
3505,1355,COURSE55,Summer,2019,C,Synthetic
3506,1403,COURSE71,Spring,2021,B,Synthetic
3507,2423,COURSE86,Fall,2021,B,Synthetic
3508,2592,COURSE139,Summer,2023,A,Synthetic
3509,1407,COURSE81,Fall,2021,A,Synthetic
3510,2319,COURSE113,Spring,2023,F,Synthetic
3511,2624,COURSE68,Summer,2024,D,Synthetic
3512,2029,COURSE79,Fall,2020,C,Synthetic
3513,2299,COURSE56,Spring,2020,D,Synthetic
3514,2085,COURSE95,Summer,2020,C,Synthetic
3515,2800,COURSE74,Fall,2023,C,Synthetic
3516,1540,COURSE53,Spring,2021,C,Synthetic
3517,1324,COURSE62,Spring,2020,A,Synthetic
3518,1849,COURSE58,Fall,2020,A,Synthetic
3519,2100,COURSE57,Fall,2021,D,Synthetic
3520,1346,COURSE82,Summer,2022,A,Synthetic
3521,1109,COURSE55,Summer,2019,F,Synthetic
3522,1721,COURSE135,Summer,2023,C,Synthetic
3523,2548,COURSE51,Summer,2022,C,Synthetic
3524,1878,COURSE120,Summer,2019,D,Synthetic
3525,2752,COURSE59,Summer,2024,B,Synthetic
3526,2906,COURSE90,Summer,2019,A,Synthetic
3527,2068,COURSE119,Summer,2022,A,Synthetic
3528,2983,COURSE119,Summer,2024,F,Synthetic
3529,1599,COURSE114,Spring,2024,F,Synthetic
3530,2417,COURSE56,Spring,2023,C,Synthetic
3531,2876,COURSE67,Summer,2023,B,Synthetic
3532,1366,COURSE95,Spring,2020,A,Synthetic
3533,1161,COURSE119,Spring,2023,C,Synthetic
3534,1662,COURSE146,Summer,2019,D,Synthetic
3535,2589,COURSE149,Spring,2022,D,Synthetic
3536,2564,COURSE55,Summer,2021,A,Synthetic
3537,1569,COURSE74,Fall,2023,D,Synthetic
3538,2499,COURSE103,Spring,2019,A,Synthetic
3539,1379,COURSE115,Fall,2019,C,Synthetic
3540,1988,COURSE106,Spring,2021,C,Synthetic
3541,1532,COURSE120,Summer,2024,C,Synthetic
3542,1279,COURSE67,Spring,2019,B,Synthetic
3543,1287,COURSE121,Spring,2020,B,Synthetic
3544,1059,COURSE141,Spring,2022,A,Synthetic
3545,2544,COURSE56,Spring,2022,D,Synthetic
3546,2480,COURSE61,Fall,2020,C,Synthetic
3547,2700,COURSE97,Fall,2021,D,Synthetic
3548,2014,COURSE55,Summer,2022,D,Synthetic
3549,2410,COURSE137,Spring,2020,A,Synthetic
3550,1638,COURSE75,Summer,2020,A,Synthetic
3551,1542,COURSE94,Fall,2022,B,Synthetic
3552,2835,COURSE128,Fall,2019,A,Synthetic
3553,2998,COURSE64,Spring,2024,A,Synthetic
3554,1342,COURSE119,Fall,2020,A,Synthetic
3555,2848,COURSE70,Fall,2023,F,Synthetic
3556,2806,COURSE89,Fall,2022,F,Synthetic
3557,2819,COURSE142,Fall,2019,C,Synthetic
3558,2540,COURSE94,Spring,2019,B,Synthetic
3559,2248,COURSE110,Summer,2022,C,Synthetic
3560,2393,COURSE122,Spring,2024,C,Synthetic
3561,2608,COURSE66,Spring,2020,B,Synthetic
3562,1412,COURSE89,Spring,2021,C,Synthetic
3563,1927,COURSE103,Fall,2019,C,Synthetic
3564,2540,COURSE118,Fall,2021,A,Synthetic
3565,1721,COURSE97,Summer,2020,C,Synthetic
3566,1756,COURSE135,Spring,2023,F,Synthetic
3567,2660,COURSE60,Summer,2019,D,Synthetic
3568,2436,COURSE120,Spring,2024,B,Synthetic
3569,2850,COURSE101,Summer,2023,B,Synthetic
3570,1346,COURSE101,Summer,2019,C,Synthetic
3571,1695,COURSE107,Fall,2021,D,Synthetic
3572,1371,COURSE117,Summer,2022,C,Synthetic
3573,2463,COURSE82,Spring,2022,B,Synthetic
3574,2377,COURSE79,Fall,2022,A,Synthetic
3575,1814,COURSE77,Spring,2023,B,Synthetic
3576,1099,COURSE83,Fall,2020,B,Synthetic
3577,1148,COURSE148,Spring,2020,C,Synthetic
3578,2508,COURSE83,Summer,2023,C,Synthetic
3579,2021,COURSE140,Fall,2021,A,Synthetic
3580,2251,COURSE131,Fall,2022,A,Synthetic
3581,2268,COURSE128,Spring,2022,A,Synthetic
3582,2363,COURSE81,Spring,2022,D,Synthetic
3583,1714,COURSE130,Fall,2022,D,Synthetic
3584,1599,COURSE141,Spring,2022,F,Synthetic
3585,1914,COURSE100,Summer,2023,D,Synthetic
3586,1233,COURSE140,Spring,2023,A,Synthetic
3587,1410,COURSE68,Spring,2020,C,Synthetic
3588,2244,COURSE103,Spring,2021,F,Synthetic
3589,1168,COURSE101,Spring,2021,C,Synthetic
3590,1472,COURSE72,Spring,2020,D,Synthetic
3591,1166,COURSE97,Fall,2020,A,Synthetic
3592,2952,COURSE125,Spring,2019,F,Synthetic
3593,1937,COURSE118,Spring,2020,C,Synthetic
3594,1194,COURSE111,Spring,2020,B,Synthetic
3595,2071,COURSE140,Fall,2019,C,Synthetic
3596,1691,COURSE126,Summer,2020,C,Synthetic
3597,1172,COURSE77,Summer,2020,F,Synthetic
3598,1661,COURSE108,Summer,2023,A,Synthetic
3599,1447,COURSE53,Fall,2023,C,Synthetic
3600,2261,COURSE126,Fall,2019,C,Synthetic
3601,1611,COURSE77,Summer,2019,D,Synthetic
3602,2548,COURSE126,Fall,2023,B,Synthetic
3603,1119,COURSE146,Spring,2023,A,Synthetic
3604,2046,COURSE119,Spring,2020,C,Synthetic
3605,2521,COURSE85,Spring,2022,A,Synthetic
3606,1173,COURSE105,Spring,2022,A,Synthetic
3607,2898,COURSE74,Summer,2024,D,Synthetic
3608,1496,COURSE74,Summer,2023,C,Synthetic
3609,2625,COURSE52,Spring,2022,B,Synthetic
3610,2663,COURSE71,Spring,2021,F,Synthetic
3611,1923,COURSE146,Summer,2020,D,Synthetic
3612,2319,COURSE115,Fall,2023,D,Synthetic
3613,1595,COURSE138,Fall,2023,C,Synthetic
3614,1796,COURSE64,Spring,2024,D,Synthetic
3615,2951,COURSE62,Fall,2024,C,Synthetic
3616,2953,COURSE111,Summer,2024,B,Synthetic
3617,2315,COURSE54,Summer,2021,C,Synthetic
3618,2855,COURSE74,Spring,2023,F,Synthetic
3619,2861,COURSE56,Spring,2023,D,Synthetic
3620,1377,COURSE140,Spring,2020,D,Synthetic
3621,2564,COURSE100,Spring,2020,A,Synthetic
3622,1417,COURSE148,Spring,2019,A,Synthetic
3623,2755,COURSE57,Spring,2022,A,Synthetic
3624,1609,COURSE140,Summer,2020,C,Synthetic
3625,1083,COURSE120,Spring,2020,A,Synthetic
3626,2890,COURSE134,Spring,2019,B,Synthetic
3627,1460,COURSE106,Summer,2020,A,Synthetic
3628,2789,COURSE120,Summer,2021,F,Synthetic
3629,2556,COURSE75,Fall,2019,A,Synthetic
3630,2476,COURSE121,Spring,2023,A,Synthetic
3631,1575,COURSE105,Spring,2019,B,Synthetic
3632,2212,COURSE140,Summer,2024,F,Synthetic
3633,1950,COURSE114,Summer,2024,C,Synthetic
3634,2822,COURSE97,Fall,2023,A,Synthetic
3635,1589,COURSE120,Summer,2023,B,Synthetic
3636,1123,COURSE60,Fall,2023,C,Synthetic
3637,1505,COURSE132,Fall,2019,A,Synthetic
3638,2848,COURSE65,Spring,2023,D,Synthetic
3639,2776,COURSE110,Fall,2022,C,Synthetic
3640,1072,COURSE99,Spring,2021,C,Synthetic
3641,1319,COURSE101,Fall,2020,D,Synthetic
3642,2573,COURSE145,Fall,2019,D,Synthetic
3643,2298,COURSE113,Fall,2022,C,Synthetic
3644,1638,COURSE58,Spring,2022,A,Synthetic
3645,2614,COURSE77,Summer,2024,C,Synthetic
3646,1828,COURSE64,Summer,2021,C,Synthetic
3647,1720,COURSE85,Fall,2022,C,Synthetic
3648,1483,COURSE128,Fall,2024,B,Synthetic
3649,2609,COURSE95,Fall,2020,D,Synthetic
3650,2712,COURSE67,Spring,2020,D,Synthetic
3651,1760,COURSE55,Summer,2022,C,Synthetic
3652,2320,COURSE67,Fall,2022,C,Synthetic
3653,1281,COURSE94,Fall,2023,F,Synthetic
3654,2714,COURSE55,Spring,2023,F,Synthetic
3655,1609,COURSE60,Fall,2019,C,Synthetic
3656,1283,COURSE79,Spring,2019,B,Synthetic
3657,1700,COURSE90,Spring,2019,C,Synthetic
3658,2346,COURSE122,Summer,2023,A,Synthetic
3659,2158,COURSE130,Fall,2020,D,Synthetic
3660,2434,COURSE69,Spring,2024,B,Synthetic
3661,2577,COURSE115,Fall,2023,D,Synthetic
3662,1505,COURSE66,Fall,2023,C,Synthetic
3663,2660,COURSE52,Spring,2024,D,Synthetic
3664,2852,COURSE90,Fall,2019,F,Synthetic
3665,1164,COURSE97,Summer,2021,D,Synthetic
3666,1629,COURSE90,Spring,2023,C,Synthetic
3667,2747,COURSE52,Fall,2022,F,Synthetic
3668,2169,COURSE103,Summer,2023,A,Synthetic
3669,2487,COURSE74,Spring,2019,F,Synthetic
3670,1709,COURSE117,Fall,2019,F,Synthetic
3671,1096,COURSE136,Spring,2023,A,Synthetic
3672,2628,COURSE128,Fall,2023,C,Synthetic
3673,1927,COURSE132,Fall,2019,D,Synthetic
3674,2995,COURSE85,Summer,2023,C,Synthetic
3675,2389,COURSE120,Spring,2019,F,Synthetic
3676,2638,COURSE85,Fall,2020,A,Synthetic
3677,1415,COURSE128,Spring,2022,C,Synthetic
3678,1091,COURSE72,Spring,2020,A,Synthetic
3679,2701,COURSE63,Summer,2021,C,Synthetic
3680,2637,COURSE145,Summer,2023,A,Synthetic
3681,2374,COURSE104,Spring,2022,A,Synthetic
3682,2080,COURSE137,Spring,2021,F,Synthetic
3683,2673,COURSE147,Summer,2020,D,Synthetic
3684,2337,COURSE123,Spring,2022,D,Synthetic
3685,2928,COURSE137,Summer,2022,F,Synthetic
3686,1465,COURSE83,Summer,2023,C,Synthetic
3687,1500,COURSE130,Spring,2023,C,Synthetic
3688,2913,COURSE124,Spring,2021,A,Synthetic
3689,2377,COURSE128,Summer,2021,C,Synthetic
3690,1230,COURSE88,Summer,2023,D,Synthetic
3691,2550,COURSE117,Fall,2022,B,Synthetic
3692,1877,COURSE134,Fall,2024,D,Synthetic
3693,1935,COURSE105,Spring,2023,A,Synthetic
3694,2144,COURSE114,Summer,2022,F,Synthetic
3695,2214,COURSE88,Spring,2019,D,Synthetic
3696,2366,COURSE62,Summer,2023,A,Synthetic
3697,1665,COURSE81,Spring,2021,B,Synthetic
3698,1530,COURSE68,Fall,2020,D,Synthetic
3699,2157,COURSE103,Summer,2021,A,Synthetic
3700,1302,COURSE86,Summer,2022,F,Synthetic
3701,1095,COURSE120,Summer,2020,D,Synthetic
3702,1939,COURSE146,Summer,2019,C,Synthetic
3703,2477,COURSE63,Fall,2022,C,Synthetic
3704,2686,COURSE123,Summer,2024,B,Synthetic
3705,2171,COURSE137,Fall,2022,D,Synthetic
3706,1926,COURSE133,Fall,2022,A,Synthetic
3707,2425,COURSE142,Summer,2019,C,Synthetic
3708,1366,COURSE96,Spring,2020,A,Synthetic
3709,1893,COURSE65,Summer,2023,D,Synthetic
3710,1002,COURSE128,Spring,2021,C,Synthetic
3711,1631,COURSE106,Fall,2019,D,Synthetic
3712,1505,COURSE138,Summer,2023,F,Synthetic
3713,1587,COURSE72,Summer,2020,A,Synthetic
3714,2427,COURSE92,Spring,2020,D,Synthetic
3715,1250,COURSE133,Fall,2022,B,Synthetic
3716,2677,COURSE104,Spring,2021,D,Synthetic
3717,1425,COURSE100,Fall,2021,B,Synthetic
3718,1010,COURSE95,Summer,2020,C,Synthetic
3719,1087,COURSE143,Summer,2019,B,Synthetic
3720,2215,COURSE93,Spring,2021,C,Synthetic
3721,2987,COURSE149,Spring,2022,B,Synthetic
3722,2258,COURSE113,Spring,2019,C,Synthetic
3723,1559,COURSE131,Fall,2021,C,Synthetic
3724,1255,COURSE67,Summer,2020,B,Synthetic
3725,2881,COURSE134,Summer,2020,F,Synthetic
3726,2158,COURSE59,Spring,2023,C,Synthetic
3727,2967,COURSE98,Summer,2020,A,Synthetic
3728,1307,COURSE109,Spring,2022,A,Synthetic
3729,2378,COURSE66,Summer,2024,C,Synthetic
3730,1189,COURSE72,Fall,2023,C,Synthetic
3731,1807,COURSE85,Fall,2023,C,Synthetic
3732,1331,COURSE68,Spring,2024,F,Synthetic
3733,2715,COURSE61,Fall,2024,A,Synthetic
3734,1813,COURSE93,Spring,2021,F,Synthetic
3735,1192,COURSE116,Fall,2020,A,Synthetic
3736,2526,COURSE66,Spring,2020,C,Synthetic
3737,2214,COURSE52,Fall,2022,C,Synthetic
3738,1941,COURSE100,Summer,2021,B,Synthetic
3739,1557,COURSE81,Spring,2022,B,Synthetic
3740,1875,COURSE90,Fall,2022,B,Synthetic
3741,1529,COURSE59,Spring,2020,C,Synthetic
3742,2355,COURSE55,Spring,2022,F,Synthetic
3743,1341,COURSE99,Spring,2020,C,Synthetic
3744,1374,COURSE138,Fall,2023,A,Synthetic
3745,1615,COURSE140,Fall,2020,C,Synthetic
3746,2512,COURSE106,Summer,2023,C,Synthetic
3747,2657,COURSE143,Summer,2022,C,Synthetic
3748,2903,COURSE89,Fall,2021,C,Synthetic
3749,1928,COURSE105,Spring,2021,B,Synthetic
3750,1321,COURSE129,Fall,2024,C,Synthetic
3751,2986,COURSE90,Summer,2023,C,Synthetic
3752,1606,COURSE131,Spring,2021,F,Synthetic
3753,1585,COURSE83,Fall,2023,F,Synthetic
3754,2662,COURSE91,Summer,2023,C,Synthetic
3755,1449,COURSE144,Summer,2020,C,Synthetic
3756,1129,COURSE131,Fall,2019,A,Synthetic
3757,1390,COURSE51,Fall,2020,B,Synthetic
3758,1323,COURSE101,Spring,2023,C,Synthetic
3759,1725,COURSE90,Summer,2023,A,Synthetic
3760,2833,COURSE91,Fall,2020,A,Synthetic
3761,2554,COURSE101,Summer,2022,F,Synthetic
3762,2074,COURSE131,Summer,2020,B,Synthetic
3763,2497,COURSE63,Spring,2024,B,Synthetic
3764,1127,COURSE124,Summer,2023,C,Synthetic
3765,1237,COURSE92,Spring,2021,D,Synthetic
3766,2931,COURSE120,Spring,2020,D,Synthetic
3767,1293,COURSE112,Summer,2022,A,Synthetic
3768,2979,COURSE61,Spring,2022,C,Synthetic
3769,2891,COURSE106,Summer,2020,A,Synthetic
3770,2814,COURSE105,Summer,2022,A,Synthetic
3771,2804,COURSE116,Spring,2021,A,Synthetic
3772,1046,COURSE71,Spring,2020,C,Synthetic
3773,2073,COURSE62,Summer,2022,B,Synthetic
3774,2149,COURSE83,Summer,2021,F,Synthetic
3775,1853,COURSE124,Fall,2020,C,Synthetic
3776,1525,COURSE61,Fall,2020,C,Synthetic
3777,2342,COURSE72,Summer,2020,C,Synthetic
3778,2997,COURSE147,Fall,2020,B,Synthetic
3779,1545,COURSE124,Spring,2022,C,Synthetic
3780,1186,COURSE88,Fall,2024,A,Synthetic
3781,2639,COURSE55,Spring,2021,D,Synthetic
3782,2338,COURSE90,Fall,2023,C,Synthetic
3783,2066,COURSE74,Spring,2021,B,Synthetic
3784,2655,COURSE87,Summer,2020,C,Synthetic
3785,2447,COURSE149,Spring,2024,B,Synthetic
3786,2010,COURSE137,Spring,2021,A,Synthetic
3787,1490,COURSE114,Fall,2020,A,Synthetic
3788,2673,COURSE89,Spring,2023,D,Synthetic
3789,1057,COURSE62,Summer,2024,A,Synthetic
3790,2554,COURSE144,Summer,2021,C,Synthetic
3791,1337,COURSE143,Spring,2024,C,Synthetic
3792,1032,COURSE131,Spring,2022,D,Synthetic
3793,1720,COURSE137,Spring,2019,C,Synthetic
3794,1984,COURSE118,Spring,2023,B,Synthetic
3795,1546,COURSE130,Fall,2020,F,Synthetic
3796,2703,COURSE125,Fall,2021,C,Synthetic
3797,1809,COURSE137,Spring,2024,C,Synthetic
3798,1499,COURSE66,Fall,2019,B,Synthetic
3799,1592,COURSE127,Summer,2022,D,Synthetic
3800,1728,COURSE78,Summer,2021,A,Synthetic
3801,2282,COURSE131,Fall,2021,C,Synthetic
3802,2480,COURSE89,Fall,2022,A,Synthetic
3803,1612,COURSE88,Fall,2019,B,Synthetic
3804,1040,COURSE80,Fall,2021,C,Synthetic
3805,2896,COURSE81,Fall,2024,D,Synthetic
3806,1427,COURSE69,Summer,2022,A,Synthetic
3807,2832,COURSE97,Fall,2020,F,Synthetic
3808,2451,COURSE116,Fall,2022,C,Synthetic
3809,2995,COURSE52,Fall,2019,A,Synthetic
3810,2074,COURSE108,Fall,2023,B,Synthetic
3811,1032,COURSE55,Spring,2024,A,Synthetic
3812,2749,COURSE95,Spring,2019,C,Synthetic
3813,1243,COURSE139,Fall,2019,A,Synthetic
3814,1765,COURSE59,Fall,2022,F,Synthetic
3815,1268,COURSE66,Spring,2023,D,Synthetic
3816,2769,COURSE89,Spring,2023,A,Synthetic
3817,1039,COURSE108,Summer,2023,D,Synthetic
3818,1470,COURSE64,Summer,2023,C,Synthetic
3819,1442,COURSE112,Summer,2022,C,Synthetic
3820,2549,COURSE53,Summer,2023,C,Synthetic
3821,1672,COURSE83,Summer,2021,B,Synthetic
3822,2971,COURSE75,Summer,2022,F,Synthetic
3823,2881,COURSE102,Spring,2019,D,Synthetic
3824,2111,COURSE85,Fall,2019,A,Synthetic
3825,2913,COURSE95,Summer,2022,C,Synthetic
3826,1480,COURSE61,Fall,2022,F,Synthetic
3827,1094,COURSE129,Fall,2020,D,Synthetic
3828,2137,COURSE82,Summer,2019,F,Synthetic
3829,2619,COURSE109,Fall,2022,B,Synthetic
3830,1865,COURSE147,Fall,2023,D,Synthetic
3831,2948,COURSE70,Spring,2019,A,Synthetic
3832,2704,COURSE106,Fall,2024,D,Synthetic
3833,1905,COURSE58,Spring,2019,C,Synthetic
3834,1535,COURSE53,Spring,2023,D,Synthetic
3835,2614,COURSE87,Spring,2019,A,Synthetic
3836,2379,COURSE128,Spring,2019,A,Synthetic
3837,1744,COURSE57,Fall,2022,C,Synthetic
3838,1581,COURSE108,Fall,2021,B,Synthetic
3839,2496,COURSE70,Fall,2023,D,Synthetic
3840,1034,COURSE103,Spring,2020,B,Synthetic
3841,1253,COURSE129,Fall,2023,A,Synthetic
3842,1519,COURSE122,Spring,2020,A,Synthetic
3843,2074,COURSE51,Summer,2024,C,Synthetic
3844,1839,COURSE66,Spring,2019,A,Synthetic
3845,1428,COURSE88,Fall,2022,D,Synthetic
3846,1182,COURSE55,Spring,2020,C,Synthetic
3847,1441,COURSE55,Fall,2022,D,Synthetic
3848,2521,COURSE61,Summer,2024,F,Synthetic
3849,2041,COURSE63,Summer,2021,D,Synthetic
3850,1356,COURSE107,Summer,2020,F,Synthetic
3851,2092,COURSE88,Fall,2020,C,Synthetic
3852,2496,COURSE102,Spring,2019,C,Synthetic
3853,1387,COURSE143,Fall,2022,C,Synthetic
3854,1372,COURSE72,Spring,2023,C,Synthetic
3855,1272,COURSE83,Spring,2019,A,Synthetic
3856,2642,COURSE131,Summer,2023,C,Synthetic
3857,2895,COURSE100,Fall,2019,B,Synthetic
3858,2551,COURSE149,Spring,2022,A,Synthetic
3859,2568,COURSE53,Spring,2024,F,Synthetic
3860,2076,COURSE92,Summer,2021,C,Synthetic
3861,2636,COURSE65,Fall,2022,F,Synthetic
3862,1921,COURSE67,Fall,2024,C,Synthetic
3863,1799,COURSE93,Fall,2023,A,Synthetic
3864,1457,COURSE107,Fall,2024,C,Synthetic
3865,1892,COURSE84,Spring,2019,D,Synthetic
3866,2703,COURSE81,Spring,2023,B,Synthetic
3867,2785,COURSE149,Fall,2020,F,Synthetic
3868,1941,COURSE107,Fall,2023,C,Synthetic
3869,1420,COURSE135,Summer,2020,F,Synthetic
3870,1191,COURSE117,Fall,2023,B,Synthetic
3871,1435,COURSE64,Fall,2024,C,Synthetic
3872,2413,COURSE129,Fall,2019,D,Synthetic
3873,1812,COURSE93,Fall,2020,F,Synthetic
3874,2257,COURSE63,Fall,2022,A,Synthetic
3875,1966,COURSE146,Summer,2019,C,Synthetic
3876,2812,COURSE75,Summer,2022,B,Synthetic
3877,1801,COURSE120,Fall,2019,C,Synthetic
3878,2092,COURSE78,Summer,2023,D,Synthetic
3879,1478,COURSE94,Summer,2022,B,Synthetic
3880,2802,COURSE52,Fall,2023,B,Synthetic
3881,1027,COURSE145,Summer,2022,D,Synthetic
3882,2884,COURSE114,Fall,2021,F,Synthetic
3883,2804,COURSE84,Spring,2022,C,Synthetic
3884,1282,COURSE70,Fall,2019,D,Synthetic
3885,2611,COURSE65,Summer,2022,D,Synthetic
3886,1756,COURSE93,Fall,2024,C,Synthetic
3887,2229,COURSE140,Fall,2022,F,Synthetic
3888,2556,COURSE75,Spring,2022,C,Synthetic
3889,1804,COURSE61,Summer,2022,D,Synthetic
3890,1698,COURSE129,Fall,2020,A,Synthetic
3891,1399,COURSE137,Fall,2024,F,Synthetic
3892,2553,COURSE129,Fall,2023,F,Synthetic
3893,2957,COURSE118,Summer,2023,D,Synthetic
3894,2821,COURSE113,Fall,2019,D,Synthetic
3895,2445,COURSE75,Summer,2024,F,Synthetic
3896,2842,COURSE119,Fall,2021,C,Synthetic
3897,1642,COURSE112,Spring,2023,C,Synthetic
3898,2007,COURSE149,Summer,2020,C,Synthetic
3899,1036,COURSE99,Fall,2019,D,Synthetic
3900,2709,COURSE75,Fall,2023,C,Synthetic
3901,2136,COURSE61,Spring,2023,B,Synthetic
3902,2936,COURSE138,Spring,2019,D,Synthetic
3903,1730,COURSE65,Spring,2024,F,Synthetic
3904,1302,COURSE117,Summer,2023,A,Synthetic
3905,2133,COURSE123,Summer,2024,D,Synthetic
3906,2990,COURSE85,Fall,2020,C,Synthetic
3907,2644,COURSE94,Fall,2020,F,Synthetic
3908,2580,COURSE122,Summer,2023,F,Synthetic
3909,2526,COURSE94,Fall,2022,F,Synthetic
3910,2962,COURSE117,Fall,2020,D,Synthetic
3911,1795,COURSE137,Spring,2019,D,Synthetic
3912,1162,COURSE75,Summer,2023,C,Synthetic
3913,2109,COURSE111,Spring,2022,B,Synthetic
3914,1968,COURSE85,Fall,2021,C,Synthetic
3915,2857,COURSE126,Spring,2020,F,Synthetic
3916,1760,COURSE106,Summer,2019,B,Synthetic
3917,1267,COURSE111,Fall,2022,B,Synthetic
3918,1676,COURSE107,Fall,2020,A,Synthetic
3919,1653,COURSE69,Summer,2022,C,Synthetic
3920,1540,COURSE138,Spring,2023,A,Synthetic
3921,1860,COURSE140,Spring,2022,A,Synthetic
3922,1367,COURSE94,Fall,2019,B,Synthetic
3923,2702,COURSE71,Fall,2024,B,Synthetic
3924,2840,COURSE107,Fall,2019,F,Synthetic
3925,2761,COURSE54,Fall,2019,A,Synthetic
3926,2567,COURSE104,Fall,2020,B,Synthetic
3927,1318,COURSE138,Summer,2021,C,Synthetic
3928,1852,COURSE64,Fall,2022,D,Synthetic
3929,2419,COURSE87,Fall,2021,A,Synthetic
3930,2756,COURSE116,Fall,2024,B,Synthetic
3931,1485,COURSE105,Fall,2019,D,Synthetic
3932,2339,COURSE88,Spring,2019,B,Synthetic
3933,2072,COURSE70,Summer,2020,F,Synthetic
3934,2917,COURSE147,Fall,2019,A,Synthetic
3935,2262,COURSE103,Fall,2023,C,Synthetic
3936,1307,COURSE88,Summer,2022,C,Synthetic
3937,1012,COURSE111,Spring,2024,F,Synthetic
3938,2703,COURSE110,Fall,2022,D,Synthetic
3939,1332,COURSE130,Fall,2023,F,Synthetic
3940,1109,COURSE94,Spring,2019,C,Synthetic
3941,1740,COURSE52,Fall,2022,C,Synthetic
3942,2442,COURSE142,Summer,2024,D,Synthetic
3943,2684,COURSE70,Fall,2021,C,Synthetic
3944,1351,COURSE56,Fall,2019,B,Synthetic
3945,2478,COURSE109,Spring,2020,B,Synthetic
3946,2227,COURSE53,Summer,2024,C,Synthetic
3947,2202,COURSE91,Fall,2022,C,Synthetic
3948,2270,COURSE118,Fall,2023,B,Synthetic
3949,1498,COURSE108,Summer,2020,A,Synthetic
3950,2637,COURSE129,Summer,2020,F,Synthetic
3951,2020,COURSE124,Spring,2020,C,Synthetic
3952,1328,COURSE139,Summer,2019,C,Synthetic
3953,1151,COURSE146,Spring,2020,F,Synthetic
3954,2315,COURSE128,Spring,2020,A,Synthetic
3955,1099,COURSE141,Fall,2020,A,Synthetic
3956,1475,COURSE94,Summer,2023,B,Synthetic
3957,1032,COURSE148,Spring,2023,A,Synthetic
3958,1185,COURSE76,Summer,2021,D,Synthetic
3959,2493,COURSE100,Spring,2023,B,Synthetic
3960,2421,COURSE121,Summer,2022,B,Synthetic
3961,1473,COURSE117,Fall,2024,C,Synthetic
3962,1181,COURSE93,Summer,2020,C,Synthetic
3963,2948,COURSE76,Fall,2020,C,Synthetic
3964,1508,COURSE125,Summer,2019,B,Synthetic
3965,1812,COURSE99,Fall,2021,F,Synthetic
3966,1612,COURSE72,Fall,2023,F,Synthetic
3967,2787,COURSE86,Summer,2020,D,Synthetic
3968,1455,COURSE132,Spring,2023,C,Synthetic
3969,1381,COURSE126,Fall,2021,A,Synthetic
3970,2147,COURSE72,Summer,2020,B,Synthetic
3971,1273,COURSE88,Summer,2021,C,Synthetic
3972,2164,COURSE65,Summer,2019,D,Synthetic
3973,1930,COURSE51,Spring,2023,B,Synthetic
3974,1686,COURSE113,Spring,2020,D,Synthetic
3975,1768,COURSE127,Fall,2021,B,Synthetic
3976,1851,COURSE74,Fall,2021,C,Synthetic
3977,2754,COURSE96,Fall,2021,C,Synthetic
3978,1306,COURSE112,Summer,2020,C,Synthetic
3979,2139,COURSE72,Fall,2019,F,Synthetic
3980,1255,COURSE130,Summer,2023,F,Synthetic
3981,1022,COURSE58,Fall,2023,D,Synthetic
3982,1017,COURSE72,Summer,2019,A,Synthetic
3983,1284,COURSE75,Spring,2022,B,Synthetic
3984,1390,COURSE136,Summer,2021,C,Synthetic
3985,2783,COURSE62,Summer,2024,A,Synthetic
3986,1043,COURSE149,Spring,2024,C,Synthetic
3987,2352,COURSE112,Spring,2020,F,Synthetic
3988,1318,COURSE99,Summer,2020,C,Synthetic
3989,2758,COURSE117,Spring,2023,A,Synthetic
3990,1266,COURSE108,Fall,2024,B,Synthetic
3991,1281,COURSE51,Spring,2021,A,Synthetic
3992,1530,COURSE108,Fall,2019,C,Synthetic
3993,2418,COURSE125,Fall,2020,C,Synthetic
3994,1502,COURSE73,Summer,2020,C,Synthetic
3995,1861,COURSE118,Summer,2024,C,Synthetic
3996,1932,COURSE79,Fall,2021,C,Synthetic
3997,1206,COURSE80,Fall,2024,D,Synthetic
3998,1170,COURSE84,Summer,2022,C,Synthetic
3999,2063,COURSE80,Fall,2022,A,Synthetic
4000,2391,COURSE103,Spring,2024,B,Synthetic
4001,2800,COURSE84,Fall,2020,F,Synthetic
4002,1487,COURSE129,Spring,2021,B,Synthetic
4003,2047,COURSE57,Spring,2023,C,Synthetic
4004,1520,COURSE141,Summer,2023,C,Synthetic
4005,1191,COURSE141,Summer,2020,C,Synthetic
4006,2400,COURSE144,Summer,2021,A,Synthetic
4007,2135,COURSE52,Summer,2024,A,Synthetic
4008,1414,COURSE136,Fall,2020,A,Synthetic
4009,2051,COURSE144,Fall,2020,C,Synthetic
4010,2325,COURSE89,Spring,2024,C,Synthetic
4011,1594,COURSE112,Spring,2019,B,Synthetic
4012,2479,COURSE111,Fall,2020,A,Synthetic
4013,2687,COURSE108,Spring,2019,C,Synthetic
4014,2382,COURSE101,Spring,2023,C,Synthetic
4015,2861,COURSE74,Summer,2020,A,Synthetic
4016,2734,COURSE65,Spring,2019,D,Synthetic
4017,1669,COURSE129,Spring,2019,C,Synthetic
4018,1289,COURSE110,Summer,2023,B,Synthetic
4019,2633,COURSE113,Summer,2022,D,Synthetic
4020,2219,COURSE98,Spring,2019,F,Synthetic
4021,1626,COURSE102,Fall,2023,F,Synthetic
4022,2543,COURSE95,Summer,2023,C,Synthetic
4023,2780,COURSE146,Fall,2021,C,Synthetic
4024,2315,COURSE145,Summer,2021,F,Synthetic
4025,1033,COURSE149,Spring,2024,F,Synthetic
4026,1344,COURSE61,Fall,2022,C,Synthetic
4027,2248,COURSE143,Spring,2023,F,Synthetic
4028,1563,COURSE91,Summer,2022,C,Synthetic
4029,1980,COURSE78,Fall,2023,A,Synthetic
4030,2812,COURSE51,Spring,2022,D,Synthetic
4031,1583,COURSE147,Fall,2020,D,Synthetic
4032,1051,COURSE67,Summer,2023,C,Synthetic
4033,2260,COURSE88,Spring,2020,A,Synthetic
4034,2057,COURSE57,Spring,2024,C,Synthetic
4035,1341,COURSE62,Spring,2021,C,Synthetic
4036,1085,COURSE86,Spring,2020,C,Synthetic
4037,2193,COURSE107,Fall,2021,B,Synthetic
4038,1827,COURSE146,Spring,2020,C,Synthetic
4039,1348,COURSE109,Spring,2023,F,Synthetic
4040,1728,COURSE98,Fall,2021,C,Synthetic
4041,1332,COURSE122,Spring,2024,F,Synthetic
4042,2064,COURSE85,Fall,2023,A,Synthetic
4043,2876,COURSE58,Summer,2021,F,Synthetic
4044,1068,COURSE59,Summer,2020,A,Synthetic
4045,2144,COURSE100,Summer,2021,B,Synthetic
4046,2286,COURSE93,Spring,2020,D,Synthetic
4047,1173,COURSE92,Spring,2019,B,Synthetic
4048,1554,COURSE122,Summer,2019,C,Synthetic
4049,1277,COURSE71,Fall,2020,C,Synthetic
4050,1948,COURSE131,Spring,2022,D,Synthetic
4051,1919,COURSE81,Summer,2020,D,Synthetic
4052,2335,COURSE58,Summer,2019,C,Synthetic
4053,1673,COURSE106,Spring,2024,D,Synthetic
4054,1976,COURSE141,Summer,2022,F,Synthetic
4055,1090,COURSE109,Spring,2022,A,Synthetic
4056,1769,COURSE103,Spring,2020,C,Synthetic
4057,1976,COURSE107,Summer,2024,A,Synthetic
4058,2963,COURSE137,Summer,2020,D,Synthetic
4059,2731,COURSE102,Spring,2023,C,Synthetic
4060,2605,COURSE83,Summer,2024,D,Synthetic
4061,2846,COURSE101,Fall,2022,B,Synthetic
4062,1140,COURSE53,Spring,2024,F,Synthetic
4063,1878,COURSE56,Fall,2020,C,Synthetic
4064,2884,COURSE64,Summer,2024,D,Synthetic
4065,2492,COURSE134,Fall,2019,B,Synthetic
4066,1636,COURSE127,Fall,2023,D,Synthetic
4067,1689,COURSE60,Summer,2019,D,Synthetic
4068,2117,COURSE66,Fall,2024,D,Synthetic
4069,2641,COURSE119,Summer,2021,D,Synthetic
4070,2981,COURSE128,Fall,2020,D,Synthetic
4071,1318,COURSE79,Spring,2022,D,Synthetic
4072,1418,COURSE108,Summer,2023,A,Synthetic
4073,2984,COURSE111,Summer,2022,A,Synthetic
4074,2006,COURSE144,Spring,2022,C,Synthetic
4075,2117,COURSE142,Spring,2023,F,Synthetic
4076,2065,COURSE55,Summer,2021,B,Synthetic
4077,1430,COURSE126,Summer,2024,A,Synthetic
4078,2784,COURSE132,Fall,2024,F,Synthetic
4079,1041,COURSE89,Spring,2023,C,Synthetic
4080,2427,COURSE63,Spring,2024,B,Synthetic
4081,2229,COURSE96,Summer,2024,A,Synthetic
4082,2256,COURSE112,Spring,2019,C,Synthetic
4083,1792,COURSE96,Spring,2021,B,Synthetic
4084,1498,COURSE109,Summer,2021,C,Synthetic
4085,2649,COURSE62,Fall,2019,F,Synthetic
4086,1221,COURSE134,Spring,2019,C,Synthetic
4087,1679,COURSE74,Spring,2022,C,Synthetic
4088,1894,COURSE137,Spring,2021,F,Synthetic
4089,2682,COURSE90,Spring,2019,D,Synthetic
4090,2600,COURSE58,Fall,2021,B,Synthetic
4091,1970,COURSE93,Spring,2022,F,Synthetic
4092,2377,COURSE150,Spring,2019,C,Synthetic
4093,1236,COURSE146,Summer,2020,B,Synthetic
4094,1426,COURSE134,Summer,2021,B,Synthetic
4095,1450,COURSE59,Spring,2023,C,Synthetic
4096,2790,COURSE105,Fall,2021,F,Synthetic
4097,2897,COURSE100,Summer,2024,C,Synthetic
4098,1556,COURSE62,Spring,2021,F,Synthetic
4099,2759,COURSE62,Fall,2019,B,Synthetic
4100,2970,COURSE79,Spring,2021,A,Synthetic
4101,2207,COURSE83,Summer,2022,A,Synthetic
4102,1237,COURSE80,Summer,2024,A,Synthetic
4103,1796,COURSE68,Spring,2020,C,Synthetic
4104,2843,COURSE149,Fall,2022,D,Synthetic
4105,2289,COURSE150,Fall,2019,F,Synthetic
4106,2660,COURSE109,Fall,2019,B,Synthetic
4107,2740,COURSE139,Spring,2021,F,Synthetic
4108,1799,COURSE65,Spring,2020,A,Synthetic
4109,1780,COURSE73,Spring,2021,C,Synthetic
4110,1677,COURSE128,Fall,2023,F,Synthetic
4111,1388,COURSE123,Spring,2019,D,Synthetic
4112,1903,COURSE100,Fall,2019,C,Synthetic
4113,1040,COURSE120,Fall,2022,A,Synthetic
4114,2284,COURSE65,Summer,2019,F,Synthetic
4115,1910,COURSE146,Spring,2021,D,Synthetic
4116,2624,COURSE150,Fall,2022,A,Synthetic
4117,1933,COURSE110,Spring,2023,F,Synthetic
4118,2171,COURSE94,Fall,2020,D,Synthetic
4119,2812,COURSE87,Spring,2021,C,Synthetic
4120,2490,COURSE82,Summer,2020,B,Synthetic
4121,2417,COURSE55,Summer,2019,C,Synthetic
4122,2779,COURSE137,Spring,2021,A,Synthetic
4123,1809,COURSE84,Spring,2019,D,Synthetic
4124,2380,COURSE55,Spring,2024,C,Synthetic
4125,2824,COURSE61,Spring,2022,A,Synthetic
4126,1095,COURSE67,Spring,2022,A,Synthetic
4127,2158,COURSE93,Summer,2019,C,Synthetic
4128,1595,COURSE110,Fall,2021,C,Synthetic
4129,2885,COURSE82,Spring,2024,D,Synthetic
4130,1326,COURSE117,Summer,2019,A,Synthetic
4131,1579,COURSE102,Fall,2021,B,Synthetic
4132,2110,COURSE138,Fall,2024,B,Synthetic
4133,1440,COURSE80,Fall,2022,C,Synthetic
4134,1644,COURSE136,Summer,2020,D,Synthetic
4135,1771,COURSE51,Summer,2019,B,Synthetic
4136,1346,COURSE93,Fall,2022,A,Synthetic
4137,1029,COURSE79,Fall,2020,B,Synthetic
4138,1136,COURSE69,Summer,2022,B,Synthetic
4139,2653,COURSE147,Spring,2021,F,Synthetic
4140,1489,COURSE70,Spring,2021,D,Synthetic
4141,2283,COURSE150,Fall,2021,D,Synthetic
4142,1222,COURSE123,Summer,2022,D,Synthetic
4143,1365,COURSE53,Summer,2024,A,Synthetic
4144,1748,COURSE67,Summer,2023,F,Synthetic
4145,2823,COURSE132,Spring,2023,C,Synthetic
4146,1282,COURSE124,Fall,2024,D,Synthetic
4147,2019,COURSE113,Fall,2021,A,Synthetic
4148,2116,COURSE131,Summer,2021,C,Synthetic
4149,2310,COURSE96,Fall,2023,B,Synthetic
4150,2701,COURSE72,Fall,2019,C,Synthetic
4151,2453,COURSE131,Summer,2022,C,Synthetic
4152,2154,COURSE87,Spring,2019,C,Synthetic
4153,1638,COURSE70,Fall,2020,A,Synthetic
4154,1468,COURSE98,Summer,2019,F,Synthetic
4155,2007,COURSE115,Spring,2021,B,Synthetic
4156,2455,COURSE109,Fall,2024,C,Synthetic
4157,2128,COURSE141,Summer,2020,D,Synthetic
4158,1038,COURSE126,Fall,2024,A,Synthetic
4159,2615,COURSE111,Fall,2023,C,Synthetic
4160,2181,COURSE117,Fall,2024,D,Synthetic
4161,1957,COURSE51,Fall,2020,A,Synthetic
4162,2539,COURSE144,Fall,2022,C,Synthetic
4163,1845,COURSE136,Summer,2024,D,Synthetic
4164,2591,COURSE127,Fall,2021,C,Synthetic
4165,1080,COURSE129,Fall,2021,D,Synthetic
4166,1444,COURSE80,Summer,2023,C,Synthetic
4167,2833,COURSE84,Fall,2019,A,Synthetic
4168,2502,COURSE76,Fall,2019,A,Synthetic
4169,1038,COURSE145,Fall,2023,C,Synthetic
4170,1660,COURSE79,Spring,2021,A,Synthetic
4171,1659,COURSE51,Spring,2022,C,Synthetic
4172,1177,COURSE129,Spring,2022,C,Synthetic
4173,2033,COURSE133,Summer,2020,A,Synthetic
4174,1259,COURSE53,Spring,2020,A,Synthetic
4175,1766,COURSE144,Summer,2023,C,Synthetic
4176,1448,COURSE67,Fall,2022,B,Synthetic
4177,2252,COURSE90,Fall,2019,C,Synthetic
4178,1432,COURSE99,Summer,2022,B,Synthetic
4179,2717,COURSE139,Fall,2022,B,Synthetic
4180,2994,COURSE119,Spring,2023,B,Synthetic
4181,1205,COURSE78,Fall,2021,D,Synthetic
4182,1153,COURSE90,Fall,2020,F,Synthetic
4183,1161,COURSE144,Fall,2019,C,Synthetic
4184,2858,COURSE145,Summer,2024,A,Synthetic
4185,2758,COURSE56,Spring,2020,D,Synthetic
4186,2122,COURSE123,Fall,2024,F,Synthetic
4187,1221,COURSE146,Summer,2020,C,Synthetic
4188,2271,COURSE128,Summer,2019,C,Synthetic
4189,2357,COURSE126,Spring,2022,C,Synthetic
4190,1916,COURSE87,Fall,2024,B,Synthetic
4191,1034,COURSE56,Fall,2023,D,Synthetic
4192,1512,COURSE136,Spring,2021,A,Synthetic
4193,2442,COURSE75,Fall,2021,C,Synthetic
4194,2827,COURSE85,Spring,2022,B,Synthetic
4195,1841,COURSE86,Summer,2022,D,Synthetic
4196,2126,COURSE118,Spring,2021,F,Synthetic
4197,2223,COURSE89,Summer,2021,A,Synthetic
4198,1950,COURSE55,Summer,2022,C,Synthetic
4199,2093,COURSE132,Spring,2021,F,Synthetic
4200,2588,COURSE98,Summer,2020,C,Synthetic
4201,1218,COURSE126,Fall,2022,A,Synthetic
4202,2529,COURSE105,Summer,2023,D,Synthetic
4203,2821,COURSE101,Summer,2023,C,Synthetic
4204,2213,COURSE81,Fall,2024,C,Synthetic
4205,2255,COURSE113,Summer,2024,C,Synthetic
4206,1080,COURSE141,Summer,2024,C,Synthetic
4207,2102,COURSE146,Spring,2019,A,Synthetic
4208,2378,COURSE68,Summer,2021,C,Synthetic
4209,2377,COURSE92,Summer,2020,B,Synthetic
4210,1117,COURSE65,Fall,2023,A,Synthetic
4211,2285,COURSE115,Fall,2021,D,Synthetic
4212,2192,COURSE119,Summer,2019,D,Synthetic
4213,1982,COURSE123,Summer,2019,A,Synthetic
4214,1684,COURSE142,Summer,2020,B,Synthetic
4215,2413,COURSE113,Fall,2023,D,Synthetic
4216,1949,COURSE131,Summer,2023,D,Synthetic
4217,2194,COURSE143,Fall,2023,C,Synthetic
4218,1507,COURSE100,Spring,2024,F,Synthetic
4219,2153,COURSE119,Summer,2022,F,Synthetic
4220,2796,COURSE74,Fall,2024,C,Synthetic
4221,1330,COURSE130,Summer,2021,C,Synthetic
4222,1892,COURSE105,Summer,2022,D,Synthetic
4223,1583,COURSE141,Spring,2020,B,Synthetic
4224,2895,COURSE87,Fall,2020,C,Synthetic
4225,2999,COURSE79,Summer,2024,B,Synthetic
4226,1715,COURSE82,Fall,2023,C,Synthetic
4227,1799,COURSE103,Summer,2022,A,Synthetic
4228,1216,COURSE72,Fall,2022,B,Synthetic
4229,2664,COURSE147,Fall,2023,A,Synthetic
4230,1272,COURSE114,Spring,2024,F,Synthetic
4231,2010,COURSE62,Fall,2023,B,Synthetic
4232,1946,COURSE104,Fall,2022,B,Synthetic
4233,2838,COURSE95,Fall,2020,B,Synthetic
4234,2002,COURSE94,Fall,2019,F,Synthetic
4235,1505,COURSE123,Spring,2022,A,Synthetic
4236,2731,COURSE61,Summer,2020,F,Synthetic
4237,2587,COURSE53,Fall,2019,C,Synthetic
4238,1240,COURSE101,Fall,2019,C,Synthetic
4239,2972,COURSE67,Fall,2023,B,Synthetic
4240,1273,COURSE147,Summer,2021,B,Synthetic
4241,1656,COURSE126,Fall,2019,A,Synthetic
4242,1026,COURSE128,Spring,2019,D,Synthetic
4243,1886,COURSE105,Summer,2021,D,Synthetic
4244,1737,COURSE82,Fall,2019,A,Synthetic
4245,2768,COURSE70,Fall,2024,A,Synthetic
4246,1312,COURSE110,Summer,2022,C,Synthetic
4247,1088,COURSE123,Fall,2020,C,Synthetic
4248,2356,COURSE137,Summer,2019,C,Synthetic
4249,1250,COURSE77,Spring,2020,B,Synthetic
4250,2917,COURSE109,Fall,2021,B,Synthetic
4251,2233,COURSE78,Fall,2024,A,Synthetic
4252,1632,COURSE124,Spring,2023,A,Synthetic
4253,1446,COURSE122,Spring,2019,C,Synthetic
4254,2493,COURSE64,Spring,2020,A,Synthetic
4255,1568,COURSE66,Summer,2023,D,Synthetic
4256,1322,COURSE112,Summer,2020,A,Synthetic
4257,1581,COURSE117,Summer,2024,D,Synthetic
4258,2578,COURSE73,Fall,2019,A,Synthetic
4259,1686,COURSE64,Summer,2024,F,Synthetic
4260,1836,COURSE60,Fall,2021,F,Synthetic
4261,2673,COURSE69,Summer,2022,C,Synthetic
4262,2709,COURSE92,Summer,2022,D,Synthetic
4263,2443,COURSE96,Summer,2019,A,Synthetic
4264,2611,COURSE124,Fall,2021,F,Synthetic
4265,2433,COURSE129,Spring,2023,B,Synthetic
4266,1222,COURSE109,Summer,2019,F,Synthetic
4267,2987,COURSE135,Summer,2021,D,Synthetic
4268,2010,COURSE98,Summer,2020,A,Synthetic
4269,1960,COURSE90,Summer,2020,B,Synthetic
4270,1429,COURSE127,Summer,2024,F,Synthetic
4271,1079,COURSE102,Summer,2019,C,Synthetic
4272,2948,COURSE130,Spring,2022,F,Synthetic
4273,2961,COURSE119,Summer,2019,F,Synthetic
4274,2429,COURSE102,Fall,2020,A,Synthetic
4275,2172,COURSE72,Spring,2019,D,Synthetic
4276,2647,COURSE81,Spring,2022,C,Synthetic
4277,2486,COURSE54,Spring,2023,C,Synthetic
4278,2534,COURSE84,Fall,2020,C,Synthetic
4279,1241,COURSE61,Summer,2020,C,Synthetic
4280,1667,COURSE123,Spring,2020,F,Synthetic
4281,2032,COURSE58,Spring,2023,C,Synthetic
4282,1083,COURSE94,Summer,2024,C,Synthetic
4283,2818,COURSE73,Spring,2024,F,Synthetic
4284,2104,COURSE75,Spring,2020,F,Synthetic
4285,1984,COURSE77,Fall,2019,C,Synthetic
4286,1738,COURSE74,Spring,2021,B,Synthetic
4287,2098,COURSE125,Spring,2024,F,Synthetic
4288,2428,COURSE65,Spring,2019,A,Synthetic
4289,2542,COURSE122,Fall,2023,F,Synthetic
4290,1395,COURSE60,Summer,2020,C,Synthetic
4291,1280,COURSE94,Spring,2021,F,Synthetic
4292,2867,COURSE141,Summer,2019,F,Synthetic
4293,2109,COURSE79,Spring,2024,A,Synthetic
4294,2410,COURSE133,Fall,2023,C,Synthetic
4295,1327,COURSE63,Fall,2019,A,Synthetic
4296,1487,COURSE129,Fall,2022,C,Synthetic
4297,1280,COURSE139,Summer,2019,F,Synthetic
4298,2398,COURSE98,Fall,2020,C,Synthetic
4299,2315,COURSE98,Fall,2024,F,Synthetic
4300,1072,COURSE111,Spring,2019,C,Synthetic
4301,1536,COURSE147,Fall,2022,D,Synthetic
4302,1749,COURSE107,Fall,2024,C,Synthetic
4303,2294,COURSE58,Summer,2021,C,Synthetic
4304,2441,COURSE114,Spring,2024,F,Synthetic
4305,1714,COURSE118,Fall,2020,B,Synthetic
4306,2394,COURSE82,Spring,2021,C,Synthetic
4307,2506,COURSE72,Spring,2020,D,Synthetic
4308,1705,COURSE98,Spring,2023,F,Synthetic
4309,2617,COURSE53,Fall,2020,B,Synthetic
4310,1493,COURSE144,Spring,2024,A,Synthetic
4311,2883,COURSE54,Fall,2024,C,Synthetic
4312,2601,COURSE55,Fall,2020,F,Synthetic
4313,1133,COURSE110,Fall,2020,D,Synthetic
4314,2405,COURSE59,Fall,2020,B,Synthetic
4315,1934,COURSE105,Summer,2019,B,Synthetic
4316,2004,COURSE87,Spring,2021,B,Synthetic
4317,1590,COURSE80,Summer,2024,D,Synthetic
4318,2214,COURSE112,Fall,2024,A,Synthetic
4319,2176,COURSE73,Spring,2022,C,Synthetic
4320,1486,COURSE97,Fall,2021,D,Synthetic
4321,2088,COURSE92,Spring,2024,C,Synthetic
4322,2771,COURSE67,Fall,2023,D,Synthetic
4323,2416,COURSE98,Fall,2022,C,Synthetic
4324,2429,COURSE116,Spring,2023,D,Synthetic
4325,2498,COURSE90,Fall,2019,F,Synthetic
4326,1512,COURSE116,Fall,2021,A,Synthetic
4327,1937,COURSE106,Summer,2021,B,Synthetic
4328,1276,COURSE118,Fall,2023,C,Synthetic
4329,2106,COURSE127,Spring,2020,D,Synthetic
4330,2234,COURSE74,Fall,2022,F,Synthetic
4331,2944,COURSE138,Fall,2024,B,Synthetic
4332,1617,COURSE91,Spring,2024,B,Synthetic
4333,1903,COURSE101,Summer,2021,A,Synthetic
4334,1370,COURSE93,Summer,2020,C,Synthetic
4335,2792,COURSE148,Spring,2024,D,Synthetic
4336,1758,COURSE143,Summer,2023,D,Synthetic
4337,1215,COURSE88,Summer,2019,F,Synthetic
4338,1597,COURSE86,Summer,2020,F,Synthetic
4339,1742,COURSE53,Summer,2020,A,Synthetic
4340,1780,COURSE85,Summer,2019,A,Synthetic
4341,1449,COURSE110,Summer,2024,F,Synthetic
4342,1771,COURSE90,Fall,2023,F,Synthetic
4343,2248,COURSE140,Spring,2019,B,Synthetic
4344,1047,COURSE139,Spring,2023,F,Synthetic
4345,1864,COURSE52,Spring,2022,C,Synthetic
4346,2100,COURSE79,Fall,2024,A,Synthetic
4347,1316,COURSE94,Spring,2020,F,Synthetic
4348,2346,COURSE105,Fall,2021,F,Synthetic
4349,1811,COURSE89,Summer,2020,F,Synthetic
4350,2089,COURSE138,Fall,2021,C,Synthetic
4351,2111,COURSE109,Summer,2020,C,Synthetic
4352,1574,COURSE79,Spring,2021,A,Synthetic
4353,2102,COURSE75,Spring,2024,C,Synthetic
4354,2559,COURSE65,Fall,2021,B,Synthetic
4355,2265,COURSE149,Fall,2019,B,Synthetic
4356,1008,COURSE61,Fall,2021,C,Synthetic
4357,1520,COURSE129,Fall,2020,D,Synthetic
4358,1222,COURSE79,Summer,2022,C,Synthetic
4359,1477,COURSE142,Summer,2023,B,Synthetic
4360,1259,COURSE115,Fall,2022,A,Synthetic
4361,2299,COURSE77,Summer,2023,A,Synthetic
4362,2159,COURSE117,Fall,2020,F,Synthetic
4363,2563,COURSE119,Fall,2024,F,Synthetic
4364,1078,COURSE122,Spring,2024,F,Synthetic
4365,1709,COURSE94,Summer,2020,D,Synthetic
4366,1522,COURSE146,Fall,2021,C,Synthetic
4367,2720,COURSE117,Fall,2021,B,Synthetic
4368,2905,COURSE97,Summer,2019,A,Synthetic
4369,1047,COURSE86,Fall,2019,A,Synthetic
4370,1583,COURSE54,Summer,2021,F,Synthetic
4371,1913,COURSE103,Spring,2021,F,Synthetic
4372,2791,COURSE92,Spring,2020,B,Synthetic
4373,1341,COURSE85,Fall,2021,C,Synthetic
4374,1265,COURSE87,Fall,2022,F,Synthetic
4375,2391,COURSE135,Spring,2024,D,Synthetic
4376,2460,COURSE144,Spring,2019,D,Synthetic
4377,1558,COURSE77,Summer,2022,F,Synthetic
4378,1456,COURSE113,Spring,2020,B,Synthetic
4379,1016,COURSE106,Fall,2020,A,Synthetic
4380,2354,COURSE55,Spring,2023,F,Synthetic
4381,1651,COURSE80,Spring,2020,C,Synthetic
4382,2475,COURSE116,Fall,2024,A,Synthetic
4383,1729,COURSE78,Fall,2024,C,Synthetic
4384,1551,COURSE76,Spring,2024,A,Synthetic
4385,1312,COURSE62,Summer,2019,A,Synthetic
4386,2375,COURSE138,Spring,2020,F,Synthetic
4387,1790,COURSE76,Fall,2021,A,Synthetic
4388,1797,COURSE112,Spring,2021,C,Synthetic
4389,2265,COURSE67,Summer,2020,A,Synthetic
4390,1080,COURSE60,Fall,2024,A,Synthetic
4391,1956,COURSE129,Fall,2020,A,Synthetic
4392,1810,COURSE126,Fall,2021,C,Synthetic
4393,1914,COURSE150,Spring,2020,C,Synthetic
4394,2126,COURSE77,Spring,2022,D,Synthetic
4395,1965,COURSE71,Fall,2020,A,Synthetic
4396,2783,COURSE104,Fall,2024,A,Synthetic
4397,1394,COURSE131,Spring,2020,F,Synthetic
4398,2019,COURSE145,Spring,2024,A,Synthetic
4399,1068,COURSE124,Spring,2022,C,Synthetic
4400,2128,COURSE148,Spring,2019,A,Synthetic
4401,1824,COURSE85,Spring,2022,D,Synthetic
4402,1962,COURSE64,Summer,2020,C,Synthetic
4403,2316,COURSE85,Spring,2021,F,Synthetic
4404,1359,COURSE117,Fall,2023,C,Synthetic
4405,2394,COURSE76,Spring,2019,C,Synthetic
4406,2215,COURSE108,Summer,2021,A,Synthetic
4407,1322,COURSE117,Summer,2023,A,Synthetic
4408,1696,COURSE69,Spring,2023,B,Synthetic
4409,1941,COURSE67,Summer,2022,A,Synthetic
4410,2085,COURSE147,Spring,2019,C,Synthetic
4411,2848,COURSE72,Summer,2020,A,Synthetic
4412,1458,COURSE125,Fall,2022,B,Synthetic
4413,1589,COURSE61,Summer,2022,C,Synthetic
4414,2133,COURSE79,Fall,2021,B,Synthetic
4415,1970,COURSE106,Fall,2022,C,Synthetic
4416,2180,COURSE81,Fall,2020,C,Synthetic
4417,2236,COURSE148,Fall,2022,A,Synthetic
4418,1791,COURSE73,Summer,2024,D,Synthetic
4419,2973,COURSE54,Fall,2020,C,Synthetic
4420,2255,COURSE141,Fall,2022,B,Synthetic
4421,2587,COURSE140,Summer,2020,B,Synthetic
4422,1742,COURSE147,Summer,2020,B,Synthetic
4423,2888,COURSE108,Spring,2023,C,Synthetic
4424,2631,COURSE137,Spring,2021,F,Synthetic
4425,1561,COURSE128,Spring,2022,A,Synthetic
4426,2224,COURSE91,Spring,2019,A,Synthetic
4427,1832,COURSE143,Spring,2023,F,Synthetic
4428,2356,COURSE94,Spring,2021,C,Synthetic
4429,1333,COURSE107,Spring,2024,C,Synthetic
4430,2771,COURSE145,Spring,2023,F,Synthetic
4431,2049,COURSE140,Spring,2024,F,Synthetic
4432,2349,COURSE68,Summer,2021,F,Synthetic
4433,1450,COURSE121,Fall,2020,D,Synthetic
4434,2941,COURSE141,Spring,2024,C,Synthetic
4435,1738,COURSE103,Summer,2020,A,Synthetic
4436,1842,COURSE64,Summer,2021,D,Synthetic
4437,1218,COURSE75,Spring,2019,F,Synthetic
4438,2288,COURSE123,Fall,2024,C,Synthetic
4439,1573,COURSE53,Fall,2023,D,Synthetic
4440,1219,COURSE145,Summer,2022,C,Synthetic
4441,2293,COURSE83,Spring,2023,B,Synthetic
4442,2290,COURSE77,Spring,2023,C,Synthetic
4443,1391,COURSE53,Spring,2020,A,Synthetic
4444,2123,COURSE74,Fall,2019,F,Synthetic
4445,2951,COURSE57,Fall,2021,C,Synthetic
4446,1653,COURSE122,Fall,2019,C,Synthetic
4447,2949,COURSE144,Fall,2023,F,Synthetic
4448,1810,COURSE147,Fall,2023,B,Synthetic
4449,1030,COURSE85,Summer,2022,B,Synthetic
4450,1884,COURSE55,Summer,2020,D,Synthetic
4451,2895,COURSE57,Spring,2020,A,Synthetic
4452,2452,COURSE113,Summer,2020,B,Synthetic
4453,1632,COURSE103,Summer,2024,D,Synthetic
4454,1806,COURSE123,Spring,2019,D,Synthetic
4455,1762,COURSE51,Fall,2020,B,Synthetic
4456,1481,COURSE64,Spring,2021,F,Synthetic
4457,1934,COURSE54,Spring,2020,D,Synthetic
4458,1853,COURSE136,Spring,2019,D,Synthetic
4459,2318,COURSE129,Summer,2019,C,Synthetic
4460,1886,COURSE52,Summer,2023,D,Synthetic
4461,2337,COURSE135,Summer,2019,A,Synthetic
4462,1589,COURSE132,Fall,2020,B,Synthetic
4463,1223,COURSE138,Fall,2019,B,Synthetic
4464,1707,COURSE116,Spring,2022,A,Synthetic
4465,1437,COURSE148,Fall,2022,B,Synthetic
4466,2016,COURSE141,Fall,2023,D,Synthetic
4467,1967,COURSE97,Spring,2020,D,Synthetic
4468,1585,COURSE84,Fall,2020,C,Synthetic
4469,1434,COURSE85,Spring,2020,F,Synthetic
4470,1232,COURSE117,Summer,2020,C,Synthetic
4471,2633,COURSE65,Fall,2019,C,Synthetic
4472,2824,COURSE93,Spring,2022,D,Synthetic
4473,2961,COURSE97,Spring,2021,B,Synthetic
4474,2860,COURSE104,Summer,2019,B,Synthetic
4475,2035,COURSE86,Summer,2021,A,Synthetic
4476,1169,COURSE53,Spring,2021,A,Synthetic
4477,2073,COURSE144,Fall,2021,C,Synthetic
4478,2551,COURSE90,Spring,2022,C,Synthetic
4479,2540,COURSE80,Fall,2024,D,Synthetic
4480,1718,COURSE110,Summer,2021,D,Synthetic
4481,2338,COURSE77,Fall,2020,C,Synthetic
4482,1327,COURSE136,Fall,2024,D,Synthetic
4483,2390,COURSE133,Spring,2024,F,Synthetic
4484,1662,COURSE136,Spring,2021,D,Synthetic
4485,1065,COURSE125,Spring,2022,B,Synthetic
4486,2367,COURSE97,Spring,2024,A,Synthetic
4487,1462,COURSE149,Fall,2020,F,Synthetic
4488,2253,COURSE121,Spring,2024,D,Synthetic
4489,2407,COURSE106,Fall,2020,C,Synthetic
4490,2543,COURSE63,Summer,2023,B,Synthetic
4491,2531,COURSE76,Spring,2023,D,Synthetic
4492,2179,COURSE57,Summer,2024,C,Synthetic
4493,2918,COURSE130,Fall,2020,D,Synthetic
4494,2928,COURSE102,Summer,2023,B,Synthetic
4495,1515,COURSE71,Fall,2024,B,Synthetic
4496,2729,COURSE100,Summer,2024,C,Synthetic
4497,1632,COURSE123,Fall,2020,B,Synthetic
4498,1821,COURSE73,Spring,2020,B,Synthetic
4499,2960,COURSE55,Summer,2020,A,Synthetic
4500,2787,COURSE69,Spring,2021,D,Synthetic
4501,2978,COURSE111,Summer,2019,A,Synthetic
4502,2894,COURSE68,Spring,2019,F,Synthetic
4503,1670,COURSE83,Summer,2024,F,Synthetic
4504,1916,COURSE116,Summer,2024,D,Synthetic
4505,2658,COURSE58,Fall,2020,C,Synthetic
4506,2801,COURSE102,Fall,2022,D,Synthetic
4507,2666,COURSE111,Summer,2024,D,Synthetic
4508,1835,COURSE77,Summer,2022,A,Synthetic
4509,1432,COURSE63,Fall,2019,C,Synthetic
4510,2723,COURSE72,Spring,2021,C,Synthetic
4511,1170,COURSE138,Spring,2020,D,Synthetic
4512,2360,COURSE94,Summer,2022,D,Synthetic
4513,2496,COURSE94,Summer,2019,B,Synthetic
4514,2045,COURSE98,Spring,2020,D,Synthetic
4515,2214,COURSE118,Fall,2021,A,Synthetic
4516,2552,COURSE99,Spring,2019,A,Synthetic
4517,1971,COURSE146,Summer,2023,C,Synthetic
4518,1955,COURSE61,Summer,2020,D,Synthetic
4519,2525,COURSE85,Spring,2023,A,Synthetic
4520,1580,COURSE83,Summer,2019,F,Synthetic
4521,1517,COURSE114,Fall,2023,C,Synthetic
4522,2756,COURSE146,Summer,2024,F,Synthetic
4523,1430,COURSE84,Summer,2019,A,Synthetic
4524,2127,COURSE143,Spring,2019,F,Synthetic
4525,1862,COURSE91,Spring,2021,F,Synthetic
4526,1976,COURSE120,Spring,2019,C,Synthetic
4527,1500,COURSE142,Summer,2021,B,Synthetic
4528,1673,COURSE83,Summer,2020,D,Synthetic
4529,2317,COURSE126,Spring,2020,D,Synthetic
4530,2818,COURSE123,Spring,2021,B,Synthetic
4531,2340,COURSE149,Fall,2020,D,Synthetic
4532,2430,COURSE74,Fall,2023,C,Synthetic
4533,1387,COURSE100,Spring,2021,F,Synthetic
4534,1650,COURSE113,Fall,2020,F,Synthetic
4535,2389,COURSE105,Fall,2022,A,Synthetic
4536,1736,COURSE120,Summer,2024,D,Synthetic
4537,1785,COURSE122,Spring,2024,A,Synthetic
4538,2223,COURSE107,Spring,2024,C,Synthetic
4539,1586,COURSE58,Fall,2021,C,Synthetic
4540,1495,COURSE76,Summer,2020,C,Synthetic
4541,1916,COURSE96,Summer,2023,F,Synthetic
4542,1068,COURSE118,Fall,2019,B,Synthetic
4543,2267,COURSE126,Spring,2021,C,Synthetic
4544,2678,COURSE138,Fall,2021,D,Synthetic
4545,2019,COURSE65,Summer,2023,A,Synthetic
4546,1875,COURSE117,Fall,2021,F,Synthetic
4547,2024,COURSE106,Summer,2020,C,Synthetic
4548,2536,COURSE84,Spring,2024,C,Synthetic
4549,2955,COURSE131,Spring,2022,A,Synthetic
4550,2146,COURSE141,Spring,2022,B,Synthetic
4551,1476,COURSE114,Fall,2024,D,Synthetic
4552,2293,COURSE80,Fall,2020,A,Synthetic
4553,2615,COURSE104,Spring,2022,F,Synthetic
4554,1508,COURSE101,Summer,2019,C,Synthetic
4555,1953,COURSE63,Fall,2021,F,Synthetic
4556,2975,COURSE128,Spring,2021,D,Synthetic
4557,1848,COURSE51,Summer,2024,D,Synthetic
4558,1112,COURSE149,Spring,2020,D,Synthetic
4559,2452,COURSE57,Fall,2020,D,Synthetic
4560,2007,COURSE98,Spring,2020,B,Synthetic
4561,1724,COURSE100,Spring,2020,A,Synthetic
4562,1582,COURSE87,Fall,2019,B,Synthetic
4563,2686,COURSE147,Fall,2022,F,Synthetic
4564,1227,COURSE113,Summer,2024,D,Synthetic
4565,1337,COURSE94,Fall,2019,A,Synthetic
4566,2970,COURSE75,Fall,2024,C,Synthetic
4567,1311,COURSE125,Fall,2022,C,Synthetic
4568,2247,COURSE123,Fall,2022,A,Synthetic
4569,2037,COURSE101,Summer,2024,D,Synthetic
4570,2983,COURSE65,Fall,2022,C,Synthetic
4571,2216,COURSE119,Summer,2019,B,Synthetic
4572,1628,COURSE59,Summer,2022,D,Synthetic
4573,1837,COURSE83,Fall,2022,D,Synthetic
4574,1835,COURSE114,Fall,2022,C,Synthetic
4575,1471,COURSE87,Fall,2023,C,Synthetic
4576,1937,COURSE149,Spring,2023,D,Synthetic
4577,1257,COURSE99,Spring,2022,D,Synthetic
4578,2599,COURSE52,Fall,2020,A,Synthetic
4579,2903,COURSE123,Spring,2024,C,Synthetic
4580,1066,COURSE128,Summer,2022,F,Synthetic
4581,1544,COURSE60,Fall,2021,A,Synthetic
4582,2811,COURSE55,Summer,2019,D,Synthetic
4583,2486,COURSE73,Summer,2021,A,Synthetic
4584,1975,COURSE76,Summer,2023,C,Synthetic
4585,1704,COURSE99,Fall,2020,D,Synthetic
4586,1828,COURSE92,Summer,2019,B,Synthetic
4587,1252,COURSE81,Spring,2024,F,Synthetic
4588,1108,COURSE70,Fall,2024,C,Synthetic
4589,2056,COURSE68,Fall,2024,D,Synthetic
4590,1299,COURSE58,Spring,2020,C,Synthetic
4591,1580,COURSE103,Spring,2024,C,Synthetic
4592,1209,COURSE133,Fall,2020,A,Synthetic
4593,2774,COURSE114,Summer,2020,D,Synthetic
4594,2498,COURSE137,Spring,2022,A,Synthetic
4595,2699,COURSE120,Summer,2021,C,Synthetic
4596,2004,COURSE62,Spring,2020,B,Synthetic
4597,2405,COURSE81,Spring,2022,C,Synthetic
4598,1038,COURSE91,Summer,2020,B,Synthetic
4599,1797,COURSE88,Spring,2022,C,Synthetic
4600,1031,COURSE106,Fall,2020,C,Synthetic
4601,2510,COURSE78,Spring,2019,A,Synthetic
4602,2061,COURSE111,Spring,2024,B,Synthetic
4603,1597,COURSE75,Summer,2022,F,Synthetic
4604,1707,COURSE139,Summer,2020,F,Synthetic
4605,1208,COURSE80,Fall,2020,A,Synthetic
4606,1405,COURSE79,Spring,2024,C,Synthetic
4607,1923,COURSE133,Summer,2019,C,Synthetic
4608,2999,COURSE66,Spring,2021,C,Synthetic
4609,2358,COURSE148,Fall,2022,C,Synthetic
4610,1315,COURSE138,Fall,2024,C,Synthetic
4611,1669,COURSE88,Spring,2020,C,Synthetic
4612,2996,COURSE79,Summer,2019,C,Synthetic
4613,1192,COURSE140,Summer,2023,F,Synthetic
4614,2548,COURSE57,Summer,2021,B,Synthetic
4615,2054,COURSE145,Spring,2020,B,Synthetic
4616,1421,COURSE79,Spring,2024,A,Synthetic
4617,1535,COURSE90,Spring,2021,A,Synthetic
4618,1543,COURSE73,Fall,2020,F,Synthetic
4619,1261,COURSE64,Summer,2019,B,Synthetic
4620,1156,COURSE69,Summer,2021,D,Synthetic
4621,1543,COURSE140,Spring,2020,F,Synthetic
4622,1019,COURSE59,Summer,2019,F,Synthetic
4623,1178,COURSE63,Spring,2019,C,Synthetic
4624,1214,COURSE126,Spring,2022,D,Synthetic
4625,2489,COURSE106,Fall,2020,F,Synthetic
4626,2096,COURSE60,Summer,2022,B,Synthetic
4627,1463,COURSE60,Spring,2021,C,Synthetic
4628,1249,COURSE92,Spring,2020,A,Synthetic
4629,1401,COURSE52,Fall,2024,C,Synthetic
4630,1227,COURSE102,Summer,2019,F,Synthetic
4631,2347,COURSE95,Summer,2022,A,Synthetic
4632,1996,COURSE82,Spring,2023,C,Synthetic
4633,1785,COURSE97,Fall,2020,A,Synthetic
4634,1014,COURSE150,Spring,2020,C,Synthetic
4635,1258,COURSE140,Fall,2023,C,Synthetic
4636,1140,COURSE144,Spring,2022,C,Synthetic
4637,2554,COURSE61,Fall,2020,C,Synthetic
4638,2868,COURSE122,Summer,2019,C,Synthetic
4639,1945,COURSE64,Fall,2022,A,Synthetic
4640,2634,COURSE79,Fall,2023,C,Synthetic
4641,2030,COURSE87,Fall,2022,C,Synthetic
4642,1364,COURSE95,Fall,2024,F,Synthetic
4643,2606,COURSE58,Spring,2021,F,Synthetic
4644,2900,COURSE142,Fall,2019,C,Synthetic
4645,2239,COURSE72,Summer,2022,C,Synthetic
4646,1262,COURSE150,Spring,2022,D,Synthetic
4647,2310,COURSE148,Summer,2019,B,Synthetic
4648,1314,COURSE128,Spring,2024,B,Synthetic
4649,1388,COURSE134,Summer,2020,C,Synthetic
4650,2364,COURSE127,Spring,2019,C,Synthetic
4651,2031,COURSE119,Fall,2023,B,Synthetic
4652,1954,COURSE129,Fall,2023,A,Synthetic
4653,2224,COURSE94,Spring,2020,A,Synthetic
4654,1470,COURSE131,Spring,2023,C,Synthetic
4655,1346,COURSE115,Fall,2022,D,Synthetic
4656,1803,COURSE83,Fall,2019,B,Synthetic
4657,1182,COURSE53,Summer,2019,D,Synthetic
4658,2311,COURSE113,Spring,2023,A,Synthetic
4659,2263,COURSE150,Spring,2023,C,Synthetic
4660,1251,COURSE86,Spring,2020,B,Synthetic
4661,1118,COURSE131,Summer,2024,F,Synthetic
4662,1007,COURSE132,Fall,2019,A,Synthetic
4663,1392,COURSE75,Fall,2022,F,Synthetic
4664,2649,COURSE81,Fall,2020,B,Synthetic
4665,1147,COURSE86,Spring,2022,D,Synthetic
4666,1584,COURSE58,Spring,2022,C,Synthetic
4667,1893,COURSE111,Fall,2021,C,Synthetic
4668,1736,COURSE113,Spring,2023,D,Synthetic
4669,2346,COURSE117,Fall,2022,B,Synthetic
4670,1008,COURSE82,Summer,2019,B,Synthetic
4671,2617,COURSE89,Summer,2023,C,Synthetic
4672,2649,COURSE67,Spring,2024,C,Synthetic
4673,2583,COURSE147,Summer,2021,A,Synthetic
4674,1335,COURSE119,Summer,2023,B,Synthetic
4675,2997,COURSE87,Spring,2019,C,Synthetic
4676,1617,COURSE119,Fall,2021,B,Synthetic
4677,2477,COURSE125,Spring,2023,D,Synthetic
4678,2963,COURSE111,Fall,2023,A,Synthetic
4679,2335,COURSE59,Summer,2022,B,Synthetic
4680,2805,COURSE149,Spring,2020,D,Synthetic
4681,2615,COURSE108,Spring,2021,C,Synthetic
4682,2608,COURSE51,Spring,2019,C,Synthetic
4683,1948,COURSE139,Summer,2023,B,Synthetic
4684,1945,COURSE95,Fall,2020,C,Synthetic
4685,1825,COURSE114,Fall,2020,C,Synthetic
4686,1226,COURSE115,Summer,2020,B,Synthetic
4687,1203,COURSE142,Fall,2019,C,Synthetic
4688,1615,COURSE51,Fall,2021,D,Synthetic
4689,1764,COURSE87,Spring,2023,D,Synthetic
4690,2541,COURSE121,Spring,2024,C,Synthetic
4691,2689,COURSE147,Fall,2023,D,Synthetic
4692,1469,COURSE135,Summer,2022,F,Synthetic
4693,2320,COURSE136,Summer,2022,B,Synthetic
4694,1978,COURSE95,Fall,2024,C,Synthetic
4695,1262,COURSE104,Spring,2021,B,Synthetic
4696,2695,COURSE62,Spring,2023,C,Synthetic
4697,1720,COURSE146,Fall,2021,C,Synthetic
4698,2989,COURSE126,Spring,2022,A,Synthetic
4699,1311,COURSE105,Summer,2020,C,Synthetic
4700,2091,COURSE144,Spring,2019,B,Synthetic
4701,2824,COURSE100,Summer,2019,A,Synthetic
4702,1176,COURSE66,Summer,2019,C,Synthetic
4703,2493,COURSE132,Spring,2024,D,Synthetic
4704,2058,COURSE135,Spring,2022,F,Synthetic
4705,2267,COURSE102,Fall,2019,C,Synthetic
4706,2011,COURSE56,Fall,2020,D,Synthetic
4707,2839,COURSE96,Spring,2019,A,Synthetic
4708,1663,COURSE148,Fall,2021,C,Synthetic
4709,2481,COURSE96,Fall,2023,C,Synthetic
4710,1328,COURSE139,Summer,2019,F,Synthetic
4711,2614,COURSE123,Fall,2020,F,Synthetic
4712,1229,COURSE96,Summer,2021,F,Synthetic
4713,1721,COURSE111,Summer,2021,C,Synthetic
4714,1179,COURSE133,Fall,2021,C,Synthetic
4715,2771,COURSE112,Fall,2021,D,Synthetic
4716,2118,COURSE94,Fall,2024,F,Synthetic
4717,2932,COURSE100,Summer,2022,C,Synthetic
4718,2480,COURSE106,Summer,2020,C,Synthetic
4719,2944,COURSE110,Spring,2020,D,Synthetic
4720,2670,COURSE101,Spring,2020,F,Synthetic
4721,2577,COURSE61,Spring,2019,C,Synthetic
4722,1338,COURSE75,Summer,2021,C,Synthetic
4723,2212,COURSE149,Fall,2022,F,Synthetic
4724,2356,COURSE132,Summer,2022,C,Synthetic
4725,2129,COURSE98,Spring,2024,C,Synthetic
4726,1713,COURSE126,Summer,2024,D,Synthetic
4727,2911,COURSE104,Fall,2020,F,Synthetic
4728,2592,COURSE93,Summer,2021,C,Synthetic
4729,1008,COURSE52,Spring,2024,C,Synthetic
4730,2330,COURSE131,Fall,2020,F,Synthetic
4731,2353,COURSE93,Spring,2019,B,Synthetic
4732,2095,COURSE108,Summer,2024,D,Synthetic
4733,2096,COURSE142,Summer,2024,B,Synthetic
4734,1013,COURSE150,Summer,2022,B,Synthetic
4735,1271,COURSE95,Summer,2022,D,Synthetic
4736,1893,COURSE131,Spring,2022,C,Synthetic
4737,2402,COURSE86,Spring,2020,B,Synthetic
4738,2426,COURSE100,Summer,2024,D,Synthetic
4739,1454,COURSE70,Summer,2024,B,Synthetic
4740,2226,COURSE55,Summer,2021,A,Synthetic
4741,1290,COURSE133,Summer,2024,C,Synthetic
4742,2358,COURSE83,Spring,2023,B,Synthetic
4743,1853,COURSE92,Spring,2019,A,Synthetic
4744,2207,COURSE118,Spring,2022,C,Synthetic
4745,1906,COURSE101,Spring,2022,C,Synthetic
4746,1539,COURSE90,Spring,2022,D,Synthetic
4747,2641,COURSE136,Summer,2022,B,Synthetic
4748,2223,COURSE107,Spring,2020,F,Synthetic
4749,2616,COURSE56,Spring,2023,A,Synthetic
4750,1539,COURSE140,Spring,2019,A,Synthetic
4751,2825,COURSE61,Summer,2021,D,Synthetic
4752,2767,COURSE149,Fall,2022,C,Synthetic
4753,2941,COURSE107,Summer,2019,C,Synthetic
4754,1687,COURSE127,Spring,2022,A,Synthetic
4755,2203,COURSE88,Spring,2019,D,Synthetic
4756,1723,COURSE95,Spring,2020,A,Synthetic
4757,1217,COURSE105,Fall,2020,C,Synthetic
4758,1557,COURSE92,Summer,2020,B,Synthetic
4759,1300,COURSE67,Fall,2024,C,Synthetic
4760,1331,COURSE127,Fall,2022,F,Synthetic
4761,2442,COURSE75,Spring,2020,C,Synthetic
4762,1939,COURSE141,Spring,2020,A,Synthetic
4763,2090,COURSE63,Fall,2023,C,Synthetic
4764,1927,COURSE130,Fall,2020,D,Synthetic
4765,2025,COURSE97,Spring,2023,A,Synthetic
4766,1537,COURSE82,Spring,2020,C,Synthetic
4767,1699,COURSE79,Fall,2024,C,Synthetic
4768,1923,COURSE102,Fall,2021,C,Synthetic
4769,2288,COURSE120,Fall,2024,D,Synthetic
4770,1196,COURSE139,Fall,2024,A,Synthetic
4771,1346,COURSE83,Spring,2022,D,Synthetic
4772,2082,COURSE130,Fall,2019,A,Synthetic
4773,1410,COURSE116,Fall,2019,D,Synthetic
4774,1969,COURSE91,Fall,2022,B,Synthetic
4775,1376,COURSE60,Summer,2020,C,Synthetic
4776,2696,COURSE110,Spring,2022,C,Synthetic
4777,2154,COURSE145,Summer,2020,B,Synthetic
4778,2711,COURSE124,Fall,2024,B,Synthetic
4779,2026,COURSE54,Fall,2021,F,Synthetic
4780,1409,COURSE69,Fall,2021,D,Synthetic
4781,1715,COURSE58,Summer,2020,C,Synthetic
4782,2891,COURSE58,Fall,2019,C,Synthetic
4783,1638,COURSE80,Spring,2022,B,Synthetic
4784,1568,COURSE101,Summer,2024,C,Synthetic
4785,1109,COURSE73,Fall,2021,D,Synthetic
4786,2262,COURSE65,Summer,2020,B,Synthetic
4787,1082,COURSE51,Fall,2019,F,Synthetic
4788,1111,COURSE55,Summer,2022,C,Synthetic
4789,1655,COURSE136,Spring,2024,B,Synthetic
4790,2022,COURSE104,Fall,2019,A,Synthetic
4791,2223,COURSE138,Fall,2022,F,Synthetic
4792,2356,COURSE65,Spring,2020,F,Synthetic
4793,2435,COURSE103,Fall,2019,B,Synthetic
4794,2138,COURSE59,Fall,2019,B,Synthetic
4795,1331,COURSE111,Spring,2020,B,Synthetic
4796,2227,COURSE131,Summer,2020,A,Synthetic
4797,1718,COURSE81,Summer,2019,C,Synthetic
4798,2108,COURSE105,Fall,2020,D,Synthetic
4799,1079,COURSE101,Summer,2023,F,Synthetic
4800,1461,COURSE126,Spring,2019,C,Synthetic
4801,2971,COURSE130,Fall,2023,A,Synthetic
4802,1192,COURSE94,Fall,2020,A,Synthetic
4803,2478,COURSE71,Fall,2024,C,Synthetic
4804,2282,COURSE129,Fall,2019,A,Synthetic
4805,2722,COURSE82,Spring,2020,C,Synthetic
4806,2073,COURSE137,Spring,2024,B,Synthetic
4807,1608,COURSE94,Summer,2023,C,Synthetic
4808,2516,COURSE81,Summer,2024,C,Synthetic
4809,1396,COURSE61,Fall,2021,D,Synthetic
4810,1590,COURSE105,Fall,2023,A,Synthetic
4811,2158,COURSE86,Summer,2021,D,Synthetic
4812,1877,COURSE124,Spring,2023,F,Synthetic
4813,2433,COURSE69,Spring,2019,C,Synthetic
4814,2837,COURSE114,Summer,2021,C,Synthetic
4815,2239,COURSE135,Summer,2022,C,Synthetic
4816,2767,COURSE102,Spring,2023,A,Synthetic
4817,1377,COURSE124,Spring,2022,C,Synthetic
4818,1604,COURSE110,Summer,2023,A,Synthetic
4819,2128,COURSE89,Spring,2020,C,Synthetic
4820,2782,COURSE53,Spring,2024,B,Synthetic
4821,2993,COURSE111,Summer,2024,A,Synthetic
4822,2054,COURSE58,Summer,2022,C,Synthetic
4823,1995,COURSE124,Summer,2023,C,Synthetic
4824,2230,COURSE53,Spring,2024,F,Synthetic
4825,1897,COURSE138,Fall,2023,A,Synthetic
4826,2766,COURSE127,Summer,2024,C,Synthetic
4827,1065,COURSE128,Fall,2024,A,Synthetic
4828,1510,COURSE92,Fall,2021,D,Synthetic
4829,1096,COURSE117,Fall,2024,F,Synthetic
4830,2145,COURSE103,Fall,2020,F,Synthetic
4831,2986,COURSE128,Fall,2023,B,Synthetic
4832,2250,COURSE140,Fall,2023,B,Synthetic
4833,2136,COURSE97,Fall,2019,C,Synthetic
4834,1455,COURSE89,Summer,2020,B,Synthetic
4835,1330,COURSE67,Spring,2020,B,Synthetic
4836,2055,COURSE90,Fall,2024,D,Synthetic
4837,2416,COURSE104,Summer,2023,B,Synthetic
4838,2523,COURSE148,Fall,2020,F,Synthetic
4839,2184,COURSE94,Spring,2024,F,Synthetic
4840,1323,COURSE128,Summer,2020,F,Synthetic
4841,2221,COURSE85,Summer,2021,A,Synthetic
4842,1725,COURSE82,Spring,2022,B,Synthetic
4843,2084,COURSE121,Summer,2024,A,Synthetic
4844,1523,COURSE88,Summer,2022,C,Synthetic
4845,2130,COURSE129,Fall,2022,F,Synthetic
4846,2794,COURSE65,Spring,2021,D,Synthetic
4847,1215,COURSE122,Summer,2021,B,Synthetic
4848,2362,COURSE98,Spring,2022,F,Synthetic
4849,1971,COURSE110,Fall,2020,A,Synthetic
4850,1560,COURSE140,Summer,2024,C,Synthetic
4851,2167,COURSE137,Summer,2020,B,Synthetic
4852,1124,COURSE90,Fall,2024,F,Synthetic
4853,2929,COURSE52,Summer,2020,F,Synthetic
4854,1029,COURSE120,Spring,2019,C,Synthetic
4855,1122,COURSE106,Spring,2020,D,Synthetic
4856,1949,COURSE78,Spring,2021,A,Synthetic
4857,1884,COURSE129,Spring,2019,D,Synthetic
4858,2049,COURSE133,Fall,2021,C,Synthetic
4859,1854,COURSE72,Spring,2022,A,Synthetic
4860,2325,COURSE142,Summer,2024,A,Synthetic
4861,2557,COURSE121,Summer,2024,A,Synthetic
4862,2547,COURSE125,Summer,2023,A,Synthetic
4863,1956,COURSE132,Fall,2023,A,Synthetic
4864,1254,COURSE69,Spring,2024,D,Synthetic
4865,1514,COURSE117,Summer,2024,A,Synthetic
4866,2610,COURSE63,Fall,2020,A,Synthetic
4867,1612,COURSE101,Summer,2019,C,Synthetic
4868,2645,COURSE135,Spring,2019,B,Synthetic
4869,1993,COURSE127,Fall,2019,C,Synthetic
4870,1550,COURSE143,Fall,2019,D,Synthetic
4871,1005,COURSE73,Summer,2022,C,Synthetic
4872,2417,COURSE64,Fall,2020,C,Synthetic
4873,1532,COURSE134,Summer,2022,C,Synthetic
4874,2198,COURSE130,Spring,2020,F,Synthetic
4875,1875,COURSE114,Summer,2019,A,Synthetic
4876,2273,COURSE100,Fall,2024,D,Synthetic
4877,1272,COURSE141,Spring,2021,B,Synthetic
4878,2164,COURSE51,Summer,2022,D,Synthetic
4879,1054,COURSE107,Fall,2022,F,Synthetic
4880,1467,COURSE52,Fall,2022,B,Synthetic
4881,2757,COURSE79,Spring,2023,D,Synthetic
4882,1074,COURSE90,Fall,2021,A,Synthetic
4883,2159,COURSE133,Fall,2022,C,Synthetic
4884,2534,COURSE74,Fall,2019,C,Synthetic
4885,1109,COURSE110,Fall,2021,D,Synthetic
4886,1811,COURSE109,Fall,2022,B,Synthetic
4887,2771,COURSE79,Fall,2024,D,Synthetic
4888,2786,COURSE91,Fall,2022,F,Synthetic
4889,1316,COURSE144,Fall,2022,D,Synthetic
4890,2468,COURSE135,Spring,2021,C,Synthetic
4891,1957,COURSE133,Fall,2020,C,Synthetic
4892,1364,COURSE72,Fall,2022,C,Synthetic
4893,1133,COURSE52,Summer,2024,A,Synthetic
4894,1917,COURSE102,Summer,2024,A,Synthetic
4895,2090,COURSE124,Spring,2024,C,Synthetic
4896,2452,COURSE56,Spring,2023,D,Synthetic
4897,1165,COURSE86,Summer,2023,C,Synthetic
4898,2451,COURSE106,Fall,2024,C,Synthetic
4899,2104,COURSE60,Spring,2023,F,Synthetic
4900,2767,COURSE69,Spring,2024,D,Synthetic
4901,1558,COURSE99,Spring,2023,A,Synthetic
4902,2801,COURSE109,Fall,2020,F,Synthetic
4903,2282,COURSE109,Summer,2024,A,Synthetic
4904,2974,COURSE86,Fall,2023,A,Synthetic
4905,1029,COURSE120,Spring,2024,B,Synthetic
4906,2884,COURSE129,Summer,2022,F,Synthetic
4907,1244,COURSE91,Fall,2024,C,Synthetic
4908,1987,COURSE69,Fall,2024,B,Synthetic
4909,2374,COURSE65,Fall,2019,B,Synthetic
4910,2528,COURSE107,Fall,2019,C,Synthetic
4911,2244,COURSE138,Fall,2022,C,Synthetic
4912,2668,COURSE146,Summer,2023,C,Synthetic
4913,2237,COURSE94,Spring,2022,A,Synthetic
4914,2158,COURSE117,Spring,2020,B,Synthetic
4915,1536,COURSE77,Fall,2023,C,Synthetic
4916,2405,COURSE98,Spring,2024,B,Synthetic
4917,1041,COURSE66,Summer,2024,C,Synthetic
4918,2872,COURSE141,Spring,2022,B,Synthetic
4919,1254,COURSE144,Fall,2021,F,Synthetic
4920,2351,COURSE63,Spring,2023,C,Synthetic
4921,1993,COURSE131,Spring,2022,B,Synthetic
4922,2532,COURSE127,Spring,2022,D,Synthetic
4923,1729,COURSE133,Fall,2022,C,Synthetic
4924,1529,COURSE117,Summer,2019,F,Synthetic
4925,2318,COURSE142,Fall,2019,D,Synthetic
4926,2434,COURSE60,Spring,2024,C,Synthetic
4927,1990,COURSE118,Spring,2024,B,Synthetic
4928,1323,COURSE137,Summer,2019,F,Synthetic
4929,2295,COURSE125,Spring,2024,D,Synthetic
4930,1870,COURSE118,Fall,2024,F,Synthetic
4931,1092,COURSE65,Summer,2024,B,Synthetic
4932,2474,COURSE140,Summer,2024,C,Synthetic
4933,2143,COURSE140,Fall,2022,B,Synthetic
4934,1209,COURSE137,Fall,2019,D,Synthetic
4935,1325,COURSE140,Fall,2024,C,Synthetic
4936,1868,COURSE70,Spring,2020,F,Synthetic
4937,2899,COURSE137,Summer,2022,D,Synthetic
4938,1132,COURSE138,Fall,2022,F,Synthetic
4939,2211,COURSE136,Fall,2024,B,Synthetic
4940,2050,COURSE63,Fall,2021,B,Synthetic
4941,1651,COURSE107,Spring,2021,A,Synthetic
4942,2838,COURSE109,Spring,2022,D,Synthetic
4943,1202,COURSE67,Summer,2020,D,Synthetic
4944,2047,COURSE60,Fall,2024,D,Synthetic
4945,2119,COURSE96,Summer,2019,C,Synthetic
4946,1492,COURSE82,Summer,2022,D,Synthetic
4947,2692,COURSE115,Summer,2022,D,Synthetic
4948,1749,COURSE110,Spring,2019,D,Synthetic
4949,1446,COURSE73,Fall,2019,C,Synthetic
4950,2356,COURSE81,Fall,2022,C,Synthetic
4951,1581,COURSE136,Fall,2024,C,Synthetic
4952,2634,COURSE79,Summer,2022,F,Synthetic
4953,2105,COURSE112,Summer,2022,A,Synthetic
4954,1230,COURSE129,Summer,2019,C,Synthetic
4955,2433,COURSE98,Summer,2019,A,Synthetic
4956,1937,COURSE138,Summer,2022,C,Synthetic
4957,2459,COURSE108,Spring,2020,C,Synthetic
4958,1054,COURSE150,Summer,2023,B,Synthetic
4959,2419,COURSE148,Fall,2022,D,Synthetic
4960,2903,COURSE129,Fall,2019,C,Synthetic
4961,2492,COURSE60,Spring,2024,D,Synthetic
4962,1397,COURSE55,Spring,2022,B,Synthetic
4963,2050,COURSE81,Spring,2021,C,Synthetic
4964,2665,COURSE107,Spring,2019,C,Synthetic
4965,2540,COURSE149,Summer,2024,F,Synthetic
4966,1524,COURSE80,Spring,2019,C,Synthetic
4967,2824,COURSE147,Spring,2019,C,Synthetic
4968,2337,COURSE143,Fall,2023,A,Synthetic
4969,1232,COURSE116,Fall,2020,C,Synthetic
4970,2983,COURSE144,Spring,2022,F,Synthetic
4971,2300,COURSE98,Fall,2022,B,Synthetic
4972,1005,COURSE138,Fall,2024,B,Synthetic
4973,1787,COURSE145,Fall,2023,C,Synthetic
4974,1436,COURSE144,Summer,2020,D,Synthetic
4975,2171,COURSE93,Spring,2020,B,Synthetic
4976,1857,COURSE55,Spring,2022,C,Synthetic
4977,1119,COURSE101,Spring,2020,A,Synthetic
4978,2893,COURSE68,Summer,2019,A,Synthetic
4979,1489,COURSE82,Spring,2020,D,Synthetic
4980,2471,COURSE64,Fall,2022,D,Synthetic
4981,2730,COURSE113,Summer,2024,C,Synthetic
4982,2215,COURSE60,Spring,2019,C,Synthetic
4983,1430,COURSE90,Spring,2022,F,Synthetic
4984,1730,COURSE116,Fall,2023,B,Synthetic
4985,1729,COURSE96,Summer,2022,C,Synthetic
4986,1554,COURSE139,Spring,2019,C,Synthetic
4987,1592,COURSE142,Fall,2021,C,Synthetic
4988,1536,COURSE85,Spring,2024,C,Synthetic
4989,1008,COURSE131,Spring,2021,C,Synthetic
4990,1526,COURSE80,Summer,2019,B,Synthetic
4991,2306,COURSE96,Fall,2024,C,Synthetic
4992,1095,COURSE147,Fall,2024,D,Synthetic
4993,1862,COURSE84,Spring,2019,A,Synthetic
4994,1645,COURSE117,Summer,2020,B,Synthetic
4995,2508,COURSE134,Spring,2021,B,Synthetic
4996,1582,COURSE134,Summer,2024,A,Synthetic
4997,1915,COURSE72,Fall,2020,A,Synthetic
4998,1494,COURSE54,Summer,2023,C,Synthetic
4999,1779,COURSE54,Spring,2021,B,Synthetic
5000,2790,COURSE147,Spring,2021,A,Synthetic
