GradeID,StudentID,CourseID,AssignmentType,Score,Date
1,1107,COURSE36,Midterm,89.0,2023-05-05 00:00:00
2,1221,COURSE46,Quiz,96.0,2021-11-20 00:00:00
3,1076,COURSE2,Quiz,84.0,2021-05-21 00:00:00
4,1133,COURSE49,Quiz,73.0,2024-07-10 00:00:00
5,1175,COURSE42,Quiz,67.0,2020-11-17 00:00:00
6,1408,COURSE16,Assignment,69.0,2022-12-26 00:00:00
7,1049,COURSE11,Assignment,72.0,2024-06-14 00:00:00
8,1188,COURSE22,Assignment,91.0,2020-12-18 00:00:00
9,1079,COURSE34,Assignment,65.0,2022-01-06 00:00:00
10,1465,COURSE49,Assignment,88.0,2022-05-31 00:00:00
11,1291,COURSE4,Assignment,68.0,2023-05-30 00:00:00
12,1325,COURSE5,Midterm,84.0,2022-11-06 00:00:00
13,1488,COURSE39,Final Exam,62.0,2023-07-30 00:00:00
14,1431,COURSE43,Quiz,96.0,2023-09-21 00:00:00
15,1258,COURSE40,Assignment,69.0,2024-06-03 00:00:00
16,1171,COURSE1,Assignment,74.0,2022-04-27 00:00:00
17,1498,COURSE50,Midterm,74.0,2022-08-25 00:00:00
18,1499,COURSE25,Midterm,77.0,2024-11-27 00:00:00
19,1187,COURSE32,Assignment,87.0,2021-09-25 00:00:00
20,1138,COURSE27,Midterm,72.0,2020-12-27 00:00:00
21,1085,COURSE39,Final Exam,65.0,2024-07-18 00:00:00
22,1393,COURSE34,Final Exam,83.0,2024-01-29 00:00:00
23,1024,COURSE41,Assignment,69.0,2023-03-08 00:00:00
24,1412,COURSE21,Quiz,89.0,2021-11-04 00:00:00
25,1418,COURSE16,Final Exam,91.0,2023-04-11 00:00:00
26,1449,COURSE27,Final Exam,75.0,2023-02-24 00:00:00
27,1127,COURSE11,Final Exam,93.0,2023-04-19 00:00:00
28,1351,COURSE10,Assignment,79.0,2021-06-19 00:00:00
29,1418,COURSE29,Quiz,83.0,2024-02-21 00:00:00
30,1007,COURSE34,Midterm,95.0,2024-02-29 00:00:00
31,1287,COURSE49,Midterm,89.0,2021-11-03 00:00:00
32,1454,COURSE47,Quiz,98.0,2022-01-09 00:00:00
33,1480,COURSE18,Final Exam,60.0,2022-09-06 00:00:00
34,1351,COURSE43,Quiz,84.0,2021-03-18 00:00:00
35,1437,COURSE18,Midterm,89.0,2023-06-21 00:00:00
36,1106,COURSE18,Midterm,69.0,2024-08-02 00:00:00
37,1264,COURSE41,Assignment,80.0,2023-03-01 00:00:00
38,1422,COURSE40,Quiz,77.0,2022-06-25 00:00:00
39,1058,COURSE23,Midterm,64.0,2023-08-07 00:00:00
40,1232,COURSE16,Assignment,84.0,2021-01-22 00:00:00
41,1102,COURSE37,Final Exam,87.0,2022-08-10 00:00:00
42,1273,COURSE43,Quiz,82.0,2023-06-15 00:00:00
43,1464,COURSE5,Midterm,64.0,2020-10-26 00:00:00
44,1397,COURSE2,Midterm,99.0,2023-09-08 00:00:00
45,1073,COURSE37,Midterm,98.0,2021-01-31 00:00:00
46,1453,COURSE13,Midterm,92.0,2021-04-22 00:00:00
47,1170,COURSE47,Final Exam,85.0,2024-09-18 00:00:00
48,1239,COURSE3,Quiz,71.0,2024-05-02 00:00:00
49,1457,COURSE45,Final Exam,69.0,2021-04-28 00:00:00
50,1447,COURSE36,Midterm,80.0,2021-11-20 00:00:00
51,1284,COURSE23,Quiz,62.0,2024-04-22 00:00:00
52,1048,COURSE3,Quiz,94.0,2021-09-01 00:00:00
53,1165,COURSE7,Quiz,63.0,2022-03-16 00:00:00
54,1056,COURSE15,Assignment,81.0,2024-10-22 00:00:00
55,1137,COURSE10,Midterm,64.0,2022-03-26 00:00:00
56,1145,COURSE1,Midterm,69.0,2022-02-25 00:00:00
57,1258,COURSE2,Final Exam,75.0,2022-03-18 00:00:00
58,1298,COURSE18,Final Exam,82.0,2021-07-14 00:00:00
59,1242,COURSE48,Midterm,87.0,2021-07-07 00:00:00
60,1400,COURSE38,Quiz,67.0,2024-03-20 00:00:00
61,1387,COURSE43,Midterm,98.0,2022-10-15 00:00:00
62,1044,COURSE43,Assignment,69.0,2024-10-21 00:00:00
63,1369,COURSE16,Midterm,100.0,2020-11-16 00:00:00
64,1036,COURSE25,Quiz,63.0,2022-11-07 00:00:00
65,1207,COURSE46,Assignment,88.0,2022-12-29 00:00:00
66,1205,COURSE41,Final Exam,63.0,2022-10-23 00:00:00
67,1219,COURSE49,Assignment,79.0,2024-10-15 00:00:00
68,1377,COURSE16,Final Exam,79.0,2020-12-29 00:00:00
69,1315,COURSE50,Quiz,70.0,2021-05-31 00:00:00
70,1015,COURSE46,Quiz,77.0,2020-01-17 00:00:00
71,1477,COURSE32,Final Exam,68.0,2023-06-23 00:00:00
72,1067,COURSE14,Assignment,89.0,2023-02-11 00:00:00
73,1026,COURSE2,Final Exam,90.0,2020-06-03 00:00:00
74,1479,COURSE49,Midterm,95.0,2023-09-08 00:00:00
75,1467,COURSE48,Quiz,62.0,2020-02-27 00:00:00
76,1371,COURSE32,Quiz,80.0,2024-01-16 00:00:00
77,1499,COURSE48,Assignment,70.0,2021-01-18 00:00:00
78,1257,COURSE46,Quiz,100.0,2020-09-07 00:00:00
79,1219,COURSE4,Assignment,66.0,2022-08-30 00:00:00
80,1356,COURSE50,Midterm,97.0,2021-11-29 00:00:00
81,1047,COURSE19,Quiz,67.0,2020-07-29 00:00:00
82,1012,COURSE33,Assignment,92.0,2021-04-15 00:00:00
83,1100,COURSE33,Quiz,69.0,2022-01-16 00:00:00
84,1166,COURSE7,Quiz,92.0,2021-09-01 00:00:00
85,1426,COURSE42,Assignment,86.0,2023-03-08 00:00:00
86,1374,COURSE39,Midterm,82.0,2022-03-17 00:00:00
87,1016,COURSE45,Final Exam,76.0,2021-03-17 00:00:00
88,1186,COURSE32,Assignment,81.0,2022-08-23 00:00:00
89,1019,COURSE15,Quiz,97.0,2023-11-05 00:00:00
90,1410,COURSE8,Final Exam,69.0,2022-07-09 00:00:00
91,1441,COURSE31,Assignment,72.0,2024-04-16 00:00:00
92,1121,COURSE28,Quiz,94.0,2023-04-03 00:00:00
93,1294,COURSE4,Assignment,64.0,2021-05-17 00:00:00
94,1123,COURSE42,Quiz,90.0,2022-11-06 00:00:00
95,1326,COURSE20,Final Exam,98.0,2023-08-05 00:00:00
96,1232,COURSE29,Midterm,65.0,2022-10-20 00:00:00
97,1409,COURSE43,Midterm,91.0,2024-10-31 00:00:00
98,1045,COURSE18,Final Exam,63.0,2023-10-02 00:00:00
99,1176,COURSE13,Midterm,70.0,2024-03-25 00:00:00
100,1400,COURSE21,Assignment,93.0,2023-10-12 00:00:00
101,1270,COURSE8,Assignment,60.0,2020-08-05 00:00:00
102,1146,COURSE15,Midterm,61.0,2024-05-12 00:00:00
103,1056,COURSE36,Midterm,70.0,2024-07-14 00:00:00
104,1135,COURSE3,Final Exam,74.0,2022-07-10 00:00:00
105,1190,COURSE41,Assignment,79.0,2020-08-17 00:00:00
106,1368,COURSE16,Quiz,92.0,2023-02-03 00:00:00
107,1069,COURSE40,Final Exam,80.0,2022-10-12 00:00:00
108,1370,COURSE46,Assignment,71.0,2022-04-13 00:00:00
109,1029,COURSE47,Assignment,100.0,2023-08-02 00:00:00
110,1399,COURSE22,Quiz,85.0,2023-02-22 00:00:00
111,1335,COURSE37,Assignment,67.0,2022-02-26 00:00:00
112,1487,COURSE34,Quiz,96.0,2024-03-10 00:00:00
113,1118,COURSE17,Quiz,82.0,2023-05-15 00:00:00
114,1414,COURSE39,Midterm,96.0,2024-07-08 00:00:00
115,1331,COURSE31,Quiz,80.0,2024-06-16 00:00:00
116,1163,COURSE45,Quiz,60.0,2023-09-20 00:00:00
117,1206,COURSE34,Midterm,75.0,2023-03-15 00:00:00
118,1165,COURSE13,Assignment,98.0,2024-04-23 00:00:00
119,1342,COURSE36,Midterm,90.0,2024-02-13 00:00:00
120,1030,COURSE5,Final Exam,82.0,2023-11-04 00:00:00
121,1438,COURSE12,Assignment,92.0,2023-05-18 00:00:00
122,1494,COURSE18,Quiz,72.0,2020-04-27 00:00:00
123,1348,COURSE49,Quiz,68.0,2020-04-02 00:00:00
124,1359,COURSE27,Final Exam,82.0,2021-07-14 00:00:00
125,1345,COURSE37,Midterm,84.0,2020-10-26 00:00:00
126,1060,COURSE11,Midterm,72.0,2020-04-27 00:00:00
127,1350,COURSE20,Midterm,74.0,2020-03-08 00:00:00
128,1243,COURSE18,Midterm,89.0,2020-08-05 00:00:00
129,1334,COURSE4,Midterm,61.0,2022-10-25 00:00:00
130,1449,COURSE15,Final Exam,95.0,2022-05-29 00:00:00
131,1088,COURSE17,Final Exam,93.0,2022-04-15 00:00:00
132,1135,COURSE42,Quiz,64.0,2022-11-20 00:00:00
133,1021,COURSE24,Midterm,65.0,2021-07-16 00:00:00
134,1264,COURSE41,Assignment,78.0,2020-10-21 00:00:00
135,1428,COURSE34,Midterm,67.0,2020-03-27 00:00:00
136,1053,COURSE8,Assignment,87.0,2024-02-20 00:00:00
137,1471,COURSE3,Final Exam,95.0,2020-08-08 00:00:00
138,1309,COURSE49,Final Exam,91.0,2024-08-08 00:00:00
139,1061,COURSE8,Midterm,89.0,2021-10-28 00:00:00
140,1439,COURSE14,Final Exam,84.0,2022-02-06 00:00:00
141,1224,COURSE9,Assignment,64.0,2021-07-23 00:00:00
142,1449,COURSE4,Quiz,74.0,2024-07-19 00:00:00
143,1315,COURSE47,Assignment,74.0,2024-01-19 00:00:00
144,1036,COURSE20,Midterm,87.0,2022-04-03 00:00:00
145,1257,COURSE38,Assignment,71.0,2022-07-19 00:00:00
146,1204,COURSE8,Assignment,64.0,2024-09-21 00:00:00
147,1244,COURSE35,Assignment,81.0,2020-10-22 00:00:00
148,1314,COURSE16,Midterm,78.0,2022-05-09 00:00:00
149,1431,COURSE9,Final Exam,68.0,2020-04-30 00:00:00
150,1195,COURSE17,Assignment,60.0,2020-09-08 00:00:00
151,1088,COURSE49,Final Exam,70.0,2020-08-18 00:00:00
152,1384,COURSE50,Assignment,64.0,2021-02-25 00:00:00
153,1201,COURSE11,Quiz,74.0,2022-12-05 00:00:00
154,1091,COURSE29,Assignment,85.0,2022-11-03 00:00:00
155,1158,COURSE10,Assignment,89.0,2023-10-22 00:00:00
156,1101,COURSE21,Quiz,90.0,2023-08-21 00:00:00
157,1255,COURSE23,Midterm,67.0,2023-06-09 00:00:00
158,1117,COURSE25,Assignment,85.0,2021-10-03 00:00:00
159,1447,COURSE46,Quiz,72.0,2020-09-22 00:00:00
160,1133,COURSE31,Quiz,82.0,2021-05-11 00:00:00
161,1056,COURSE6,Midterm,84.0,2020-02-10 00:00:00
162,1174,COURSE41,Midterm,99.0,2023-08-04 00:00:00
163,1232,COURSE25,Quiz,64.0,2024-07-21 00:00:00
164,1064,COURSE30,Quiz,93.0,2023-01-27 00:00:00
165,1048,COURSE36,Assignment,84.0,2024-05-05 00:00:00
166,1158,COURSE49,Final Exam,61.0,2023-05-21 00:00:00
167,1314,COURSE18,Assignment,78.0,2023-02-02 00:00:00
168,1273,COURSE47,Final Exam,76.0,2021-12-18 00:00:00
169,1335,COURSE40,Quiz,100.0,2021-05-02 00:00:00
170,1101,COURSE41,Midterm,84.0,2024-06-09 00:00:00
171,1008,COURSE10,Assignment,79.0,2021-07-20 00:00:00
172,1286,COURSE9,Assignment,100.0,2023-07-16 00:00:00
173,1169,COURSE14,Quiz,90.0,2024-08-27 00:00:00
174,1140,COURSE25,Midterm,87.0,2022-12-14 00:00:00
175,1191,COURSE32,Final Exam,96.0,2022-03-04 00:00:00
176,1060,COURSE23,Midterm,83.0,2020-01-17 00:00:00
177,1451,COURSE34,Quiz,63.0,2023-12-28 00:00:00
178,1329,COURSE8,Assignment,89.0,2020-09-29 00:00:00
179,1072,COURSE27,Assignment,73.0,2021-01-25 00:00:00
180,1129,COURSE34,Assignment,64.0,2020-05-03 00:00:00
181,1001,COURSE30,Quiz,67.0,2024-12-20 00:00:00
182,1349,COURSE43,Midterm,84.0,2021-03-27 00:00:00
183,1464,COURSE20,Midterm,96.0,2024-03-31 00:00:00
184,1072,COURSE17,Quiz,61.0,2023-10-24 00:00:00
185,1183,COURSE18,Assignment,92.0,2024-09-24 00:00:00
186,1043,COURSE13,Quiz,91.0,2022-04-11 00:00:00
187,1495,COURSE24,Midterm,72.0,2020-09-03 00:00:00
188,1240,COURSE3,Midterm,99.0,2023-08-24 00:00:00
189,1288,COURSE41,Midterm,78.0,2024-04-11 00:00:00
190,1394,COURSE33,Final Exam,60.0,2021-02-14 00:00:00
191,1345,COURSE21,Final Exam,95.0,2021-08-29 00:00:00
192,1206,COURSE42,Assignment,64.0,2021-05-31 00:00:00
193,1056,COURSE15,Final Exam,86.0,2024-11-04 00:00:00
194,1240,COURSE39,Assignment,76.0,2024-06-05 00:00:00
195,1021,COURSE50,Assignment,72.0,2024-12-22 00:00:00
196,1336,COURSE15,Midterm,72.0,2020-11-28 00:00:00
197,1330,COURSE50,Assignment,63.0,2023-05-31 00:00:00
198,1069,COURSE2,Midterm,72.0,2021-11-30 00:00:00
199,1102,COURSE13,Quiz,67.0,2023-09-23 00:00:00
200,1058,COURSE34,Final Exam,73.0,2024-09-15 00:00:00
201,1450,COURSE9,Final Exam,98.0,2020-07-06 00:00:00
202,1289,COURSE20,Midterm,85.0,2022-12-16 00:00:00
203,1070,COURSE29,Quiz,61.0,2021-11-16 00:00:00
204,1144,COURSE20,Quiz,62.0,2024-02-12 00:00:00
205,1151,COURSE19,Quiz,88.0,2020-10-19 00:00:00
206,1049,COURSE43,Final Exam,60.0,2022-05-03 00:00:00
207,1425,COURSE10,Final Exam,87.0,2021-09-25 00:00:00
208,1133,COURSE16,Quiz,85.0,2023-08-10 00:00:00
209,1059,COURSE30,Final Exam,87.0,2021-02-27 00:00:00
210,1461,COURSE21,Final Exam,67.0,2020-09-23 00:00:00
211,1485,COURSE11,Final Exam,73.0,2024-02-11 00:00:00
212,1210,COURSE41,Final Exam,78.0,2022-09-04 00:00:00
213,1027,COURSE3,Quiz,100.0,2024-06-09 00:00:00
214,1084,COURSE26,Final Exam,92.0,2022-03-15 00:00:00
215,1002,COURSE21,Assignment,82.0,2024-07-04 00:00:00
216,1092,COURSE34,Quiz,69.0,2023-12-08 00:00:00
217,1332,COURSE36,Quiz,85.0,2020-12-06 00:00:00
218,1070,COURSE31,Final Exam,93.0,2023-06-11 00:00:00
219,1031,COURSE29,Assignment,71.0,2020-10-05 00:00:00
220,1146,COURSE35,Assignment,69.0,2022-01-18 00:00:00
221,1440,COURSE48,Quiz,74.0,2021-05-25 00:00:00
222,1176,COURSE11,Midterm,84.0,2024-01-23 00:00:00
223,1394,COURSE1,Quiz,81.0,2023-11-18 00:00:00
224,1419,COURSE4,Assignment,80.0,2023-08-06 00:00:00
225,1384,COURSE34,Final Exam,61.0,2023-12-24 00:00:00
226,1427,COURSE50,Final Exam,70.0,2021-03-21 00:00:00
227,1240,COURSE20,Quiz,80.0,2020-04-22 00:00:00
228,1369,COURSE38,Assignment,89.0,2020-10-30 00:00:00
229,1386,COURSE17,Quiz,76.0,2023-04-03 00:00:00
230,1159,COURSE9,Quiz,79.0,2024-04-14 00:00:00
231,1080,COURSE31,Quiz,80.0,2021-06-17 00:00:00
232,1367,COURSE19,Quiz,85.0,2021-12-24 00:00:00
233,1432,COURSE16,Quiz,84.0,2022-09-26 00:00:00
234,1019,COURSE16,Final Exam,65.0,2022-08-13 00:00:00
235,1476,COURSE12,Midterm,71.0,2020-02-13 00:00:00
236,1272,COURSE27,Midterm,74.0,2022-01-19 00:00:00
237,1457,COURSE40,Assignment,92.0,2024-06-22 00:00:00
238,1362,COURSE27,Quiz,84.0,2020-09-12 00:00:00
239,1429,COURSE30,Final Exam,92.0,2020-08-29 00:00:00
240,1201,COURSE25,Final Exam,76.0,2024-12-10 00:00:00
241,1361,COURSE31,Final Exam,86.0,2022-09-15 00:00:00
242,1181,COURSE3,Assignment,66.0,2022-12-27 00:00:00
243,1456,COURSE43,Final Exam,76.0,2023-01-03 00:00:00
244,1407,COURSE45,Assignment,93.0,2022-09-12 00:00:00
245,1403,COURSE2,Midterm,61.0,2021-11-23 00:00:00
246,1271,COURSE43,Quiz,93.0,2020-05-22 00:00:00
247,1274,COURSE25,Quiz,73.0,2020-10-17 00:00:00
248,1487,COURSE13,Final Exam,69.0,2020-02-27 00:00:00
249,1023,COURSE17,Assignment,94.0,2020-03-02 00:00:00
250,1400,COURSE21,Final Exam,73.0,2022-10-18 00:00:00
251,1058,COURSE25,Assignment,67.0,2021-07-16 00:00:00
252,1070,COURSE24,Midterm,65.0,2023-12-11 00:00:00
253,1049,COURSE13,Quiz,99.0,2024-01-21 00:00:00
254,1310,COURSE42,Quiz,95.0,2021-07-30 00:00:00
255,1147,COURSE49,Final Exam,82.0,2024-02-03 00:00:00
256,1024,COURSE47,Assignment,70.0,2020-05-09 00:00:00
257,1055,COURSE6,Assignment,79.0,2020-06-21 00:00:00
258,1173,COURSE22,Quiz,89.0,2024-10-02 00:00:00
259,1391,COURSE6,Midterm,81.0,2021-05-23 00:00:00
260,1308,COURSE49,Assignment,100.0,2020-08-24 00:00:00
261,1145,COURSE25,Quiz,69.0,2020-07-28 00:00:00
262,1385,COURSE17,Midterm,90.0,2023-06-09 00:00:00
263,1014,COURSE40,Final Exam,94.0,2022-03-23 00:00:00
264,1235,COURSE8,Final Exam,61.0,2023-06-21 00:00:00
265,1388,COURSE19,Final Exam,86.0,2023-02-07 00:00:00
266,1069,COURSE12,Midterm,86.0,2020-02-03 00:00:00
267,1087,COURSE7,Assignment,81.0,2021-08-22 00:00:00
268,1370,COURSE43,Final Exam,67.0,2024-05-31 00:00:00
269,1098,COURSE22,Midterm,69.0,2020-07-30 00:00:00
270,1353,COURSE8,Assignment,66.0,2021-01-19 00:00:00
271,1102,COURSE9,Midterm,77.0,2021-02-02 00:00:00
272,1391,COURSE12,Quiz,99.0,2023-08-18 00:00:00
273,1409,COURSE49,Quiz,82.0,2021-10-14 00:00:00
274,1406,COURSE30,Midterm,68.0,2023-02-09 00:00:00
275,1112,COURSE40,Assignment,92.0,2020-10-19 00:00:00
276,1224,COURSE4,Final Exam,68.0,2024-08-28 00:00:00
277,1279,COURSE1,Quiz,78.0,2024-08-15 00:00:00
278,1339,COURSE47,Assignment,86.0,2021-02-16 00:00:00
279,1154,COURSE23,Final Exam,65.0,2020-12-19 00:00:00
280,1349,COURSE45,Assignment,78.0,2020-02-05 00:00:00
281,1281,COURSE10,Quiz,94.0,2023-04-25 00:00:00
282,1494,COURSE43,Final Exam,64.0,2021-06-22 00:00:00
283,1432,COURSE5,Assignment,71.0,2023-06-01 00:00:00
284,1179,COURSE9,Midterm,78.0,2020-06-05 00:00:00
285,1329,COURSE21,Quiz,65.0,2024-01-14 00:00:00
286,1236,COURSE21,Final Exam,93.0,2023-03-03 00:00:00
287,1232,COURSE21,Quiz,69.0,2024-09-06 00:00:00
288,1071,COURSE17,Assignment,61.0,2020-11-08 00:00:00
289,1428,COURSE12,Quiz,85.0,2021-02-14 00:00:00
290,1404,COURSE3,Assignment,63.0,2022-05-26 00:00:00
291,1125,COURSE39,Midterm,97.0,2022-01-12 00:00:00
292,1433,COURSE28,Assignment,62.0,2024-08-25 00:00:00
293,1008,COURSE43,Final Exam,67.0,2023-01-26 00:00:00
294,1227,COURSE20,Quiz,73.0,2021-07-27 00:00:00
295,1327,COURSE21,Final Exam,74.0,2022-09-05 00:00:00
296,1420,COURSE7,Quiz,89.0,2022-03-31 00:00:00
297,1326,COURSE14,Assignment,77.0,2020-03-25 00:00:00
298,1118,COURSE48,Assignment,95.0,2024-01-31 00:00:00
299,1108,COURSE16,Final Exam,92.0,2023-09-05 00:00:00
300,1228,COURSE8,Final Exam,99.0,2020-04-22 00:00:00
301,1144,COURSE31,Assignment,83.0,2020-04-10 00:00:00
302,1312,COURSE4,Assignment,67.0,2022-02-04 00:00:00
303,1427,COURSE4,Assignment,98.0,2022-01-21 00:00:00
304,1158,COURSE29,Quiz,98.0,2020-04-26 00:00:00
305,1279,COURSE9,Quiz,92.0,2024-12-18 00:00:00
306,1122,COURSE29,Midterm,61.0,2023-09-25 00:00:00
307,1114,COURSE31,Final Exam,98.0,2024-09-21 00:00:00
308,1275,COURSE37,Quiz,80.0,2020-11-06 00:00:00
309,1150,COURSE16,Quiz,70.0,2020-08-27 00:00:00
310,1307,COURSE16,Midterm,77.0,2020-09-13 00:00:00
311,1401,COURSE37,Final Exam,74.0,2021-09-14 00:00:00
312,1315,COURSE37,Midterm,63.0,2021-08-19 00:00:00
313,1204,COURSE41,Assignment,68.0,2021-02-10 00:00:00
314,1091,COURSE23,Assignment,81.0,2024-03-28 00:00:00
315,1412,COURSE29,Assignment,74.0,2021-08-28 00:00:00
316,1020,COURSE46,Quiz,86.0,2024-01-28 00:00:00
317,1134,COURSE19,Midterm,68.0,2022-01-27 00:00:00
318,1200,COURSE22,Quiz,69.0,2022-04-28 00:00:00
319,1172,COURSE26,Midterm,94.0,2023-10-16 00:00:00
320,1047,COURSE5,Assignment,74.0,2024-07-12 00:00:00
321,1140,COURSE16,Midterm,90.0,2023-09-23 00:00:00
322,1093,COURSE46,Quiz,94.0,2021-07-11 00:00:00
323,1075,COURSE49,Final Exam,73.0,2021-10-22 00:00:00
324,1141,COURSE41,Midterm,70.0,2020-08-27 00:00:00
325,1260,COURSE41,Quiz,88.0,2021-02-20 00:00:00
326,1373,COURSE11,Midterm,80.0,2024-09-25 00:00:00
327,1159,COURSE50,Final Exam,84.0,2021-10-28 00:00:00
328,1096,COURSE45,Midterm,88.0,2022-11-20 00:00:00
329,1127,COURSE45,Quiz,81.0,2022-06-02 00:00:00
330,1322,COURSE15,Quiz,75.0,2024-02-06 00:00:00
331,1269,COURSE1,Quiz,73.0,2024-01-14 00:00:00
332,1061,COURSE9,Midterm,62.0,2023-11-21 00:00:00
333,1070,COURSE26,Assignment,85.0,2022-01-06 00:00:00
334,1043,COURSE19,Midterm,68.0,2021-10-16 00:00:00
335,1431,COURSE50,Midterm,63.0,2021-11-13 00:00:00
336,1469,COURSE34,Final Exam,65.0,2024-09-30 00:00:00
337,1399,COURSE42,Assignment,88.0,2023-05-24 00:00:00
338,1191,COURSE1,Final Exam,83.0,2020-07-25 00:00:00
339,1496,COURSE29,Final Exam,75.0,2023-09-21 00:00:00
340,1139,COURSE21,Assignment,66.0,2023-06-27 00:00:00
341,1249,COURSE26,Midterm,97.0,2021-08-14 00:00:00
342,1011,COURSE43,Quiz,92.0,2022-04-30 00:00:00
343,1087,COURSE5,Midterm,73.0,2020-12-14 00:00:00
344,1184,COURSE7,Midterm,99.0,2024-01-11 00:00:00
345,1002,COURSE46,Midterm,67.0,2024-06-25 00:00:00
346,1275,COURSE11,Final Exam,69.0,2023-02-24 00:00:00
347,1295,COURSE3,Final Exam,91.0,2020-02-09 00:00:00
348,1021,COURSE8,Midterm,85.0,2020-05-17 00:00:00
349,1120,COURSE22,Final Exam,66.0,2024-01-11 00:00:00
350,1132,COURSE23,Final Exam,67.0,2023-02-07 00:00:00
351,1002,COURSE19,Quiz,67.0,2024-09-16 00:00:00
352,1456,COURSE41,Quiz,89.0,2022-07-10 00:00:00
353,1130,COURSE37,Quiz,61.0,2024-04-02 00:00:00
354,1428,COURSE2,Assignment,93.0,2023-04-02 00:00:00
355,1234,COURSE5,Quiz,66.0,2023-08-03 00:00:00
356,1198,COURSE2,Final Exam,63.0,2024-06-15 00:00:00
357,1395,COURSE3,Quiz,64.0,2023-10-16 00:00:00
358,1115,COURSE12,Final Exam,76.0,2022-03-02 00:00:00
359,1335,COURSE11,Assignment,77.0,2024-09-21 00:00:00
360,1345,COURSE39,Quiz,76.0,2024-08-07 00:00:00
361,1066,COURSE20,Final Exam,64.0,2022-10-03 00:00:00
362,1375,COURSE50,Final Exam,94.0,2020-05-21 00:00:00
363,1023,COURSE18,Assignment,66.0,2021-11-15 00:00:00
364,1286,COURSE31,Assignment,94.0,2022-05-19 00:00:00
365,1149,COURSE48,Quiz,87.0,2024-09-11 00:00:00
366,1148,COURSE10,Quiz,74.0,2022-04-12 00:00:00
367,1179,COURSE50,Midterm,66.0,2021-09-29 00:00:00
368,1172,COURSE26,Midterm,88.0,2021-05-25 00:00:00
369,1131,COURSE31,Final Exam,73.0,2023-08-12 00:00:00
370,1043,COURSE39,Assignment,83.0,2022-06-17 00:00:00
371,1444,COURSE50,Quiz,66.0,2024-01-06 00:00:00
372,1144,COURSE21,Midterm,67.0,2022-06-19 00:00:00
373,1055,COURSE4,Midterm,77.0,2024-02-18 00:00:00
374,1468,COURSE39,Assignment,98.0,2020-11-29 00:00:00
375,1451,COURSE44,Quiz,90.0,2021-02-28 00:00:00
376,1091,COURSE9,Quiz,96.0,2023-04-07 00:00:00
377,1076,COURSE44,Quiz,72.0,2023-01-23 00:00:00
378,1444,COURSE44,Final Exam,92.0,2024-02-20 00:00:00
379,1228,COURSE9,Quiz,63.0,2022-11-03 00:00:00
380,1016,COURSE36,Final Exam,84.0,2020-09-01 00:00:00
381,1155,COURSE15,Midterm,95.0,2023-11-16 00:00:00
382,1290,COURSE21,Quiz,72.0,2024-07-16 00:00:00
383,1349,COURSE19,Midterm,66.0,2024-08-28 00:00:00
384,1422,COURSE50,Quiz,68.0,2020-07-13 00:00:00
385,1254,COURSE30,Assignment,82.0,2021-06-27 00:00:00
386,1264,COURSE4,Final Exam,98.0,2021-04-11 00:00:00
387,1161,COURSE35,Final Exam,82.0,2022-02-09 00:00:00
388,1284,COURSE2,Final Exam,90.0,2022-05-21 00:00:00
389,1232,COURSE32,Assignment,81.0,2024-07-02 00:00:00
390,1045,COURSE50,Quiz,84.0,2023-05-04 00:00:00
391,1471,COURSE2,Assignment,95.0,2023-09-01 00:00:00
392,1481,COURSE23,Final Exam,87.0,2021-03-15 00:00:00
393,1341,COURSE14,Assignment,92.0,2024-12-04 00:00:00
394,1267,COURSE45,Assignment,98.0,2020-07-29 00:00:00
395,1476,COURSE18,Assignment,81.0,2021-01-11 00:00:00
396,1488,COURSE28,Quiz,74.0,2023-01-21 00:00:00
397,1119,COURSE21,Assignment,63.0,2023-06-26 00:00:00
398,1255,COURSE21,Quiz,90.0,2020-04-27 00:00:00
399,1143,COURSE36,Assignment,79.0,2022-12-20 00:00:00
400,1262,COURSE47,Final Exam,83.0,2023-01-18 00:00:00
401,1489,COURSE25,Midterm,76.0,2024-08-12 00:00:00
402,1105,COURSE13,Quiz,89.0,2021-11-14 00:00:00
403,1082,COURSE12,Quiz,85.0,2022-08-31 00:00:00
404,1298,COURSE33,Assignment,65.0,2020-05-30 00:00:00
405,1068,COURSE18,Assignment,72.0,2023-05-12 00:00:00
406,1332,COURSE11,Quiz,76.0,2023-07-31 00:00:00
407,1269,COURSE4,Midterm,87.0,2023-10-04 00:00:00
408,1037,COURSE30,Final Exam,70.0,2021-04-13 00:00:00
409,1471,COURSE13,Midterm,74.0,2020-01-28 00:00:00
410,1036,COURSE16,Assignment,66.0,2022-01-09 00:00:00
411,1312,COURSE8,Quiz,79.0,2021-05-11 00:00:00
412,1071,COURSE6,Assignment,67.0,2020-08-24 00:00:00
413,1323,COURSE27,Final Exam,82.0,2021-10-15 00:00:00
414,1058,COURSE39,Quiz,100.0,2023-07-05 00:00:00
415,1070,COURSE32,Final Exam,85.0,2020-03-16 00:00:00
416,1124,COURSE2,Assignment,86.0,2020-02-26 00:00:00
417,1461,COURSE32,Midterm,63.0,2022-09-14 00:00:00
418,1194,COURSE40,Final Exam,82.0,2021-11-24 00:00:00
419,1311,COURSE7,Final Exam,98.0,2022-05-04 00:00:00
420,1294,COURSE24,Quiz,66.0,2020-02-18 00:00:00
421,1414,COURSE46,Quiz,69.0,2023-11-21 00:00:00
422,1233,COURSE18,Assignment,68.0,2024-08-03 00:00:00
423,1485,COURSE3,Final Exam,92.0,2022-09-10 00:00:00
424,1038,COURSE13,Midterm,95.0,2024-02-27 00:00:00
425,1358,COURSE26,Assignment,98.0,2023-03-24 00:00:00
426,1468,COURSE4,Assignment,79.0,2022-08-15 00:00:00
427,1055,COURSE37,Quiz,66.0,2021-01-18 00:00:00
428,1003,COURSE27,Assignment,94.0,2024-09-17 00:00:00
429,1333,COURSE5,Assignment,85.0,2020-10-21 00:00:00
430,1286,COURSE29,Assignment,69.0,2022-01-26 00:00:00
431,1438,COURSE1,Final Exam,100.0,2023-02-04 00:00:00
432,1370,COURSE42,Quiz,97.0,2023-08-15 00:00:00
433,1292,COURSE8,Quiz,63.0,2020-07-18 00:00:00
434,1245,COURSE8,Final Exam,91.0,2023-07-01 00:00:00
435,1049,COURSE22,Midterm,81.0,2023-08-12 00:00:00
436,1165,COURSE21,Final Exam,84.0,2024-08-04 00:00:00
437,1415,COURSE1,Midterm,97.0,2023-06-05 00:00:00
438,1111,COURSE50,Assignment,77.0,2024-02-16 00:00:00
439,1056,COURSE6,Midterm,60.0,2020-06-25 00:00:00
440,1107,COURSE6,Midterm,69.0,2022-08-06 00:00:00
441,1341,COURSE17,Assignment,88.0,2022-09-15 00:00:00
442,1031,COURSE30,Assignment,66.0,2024-05-18 00:00:00
443,1032,COURSE49,Assignment,77.0,2021-04-29 00:00:00
444,1043,COURSE2,Quiz,81.0,2021-08-07 00:00:00
445,1013,COURSE39,Midterm,71.0,2020-07-23 00:00:00
446,1107,COURSE6,Final Exam,89.0,2024-03-17 00:00:00
447,1266,COURSE14,Midterm,67.0,2023-07-16 00:00:00
448,1494,COURSE9,Midterm,85.0,2023-10-13 00:00:00
449,1148,COURSE28,Final Exam,79.0,2020-04-10 00:00:00
450,1407,COURSE45,Assignment,82.0,2021-07-06 00:00:00
451,1251,COURSE7,Midterm,70.0,2023-01-16 00:00:00
452,1090,COURSE50,Midterm,75.0,2023-10-15 00:00:00
453,1402,COURSE42,Assignment,96.0,2023-09-24 00:00:00
454,1145,COURSE48,Midterm,65.0,2020-09-06 00:00:00
455,1192,COURSE5,Assignment,80.0,2020-08-04 00:00:00
456,1182,COURSE22,Quiz,67.0,2022-04-01 00:00:00
457,1248,COURSE27,Quiz,60.0,2020-06-09 00:00:00
458,1058,COURSE12,Final Exam,100.0,2020-03-23 00:00:00
459,1095,COURSE41,Quiz,92.0,2021-09-01 00:00:00
460,1140,COURSE29,Midterm,90.0,2020-04-15 00:00:00
461,1002,COURSE1,Midterm,74.0,2023-11-30 00:00:00
462,1142,COURSE16,Final Exam,66.0,2020-03-02 00:00:00
463,1403,COURSE33,Final Exam,75.0,2023-06-14 00:00:00
464,1387,COURSE18,Final Exam,69.0,2021-06-04 00:00:00
465,1344,COURSE2,Final Exam,73.0,2023-11-20 00:00:00
466,1124,COURSE5,Final Exam,66.0,2022-04-02 00:00:00
467,1254,COURSE8,Final Exam,72.0,2021-09-12 00:00:00
468,1040,COURSE6,Midterm,60.0,2023-02-10 00:00:00
469,1402,COURSE35,Quiz,81.0,2020-06-01 00:00:00
470,1073,COURSE9,Final Exam,75.0,2023-03-07 00:00:00
471,1030,COURSE28,Quiz,63.0,2020-02-06 00:00:00
472,1191,COURSE40,Midterm,82.0,2023-07-27 00:00:00
473,1338,COURSE9,Midterm,77.0,2020-04-02 00:00:00
474,1288,COURSE18,Midterm,70.0,2020-02-19 00:00:00
475,1002,COURSE47,Assignment,94.0,2021-09-28 00:00:00
476,1206,COURSE35,Final Exam,65.0,2023-08-11 00:00:00
477,1144,COURSE41,Quiz,92.0,2022-12-10 00:00:00
478,1162,COURSE27,Quiz,72.0,2024-11-01 00:00:00
479,1206,COURSE20,Midterm,100.0,2023-09-28 00:00:00
480,1296,COURSE44,Final Exam,65.0,2020-11-08 00:00:00
481,1098,COURSE37,Final Exam,89.0,2021-02-20 00:00:00
482,1326,COURSE10,Quiz,60.0,2022-05-25 00:00:00
483,1370,COURSE37,Final Exam,76.0,2023-04-03 00:00:00
484,1331,COURSE20,Final Exam,83.0,2022-04-09 00:00:00
485,1232,COURSE12,Final Exam,84.0,2021-01-25 00:00:00
486,1277,COURSE11,Quiz,71.0,2021-12-17 00:00:00
487,1056,COURSE31,Assignment,64.0,2021-01-28 00:00:00
488,1194,COURSE11,Final Exam,76.0,2020-02-29 00:00:00
489,1484,COURSE46,Assignment,64.0,2024-07-09 00:00:00
490,1154,COURSE44,Assignment,83.0,2022-07-01 00:00:00
491,1009,COURSE35,Quiz,64.0,2021-09-15 00:00:00
492,1267,COURSE9,Quiz,80.0,2022-12-06 00:00:00
493,1287,COURSE2,Midterm,66.0,2022-03-22 00:00:00
494,1353,COURSE19,Assignment,67.0,2021-07-27 00:00:00
495,1143,COURSE35,Assignment,95.0,2021-10-16 00:00:00
496,1362,COURSE37,Midterm,67.0,2024-08-19 00:00:00
497,1135,COURSE35,Assignment,95.0,2023-06-13 00:00:00
498,1202,COURSE35,Assignment,79.0,2021-02-15 00:00:00
499,1260,COURSE49,Assignment,85.0,2021-05-05 00:00:00
500,1425,COURSE10,Final Exam,63.0,2022-01-04 00:00:00
501,1164,COURSE27,Final Exam,93.0,2023-11-08 00:00:00
502,1469,COURSE10,Quiz,81.0,2024-06-18 00:00:00
503,1324,COURSE2,Midterm,87.0,2022-07-04 00:00:00
504,1476,COURSE26,Quiz,71.0,2023-02-08 00:00:00
505,1399,COURSE27,Quiz,94.0,2024-11-23 00:00:00
506,1147,COURSE32,Midterm,78.0,2024-11-03 00:00:00
507,1094,COURSE2,Quiz,68.0,2024-01-14 00:00:00
508,1251,COURSE2,Quiz,77.0,2020-11-15 00:00:00
509,1481,COURSE15,Assignment,99.0,2022-08-19 00:00:00
510,1367,COURSE47,Quiz,72.0,2022-05-26 00:00:00
511,1367,COURSE20,Assignment,90.0,2020-11-14 00:00:00
512,1196,COURSE36,Quiz,90.0,2021-10-08 00:00:00
513,1253,COURSE40,Quiz,82.0,2021-10-02 00:00:00
514,1264,COURSE22,Assignment,75.0,2022-06-02 00:00:00
515,1094,COURSE40,Midterm,78.0,2024-01-16 00:00:00
516,1174,COURSE17,Final Exam,63.0,2021-12-02 00:00:00
517,1036,COURSE6,Final Exam,87.0,2021-11-03 00:00:00
518,1054,COURSE1,Assignment,63.0,2021-11-15 00:00:00
519,1140,COURSE19,Midterm,90.0,2024-08-20 00:00:00
520,1119,COURSE20,Final Exam,87.0,2022-01-16 00:00:00
521,1111,COURSE1,Quiz,86.0,2024-08-14 00:00:00
522,1338,COURSE33,Midterm,95.0,2024-05-07 00:00:00
523,1321,COURSE16,Midterm,66.0,2024-08-25 00:00:00
524,1496,COURSE49,Quiz,61.0,2022-10-19 00:00:00
525,1002,COURSE44,Assignment,98.0,2022-02-09 00:00:00
526,1299,COURSE43,Assignment,97.0,2021-10-07 00:00:00
527,1337,COURSE45,Quiz,94.0,2024-05-23 00:00:00
528,1040,COURSE1,Final Exam,61.0,2024-06-06 00:00:00
529,1408,COURSE3,Assignment,83.0,2020-11-26 00:00:00
530,1443,COURSE16,Assignment,98.0,2020-07-15 00:00:00
531,1272,COURSE38,Midterm,69.0,2023-07-04 00:00:00
532,1193,COURSE13,Final Exam,60.0,2023-06-06 00:00:00
533,1287,COURSE7,Assignment,98.0,2021-07-06 00:00:00
534,1109,COURSE26,Midterm,97.0,2024-09-16 00:00:00
535,1374,COURSE13,Midterm,86.0,2023-06-20 00:00:00
536,1190,COURSE39,Quiz,92.0,2022-10-15 00:00:00
537,1042,COURSE33,Final Exam,87.0,2022-03-25 00:00:00
538,1301,COURSE34,Final Exam,65.0,2022-11-09 00:00:00
539,1404,COURSE19,Quiz,96.0,2024-09-23 00:00:00
540,1220,COURSE28,Final Exam,63.0,2022-01-20 00:00:00
541,1061,COURSE43,Quiz,68.0,2023-12-15 00:00:00
542,1248,COURSE34,Midterm,92.0,2021-06-13 00:00:00
543,1246,COURSE25,Midterm,66.0,2022-08-23 00:00:00
544,1489,COURSE21,Midterm,65.0,2021-01-02 00:00:00
545,1166,COURSE50,Assignment,78.0,2023-06-03 00:00:00
546,1021,COURSE25,Midterm,72.0,2024-07-09 00:00:00
547,1375,COURSE49,Midterm,64.0,2024-09-21 00:00:00
548,1271,COURSE39,Assignment,73.0,2020-07-10 00:00:00
549,1438,COURSE6,Quiz,93.0,2020-06-01 00:00:00
550,1354,COURSE29,Quiz,62.0,2023-07-21 00:00:00
551,1128,COURSE22,Final Exam,98.0,2024-01-04 00:00:00
552,1185,COURSE31,Assignment,70.0,2024-03-23 00:00:00
553,1321,COURSE2,Quiz,80.0,2022-12-10 00:00:00
554,1269,COURSE30,Midterm,93.0,2024-06-08 00:00:00
555,1169,COURSE34,Midterm,79.0,2023-11-02 00:00:00
556,1015,COURSE19,Final Exam,86.0,2021-05-27 00:00:00
557,1273,COURSE21,Midterm,75.0,2020-07-27 00:00:00
558,1376,COURSE47,Midterm,92.0,2024-05-02 00:00:00
559,1138,COURSE28,Assignment,70.0,2023-08-14 00:00:00
560,1183,COURSE27,Midterm,80.0,2023-11-12 00:00:00
561,1192,COURSE44,Quiz,62.0,2024-03-24 00:00:00
562,1295,COURSE42,Final Exam,100.0,2020-10-26 00:00:00
563,1025,COURSE36,Midterm,95.0,2021-12-13 00:00:00
564,1212,COURSE6,Midterm,75.0,2022-09-15 00:00:00
565,1425,COURSE8,Quiz,100.0,2023-09-09 00:00:00
566,1286,COURSE37,Assignment,76.0,2024-02-24 00:00:00
567,1102,COURSE41,Midterm,65.0,2024-04-08 00:00:00
568,1149,COURSE13,Quiz,89.0,2024-03-24 00:00:00
569,1170,COURSE35,Final Exam,79.0,2022-10-29 00:00:00
570,1027,COURSE49,Midterm,69.0,2023-07-04 00:00:00
571,1368,COURSE48,Quiz,78.0,2022-01-19 00:00:00
572,1272,COURSE23,Midterm,86.0,2024-06-28 00:00:00
573,1284,COURSE42,Midterm,77.0,2022-05-30 00:00:00
574,1241,COURSE33,Final Exam,87.0,2020-03-15 00:00:00
575,1358,COURSE49,Quiz,64.0,2020-11-13 00:00:00
576,1045,COURSE41,Final Exam,76.0,2022-01-20 00:00:00
577,1403,COURSE40,Assignment,63.0,2022-06-01 00:00:00
578,1377,COURSE27,Quiz,91.0,2023-07-08 00:00:00
579,1466,COURSE41,Assignment,81.0,2020-03-25 00:00:00
580,1320,COURSE10,Midterm,78.0,2021-02-27 00:00:00
581,1296,COURSE21,Quiz,63.0,2023-04-24 00:00:00
582,1162,COURSE14,Midterm,81.0,2022-02-26 00:00:00
583,1068,COURSE12,Midterm,80.0,2023-04-26 00:00:00
584,1063,COURSE18,Midterm,74.0,2024-01-25 00:00:00
585,1281,COURSE42,Midterm,61.0,2024-10-18 00:00:00
586,1123,COURSE43,Quiz,60.0,2021-03-29 00:00:00
587,1340,COURSE4,Final Exam,81.0,2020-06-21 00:00:00
588,1343,COURSE12,Assignment,95.0,2021-05-21 00:00:00
589,1207,COURSE50,Final Exam,79.0,2023-03-01 00:00:00
590,1178,COURSE49,Final Exam,82.0,2021-04-24 00:00:00
591,1440,COURSE27,Quiz,77.0,2022-09-16 00:00:00
592,1143,COURSE18,Quiz,79.0,2023-04-25 00:00:00
593,1134,COURSE26,Assignment,85.0,2022-04-14 00:00:00
594,1414,COURSE27,Quiz,86.0,2023-03-27 00:00:00
595,1346,COURSE43,Midterm,63.0,2024-12-25 00:00:00
596,1102,COURSE18,Quiz,81.0,2024-07-18 00:00:00
597,1241,COURSE17,Assignment,68.0,2023-07-19 00:00:00
598,1431,COURSE1,Quiz,82.0,2020-08-10 00:00:00
599,1063,COURSE38,Quiz,68.0,2024-11-23 00:00:00
600,1195,COURSE37,Assignment,91.0,2021-07-03 00:00:00
601,1257,COURSE35,Assignment,90.0,2021-01-14 00:00:00
602,1102,COURSE6,Quiz,100.0,2020-04-25 00:00:00
603,1409,COURSE47,Final Exam,69.0,2023-08-12 00:00:00
604,1189,COURSE3,Assignment,80.0,2021-03-24 00:00:00
605,1086,COURSE41,Assignment,64.0,2021-08-31 00:00:00
606,1111,COURSE23,Quiz,86.0,2021-04-15 00:00:00
607,1298,COURSE42,Midterm,76.0,2020-11-14 00:00:00
608,1248,COURSE2,Final Exam,91.0,2021-01-02 00:00:00
609,1290,COURSE6,Final Exam,71.0,2024-03-22 00:00:00
610,1397,COURSE47,Midterm,83.0,2021-11-21 00:00:00
611,1006,COURSE50,Midterm,96.0,2020-04-05 00:00:00
612,1285,COURSE18,Final Exam,69.0,2023-02-02 00:00:00
613,1413,COURSE26,Midterm,79.0,2021-09-24 00:00:00
614,1297,COURSE5,Assignment,100.0,2023-06-29 00:00:00
615,1365,COURSE43,Midterm,71.0,2021-04-09 00:00:00
616,1216,COURSE10,Final Exam,65.0,2023-01-03 00:00:00
617,1224,COURSE1,Midterm,80.0,2021-04-11 00:00:00
618,1491,COURSE42,Assignment,94.0,2020-05-15 00:00:00
619,1352,COURSE35,Assignment,74.0,2023-10-17 00:00:00
620,1356,COURSE20,Assignment,65.0,2022-11-21 00:00:00
621,1336,COURSE5,Assignment,98.0,2023-03-01 00:00:00
622,1294,COURSE28,Midterm,68.0,2021-11-15 00:00:00
623,1376,COURSE35,Assignment,84.0,2024-04-07 00:00:00
624,1289,COURSE39,Final Exam,96.0,2024-11-24 00:00:00
625,1396,COURSE3,Assignment,73.0,2020-02-17 00:00:00
626,1486,COURSE23,Assignment,70.0,2021-03-25 00:00:00
627,1175,COURSE26,Assignment,65.0,2021-09-26 00:00:00
628,1488,COURSE6,Assignment,78.0,2022-09-15 00:00:00
629,1156,COURSE11,Midterm,94.0,2024-09-13 00:00:00
630,1216,COURSE50,Midterm,89.0,2023-01-09 00:00:00
631,1491,COURSE19,Quiz,100.0,2024-06-20 00:00:00
632,1143,COURSE5,Midterm,84.0,2024-03-08 00:00:00
633,1185,COURSE4,Quiz,82.0,2024-10-01 00:00:00
634,1094,COURSE44,Midterm,67.0,2022-05-27 00:00:00
635,1151,COURSE47,Quiz,79.0,2024-02-10 00:00:00
636,1358,COURSE7,Assignment,78.0,2020-10-10 00:00:00
637,1068,COURSE4,Quiz,75.0,2020-03-27 00:00:00
638,1194,COURSE48,Assignment,92.0,2021-10-06 00:00:00
639,1231,COURSE22,Assignment,74.0,2022-09-07 00:00:00
640,1340,COURSE7,Quiz,63.0,2024-08-18 00:00:00
641,1382,COURSE28,Assignment,74.0,2020-04-09 00:00:00
642,1160,COURSE11,Final Exam,73.0,2020-05-21 00:00:00
643,1461,COURSE8,Final Exam,62.0,2020-06-10 00:00:00
644,1416,COURSE2,Midterm,63.0,2021-09-15 00:00:00
645,1212,COURSE31,Assignment,87.0,2024-12-02 00:00:00
646,1435,COURSE33,Midterm,89.0,2020-02-13 00:00:00
647,1229,COURSE9,Assignment,68.0,2024-08-18 00:00:00
648,1450,COURSE12,Assignment,83.0,2024-11-14 00:00:00
649,1313,COURSE17,Final Exam,64.0,2020-01-04 00:00:00
650,1101,COURSE4,Quiz,96.0,2024-11-16 00:00:00
651,1107,COURSE27,Midterm,97.0,2022-09-09 00:00:00
652,1275,COURSE31,Final Exam,66.0,2024-10-01 00:00:00
653,1111,COURSE47,Final Exam,79.0,2024-12-02 00:00:00
654,1494,COURSE49,Final Exam,79.0,2023-03-25 00:00:00
655,1475,COURSE25,Final Exam,71.0,2020-02-20 00:00:00
656,1479,COURSE22,Assignment,66.0,2022-10-12 00:00:00
657,1242,COURSE45,Midterm,81.0,2023-08-11 00:00:00
658,1188,COURSE17,Quiz,79.0,2020-04-09 00:00:00
659,1084,COURSE45,Quiz,88.0,2024-08-20 00:00:00
660,1494,COURSE21,Final Exam,89.0,2021-09-12 00:00:00
661,1289,COURSE32,Midterm,95.0,2020-05-02 00:00:00
662,1188,COURSE14,Midterm,99.0,2022-01-23 00:00:00
663,1134,COURSE10,Quiz,67.0,2020-08-23 00:00:00
664,1196,COURSE4,Final Exam,73.0,2023-01-07 00:00:00
665,1153,COURSE41,Final Exam,79.0,2023-06-06 00:00:00
666,1461,COURSE20,Assignment,91.0,2020-09-09 00:00:00
667,1125,COURSE13,Midterm,98.0,2021-09-13 00:00:00
668,1064,COURSE6,Midterm,78.0,2020-02-27 00:00:00
669,1367,COURSE20,Assignment,69.0,2024-07-03 00:00:00
670,1308,COURSE24,Assignment,64.0,2022-09-09 00:00:00
671,1154,COURSE49,Final Exam,87.0,2022-01-20 00:00:00
672,1461,COURSE46,Quiz,68.0,2024-07-29 00:00:00
673,1241,COURSE26,Final Exam,68.0,2024-10-17 00:00:00
674,1142,COURSE41,Quiz,76.0,2022-09-14 00:00:00
675,1300,COURSE25,Quiz,96.0,2021-10-01 00:00:00
676,1377,COURSE21,Quiz,80.0,2024-08-13 00:00:00
677,1341,COURSE50,Midterm,85.0,2023-12-17 00:00:00
678,1478,COURSE33,Assignment,91.0,2020-03-17 00:00:00
679,1186,COURSE7,Assignment,73.0,2023-02-14 00:00:00
680,1052,COURSE48,Final Exam,63.0,2020-12-16 00:00:00
681,1277,COURSE21,Midterm,82.0,2024-03-16 00:00:00
682,1376,COURSE13,Assignment,64.0,2022-02-26 00:00:00
683,1050,COURSE37,Quiz,98.0,2020-07-17 00:00:00
684,1092,COURSE7,Quiz,72.0,2023-06-29 00:00:00
685,1364,COURSE26,Midterm,77.0,2022-12-17 00:00:00
686,1129,COURSE27,Assignment,94.0,2023-09-18 00:00:00
687,1134,COURSE8,Final Exam,91.0,2023-03-20 00:00:00
688,1180,COURSE30,Assignment,100.0,2023-05-22 00:00:00
689,1348,COURSE19,Midterm,70.0,2024-09-14 00:00:00
690,1277,COURSE28,Assignment,79.0,2024-01-10 00:00:00
691,1121,COURSE13,Final Exam,83.0,2021-09-26 00:00:00
692,1295,COURSE12,Final Exam,100.0,2022-11-04 00:00:00
693,1195,COURSE22,Assignment,75.0,2023-05-07 00:00:00
694,1304,COURSE14,Quiz,83.0,2020-08-11 00:00:00
695,1478,COURSE29,Midterm,99.0,2020-07-15 00:00:00
696,1294,COURSE5,Assignment,92.0,2021-06-20 00:00:00
697,1044,COURSE45,Midterm,88.0,2024-09-02 00:00:00
698,1065,COURSE20,Midterm,92.0,2023-02-13 00:00:00
699,1405,COURSE1,Midterm,92.0,2023-12-23 00:00:00
700,1233,COURSE13,Midterm,77.0,2022-03-16 00:00:00
701,1015,COURSE33,Quiz,92.0,2022-10-08 00:00:00
702,1054,COURSE21,Midterm,74.0,2024-01-04 00:00:00
703,1448,COURSE43,Midterm,65.0,2023-07-29 00:00:00
704,1038,COURSE5,Assignment,80.0,2024-01-01 00:00:00
705,1245,COURSE2,Midterm,65.0,2020-01-31 00:00:00
706,1400,COURSE24,Quiz,78.0,2021-07-15 00:00:00
707,1109,COURSE49,Midterm,81.0,2023-05-12 00:00:00
708,1412,COURSE42,Midterm,88.0,2020-03-23 00:00:00
709,1325,COURSE24,Quiz,100.0,2024-12-02 00:00:00
710,1277,COURSE36,Final Exam,68.0,2024-03-12 00:00:00
711,1465,COURSE5,Midterm,77.0,2020-01-17 00:00:00
712,1203,COURSE1,Quiz,100.0,2022-08-03 00:00:00
713,1141,COURSE17,Midterm,68.0,2020-06-15 00:00:00
714,1450,COURSE47,Quiz,69.0,2023-04-09 00:00:00
715,1163,COURSE10,Assignment,87.0,2023-03-18 00:00:00
716,1162,COURSE33,Assignment,84.0,2020-02-13 00:00:00
717,1495,COURSE13,Final Exam,79.0,2020-02-27 00:00:00
718,1246,COURSE18,Midterm,78.0,2020-02-23 00:00:00
719,1404,COURSE20,Assignment,97.0,2021-11-19 00:00:00
720,1153,COURSE12,Final Exam,93.0,2020-06-18 00:00:00
721,1307,COURSE36,Assignment,69.0,2024-07-07 00:00:00
722,1042,COURSE20,Midterm,75.0,2024-07-25 00:00:00
723,1444,COURSE19,Assignment,64.0,2020-12-31 00:00:00
724,1274,COURSE21,Final Exam,69.0,2020-09-04 00:00:00
725,1055,COURSE4,Assignment,62.0,2023-11-14 00:00:00
726,1027,COURSE15,Assignment,87.0,2024-06-14 00:00:00
727,1012,COURSE22,Final Exam,95.0,2022-04-17 00:00:00
728,1446,COURSE16,Final Exam,67.0,2023-02-15 00:00:00
729,1159,COURSE25,Final Exam,69.0,2021-11-22 00:00:00
730,1055,COURSE33,Midterm,71.0,2023-05-18 00:00:00
731,1268,COURSE25,Midterm,83.0,2022-03-13 00:00:00
732,1035,COURSE20,Final Exam,74.0,2024-11-05 00:00:00
733,1239,COURSE50,Final Exam,74.0,2021-10-26 00:00:00
734,1112,COURSE40,Final Exam,61.0,2023-07-02 00:00:00
735,1465,COURSE39,Final Exam,77.0,2024-06-05 00:00:00
736,1113,COURSE35,Final Exam,77.0,2021-05-09 00:00:00
737,1194,COURSE28,Quiz,65.0,2024-11-27 00:00:00
738,1258,COURSE33,Final Exam,62.0,2024-01-20 00:00:00
739,1472,COURSE20,Final Exam,87.0,2021-08-01 00:00:00
740,1042,COURSE20,Quiz,68.0,2023-12-07 00:00:00
741,1352,COURSE19,Final Exam,63.0,2023-06-16 00:00:00
742,1117,COURSE26,Final Exam,97.0,2023-01-26 00:00:00
743,1033,COURSE35,Final Exam,64.0,2023-11-06 00:00:00
744,1009,COURSE14,Final Exam,87.0,2024-03-14 00:00:00
745,1467,COURSE11,Quiz,64.0,2021-01-18 00:00:00
746,1100,COURSE13,Quiz,66.0,2020-01-31 00:00:00
747,1134,COURSE16,Assignment,67.0,2023-05-05 00:00:00
748,1080,COURSE24,Assignment,73.0,2024-04-28 00:00:00
749,1090,COURSE1,Assignment,93.0,2021-04-20 00:00:00
750,1412,COURSE30,Final Exam,68.0,2023-11-29 00:00:00
751,1393,COURSE13,Assignment,78.0,2024-08-25 00:00:00
752,1452,COURSE42,Midterm,100.0,2024-04-04 00:00:00
753,1455,COURSE3,Quiz,67.0,2024-06-16 00:00:00
754,1476,COURSE18,Assignment,89.0,2020-01-26 00:00:00
755,1198,COURSE23,Midterm,75.0,2024-05-23 00:00:00
756,1253,COURSE25,Quiz,61.0,2024-12-24 00:00:00
757,1146,COURSE5,Assignment,73.0,2020-09-14 00:00:00
758,1137,COURSE25,Quiz,75.0,2022-06-19 00:00:00
759,1305,COURSE12,Quiz,87.0,2023-04-24 00:00:00
760,1053,COURSE1,Assignment,80.0,2022-12-23 00:00:00
761,1448,COURSE24,Assignment,71.0,2022-11-15 00:00:00
762,1286,COURSE27,Quiz,72.0,2022-08-25 00:00:00
763,1497,COURSE26,Final Exam,71.0,2022-11-02 00:00:00
764,1029,COURSE3,Quiz,71.0,2020-07-13 00:00:00
765,1428,COURSE13,Final Exam,79.0,2024-08-04 00:00:00
766,1301,COURSE27,Midterm,64.0,2022-03-21 00:00:00
767,1150,COURSE16,Quiz,64.0,2022-07-06 00:00:00
768,1189,COURSE11,Midterm,74.0,2024-09-21 00:00:00
769,1057,COURSE8,Midterm,81.0,2024-10-20 00:00:00
770,1194,COURSE33,Quiz,72.0,2021-09-26 00:00:00
771,1497,COURSE24,Midterm,74.0,2020-07-17 00:00:00
772,1456,COURSE22,Assignment,87.0,2022-10-07 00:00:00
773,1125,COURSE38,Assignment,90.0,2023-10-31 00:00:00
774,1060,COURSE35,Final Exam,83.0,2023-11-26 00:00:00
775,1042,COURSE3,Quiz,94.0,2020-06-01 00:00:00
776,1121,COURSE12,Quiz,80.0,2022-09-30 00:00:00
777,1148,COURSE4,Assignment,62.0,2024-09-14 00:00:00
778,1331,COURSE26,Midterm,81.0,2020-03-26 00:00:00
779,1043,COURSE45,Quiz,99.0,2020-07-14 00:00:00
780,1037,COURSE5,Quiz,95.0,2020-02-27 00:00:00
781,1462,COURSE16,Midterm,64.0,2022-07-11 00:00:00
782,1249,COURSE8,Assignment,74.0,2024-01-12 00:00:00
783,1144,COURSE27,Midterm,98.0,2021-08-06 00:00:00
784,1172,COURSE2,Quiz,91.0,2022-02-22 00:00:00
785,1196,COURSE5,Assignment,75.0,2020-12-05 00:00:00
786,1206,COURSE44,Quiz,79.0,2021-03-14 00:00:00
787,1389,COURSE1,Final Exam,86.0,2023-01-30 00:00:00
788,1083,COURSE28,Midterm,87.0,2020-02-21 00:00:00
789,1171,COURSE42,Midterm,67.0,2021-07-17 00:00:00
790,1291,COURSE19,Midterm,80.0,2023-06-02 00:00:00
791,1225,COURSE22,Assignment,92.0,2023-01-10 00:00:00
792,1409,COURSE30,Midterm,67.0,2024-06-01 00:00:00
793,1493,COURSE22,Assignment,98.0,2021-02-25 00:00:00
794,1043,COURSE47,Quiz,68.0,2024-04-15 00:00:00
795,1174,COURSE2,Assignment,81.0,2020-07-31 00:00:00
796,1307,COURSE40,Midterm,88.0,2020-02-11 00:00:00
797,1030,COURSE15,Assignment,99.0,2020-02-05 00:00:00
798,1376,COURSE32,Midterm,80.0,2023-03-08 00:00:00
799,1023,COURSE4,Final Exam,72.0,2022-02-23 00:00:00
800,1257,COURSE12,Quiz,61.0,2023-01-01 00:00:00
801,1211,COURSE33,Midterm,83.0,2022-05-31 00:00:00
802,1403,COURSE20,Assignment,87.0,2021-07-16 00:00:00
803,1246,COURSE20,Assignment,71.0,2024-01-11 00:00:00
804,1334,COURSE35,Quiz,66.0,2022-12-17 00:00:00
805,1436,COURSE39,Midterm,64.0,2024-02-20 00:00:00
806,1021,COURSE41,Midterm,84.0,2021-12-13 00:00:00
807,1049,COURSE26,Assignment,88.0,2022-02-13 00:00:00
808,1403,COURSE47,Midterm,82.0,2021-10-15 00:00:00
809,1101,COURSE22,Assignment,96.0,2023-05-14 00:00:00
810,1148,COURSE43,Final Exam,77.0,2021-08-17 00:00:00
811,1327,COURSE50,Assignment,60.0,2022-09-19 00:00:00
812,1395,COURSE9,Final Exam,84.0,2024-01-13 00:00:00
813,1205,COURSE18,Assignment,77.0,2023-04-04 00:00:00
814,1316,COURSE32,Final Exam,68.0,2020-11-10 00:00:00
815,1342,COURSE41,Midterm,76.0,2020-09-17 00:00:00
816,1449,COURSE1,Quiz,63.0,2020-11-06 00:00:00
817,1239,COURSE23,Quiz,66.0,2022-04-04 00:00:00
818,1278,COURSE5,Midterm,73.0,2020-01-15 00:00:00
819,1048,COURSE29,Midterm,94.0,2020-11-15 00:00:00
820,1167,COURSE38,Quiz,85.0,2024-10-12 00:00:00
821,1037,COURSE3,Midterm,90.0,2020-05-18 00:00:00
822,1321,COURSE40,Quiz,66.0,2022-05-15 00:00:00
823,1307,COURSE23,Final Exam,62.0,2020-11-18 00:00:00
824,1044,COURSE33,Assignment,84.0,2024-08-25 00:00:00
825,1128,COURSE31,Final Exam,75.0,2021-09-29 00:00:00
826,1164,COURSE32,Midterm,89.0,2022-10-28 00:00:00
827,1400,COURSE22,Quiz,84.0,2023-11-16 00:00:00
828,1057,COURSE5,Midterm,86.0,2024-09-14 00:00:00
829,1438,COURSE49,Quiz,71.0,2024-12-15 00:00:00
830,1013,COURSE15,Final Exam,74.0,2024-01-21 00:00:00
831,1154,COURSE4,Midterm,84.0,2022-02-06 00:00:00
832,1307,COURSE10,Final Exam,85.0,2023-08-07 00:00:00
833,1129,COURSE4,Final Exam,65.0,2023-09-20 00:00:00
834,1451,COURSE50,Quiz,100.0,2024-03-29 00:00:00
835,1449,COURSE30,Assignment,75.0,2023-07-28 00:00:00
836,1377,COURSE21,Final Exam,92.0,2024-08-01 00:00:00
837,1351,COURSE37,Final Exam,95.0,2021-09-10 00:00:00
838,1015,COURSE36,Final Exam,62.0,2020-05-24 00:00:00
839,1375,COURSE23,Assignment,96.0,2022-06-23 00:00:00
840,1208,COURSE39,Quiz,62.0,2020-03-01 00:00:00
841,1139,COURSE5,Quiz,61.0,2021-11-28 00:00:00
842,1431,COURSE41,Quiz,87.0,2020-01-06 00:00:00
843,1487,COURSE44,Assignment,94.0,2024-09-12 00:00:00
844,1375,COURSE18,Quiz,71.0,2020-11-10 00:00:00
845,1244,COURSE38,Midterm,96.0,2020-05-19 00:00:00
846,1245,COURSE1,Final Exam,67.0,2020-10-17 00:00:00
847,1334,COURSE33,Assignment,97.0,2020-10-19 00:00:00
848,1298,COURSE47,Midterm,67.0,2024-09-25 00:00:00
849,1035,COURSE16,Quiz,71.0,2020-01-01 00:00:00
850,1498,COURSE6,Midterm,90.0,2021-05-07 00:00:00
851,1203,COURSE15,Final Exam,69.0,2023-03-26 00:00:00
852,1019,COURSE8,Assignment,84.0,2023-11-19 00:00:00
853,1483,COURSE12,Midterm,73.0,2024-12-10 00:00:00
854,1240,COURSE49,Midterm,65.0,2020-06-17 00:00:00
855,1134,COURSE22,Final Exam,78.0,2023-12-10 00:00:00
856,1114,COURSE18,Quiz,90.0,2024-05-04 00:00:00
857,1056,COURSE35,Quiz,98.0,2020-03-06 00:00:00
858,1145,COURSE18,Assignment,75.0,2022-01-16 00:00:00
859,1357,COURSE24,Assignment,71.0,2022-08-21 00:00:00
860,1350,COURSE32,Final Exam,93.0,2022-09-22 00:00:00
861,1233,COURSE20,Assignment,93.0,2023-07-30 00:00:00
862,1011,COURSE40,Midterm,73.0,2021-11-12 00:00:00
863,1216,COURSE46,Quiz,72.0,2024-07-13 00:00:00
864,1322,COURSE27,Assignment,87.0,2023-10-07 00:00:00
865,1174,COURSE2,Midterm,64.0,2024-08-26 00:00:00
866,1085,COURSE5,Midterm,88.0,2020-09-23 00:00:00
867,1044,COURSE35,Quiz,81.0,2022-04-10 00:00:00
868,1250,COURSE29,Final Exam,64.0,2022-02-27 00:00:00
869,1259,COURSE36,Final Exam,60.0,2023-09-22 00:00:00
870,1452,COURSE24,Midterm,75.0,2024-11-12 00:00:00
871,1463,COURSE29,Midterm,69.0,2023-09-18 00:00:00
872,1284,COURSE9,Final Exam,90.0,2023-02-24 00:00:00
873,1153,COURSE41,Assignment,85.0,2021-02-17 00:00:00
874,1220,COURSE24,Midterm,97.0,2021-09-08 00:00:00
875,1191,COURSE40,Midterm,61.0,2021-05-31 00:00:00
876,1200,COURSE15,Final Exam,61.0,2020-01-19 00:00:00
877,1324,COURSE42,Final Exam,62.0,2021-06-17 00:00:00
878,1201,COURSE30,Assignment,76.0,2021-08-13 00:00:00
879,1049,COURSE23,Final Exam,66.0,2024-03-01 00:00:00
880,1081,COURSE38,Midterm,65.0,2024-02-26 00:00:00
881,1338,COURSE42,Assignment,73.0,2022-10-03 00:00:00
882,1435,COURSE42,Quiz,99.0,2024-08-22 00:00:00
883,1225,COURSE30,Midterm,82.0,2021-09-12 00:00:00
884,1297,COURSE46,Midterm,63.0,2021-08-02 00:00:00
885,1142,COURSE45,Final Exam,77.0,2023-04-08 00:00:00
886,1111,COURSE47,Quiz,77.0,2024-06-25 00:00:00
887,1421,COURSE5,Assignment,94.0,2022-02-22 00:00:00
888,1258,COURSE48,Assignment,77.0,2022-07-05 00:00:00
889,1261,COURSE45,Final Exam,60.0,2024-12-24 00:00:00
890,1398,COURSE24,Midterm,72.0,2020-10-08 00:00:00
891,1164,COURSE38,Assignment,83.0,2024-02-23 00:00:00
892,1023,COURSE35,Midterm,92.0,2022-01-27 00:00:00
893,1260,COURSE43,Midterm,100.0,2020-09-07 00:00:00
894,1302,COURSE25,Quiz,65.0,2023-08-16 00:00:00
895,1095,COURSE36,Quiz,76.0,2022-04-29 00:00:00
896,1440,COURSE24,Midterm,86.0,2023-08-06 00:00:00
897,1015,COURSE10,Final Exam,61.0,2024-11-11 00:00:00
898,1084,COURSE27,Midterm,97.0,2020-09-14 00:00:00
899,1085,COURSE35,Final Exam,62.0,2022-10-08 00:00:00
900,1341,COURSE7,Midterm,62.0,2021-06-29 00:00:00
901,1462,COURSE1,Midterm,76.0,2021-11-23 00:00:00
902,1297,COURSE49,Final Exam,88.0,2020-12-07 00:00:00
903,1387,COURSE49,Final Exam,92.0,2024-07-20 00:00:00
904,1020,COURSE18,Final Exam,72.0,2024-01-02 00:00:00
905,1436,COURSE44,Final Exam,75.0,2023-09-30 00:00:00
906,1132,COURSE32,Midterm,80.0,2022-07-02 00:00:00
907,1218,COURSE10,Midterm,88.0,2022-02-05 00:00:00
908,1188,COURSE36,Midterm,82.0,2024-01-27 00:00:00
909,1074,COURSE20,Quiz,80.0,2022-09-14 00:00:00
910,1038,COURSE3,Quiz,91.0,2021-11-19 00:00:00
911,1279,COURSE38,Assignment,82.0,2021-12-22 00:00:00
912,1203,COURSE34,Assignment,99.0,2022-02-03 00:00:00
913,1335,COURSE1,Quiz,69.0,2022-09-29 00:00:00
914,1391,COURSE3,Midterm,62.0,2023-11-17 00:00:00
915,1129,COURSE30,Assignment,88.0,2022-07-13 00:00:00
916,1447,COURSE20,Quiz,88.0,2024-09-18 00:00:00
917,1253,COURSE32,Midterm,63.0,2024-08-03 00:00:00
918,1094,COURSE6,Quiz,82.0,2022-10-12 00:00:00
919,1447,COURSE33,Quiz,86.0,2023-01-28 00:00:00
920,1375,COURSE14,Assignment,96.0,2023-12-17 00:00:00
921,1316,COURSE24,Midterm,96.0,2020-07-05 00:00:00
922,1448,COURSE45,Final Exam,82.0,2021-01-23 00:00:00
923,1162,COURSE2,Midterm,85.0,2024-09-17 00:00:00
924,1478,COURSE26,Assignment,80.0,2021-10-05 00:00:00
925,1224,COURSE48,Assignment,80.0,2022-12-17 00:00:00
926,1387,COURSE25,Assignment,74.0,2023-05-14 00:00:00
927,1354,COURSE40,Quiz,65.0,2021-08-26 00:00:00
928,1275,COURSE36,Midterm,89.0,2022-05-23 00:00:00
929,1032,COURSE31,Assignment,67.0,2024-03-23 00:00:00
930,1207,COURSE32,Assignment,89.0,2020-09-13 00:00:00
931,1172,COURSE48,Quiz,71.0,2024-12-12 00:00:00
932,1183,COURSE18,Quiz,83.0,2022-06-22 00:00:00
933,1318,COURSE5,Assignment,75.0,2023-11-28 00:00:00
934,1021,COURSE32,Midterm,99.0,2020-02-12 00:00:00
935,1065,COURSE31,Assignment,78.0,2023-10-12 00:00:00
936,1346,COURSE50,Assignment,71.0,2024-05-26 00:00:00
937,1422,COURSE38,Final Exam,90.0,2021-09-09 00:00:00
938,1160,COURSE8,Final Exam,72.0,2024-01-24 00:00:00
939,1121,COURSE41,Quiz,72.0,2023-10-10 00:00:00
940,1094,COURSE1,Quiz,83.0,2023-12-12 00:00:00
941,1145,COURSE22,Midterm,92.0,2021-12-17 00:00:00
942,1141,COURSE23,Quiz,69.0,2023-12-02 00:00:00
943,1045,COURSE30,Midterm,67.0,2020-11-15 00:00:00
944,1370,COURSE3,Assignment,99.0,2023-06-29 00:00:00
945,1310,COURSE38,Quiz,93.0,2024-04-17 00:00:00
946,1466,COURSE9,Quiz,89.0,2023-11-12 00:00:00
947,1346,COURSE44,Final Exam,90.0,2023-03-04 00:00:00
948,1334,COURSE25,Final Exam,95.0,2021-04-21 00:00:00
949,1468,COURSE28,Quiz,79.0,2023-04-27 00:00:00
950,1327,COURSE39,Quiz,81.0,2024-09-11 00:00:00
951,1451,COURSE11,Final Exam,62.0,2022-01-01 00:00:00
952,1143,COURSE2,Assignment,75.0,2021-01-12 00:00:00
953,1473,COURSE34,Final Exam,94.0,2021-04-16 00:00:00
954,1355,COURSE46,Midterm,65.0,2020-08-30 00:00:00
955,1038,COURSE11,Midterm,69.0,2022-10-18 00:00:00
956,1014,COURSE23,Final Exam,99.0,2023-03-31 00:00:00
957,1014,COURSE16,Midterm,80.0,2023-01-11 00:00:00
958,1065,COURSE44,Quiz,92.0,2024-12-19 00:00:00
959,1360,COURSE7,Midterm,84.0,2020-07-20 00:00:00
960,1019,COURSE43,Assignment,77.0,2021-01-05 00:00:00
961,1243,COURSE7,Quiz,92.0,2023-12-04 00:00:00
962,1405,COURSE38,Assignment,75.0,2024-04-03 00:00:00
963,1195,COURSE44,Final Exam,82.0,2023-09-06 00:00:00
964,1140,COURSE48,Assignment,86.0,2021-11-25 00:00:00
965,1025,COURSE16,Midterm,86.0,2020-03-06 00:00:00
966,1404,COURSE33,Midterm,74.0,2021-09-14 00:00:00
967,1161,COURSE49,Midterm,84.0,2020-05-18 00:00:00
968,1156,COURSE18,Assignment,63.0,2020-02-18 00:00:00
969,1337,COURSE40,Final Exam,84.0,2024-05-06 00:00:00
970,1228,COURSE11,Quiz,65.0,2022-06-08 00:00:00
971,1153,COURSE38,Final Exam,90.0,2024-03-01 00:00:00
972,1339,COURSE40,Midterm,66.0,2023-05-18 00:00:00
973,1420,COURSE4,Final Exam,72.0,2024-09-29 00:00:00
974,1328,COURSE9,Quiz,73.0,2021-05-24 00:00:00
975,1177,COURSE49,Quiz,83.0,2022-07-13 00:00:00
976,1068,COURSE1,Quiz,86.0,2022-08-30 00:00:00
977,1432,COURSE48,Final Exam,70.0,2022-02-19 00:00:00
978,1063,COURSE8,Final Exam,89.0,2020-11-29 00:00:00
979,1142,COURSE34,Quiz,79.0,2024-09-05 00:00:00
980,1344,COURSE45,Assignment,78.0,2023-08-06 00:00:00
981,1092,COURSE1,Final Exam,62.0,2023-09-17 00:00:00
982,1075,COURSE45,Final Exam,84.0,2024-07-03 00:00:00
983,1067,COURSE48,Final Exam,66.0,2024-06-04 00:00:00
984,1008,COURSE6,Final Exam,69.0,2024-06-27 00:00:00
985,1226,COURSE1,Assignment,83.0,2021-02-22 00:00:00
986,1454,COURSE49,Assignment,96.0,2020-05-20 00:00:00
987,1406,COURSE43,Quiz,74.0,2023-03-23 00:00:00
988,1218,COURSE20,Final Exam,95.0,2021-03-29 00:00:00
989,1078,COURSE14,Final Exam,91.0,2024-04-26 00:00:00
990,1069,COURSE34,Quiz,89.0,2021-02-05 00:00:00
991,1218,COURSE30,Quiz,86.0,2022-11-09 00:00:00
992,1187,COURSE32,Final Exam,71.0,2023-07-21 00:00:00
993,1216,COURSE48,Final Exam,92.0,2020-12-27 00:00:00
994,1338,COURSE27,Final Exam,80.0,2022-10-31 00:00:00
995,1103,COURSE32,Midterm,100.0,2020-02-12 00:00:00
996,1246,COURSE31,Quiz,72.0,2022-06-02 00:00:00
997,1353,COURSE15,Midterm,73.0,2024-12-06 00:00:00
998,1195,COURSE38,Final Exam,73.0,2020-12-29 00:00:00
999,1104,COURSE45,Assignment,90.0,2021-10-27 00:00:00
1000,1457,COURSE4,Assignment,96.0,2021-07-06 00:00:00
1,1818,COURSE83,Assignment,100.0,2022-03-06
2,1890,COURSE119,Assignment,85.0,2022-12-09
3,1523,COURSE96,Assignment,74.0,2024-04-18
4,2133,COURSE60,Midterm,71.0,2023-06-27
5,1479,COURSE118,Assignment,63.0,2022-09-17
6,2041,COURSE125,Midterm,84.0,2022-04-01
7,2864,COURSE83,Final Exam,100.0,2022-01-28
8,1082,COURSE67,Assignment,88.0,2024-04-12
9,2568,COURSE114,Midterm,75.0,2021-04-22
10,1161,COURSE104,Final Exam,59.0,2023-08-10
11,2358,COURSE133,Midterm,87.0,2023-09-14
12,2177,COURSE149,Midterm,75.0,2021-11-17
13,2623,COURSE53,Final Exam,69.0,2022-09-16
14,2577,COURSE69,Assignment,68.0,2024-03-07
15,1314,COURSE120,Final Exam,68.0,2024-12-25
16,1247,COURSE65,Assignment,79.0,2021-11-07
17,1812,COURSE113,Assignment,59.0,2022-02-27
18,1590,COURSE120,Final Exam,91.0,2023-11-27
19,1922,COURSE138,Midterm,72.0,2022-02-05
20,2395,COURSE79,Assignment,62.0,2023-08-20
21,1337,COURSE100,Midterm,79.0,2021-01-23
22,2000,COURSE96,Quiz,72.0,2023-09-26
23,1655,COURSE133,Quiz,72.0,2023-04-09
24,1382,COURSE125,Final Exam,74.0,2024-01-25
25,1110,COURSE101,Quiz,53.0,2023-07-02
26,1001,COURSE80,Assignment,72.0,2024-09-11
27,1862,COURSE105,Midterm,75.0,2024-08-20
28,1280,COURSE115,Assignment,74.0,2022-06-06
29,2592,COURSE141,Assignment,100.0,2021-08-22
30,2077,COURSE89,Final Exam,52.0,2021-03-24
31,1173,COURSE99,Assignment,83.0,2024-07-27
32,2177,COURSE73,Quiz,94.0,2021-09-30
33,1754,COURSE82,Midterm,100.0,2024-10-21
34,1992,COURSE139,Midterm,63.0,2023-11-15
35,2696,COURSE117,Assignment,76.0,2024-08-10
36,1555,COURSE142,Final Exam,78.0,2023-12-29
37,2063,COURSE112,Assignment,87.0,2022-10-22
38,2140,COURSE129,Final Exam,58.0,2023-03-23
39,2892,COURSE96,Midterm,65.0,2024-08-12
40,2025,COURSE129,Final Exam,79.0,2022-05-03
41,2874,COURSE61,Assignment,100.0,2020-11-21
42,2225,COURSE142,Final Exam,83.0,2022-08-31
43,2883,COURSE96,Final Exam,91.0,2024-09-26
44,2319,COURSE83,Final Exam,89.0,2023-11-15
45,2538,COURSE150,Midterm,76.0,2020-04-16
46,1475,COURSE147,Final Exam,77.0,2021-05-10
47,1183,COURSE68,Final Exam,75.0,2022-02-01
48,2046,COURSE143,Final Exam,65.0,2020-09-22
49,1518,COURSE108,Midterm,82.0,2021-01-14
50,1518,COURSE129,Assignment,93.0,2023-07-16
51,1098,COURSE138,Assignment,97.0,2024-01-10
52,2572,COURSE115,Assignment,86.0,2022-07-20
53,2492,COURSE129,Quiz,78.0,2023-11-13
54,1402,COURSE51,Quiz,83.0,2022-08-25
55,1802,COURSE148,Quiz,53.0,2021-09-27
56,2231,COURSE70,Midterm,93.0,2024-08-11
57,2946,COURSE136,Midterm,77.0,2022-02-20
58,1981,COURSE106,Assignment,79.0,2024-08-23
59,1211,COURSE89,Final Exam,74.0,2023-03-13
60,2470,COURSE54,Assignment,76.0,2021-05-06
61,2425,COURSE93,Final Exam,66.0,2024-07-31
62,2029,COURSE91,Midterm,68.0,2023-02-18
63,1004,COURSE145,Midterm,82.0,2021-06-04
64,2106,COURSE74,Assignment,92.0,2024-11-14
65,1077,COURSE75,Midterm,74.0,2020-07-08
66,1961,COURSE138,Midterm,78.0,2024-09-08
67,2353,COURSE126,Final Exam,87.0,2023-12-17
68,2727,COURSE150,Final Exam,85.0,2022-08-23
69,2112,COURSE61,Final Exam,71.0,2024-09-04
70,2288,COURSE146,Final Exam,78.0,2024-10-20
71,2547,COURSE123,Quiz,100.0,2022-10-17
72,2813,COURSE141,Midterm,87.0,2021-02-19
73,1643,COURSE81,Final Exam,70.0,2024-03-18
74,2347,COURSE90,Assignment,69.0,2024-07-16
75,1048,COURSE136,Quiz,91.0,2024-02-21
76,1410,COURSE52,Final Exam,99.0,2022-02-21
77,1509,COURSE51,Quiz,77.0,2024-11-28
78,1657,COURSE107,Final Exam,88.0,2022-08-15
79,2681,COURSE52,Midterm,68.0,2022-09-17
80,1365,COURSE120,Midterm,81.0,2024-01-27
81,1770,COURSE57,Midterm,88.0,2024-08-23
82,2439,COURSE56,Assignment,72.0,2023-07-22
83,2466,COURSE126,Final Exam,73.0,2020-09-15
84,2183,COURSE99,Assignment,95.0,2022-07-07
85,2630,COURSE107,Final Exam,68.0,2022-11-07
86,2558,COURSE61,Assignment,67.0,2021-04-26
87,1579,COURSE86,Assignment,80.0,2022-01-29
88,1321,COURSE144,Assignment,85.0,2024-11-01
89,1955,COURSE112,Quiz,87.0,2024-12-29
90,1444,COURSE107,Quiz,82.0,2020-08-11
91,1824,COURSE51,Assignment,88.0,2024-09-27
92,1312,COURSE92,Assignment,80.0,2021-03-13
93,2086,COURSE138,Assignment,85.0,2022-05-09
94,2655,COURSE76,Quiz,75.0,2022-11-12
95,2798,COURSE85,Final Exam,72.0,2024-07-22
96,1069,COURSE101,Assignment,60.0,2022-04-13
97,1622,COURSE108,Assignment,72.0,2020-05-05
98,2202,COURSE133,Assignment,99.0,2020-04-18
99,2423,COURSE98,Final Exam,97.0,2024-10-07
100,2727,COURSE137,Assignment,68.0,2024-03-14
101,2147,COURSE64,Assignment,73.0,2022-10-14
102,1356,COURSE140,Final Exam,86.0,2023-11-14
103,1970,COURSE106,Assignment,89.0,2024-08-19
104,1452,COURSE116,Final Exam,93.0,2022-06-21
105,2967,COURSE90,Assignment,89.0,2021-11-28
106,2354,COURSE121,Midterm,80.0,2024-01-27
107,2121,COURSE110,Midterm,74.0,2023-09-17
108,2465,COURSE141,Final Exam,86.0,2020-11-09
109,1115,COURSE104,Final Exam,90.0,2024-11-27
110,2247,COURSE65,Quiz,74.0,2023-04-05
111,2141,COURSE125,Final Exam,96.0,2021-10-15
112,1279,COURSE70,Quiz,78.0,2024-01-27
113,2619,COURSE108,Midterm,61.0,2021-11-01
114,2393,COURSE140,Assignment,90.0,2024-12-19
115,2967,COURSE134,Final Exam,73.0,2020-03-03
116,1046,COURSE120,Assignment,63.0,2023-10-18
117,1672,COURSE116,Assignment,84.0,2021-10-05
118,2491,COURSE138,Midterm,68.0,2021-11-04
119,2019,COURSE108,Assignment,76.0,2022-08-17
120,1220,COURSE74,Quiz,62.0,2020-04-19
121,2947,COURSE79,Assignment,82.0,2023-09-11
122,1917,COURSE143,Quiz,76.0,2021-07-29
123,1399,COURSE89,Quiz,81.0,2020-02-06
124,1673,COURSE91,Midterm,84.0,2024-02-15
125,1333,COURSE109,Assignment,70.0,2023-01-17
126,1034,COURSE97,Midterm,89.0,2021-09-13
127,1243,COURSE113,Quiz,83.0,2020-11-02
128,2130,COURSE85,Quiz,57.0,2024-09-09
129,2798,COURSE120,Final Exam,93.0,2024-02-26
130,1495,COURSE64,Midterm,74.0,2024-06-05
131,2014,COURSE52,Quiz,82.0,2024-08-15
132,2128,COURSE88,Assignment,66.0,2020-06-23
133,2555,COURSE126,Assignment,64.0,2024-09-09
134,2291,COURSE134,Quiz,80.0,2024-05-16
135,2212,COURSE86,Final Exam,70.0,2023-05-06
136,1918,COURSE139,Final Exam,81.0,2023-07-18
137,2623,COURSE126,Quiz,88.0,2020-01-17
138,1730,COURSE108,Final Exam,68.0,2024-09-18
139,2308,COURSE62,Midterm,78.0,2024-12-01
140,1170,COURSE101,Midterm,82.0,2023-05-24
141,1458,COURSE63,Quiz,89.0,2020-10-12
142,1146,COURSE61,Midterm,100.0,2022-04-12
143,2020,COURSE136,Midterm,57.0,2021-12-09
144,2125,COURSE65,Final Exam,67.0,2020-11-30
145,2411,COURSE58,Final Exam,86.0,2023-05-24
146,1592,COURSE104,Midterm,89.0,2020-11-06
147,2577,COURSE127,Midterm,60.0,2021-10-06
148,1807,COURSE59,Quiz,66.0,2021-07-28
149,2053,COURSE135,Midterm,85.0,2021-02-01
150,1991,COURSE93,Midterm,72.0,2020-09-25
151,1806,COURSE51,Final Exam,72.0,2022-05-07
152,1666,COURSE63,Quiz,74.0,2023-12-19
153,1515,COURSE93,Assignment,67.0,2022-09-15
154,2217,COURSE122,Midterm,65.0,2022-02-18
155,2446,COURSE139,Midterm,66.0,2020-05-26
156,2117,COURSE133,Assignment,73.0,2022-01-17
157,1404,COURSE142,Midterm,70.0,2024-01-01
158,1554,COURSE91,Quiz,74.0,2024-11-18
159,2744,COURSE110,Midterm,89.0,2023-08-23
160,2044,COURSE136,Final Exam,79.0,2022-09-02
161,1477,COURSE103,Quiz,87.0,2024-07-30
162,1398,COURSE80,Quiz,76.0,2021-01-11
163,1164,COURSE134,Assignment,95.0,2020-04-27
164,2794,COURSE96,Midterm,84.0,2023-04-17
165,1230,COURSE60,Quiz,75.0,2021-02-01
166,2967,COURSE128,Midterm,53.0,2020-04-14
167,2611,COURSE74,Final Exam,87.0,2021-04-27
168,2706,COURSE143,Midterm,73.0,2024-07-24
169,2556,COURSE89,Midterm,68.0,2020-02-27
170,1486,COURSE135,Final Exam,74.0,2022-01-18
171,2981,COURSE135,Midterm,69.0,2022-10-26
172,1559,COURSE140,Final Exam,79.0,2023-02-16
173,1933,COURSE73,Assignment,94.0,2022-11-01
174,1934,COURSE80,Final Exam,76.0,2023-07-21
175,1455,COURSE55,Quiz,79.0,2024-06-02
176,2803,COURSE53,Midterm,78.0,2020-09-10
177,2585,COURSE117,Final Exam,83.0,2023-09-19
178,2710,COURSE86,Final Exam,89.0,2020-02-01
179,2556,COURSE51,Quiz,84.0,2023-01-27
180,2874,COURSE124,Midterm,80.0,2023-04-22
181,1742,COURSE124,Quiz,79.0,2024-06-15
182,2563,COURSE73,Midterm,57.0,2024-11-25
183,1427,COURSE109,Quiz,98.0,2023-01-08
184,1978,COURSE143,Final Exam,96.0,2024-01-26
185,2007,COURSE68,Quiz,90.0,2021-12-05
186,2790,COURSE111,Assignment,74.0,2022-03-22
187,1828,COURSE131,Final Exam,87.0,2020-06-03
188,2711,COURSE149,Final Exam,81.0,2021-08-20
189,2575,COURSE113,Midterm,79.0,2023-07-09
190,1344,COURSE120,Assignment,74.0,2023-02-01
191,2863,COURSE75,Midterm,70.0,2023-06-19
192,2098,COURSE132,Quiz,74.0,2024-01-04
193,2902,COURSE51,Final Exam,62.0,2021-03-11
194,1308,COURSE56,Midterm,85.0,2023-01-20
195,2180,COURSE104,Assignment,82.0,2024-02-14
196,1210,COURSE133,Midterm,93.0,2024-11-18
197,1386,COURSE114,Quiz,86.0,2024-09-10
198,1803,COURSE124,Midterm,83.0,2024-12-15
199,2164,COURSE132,Quiz,56.0,2022-02-21
200,1533,COURSE137,Midterm,55.0,2023-07-09
201,1506,COURSE53,Assignment,90.0,2024-08-21
202,1606,COURSE129,Assignment,86.0,2023-09-16
203,1490,COURSE120,Final Exam,99.0,2021-12-14
204,1887,COURSE101,Assignment,79.0,2020-05-13
205,2509,COURSE54,Final Exam,93.0,2024-01-01
206,2270,COURSE53,Final Exam,76.0,2020-02-07
207,2146,COURSE102,Midterm,87.0,2023-05-02
208,2893,COURSE86,Midterm,59.0,2024-01-03
209,1813,COURSE70,Final Exam,82.0,2022-01-14
210,1061,COURSE113,Assignment,74.0,2024-07-10
211,1081,COURSE51,Quiz,74.0,2022-01-26
212,2395,COURSE122,Assignment,69.0,2023-02-26
213,2036,COURSE126,Midterm,96.0,2021-03-25
214,1861,COURSE72,Final Exam,93.0,2020-12-21
215,2952,COURSE82,Assignment,88.0,2024-11-17
216,2368,COURSE115,Final Exam,84.0,2020-08-01
217,1595,COURSE142,Final Exam,65.0,2022-02-05
218,2278,COURSE94,Assignment,90.0,2022-10-08
219,1746,COURSE73,Assignment,85.0,2021-12-25
220,1335,COURSE89,Midterm,77.0,2020-04-29
221,1561,COURSE58,Final Exam,71.0,2021-12-25
222,2222,COURSE143,Final Exam,78.0,2022-08-07
223,2636,COURSE125,Assignment,72.0,2023-07-28
224,1520,COURSE145,Final Exam,86.0,2020-05-15
225,1459,COURSE52,Final Exam,91.0,2024-04-14
226,2857,COURSE96,Final Exam,70.0,2022-11-01
227,2487,COURSE110,Midterm,84.0,2022-10-14
228,2251,COURSE86,Assignment,66.0,2020-11-24
229,1227,COURSE59,Midterm,87.0,2020-01-01
230,1141,COURSE147,Final Exam,91.0,2022-01-14
231,1822,COURSE77,Assignment,91.0,2021-03-06
232,1613,COURSE121,Assignment,86.0,2024-05-31
233,2622,COURSE103,Assignment,67.0,2024-02-13
234,2833,COURSE66,Midterm,79.0,2023-09-08
235,1548,COURSE105,Assignment,76.0,2022-10-15
236,1482,COURSE110,Assignment,54.0,2023-09-30
237,1082,COURSE144,Quiz,65.0,2024-02-18
238,2151,COURSE100,Quiz,76.0,2024-09-25
239,1901,COURSE105,Quiz,72.0,2024-01-14
240,1191,COURSE85,Quiz,84.0,2024-09-29
241,2071,COURSE69,Quiz,85.0,2020-12-02
242,2979,COURSE111,Assignment,70.0,2020-08-01
243,1044,COURSE60,Final Exam,88.0,2023-05-30
244,1614,COURSE107,Quiz,71.0,2023-03-08
245,1038,COURSE79,Assignment,75.0,2024-05-15
246,1804,COURSE104,Quiz,70.0,2023-02-12
247,2676,COURSE65,Final Exam,74.0,2021-06-27
248,2161,COURSE116,Final Exam,62.0,2022-09-10
249,2814,COURSE107,Quiz,67.0,2021-03-05
250,1955,COURSE89,Final Exam,100.0,2020-04-25
251,2483,COURSE95,Midterm,98.0,2022-11-18
252,2922,COURSE142,Quiz,82.0,2021-01-01
253,1011,COURSE72,Final Exam,80.0,2020-01-14
254,2561,COURSE150,Assignment,71.0,2020-09-02
255,1812,COURSE85,Assignment,67.0,2022-09-15
256,2622,COURSE112,Final Exam,96.0,2024-11-15
257,2817,COURSE74,Midterm,77.0,2022-08-21
258,2612,COURSE142,Final Exam,84.0,2024-06-15
259,2400,COURSE145,Midterm,100.0,2021-02-01
260,2856,COURSE149,Final Exam,84.0,2023-06-14
261,1133,COURSE135,Assignment,67.0,2023-08-14
262,1311,COURSE101,Final Exam,61.0,2021-10-10
263,2650,COURSE109,Midterm,80.0,2024-06-19
264,2861,COURSE138,Final Exam,63.0,2021-08-29
265,1264,COURSE76,Final Exam,85.0,2024-01-18
266,1983,COURSE104,Midterm,81.0,2020-09-18
267,2558,COURSE120,Midterm,91.0,2024-07-23
268,1375,COURSE109,Quiz,87.0,2020-12-12
269,2684,COURSE127,Assignment,88.0,2023-11-02
270,2505,COURSE118,Final Exam,88.0,2020-01-01
271,1362,COURSE110,Quiz,99.0,2022-03-27
272,1177,COURSE123,Quiz,67.0,2023-01-08
273,2987,COURSE104,Midterm,84.0,2020-06-17
274,1294,COURSE57,Final Exam,53.0,2020-11-12
275,1010,COURSE148,Quiz,84.0,2024-09-01
276,2502,COURSE146,Quiz,83.0,2023-06-09
277,1959,COURSE80,Midterm,65.0,2021-12-23
278,1525,COURSE75,Final Exam,100.0,2023-02-23
279,1549,COURSE147,Final Exam,69.0,2021-04-14
280,1455,COURSE75,Assignment,83.0,2022-02-08
281,1078,COURSE82,Midterm,85.0,2021-03-17
282,2056,COURSE125,Assignment,70.0,2024-10-27
283,1074,COURSE95,Midterm,84.0,2020-11-15
284,2144,COURSE87,Midterm,63.0,2020-01-04
285,2813,COURSE150,Midterm,87.0,2022-08-02
286,2699,COURSE119,Quiz,61.0,2023-07-13
287,2460,COURSE118,Midterm,82.0,2020-02-15
288,1741,COURSE141,Final Exam,74.0,2021-01-20
289,1699,COURSE56,Quiz,71.0,2023-04-24
290,2074,COURSE147,Midterm,65.0,2020-01-23
291,1422,COURSE87,Quiz,87.0,2023-06-20
292,1009,COURSE114,Quiz,90.0,2023-10-14
293,2556,COURSE96,Assignment,71.0,2020-04-05
294,2801,COURSE103,Assignment,84.0,2024-10-30
295,2020,COURSE113,Midterm,79.0,2021-09-07
296,2174,COURSE73,Final Exam,92.0,2020-03-29
297,2305,COURSE64,Assignment,54.0,2022-09-26
298,1807,COURSE108,Midterm,70.0,2023-10-14
299,1865,COURSE120,Final Exam,76.0,2023-09-02
300,1108,COURSE69,Quiz,96.0,2020-06-23
301,1594,COURSE126,Quiz,84.0,2021-08-25
302,1244,COURSE120,Assignment,100.0,2024-02-05
303,1134,COURSE141,Assignment,65.0,2024-09-27
304,2583,COURSE131,Final Exam,95.0,2020-07-07
305,2274,COURSE110,Final Exam,85.0,2020-06-01
306,2423,COURSE117,Midterm,89.0,2024-01-05
307,1665,COURSE84,Quiz,86.0,2024-08-24
308,1311,COURSE91,Quiz,86.0,2023-09-07
309,2573,COURSE59,Midterm,100.0,2022-02-15
310,2186,COURSE136,Quiz,75.0,2022-03-24
311,2394,COURSE76,Final Exam,90.0,2024-08-21
312,1007,COURSE103,Midterm,83.0,2020-02-22
313,1185,COURSE129,Assignment,72.0,2024-07-27
314,1356,COURSE97,Final Exam,88.0,2022-01-25
315,2444,COURSE116,Midterm,85.0,2024-04-30
316,2179,COURSE60,Midterm,70.0,2024-02-08
317,1249,COURSE103,Quiz,85.0,2020-09-06
318,1219,COURSE148,Quiz,94.0,2022-08-22
319,2465,COURSE67,Quiz,67.0,2023-09-13
320,1498,COURSE61,Assignment,80.0,2020-06-04
321,1970,COURSE109,Midterm,70.0,2020-12-03
322,1167,COURSE102,Quiz,88.0,2023-04-06
323,1214,COURSE61,Assignment,90.0,2021-06-08
324,1057,COURSE62,Assignment,80.0,2021-02-19
325,2456,COURSE140,Assignment,72.0,2020-07-28
326,1811,COURSE88,Final Exam,68.0,2020-03-17
327,2473,COURSE59,Assignment,95.0,2021-05-13
328,2188,COURSE63,Midterm,84.0,2020-05-28
329,2015,COURSE141,Quiz,85.0,2022-05-20
330,2496,COURSE115,Midterm,79.0,2023-12-10
331,2118,COURSE68,Final Exam,75.0,2024-11-23
332,1874,COURSE130,Quiz,83.0,2023-11-06
333,1481,COURSE136,Quiz,74.0,2022-03-19
334,2615,COURSE62,Quiz,75.0,2024-02-18
335,1864,COURSE144,Quiz,86.0,2021-05-23
336,2664,COURSE55,Final Exam,91.0,2021-07-14
337,1579,COURSE95,Quiz,78.0,2023-05-06
338,1480,COURSE58,Assignment,73.0,2023-08-08
339,1834,COURSE65,Midterm,73.0,2024-04-16
340,1731,COURSE119,Midterm,67.0,2021-11-09
341,1254,COURSE110,Assignment,87.0,2024-05-29
342,1910,COURSE101,Quiz,68.0,2023-08-23
343,2246,COURSE136,Quiz,82.0,2020-01-29
344,1316,COURSE52,Quiz,82.0,2022-04-30
345,2135,COURSE63,Quiz,95.0,2023-07-18
346,1372,COURSE91,Quiz,66.0,2022-09-15
347,1040,COURSE147,Final Exam,92.0,2022-06-12
348,2295,COURSE142,Assignment,70.0,2024-06-05
349,2421,COURSE55,Midterm,89.0,2023-08-07
350,2456,COURSE62,Midterm,81.0,2024-08-20
351,1818,COURSE129,Assignment,80.0,2023-02-11
352,2222,COURSE92,Assignment,77.0,2020-06-01
353,1002,COURSE145,Quiz,96.0,2021-01-14
354,1262,COURSE69,Final Exam,59.0,2022-04-07
355,1900,COURSE98,Assignment,75.0,2023-11-26
356,2935,COURSE130,Quiz,91.0,2024-04-29
357,1923,COURSE105,Quiz,83.0,2020-09-21
358,2455,COURSE133,Assignment,96.0,2021-07-19
359,1514,COURSE112,Assignment,75.0,2023-09-25
360,1742,COURSE64,Assignment,99.0,2020-03-05
361,2625,COURSE81,Quiz,73.0,2022-07-25
362,1167,COURSE143,Midterm,70.0,2020-04-09
363,2150,COURSE64,Assignment,79.0,2024-03-15
364,1455,COURSE122,Assignment,75.0,2024-04-16
365,2777,COURSE146,Midterm,100.0,2022-04-25
366,1701,COURSE74,Assignment,79.0,2023-09-05
367,2034,COURSE111,Assignment,93.0,2023-01-21
368,2874,COURSE125,Assignment,74.0,2020-07-17
369,2458,COURSE137,Assignment,83.0,2024-01-25
370,1990,COURSE128,Midterm,92.0,2021-11-15
371,1335,COURSE81,Final Exam,69.0,2022-06-02
372,1037,COURSE110,Final Exam,77.0,2023-12-29
373,1729,COURSE114,Quiz,100.0,2022-02-12
374,1588,COURSE130,Quiz,72.0,2021-04-15
375,1641,COURSE120,Assignment,82.0,2023-01-31
376,1200,COURSE77,Midterm,81.0,2022-07-14
377,1450,COURSE80,Final Exam,95.0,2023-06-04
378,1831,COURSE95,Quiz,82.0,2023-08-15
379,2302,COURSE100,Assignment,61.0,2020-06-18
380,1181,COURSE113,Midterm,92.0,2021-09-23
381,1115,COURSE142,Midterm,77.0,2022-12-18
382,1640,COURSE60,Final Exam,88.0,2023-02-18
383,1937,COURSE128,Midterm,80.0,2024-06-28
384,1411,COURSE70,Quiz,79.0,2020-09-12
385,1584,COURSE58,Final Exam,91.0,2023-09-17
386,1371,COURSE81,Quiz,73.0,2024-01-31
387,2585,COURSE141,Assignment,77.0,2021-03-07
388,2643,COURSE56,Final Exam,64.0,2021-06-07
389,2406,COURSE146,Final Exam,69.0,2023-11-07
390,1207,COURSE144,Final Exam,69.0,2020-03-19
391,2805,COURSE87,Quiz,78.0,2024-03-24
392,2821,COURSE59,Midterm,85.0,2020-06-25
393,1673,COURSE148,Quiz,77.0,2020-05-07
394,1576,COURSE147,Midterm,71.0,2024-01-15
395,1296,COURSE100,Quiz,80.0,2020-07-25
396,1859,COURSE74,Midterm,78.0,2024-12-21
397,1084,COURSE136,Assignment,75.0,2021-01-01
398,2445,COURSE125,Final Exam,71.0,2023-12-29
399,1288,COURSE69,Midterm,59.0,2024-03-03
400,1086,COURSE66,Midterm,98.0,2021-02-01
401,1897,COURSE53,Midterm,99.0,2024-09-20
402,2652,COURSE122,Assignment,100.0,2021-11-19
403,2217,COURSE123,Assignment,66.0,2023-02-08
404,1651,COURSE55,Midterm,77.0,2020-05-15
405,1626,COURSE149,Assignment,80.0,2022-03-12
406,1421,COURSE58,Final Exam,90.0,2024-10-12
407,2531,COURSE131,Assignment,100.0,2024-04-11
408,1830,COURSE77,Midterm,88.0,2020-05-16
409,1524,COURSE62,Assignment,63.0,2023-01-05
410,2668,COURSE89,Final Exam,92.0,2024-02-25
411,2534,COURSE69,Final Exam,69.0,2024-04-02
412,2303,COURSE82,Final Exam,72.0,2020-09-19
413,1233,COURSE136,Assignment,97.0,2022-03-20
414,2761,COURSE108,Assignment,77.0,2021-07-21
415,1561,COURSE51,Midterm,82.0,2023-10-23
416,2336,COURSE53,Midterm,73.0,2024-09-29
417,1515,COURSE104,Final Exam,96.0,2021-04-13
418,1251,COURSE92,Final Exam,100.0,2024-11-28
419,1279,COURSE52,Quiz,75.0,2023-01-23
420,1315,COURSE110,Quiz,91.0,2023-06-07
421,2093,COURSE95,Assignment,96.0,2024-08-28
422,2728,COURSE119,Midterm,60.0,2020-03-01
423,2234,COURSE138,Assignment,83.0,2022-12-25
424,2790,COURSE121,Midterm,98.0,2023-05-20
425,1834,COURSE139,Final Exam,95.0,2021-01-18
426,2987,COURSE150,Quiz,91.0,2024-05-02
427,1444,COURSE113,Midterm,79.0,2024-12-26
428,2776,COURSE125,Midterm,96.0,2020-10-26
429,2708,COURSE60,Midterm,81.0,2021-02-18
430,1206,COURSE89,Final Exam,85.0,2023-09-29
431,2051,COURSE126,Assignment,91.0,2020-06-04
432,2300,COURSE109,Quiz,60.0,2024-03-05
433,1405,COURSE141,Final Exam,62.0,2024-03-15
434,1234,COURSE63,Midterm,100.0,2023-11-18
435,2608,COURSE72,Assignment,79.0,2024-11-27
436,1335,COURSE98,Midterm,63.0,2022-09-15
437,2306,COURSE54,Midterm,82.0,2024-06-01
438,1611,COURSE148,Final Exam,75.0,2021-04-12
439,2009,COURSE84,Assignment,77.0,2022-08-29
440,1557,COURSE51,Quiz,81.0,2023-07-29
441,1045,COURSE90,Midterm,71.0,2021-05-12
442,2116,COURSE114,Midterm,81.0,2022-06-25
443,1791,COURSE53,Final Exam,69.0,2023-11-29
444,2697,COURSE149,Midterm,71.0,2020-08-21
445,1221,COURSE116,Quiz,85.0,2022-10-27
446,2488,COURSE66,Quiz,71.0,2020-05-26
447,2886,COURSE71,Midterm,71.0,2023-07-15
448,1752,COURSE73,Assignment,84.0,2023-12-08
449,2922,COURSE71,Final Exam,65.0,2023-04-18
450,2959,COURSE100,Final Exam,85.0,2023-02-01
451,1850,COURSE143,Midterm,61.0,2020-11-02
452,2721,COURSE62,Assignment,71.0,2023-04-13
453,1982,COURSE137,Final Exam,69.0,2022-01-20
454,2880,COURSE52,Final Exam,100.0,2023-05-22
455,2160,COURSE67,Assignment,79.0,2021-12-21
456,1810,COURSE75,Quiz,87.0,2023-01-28
457,2083,COURSE121,Midterm,62.0,2024-02-12
458,1348,COURSE101,Assignment,96.0,2024-05-06
459,2106,COURSE104,Final Exam,82.0,2024-01-09
460,1311,COURSE57,Assignment,100.0,2022-06-25
461,2784,COURSE138,Quiz,94.0,2022-08-14
462,2688,COURSE110,Midterm,63.0,2023-10-14
463,1942,COURSE117,Midterm,61.0,2021-08-18
464,1528,COURSE106,Quiz,66.0,2024-06-11
465,1344,COURSE80,Final Exam,88.0,2023-07-14
466,2075,COURSE120,Midterm,100.0,2021-05-28
467,1721,COURSE135,Final Exam,66.0,2022-04-20
468,2904,COURSE101,Quiz,64.0,2023-11-06
469,1346,COURSE132,Assignment,91.0,2022-08-03
470,1085,COURSE65,Final Exam,81.0,2020-10-25
471,1774,COURSE74,Assignment,73.0,2020-09-08
472,2390,COURSE94,Assignment,91.0,2021-03-03
473,1003,COURSE126,Quiz,87.0,2024-08-20
474,1665,COURSE57,Midterm,94.0,2023-06-23
475,1911,COURSE146,Final Exam,75.0,2021-06-23
476,1202,COURSE107,Midterm,83.0,2022-02-26
477,1452,COURSE144,Final Exam,91.0,2022-08-22
478,1349,COURSE123,Quiz,85.0,2022-07-02
479,2203,COURSE107,Midterm,55.0,2021-02-06
480,2135,COURSE118,Assignment,67.0,2022-11-01
481,2941,COURSE53,Quiz,87.0,2020-03-23
482,1148,COURSE76,Midterm,54.0,2024-03-10
483,2847,COURSE76,Assignment,68.0,2022-06-15
484,1777,COURSE53,Midterm,67.0,2020-08-24
485,2880,COURSE90,Final Exam,73.0,2022-11-23
486,1896,COURSE81,Assignment,62.0,2024-04-20
487,1663,COURSE61,Quiz,69.0,2022-06-11
488,1232,COURSE109,Quiz,67.0,2023-06-30
489,1187,COURSE128,Quiz,91.0,2022-09-24
490,2775,COURSE104,Final Exam,64.0,2023-05-03
491,2488,COURSE75,Midterm,58.0,2021-09-20
492,2298,COURSE84,Midterm,71.0,2022-09-26
493,2187,COURSE77,Final Exam,67.0,2024-03-13
494,2280,COURSE113,Quiz,58.0,2022-04-16
495,2123,COURSE150,Assignment,77.0,2022-11-15
496,2604,COURSE127,Midterm,73.0,2023-09-18
497,2372,COURSE89,Midterm,98.0,2024-07-11
498,1258,COURSE64,Assignment,81.0,2020-08-06
499,1985,COURSE126,Midterm,68.0,2022-06-29
500,2833,COURSE141,Assignment,70.0,2023-11-18
501,2291,COURSE59,Quiz,88.0,2020-02-15
502,2348,COURSE90,Final Exam,71.0,2024-07-23
503,1057,COURSE115,Quiz,76.0,2024-09-04
504,2670,COURSE79,Quiz,82.0,2021-04-18
505,1488,COURSE65,Midterm,79.0,2020-11-08
506,2418,COURSE89,Assignment,78.0,2023-09-18
507,1881,COURSE110,Quiz,68.0,2022-03-23
508,1184,COURSE72,Final Exam,82.0,2022-02-03
509,2883,COURSE70,Quiz,83.0,2022-08-17
510,1029,COURSE132,Assignment,85.0,2022-02-03
511,1216,COURSE83,Final Exam,91.0,2024-09-24
512,2025,COURSE65,Midterm,65.0,2024-01-31
513,2935,COURSE119,Quiz,66.0,2023-11-25
514,2483,COURSE115,Assignment,75.0,2022-08-08
515,1851,COURSE65,Midterm,73.0,2022-07-06
516,2569,COURSE90,Quiz,77.0,2022-06-26
517,1794,COURSE125,Midterm,79.0,2024-09-27
518,1231,COURSE120,Final Exam,86.0,2022-11-24
519,1348,COURSE72,Final Exam,92.0,2022-02-01
520,1393,COURSE77,Quiz,93.0,2020-04-01
521,2322,COURSE123,Assignment,85.0,2023-06-10
522,1471,COURSE52,Quiz,96.0,2021-04-10
523,1587,COURSE136,Midterm,93.0,2024-01-13
524,1683,COURSE99,Assignment,87.0,2024-10-25
525,2797,COURSE135,Final Exam,84.0,2023-04-13
526,1921,COURSE103,Quiz,66.0,2023-09-07
527,1103,COURSE100,Assignment,82.0,2020-01-22
528,2580,COURSE87,Final Exam,84.0,2024-08-23
529,1695,COURSE59,Assignment,74.0,2024-06-02
530,1590,COURSE103,Midterm,80.0,2020-08-02
531,2690,COURSE82,Final Exam,78.0,2024-10-27
532,1812,COURSE53,Quiz,66.0,2024-06-16
533,2561,COURSE136,Final Exam,40.0,2021-05-10
534,1076,COURSE114,Midterm,77.0,2020-01-07
535,2958,COURSE90,Midterm,84.0,2023-09-22
536,1423,COURSE127,Final Exam,71.0,2021-09-16
537,1202,COURSE137,Quiz,78.0,2022-06-01
538,2019,COURSE145,Quiz,87.0,2022-06-17
539,1431,COURSE92,Midterm,83.0,2022-04-05
540,1647,COURSE99,Midterm,87.0,2024-09-21
541,2440,COURSE123,Quiz,78.0,2024-06-18
542,1173,COURSE103,Quiz,93.0,2024-01-11
543,2259,COURSE134,Quiz,83.0,2020-01-16
544,2737,COURSE121,Midterm,55.0,2024-07-22
545,1774,COURSE116,Quiz,88.0,2020-02-23
546,2527,COURSE146,Final Exam,77.0,2020-04-14
547,2208,COURSE139,Assignment,97.0,2022-12-19
548,1207,COURSE69,Quiz,81.0,2023-05-19
549,2694,COURSE114,Midterm,69.0,2021-11-17
550,1718,COURSE96,Midterm,72.0,2023-03-14
551,2110,COURSE111,Assignment,87.0,2024-01-04
552,1172,COURSE104,Midterm,89.0,2024-07-25
553,1299,COURSE115,Final Exam,81.0,2024-04-15
554,2932,COURSE135,Final Exam,49.0,2022-08-03
555,2922,COURSE105,Quiz,91.0,2020-10-04
556,2115,COURSE72,Final Exam,92.0,2020-02-10
557,2821,COURSE133,Quiz,83.0,2023-11-23
558,2943,COURSE88,Quiz,76.0,2023-02-09
559,1610,COURSE79,Quiz,77.0,2020-11-23
560,2737,COURSE51,Quiz,48.0,2022-02-15
561,1445,COURSE86,Assignment,71.0,2023-11-01
562,1131,COURSE143,Assignment,88.0,2021-09-11
563,1531,COURSE116,Assignment,69.0,2020-09-03
564,2722,COURSE122,Midterm,71.0,2020-10-22
565,1190,COURSE122,Assignment,83.0,2023-06-16
566,2539,COURSE127,Midterm,67.0,2023-03-28
567,1137,COURSE90,Final Exam,88.0,2024-12-17
568,2898,COURSE133,Quiz,92.0,2020-12-06
569,2680,COURSE147,Midterm,73.0,2022-03-18
570,2401,COURSE149,Final Exam,81.0,2024-10-23
571,1120,COURSE83,Final Exam,70.0,2020-05-30
572,2163,COURSE71,Assignment,87.0,2021-04-26
573,1850,COURSE149,Quiz,94.0,2024-05-19
574,1007,COURSE145,Midterm,61.0,2024-03-10
575,1087,COURSE79,Midterm,87.0,2021-07-29
576,2076,COURSE82,Midterm,76.0,2024-07-08
577,1467,COURSE99,Assignment,77.0,2021-08-09
578,1787,COURSE60,Quiz,51.0,2024-08-27
579,1424,COURSE147,Final Exam,83.0,2024-12-15
580,2199,COURSE70,Final Exam,87.0,2023-01-11
581,2886,COURSE53,Final Exam,76.0,2020-07-29
582,2310,COURSE63,Assignment,95.0,2021-03-17
583,1786,COURSE89,Midterm,84.0,2023-09-06
584,2444,COURSE85,Assignment,73.0,2024-08-17
585,2458,COURSE109,Midterm,88.0,2020-04-24
586,2693,COURSE100,Final Exam,94.0,2023-04-01
587,1004,COURSE109,Final Exam,76.0,2023-07-22
588,2110,COURSE81,Final Exam,97.0,2024-11-17
589,1063,COURSE94,Assignment,82.0,2021-06-11
590,1362,COURSE85,Midterm,83.0,2024-03-18
591,2546,COURSE131,Assignment,89.0,2023-02-23
592,1597,COURSE140,Midterm,82.0,2020-08-26
593,1265,COURSE108,Assignment,100.0,2021-10-10
594,1120,COURSE132,Assignment,100.0,2022-01-31
595,1696,COURSE135,Assignment,89.0,2021-06-24
596,1399,COURSE64,Quiz,74.0,2024-05-14
597,1789,COURSE138,Quiz,82.0,2024-10-09
598,1744,COURSE119,Assignment,64.0,2023-01-30
599,2395,COURSE113,Final Exam,82.0,2024-01-30
600,2709,COURSE84,Quiz,88.0,2023-05-20
601,1161,COURSE51,Assignment,76.0,2023-01-01
602,2670,COURSE107,Final Exam,89.0,2020-06-23
603,1443,COURSE104,Quiz,77.0,2022-08-29
604,1336,COURSE78,Quiz,77.0,2020-06-06
605,1325,COURSE70,Midterm,82.0,2024-08-08
606,1233,COURSE56,Midterm,95.0,2023-03-23
607,2593,COURSE54,Final Exam,85.0,2021-03-29
608,2397,COURSE62,Quiz,92.0,2024-07-13
609,2459,COURSE137,Assignment,88.0,2024-08-06
610,2931,COURSE107,Final Exam,62.0,2020-02-26
611,2159,COURSE51,Midterm,72.0,2023-01-29
612,1453,COURSE77,Final Exam,76.0,2021-09-02
613,2935,COURSE51,Final Exam,79.0,2021-11-25
614,2720,COURSE137,Final Exam,93.0,2020-01-04
615,1084,COURSE54,Quiz,100.0,2022-02-19
616,2389,COURSE60,Assignment,90.0,2020-10-06
617,2531,COURSE72,Midterm,98.0,2024-01-10
618,2404,COURSE141,Midterm,66.0,2022-09-01
619,1594,COURSE73,Quiz,75.0,2023-11-26
620,2470,COURSE101,Final Exam,62.0,2020-05-18
621,1997,COURSE135,Quiz,80.0,2024-05-12
622,1287,COURSE80,Final Exam,81.0,2024-10-13
623,2864,COURSE113,Assignment,81.0,2020-12-26
624,1701,COURSE76,Assignment,78.0,2022-09-24
625,2061,COURSE133,Final Exam,100.0,2023-12-08
626,2348,COURSE51,Quiz,75.0,2021-11-03
627,2616,COURSE83,Final Exam,73.0,2023-05-19
628,1915,COURSE92,Quiz,81.0,2023-03-18
629,1191,COURSE116,Assignment,87.0,2021-06-01
630,2794,COURSE89,Quiz,99.0,2024-10-17
631,2579,COURSE70,Final Exam,70.0,2024-04-03
632,2997,COURSE115,Assignment,83.0,2024-12-08
633,1501,COURSE105,Quiz,83.0,2021-08-15
634,2278,COURSE63,Quiz,100.0,2021-06-24
635,1690,COURSE80,Midterm,71.0,2024-03-25
636,1438,COURSE52,Quiz,100.0,2023-08-29
637,2249,COURSE93,Assignment,74.0,2020-03-05
638,2912,COURSE69,Quiz,71.0,2024-03-02
639,1215,COURSE144,Quiz,92.0,2020-04-09
640,2862,COURSE121,Midterm,82.0,2020-10-26
641,1581,COURSE74,Assignment,65.0,2024-03-02
642,2362,COURSE145,Final Exam,77.0,2021-11-06
643,1121,COURSE56,Quiz,76.0,2023-10-25
644,1463,COURSE127,Final Exam,77.0,2020-06-27
645,1125,COURSE91,Final Exam,87.0,2020-12-20
646,2365,COURSE93,Assignment,81.0,2024-01-25
647,1207,COURSE128,Quiz,95.0,2024-05-21
648,2887,COURSE100,Quiz,94.0,2020-09-18
649,1063,COURSE71,Assignment,87.0,2021-03-04
650,2770,COURSE97,Assignment,65.0,2022-11-03
651,1396,COURSE103,Final Exam,91.0,2020-10-16
652,2570,COURSE78,Midterm,69.0,2021-03-20
653,1953,COURSE109,Final Exam,78.0,2020-10-16
654,2903,COURSE120,Assignment,86.0,2023-08-25
655,2495,COURSE94,Assignment,73.0,2022-07-23
656,2117,COURSE119,Assignment,83.0,2024-10-22
657,1182,COURSE137,Final Exam,68.0,2023-11-08
658,2334,COURSE121,Final Exam,66.0,2021-06-15
659,2110,COURSE60,Midterm,84.0,2023-03-25
660,2050,COURSE115,Assignment,80.0,2023-07-09
661,2586,COURSE133,Final Exam,70.0,2021-07-02
662,2448,COURSE98,Midterm,67.0,2023-11-07
663,2441,COURSE68,Quiz,80.0,2023-05-03
664,1998,COURSE99,Quiz,82.0,2022-09-18
665,2751,COURSE140,Final Exam,86.0,2020-11-21
666,1757,COURSE100,Assignment,86.0,2023-03-21
667,1375,COURSE88,Final Exam,70.0,2023-09-24
668,2754,COURSE106,Final Exam,91.0,2020-01-29
669,2328,COURSE115,Final Exam,74.0,2021-01-10
670,1966,COURSE65,Midterm,75.0,2020-06-27
671,1551,COURSE85,Midterm,77.0,2022-09-28
672,1689,COURSE118,Assignment,45.0,2022-11-14
673,2080,COURSE78,Assignment,93.0,2024-01-18
674,2613,COURSE116,Final Exam,76.0,2023-01-31
675,1982,COURSE122,Midterm,57.0,2023-05-04
676,1330,COURSE117,Final Exam,91.0,2023-12-06
677,1827,COURSE110,Quiz,78.0,2024-11-08
678,2236,COURSE98,Midterm,69.0,2024-07-05
679,2000,COURSE134,Midterm,85.0,2022-01-31
680,1713,COURSE78,Assignment,88.0,2021-08-09
681,2721,COURSE87,Final Exam,75.0,2024-11-03
682,2831,COURSE121,Final Exam,100.0,2024-12-12
683,2682,COURSE150,Final Exam,82.0,2022-01-07
684,2385,COURSE123,Assignment,81.0,2023-01-18
685,2765,COURSE99,Quiz,73.0,2020-01-18
686,1431,COURSE72,Midterm,97.0,2020-07-07
687,1123,COURSE136,Final Exam,80.0,2023-01-06
688,1983,COURSE148,Midterm,79.0,2024-01-24
689,2582,COURSE87,Quiz,62.0,2020-05-23
690,1634,COURSE74,Quiz,76.0,2022-08-03
691,2301,COURSE63,Midterm,82.0,2024-11-16
692,2324,COURSE65,Midterm,92.0,2024-05-09
693,1146,COURSE71,Assignment,91.0,2024-02-01
694,2043,COURSE68,Assignment,92.0,2020-01-17
695,2657,COURSE128,Midterm,89.0,2020-04-28
696,1173,COURSE112,Midterm,77.0,2021-03-31
697,1478,COURSE60,Assignment,67.0,2020-12-11
698,1307,COURSE94,Quiz,76.0,2023-12-19
699,1061,COURSE119,Assignment,73.0,2022-08-25
700,2933,COURSE77,Assignment,68.0,2020-09-03
701,2538,COURSE56,Quiz,67.0,2024-09-26
702,1778,COURSE73,Quiz,79.0,2024-08-06
703,1975,COURSE91,Midterm,71.0,2021-02-20
704,2417,COURSE127,Assignment,95.0,2023-08-17
705,1723,COURSE116,Midterm,81.0,2024-09-10
706,2255,COURSE138,Quiz,71.0,2020-03-13
707,1534,COURSE90,Quiz,76.0,2024-11-03
708,1726,COURSE64,Quiz,64.0,2022-03-04
709,2944,COURSE80,Quiz,83.0,2020-01-23
710,1562,COURSE75,Midterm,73.0,2020-12-21
711,1479,COURSE136,Final Exam,73.0,2020-08-16
712,1598,COURSE119,Midterm,58.0,2021-12-28
713,1849,COURSE143,Assignment,72.0,2021-08-04
714,1576,COURSE74,Quiz,70.0,2023-07-04
715,1529,COURSE86,Midterm,84.0,2021-07-09
716,2795,COURSE103,Quiz,81.0,2021-07-06
717,1209,COURSE55,Midterm,69.0,2024-01-03
718,2121,COURSE67,Assignment,72.0,2022-07-04
719,2583,COURSE130,Midterm,73.0,2023-09-26
720,2063,COURSE139,Midterm,83.0,2024-12-21
721,2437,COURSE98,Assignment,90.0,2023-10-29
722,1067,COURSE74,Midterm,70.0,2021-07-15
723,2564,COURSE90,Assignment,61.0,2021-04-04
724,1767,COURSE132,Quiz,83.0,2021-05-19
725,2910,COURSE150,Final Exam,85.0,2020-02-27
726,1228,COURSE71,Final Exam,85.0,2023-02-07
727,2978,COURSE103,Midterm,70.0,2021-08-06
728,2873,COURSE60,Midterm,80.0,2023-11-01
729,2487,COURSE108,Midterm,70.0,2020-01-17
730,2284,COURSE56,Midterm,69.0,2024-02-05
731,1346,COURSE124,Assignment,88.0,2024-11-18
732,1605,COURSE111,Midterm,77.0,2023-02-01
733,1225,COURSE101,Final Exam,58.0,2024-01-23
734,2275,COURSE61,Quiz,73.0,2021-03-15
735,2954,COURSE69,Final Exam,91.0,2024-08-30
736,1217,COURSE116,Final Exam,63.0,2021-07-01
737,1682,COURSE148,Final Exam,65.0,2023-02-04
738,1853,COURSE83,Assignment,92.0,2021-07-11
739,2665,COURSE145,Final Exam,70.0,2022-07-22
740,2147,COURSE109,Assignment,68.0,2023-01-27
741,1869,COURSE103,Assignment,78.0,2023-10-04
742,1277,COURSE52,Quiz,77.0,2024-12-29
743,2432,COURSE82,Midterm,87.0,2022-03-05
744,2484,COURSE118,Midterm,82.0,2024-08-05
745,1703,COURSE87,Midterm,92.0,2021-07-08
746,2879,COURSE83,Quiz,87.0,2023-09-18
747,1221,COURSE77,Midterm,83.0,2021-09-04
748,2511,COURSE148,Midterm,87.0,2022-08-27
749,2143,COURSE126,Assignment,78.0,2023-09-05
750,2923,COURSE92,Assignment,88.0,2024-10-03
751,2794,COURSE85,Quiz,98.0,2021-03-23
752,2336,COURSE125,Assignment,76.0,2021-10-14
753,1249,COURSE108,Quiz,93.0,2024-10-04
754,2226,COURSE99,Final Exam,76.0,2022-05-18
755,2016,COURSE137,Final Exam,89.0,2024-07-13
756,1347,COURSE64,Quiz,81.0,2024-09-23
757,1942,COURSE74,Assignment,79.0,2023-06-20
758,1806,COURSE133,Final Exam,82.0,2022-04-25
759,1283,COURSE67,Quiz,94.0,2021-07-22
760,1767,COURSE64,Midterm,82.0,2022-01-25
761,1206,COURSE131,Quiz,82.0,2021-09-27
762,1153,COURSE116,Assignment,100.0,2021-10-23
763,1790,COURSE135,Quiz,94.0,2022-05-11
764,1940,COURSE134,Final Exam,86.0,2023-04-30
765,1592,COURSE60,Midterm,89.0,2024-12-27
766,1558,COURSE57,Midterm,79.0,2023-12-12
767,1640,COURSE133,Midterm,72.0,2023-11-26
768,1517,COURSE97,Assignment,84.0,2023-02-25
769,2446,COURSE86,Final Exam,90.0,2023-07-08
770,1904,COURSE111,Final Exam,94.0,2022-08-11
771,2147,COURSE90,Assignment,58.0,2022-11-06
772,2443,COURSE148,Final Exam,97.0,2021-08-01
773,2099,COURSE150,Midterm,76.0,2024-08-20
774,1093,COURSE90,Assignment,83.0,2020-12-08
775,2157,COURSE138,Final Exam,71.0,2023-01-23
776,2116,COURSE100,Final Exam,99.0,2023-01-13
777,1499,COURSE53,Midterm,83.0,2024-02-14
778,1512,COURSE59,Assignment,86.0,2021-07-08
779,2254,COURSE143,Quiz,74.0,2024-03-14
780,1015,COURSE128,Quiz,78.0,2021-07-30
781,1009,COURSE56,Final Exam,73.0,2024-02-09
782,2374,COURSE124,Midterm,71.0,2023-12-15
783,2238,COURSE106,Quiz,91.0,2024-11-05
784,2903,COURSE91,Assignment,82.0,2023-10-06
785,2935,COURSE72,Midterm,78.0,2021-06-27
786,2199,COURSE84,Midterm,81.0,2024-10-04
787,1970,COURSE131,Quiz,86.0,2024-01-25
788,1387,COURSE95,Quiz,91.0,2021-04-16
789,2443,COURSE81,Quiz,72.0,2021-01-15
790,1689,COURSE147,Assignment,75.0,2023-11-20
791,1154,COURSE79,Quiz,98.0,2022-08-14
792,1564,COURSE116,Final Exam,74.0,2023-05-18
793,1443,COURSE103,Quiz,100.0,2020-04-01
794,2911,COURSE64,Quiz,82.0,2024-03-15
795,2564,COURSE57,Quiz,88.0,2024-10-05
796,1892,COURSE105,Quiz,77.0,2022-12-09
797,1170,COURSE136,Quiz,82.0,2020-06-14
798,1519,COURSE89,Quiz,87.0,2024-12-26
799,1787,COURSE130,Midterm,74.0,2021-04-30
800,1766,COURSE90,Assignment,71.0,2024-09-24
801,1542,COURSE144,Assignment,88.0,2021-05-25
802,1886,COURSE58,Final Exam,86.0,2024-11-06
803,1586,COURSE67,Quiz,56.0,2021-09-05
804,1952,COURSE65,Final Exam,76.0,2022-07-23
805,1310,COURSE104,Quiz,59.0,2024-07-28
806,2168,COURSE117,Final Exam,78.0,2023-07-15
807,1460,COURSE60,Midterm,69.0,2024-01-09
808,1334,COURSE62,Final Exam,83.0,2024-02-06
809,2769,COURSE90,Midterm,73.0,2021-12-27
810,2579,COURSE112,Quiz,66.0,2023-05-26
811,1542,COURSE109,Final Exam,74.0,2023-08-05
812,1504,COURSE115,Assignment,79.0,2021-10-29
813,2929,COURSE86,Final Exam,57.0,2023-06-21
814,2282,COURSE74,Midterm,75.0,2024-02-29
815,2118,COURSE126,Quiz,68.0,2023-08-27
816,2612,COURSE55,Assignment,84.0,2022-07-21
817,1931,COURSE64,Final Exam,71.0,2024-07-13
818,2311,COURSE61,Assignment,80.0,2021-12-10
819,1464,COURSE134,Quiz,65.0,2024-07-10
820,1745,COURSE51,Quiz,91.0,2022-09-02
821,1340,COURSE137,Midterm,95.0,2020-12-17
822,2480,COURSE145,Midterm,77.0,2024-02-23
823,2807,COURSE133,Quiz,79.0,2023-11-17
824,1476,COURSE97,Quiz,65.0,2024-12-05
825,1713,COURSE66,Midterm,79.0,2023-10-04
826,1392,COURSE104,Assignment,70.0,2023-04-24
827,1507,COURSE70,Quiz,82.0,2020-10-01
828,1351,COURSE112,Quiz,72.0,2022-02-10
829,2037,COURSE76,Final Exam,84.0,2021-11-01
830,2453,COURSE134,Midterm,90.0,2020-06-16
831,1154,COURSE138,Quiz,94.0,2022-05-15
832,2158,COURSE130,Midterm,56.0,2024-04-28
833,2202,COURSE146,Final Exam,78.0,2021-03-25
834,2769,COURSE125,Quiz,67.0,2020-03-27
835,2931,COURSE119,Midterm,86.0,2020-09-16
836,2288,COURSE147,Midterm,92.0,2020-09-28
837,1165,COURSE69,Final Exam,60.0,2023-06-17
838,1980,COURSE120,Final Exam,90.0,2021-05-27
839,2394,COURSE66,Quiz,71.0,2024-11-15
840,1218,COURSE140,Assignment,67.0,2021-06-16
841,1155,COURSE133,Quiz,78.0,2021-03-24
842,1415,COURSE132,Quiz,83.0,2021-08-18
843,1594,COURSE112,Assignment,76.0,2023-09-24
844,2939,COURSE103,Midterm,74.0,2024-08-10
845,2285,COURSE127,Quiz,74.0,2024-04-19
846,2627,COURSE55,Quiz,96.0,2023-09-28
847,1413,COURSE78,Midterm,94.0,2021-03-23
848,1859,COURSE95,Assignment,71.0,2023-01-14
849,2373,COURSE147,Quiz,75.0,2020-11-03
850,1658,COURSE61,Quiz,74.0,2020-09-06
851,2857,COURSE135,Assignment,68.0,2020-12-30
852,1167,COURSE82,Final Exam,84.0,2020-01-21
853,2766,COURSE93,Final Exam,87.0,2022-07-14
854,1208,COURSE142,Final Exam,85.0,2022-01-01
855,2231,COURSE58,Assignment,95.0,2020-01-14
856,1042,COURSE61,Quiz,65.0,2020-07-26
857,1626,COURSE139,Assignment,79.0,2020-07-28
858,2249,COURSE97,Midterm,75.0,2020-02-25
859,2134,COURSE80,Final Exam,83.0,2023-05-14
860,1323,COURSE57,Final Exam,74.0,2024-04-03
861,2835,COURSE127,Final Exam,50.0,2023-11-21
862,2226,COURSE127,Final Exam,72.0,2023-03-22
863,2537,COURSE84,Quiz,87.0,2021-11-11
864,2397,COURSE87,Quiz,78.0,2024-11-01
865,2013,COURSE98,Assignment,68.0,2022-09-14
866,2082,COURSE86,Final Exam,64.0,2023-09-04
867,1332,COURSE144,Quiz,63.0,2022-08-16
868,1840,COURSE77,Final Exam,89.0,2022-09-19
869,2591,COURSE97,Quiz,78.0,2021-01-04
870,1210,COURSE116,Midterm,75.0,2024-05-11
871,1509,COURSE110,Final Exam,77.0,2024-02-23
872,2730,COURSE54,Assignment,100.0,2023-07-06
873,2882,COURSE117,Final Exam,68.0,2024-09-25
874,1123,COURSE58,Assignment,76.0,2022-09-03
875,2244,COURSE93,Final Exam,59.0,2021-09-26
876,1993,COURSE84,Final Exam,90.0,2020-09-01
877,1964,COURSE148,Quiz,85.0,2024-09-18
878,1966,COURSE68,Assignment,84.0,2021-04-17
879,1680,COURSE135,Quiz,88.0,2022-10-03
880,1354,COURSE59,Assignment,80.0,2024-04-08
881,2738,COURSE96,Final Exam,79.0,2023-09-01
882,2460,COURSE102,Assignment,90.0,2021-08-05
883,1942,COURSE129,Assignment,68.0,2022-02-02
884,1877,COURSE118,Quiz,65.0,2024-02-14
885,1188,COURSE112,Assignment,82.0,2024-03-31
886,2532,COURSE139,Final Exam,96.0,2023-05-18
887,2997,COURSE128,Midterm,74.0,2021-11-24
888,1564,COURSE60,Midterm,73.0,2021-11-28
889,2939,COURSE59,Quiz,81.0,2023-12-03
890,2530,COURSE81,Quiz,98.0,2024-03-21
891,2041,COURSE101,Assignment,87.0,2020-07-11
892,1879,COURSE115,Assignment,94.0,2020-06-21
893,2260,COURSE137,Final Exam,81.0,2022-02-23
894,2833,COURSE122,Quiz,71.0,2024-01-03
895,1373,COURSE99,Midterm,79.0,2021-11-18
896,2080,COURSE90,Midterm,71.0,2023-01-11
897,1818,COURSE66,Quiz,78.0,2021-11-25
898,2252,COURSE109,Quiz,75.0,2023-04-26
899,2594,COURSE114,Quiz,80.0,2021-03-12
900,2936,COURSE136,Quiz,79.0,2021-01-03
901,2364,COURSE139,Midterm,65.0,2023-06-27
902,1758,COURSE83,Quiz,89.0,2024-01-06
903,1370,COURSE72,Midterm,66.0,2023-09-30
904,1063,COURSE58,Final Exam,97.0,2022-09-29
905,1980,COURSE122,Final Exam,51.0,2023-11-14
906,2129,COURSE146,Assignment,66.0,2024-04-14
907,2574,COURSE96,Quiz,83.0,2023-12-03
908,1656,COURSE110,Quiz,77.0,2020-09-12
909,1432,COURSE119,Final Exam,88.0,2021-02-23
910,2225,COURSE81,Midterm,80.0,2022-10-23
911,2852,COURSE106,Midterm,67.0,2020-12-28
912,1025,COURSE76,Final Exam,70.0,2020-01-16
913,1221,COURSE85,Midterm,67.0,2021-01-05
914,2660,COURSE109,Midterm,99.0,2020-03-12
915,1750,COURSE131,Quiz,79.0,2020-04-14
916,1830,COURSE89,Midterm,85.0,2024-01-18
917,1693,COURSE102,Midterm,83.0,2024-05-15
918,2520,COURSE91,Midterm,63.0,2020-02-16
919,2236,COURSE121,Midterm,92.0,2023-12-15
920,1590,COURSE52,Quiz,64.0,2020-01-14
921,1410,COURSE142,Quiz,91.0,2020-08-29
922,1075,COURSE149,Quiz,78.0,2021-09-11
923,2020,COURSE81,Midterm,67.0,2024-01-19
924,1792,COURSE146,Quiz,79.0,2022-07-01
925,2902,COURSE61,Final Exam,73.0,2024-03-27
926,2063,COURSE140,Quiz,78.0,2020-12-14
927,2098,COURSE143,Midterm,88.0,2024-01-02
928,1037,COURSE52,Final Exam,84.0,2022-05-23
929,2244,COURSE93,Assignment,83.0,2020-01-30
930,2572,COURSE119,Quiz,78.0,2020-10-22
931,2778,COURSE86,Midterm,85.0,2023-12-16
932,1485,COURSE51,Assignment,82.0,2024-05-16
933,2860,COURSE54,Assignment,74.0,2024-07-02
934,2878,COURSE146,Assignment,71.0,2021-02-18
935,2176,COURSE76,Midterm,100.0,2024-12-25
936,2115,COURSE112,Assignment,73.0,2020-02-16
937,1898,COURSE113,Midterm,68.0,2021-12-17
938,1406,COURSE62,Quiz,52.0,2020-12-07
939,2083,COURSE127,Midterm,96.0,2024-06-06
940,1323,COURSE142,Assignment,57.0,2024-01-07
941,1320,COURSE53,Midterm,76.0,2021-07-05
942,2670,COURSE138,Assignment,90.0,2022-02-19
943,2518,COURSE138,Assignment,77.0,2020-10-02
944,2239,COURSE103,Final Exam,82.0,2024-09-06
945,2500,COURSE97,Quiz,65.0,2024-12-09
946,1059,COURSE75,Quiz,66.0,2023-01-06
947,2021,COURSE91,Final Exam,67.0,2023-06-26
948,2637,COURSE51,Assignment,76.0,2023-11-20
949,1710,COURSE111,Assignment,83.0,2021-10-04
950,1929,COURSE93,Quiz,62.0,2023-10-25
951,1422,COURSE102,Final Exam,100.0,2023-07-29
952,2827,COURSE98,Assignment,82.0,2020-01-08
953,2856,COURSE63,Final Exam,54.0,2023-01-07
954,2157,COURSE83,Final Exam,77.0,2021-05-22
955,2858,COURSE96,Midterm,94.0,2022-02-23
956,1032,COURSE120,Final Exam,75.0,2023-02-18
957,1281,COURSE102,Assignment,82.0,2021-12-16
958,1930,COURSE129,Final Exam,77.0,2024-11-26
959,2572,COURSE129,Midterm,85.0,2020-05-10
960,2475,COURSE125,Midterm,68.0,2023-04-15
961,1097,COURSE139,Assignment,88.0,2021-10-05
962,2587,COURSE106,Midterm,67.0,2024-09-06
963,2172,COURSE75,Assignment,87.0,2020-12-21
964,2216,COURSE64,Assignment,85.0,2021-09-18
965,2454,COURSE129,Quiz,72.0,2022-12-24
966,2397,COURSE90,Midterm,93.0,2023-05-17
967,2425,COURSE60,Final Exam,68.0,2024-08-05
968,1450,COURSE55,Final Exam,100.0,2022-04-16
969,1639,COURSE111,Assignment,85.0,2024-06-17
970,2972,COURSE87,Quiz,94.0,2022-07-29
971,1710,COURSE136,Assignment,65.0,2020-08-16
972,2829,COURSE144,Quiz,71.0,2024-05-01
973,2890,COURSE96,Quiz,93.0,2021-02-07
974,1115,COURSE100,Assignment,70.0,2023-11-17
975,2988,COURSE127,Final Exam,88.0,2024-01-25
976,1191,COURSE80,Assignment,79.0,2020-03-18
977,1937,COURSE134,Midterm,72.0,2020-11-22
978,2605,COURSE113,Midterm,83.0,2023-06-18
979,1389,COURSE133,Assignment,87.0,2023-03-08
980,1829,COURSE83,Quiz,74.0,2022-06-14
981,2808,COURSE110,Quiz,82.0,2023-07-17
982,1138,COURSE66,Midterm,88.0,2021-09-25
983,1565,COURSE83,Midterm,71.0,2021-07-28
984,1418,COURSE120,Midterm,71.0,2022-09-09
985,1684,COURSE98,Assignment,75.0,2021-08-31
986,2761,COURSE126,Final Exam,86.0,2020-08-30
987,2059,COURSE79,Quiz,78.0,2020-11-11
988,2489,COURSE84,Quiz,73.0,2024-12-06
989,2820,COURSE124,Assignment,84.0,2022-10-24
990,1988,COURSE87,Final Exam,66.0,2024-07-11
991,1674,COURSE135,Final Exam,66.0,2021-12-07
992,2094,COURSE85,Quiz,89.0,2020-10-02
993,2610,COURSE131,Quiz,69.0,2023-01-21
994,2167,COURSE95,Assignment,83.0,2021-02-03
995,1983,COURSE55,Quiz,95.0,2021-09-05
996,1174,COURSE90,Assignment,89.0,2024-09-15
997,1073,COURSE100,Quiz,58.0,2020-02-27
998,1547,COURSE65,Assignment,100.0,2021-11-01
999,2022,COURSE104,Midterm,85.0,2020-01-25
1000,2533,COURSE101,Quiz,78.0,2020-07-19
1001,2060,COURSE111,Midterm,71.0,2024-05-13
1002,2465,COURSE94,Midterm,82.0,2024-11-21
1003,1682,COURSE64,Final Exam,82.0,2023-10-31
1004,2516,COURSE136,Midterm,95.0,2020-08-27
1005,1551,COURSE145,Quiz,76.0,2020-07-31
1006,1971,COURSE118,Assignment,93.0,2022-03-13
1007,2681,COURSE97,Midterm,76.0,2022-05-23
1008,2603,COURSE109,Midterm,92.0,2024-07-24
1009,2534,COURSE75,Final Exam,100.0,2023-09-13
1010,2402,COURSE74,Assignment,77.0,2021-09-22
1011,1463,COURSE59,Assignment,74.0,2024-08-27
1012,1567,COURSE91,Midterm,86.0,2022-09-15
1013,2218,COURSE84,Midterm,68.0,2023-12-27
1014,2753,COURSE62,Final Exam,77.0,2021-06-25
1015,2856,COURSE76,Quiz,78.0,2023-03-06
1016,2603,COURSE74,Final Exam,97.0,2022-06-01
1017,2610,COURSE129,Midterm,65.0,2024-01-20
1018,2547,COURSE139,Assignment,99.0,2024-08-12
1019,2307,COURSE83,Quiz,80.0,2023-06-19
1020,2735,COURSE100,Midterm,61.0,2023-09-12
1021,1530,COURSE142,Assignment,100.0,2021-02-06
1022,2006,COURSE105,Midterm,80.0,2024-08-18
1023,2281,COURSE107,Final Exam,79.0,2022-07-21
1024,2082,COURSE86,Assignment,88.0,2020-06-20
1025,1746,COURSE130,Final Exam,81.0,2020-05-23
1026,1501,COURSE85,Quiz,75.0,2024-09-12
1027,1220,COURSE133,Final Exam,95.0,2021-09-23
1028,2514,COURSE55,Assignment,88.0,2022-07-17
1029,1479,COURSE82,Quiz,76.0,2023-10-27
1030,2855,COURSE131,Assignment,82.0,2022-02-10
1031,2543,COURSE57,Quiz,94.0,2024-01-11
1032,1250,COURSE119,Midterm,90.0,2021-05-10
1033,1415,COURSE97,Midterm,84.0,2022-07-13
1034,1623,COURSE114,Quiz,100.0,2021-10-06
1035,1741,COURSE119,Final Exam,71.0,2020-02-29
1036,2194,COURSE129,Midterm,89.0,2021-10-16
1037,1025,COURSE75,Final Exam,91.0,2023-01-09
1038,2086,COURSE131,Midterm,57.0,2024-02-27
1039,1065,COURSE85,Final Exam,67.0,2021-12-31
1040,2199,COURSE101,Final Exam,74.0,2021-09-24
1041,2404,COURSE90,Final Exam,64.0,2023-08-06
1042,2471,COURSE148,Assignment,100.0,2021-09-21
1043,1961,COURSE64,Midterm,70.0,2022-05-15
1044,2781,COURSE68,Quiz,92.0,2021-08-30
1045,2569,COURSE110,Midterm,88.0,2021-09-18
1046,1938,COURSE103,Assignment,85.0,2023-09-25
1047,1409,COURSE84,Midterm,85.0,2020-11-21
1048,2825,COURSE121,Assignment,91.0,2023-01-04
1049,1288,COURSE68,Final Exam,78.0,2021-09-07
1050,1900,COURSE145,Quiz,96.0,2020-03-22
1051,1169,COURSE127,Final Exam,85.0,2024-07-23
1052,1604,COURSE87,Final Exam,100.0,2024-06-12
1053,1248,COURSE99,Midterm,69.0,2024-03-04
1054,1893,COURSE126,Midterm,80.0,2024-04-25
1055,1770,COURSE60,Final Exam,74.0,2022-04-01
1056,1872,COURSE93,Quiz,73.0,2023-08-03
1057,2055,COURSE122,Midterm,74.0,2020-05-24
1058,1250,COURSE119,Midterm,66.0,2024-04-23
1059,1712,COURSE145,Midterm,95.0,2022-10-07
1060,1705,COURSE115,Quiz,94.0,2020-10-05
1061,1463,COURSE108,Quiz,78.0,2023-08-07
1062,2125,COURSE108,Assignment,92.0,2024-09-17
1063,2494,COURSE139,Quiz,83.0,2024-01-14
1064,1249,COURSE104,Final Exam,93.0,2024-08-27
1065,2444,COURSE53,Assignment,91.0,2023-08-08
1066,1710,COURSE122,Quiz,68.0,2022-11-22
1067,1486,COURSE105,Midterm,78.0,2021-10-02
1068,2504,COURSE118,Quiz,63.0,2022-11-08
1069,1436,COURSE123,Final Exam,100.0,2020-01-21
1070,1553,COURSE108,Midterm,86.0,2020-05-05
1071,2351,COURSE60,Midterm,67.0,2020-11-25
1072,2824,COURSE66,Final Exam,100.0,2021-04-23
1073,1578,COURSE138,Assignment,71.0,2023-07-07
1074,1308,COURSE142,Final Exam,80.0,2024-03-14
1075,2830,COURSE117,Quiz,76.0,2022-01-04
1076,1042,COURSE82,Final Exam,80.0,2023-05-01
1077,1352,COURSE63,Final Exam,86.0,2024-12-04
1078,2724,COURSE92,Quiz,77.0,2023-02-08
1079,2506,COURSE100,Quiz,72.0,2023-03-18
1080,1191,COURSE71,Quiz,84.0,2023-11-19
1081,1116,COURSE113,Midterm,98.0,2022-11-20
1082,1699,COURSE106,Midterm,73.0,2023-06-19
1083,1776,COURSE69,Midterm,92.0,2024-09-06
1084,2872,COURSE128,Quiz,100.0,2022-12-30
1085,1148,COURSE101,Final Exam,75.0,2024-01-03
1086,1377,COURSE54,Midterm,71.0,2023-11-12
1087,2852,COURSE78,Midterm,77.0,2024-10-14
1088,1414,COURSE61,Final Exam,78.0,2020-04-27
1089,1171,COURSE122,Final Exam,78.0,2022-12-13
1090,1595,COURSE114,Final Exam,76.0,2024-11-08
1091,1580,COURSE61,Assignment,84.0,2020-01-03
1092,2779,COURSE120,Quiz,86.0,2024-02-25
1093,2445,COURSE81,Midterm,75.0,2023-07-16
1094,1117,COURSE69,Quiz,72.0,2024-04-01
1095,1038,COURSE145,Quiz,61.0,2024-04-07
1096,1861,COURSE74,Assignment,83.0,2023-09-11
1097,2857,COURSE93,Midterm,62.0,2024-10-28
1098,2734,COURSE130,Midterm,57.0,2021-08-21
1099,2210,COURSE107,Final Exam,90.0,2024-07-23
1100,1398,COURSE76,Midterm,98.0,2020-02-13
1101,1857,COURSE59,Quiz,92.0,2022-08-25
1102,2814,COURSE81,Final Exam,76.0,2022-10-30
1103,2157,COURSE79,Assignment,74.0,2021-05-23
1104,1798,COURSE132,Quiz,100.0,2020-05-09
1105,1308,COURSE150,Midterm,81.0,2022-08-26
1106,2272,COURSE107,Quiz,78.0,2021-05-21
1107,1151,COURSE115,Assignment,95.0,2021-09-18
1108,2881,COURSE72,Midterm,84.0,2020-09-06
1109,1150,COURSE120,Midterm,81.0,2023-04-06
1110,2903,COURSE102,Final Exam,78.0,2021-03-15
1111,1620,COURSE88,Assignment,80.0,2023-04-30
1112,2866,COURSE111,Quiz,91.0,2023-02-18
1113,2497,COURSE141,Assignment,79.0,2020-12-18
1114,1683,COURSE78,Assignment,100.0,2023-04-19
1115,2399,COURSE124,Assignment,78.0,2022-05-11
1116,1219,COURSE118,Quiz,85.0,2020-12-01
1117,1842,COURSE95,Assignment,69.0,2024-01-23
1118,2704,COURSE143,Quiz,66.0,2021-06-18
1119,1768,COURSE94,Assignment,87.0,2021-11-25
1120,1697,COURSE66,Final Exam,73.0,2023-09-15
1121,2539,COURSE56,Quiz,79.0,2022-09-14
1122,2526,COURSE77,Quiz,77.0,2024-08-11
1123,1348,COURSE62,Assignment,91.0,2023-05-29
1124,1910,COURSE121,Final Exam,79.0,2024-11-05
1125,1641,COURSE109,Midterm,72.0,2021-05-06
1126,2465,COURSE101,Midterm,72.0,2023-11-16
1127,1980,COURSE86,Assignment,78.0,2024-05-14
1128,2076,COURSE77,Quiz,91.0,2023-08-21
1129,2156,COURSE135,Quiz,76.0,2024-02-27
1130,1532,COURSE71,Assignment,94.0,2020-11-11
1131,1667,COURSE76,Assignment,64.0,2021-02-03
1132,2872,COURSE150,Midterm,85.0,2020-05-11
1133,2781,COURSE73,Assignment,78.0,2020-05-06
1134,1093,COURSE124,Final Exam,77.0,2023-05-02
1135,2453,COURSE53,Quiz,70.0,2022-06-08
1136,1083,COURSE86,Assignment,88.0,2024-06-17
1137,1875,COURSE52,Assignment,65.0,2021-08-02
1138,2524,COURSE68,Final Exam,74.0,2020-01-12
1139,1488,COURSE104,Midterm,72.0,2021-02-09
1140,2623,COURSE77,Assignment,70.0,2022-10-19
1141,1676,COURSE89,Quiz,99.0,2023-07-24
1142,1738,COURSE131,Quiz,100.0,2023-07-21
1143,1246,COURSE64,Quiz,95.0,2021-02-04
1144,2438,COURSE129,Midterm,83.0,2024-01-05
1145,1894,COURSE54,Quiz,69.0,2022-02-26
1146,1490,COURSE77,Midterm,80.0,2020-02-02
1147,1119,COURSE62,Final Exam,63.0,2020-04-14
1148,2659,COURSE54,Quiz,70.0,2022-10-21
1149,1403,COURSE107,Midterm,84.0,2020-06-09
1150,2143,COURSE138,Final Exam,68.0,2021-02-17
1151,1502,COURSE116,Assignment,93.0,2021-02-01
1152,1473,COURSE76,Quiz,54.0,2020-07-15
1153,2578,COURSE122,Midterm,81.0,2021-03-06
1154,1480,COURSE125,Quiz,72.0,2024-03-17
1155,1461,COURSE145,Assignment,65.0,2021-11-30
1156,2004,COURSE91,Assignment,67.0,2022-04-25
1157,1459,COURSE83,Midterm,86.0,2021-08-21
1158,2627,COURSE146,Quiz,74.0,2024-11-27
1159,1243,COURSE120,Midterm,62.0,2023-06-09
1160,2316,COURSE127,Midterm,71.0,2022-03-10
1161,2132,COURSE132,Midterm,94.0,2023-09-09
1162,2532,COURSE120,Assignment,64.0,2023-09-18
1163,2206,COURSE136,Midterm,83.0,2020-11-14
1164,1824,COURSE110,Quiz,81.0,2021-01-17
1165,2851,COURSE130,Assignment,76.0,2022-09-24
1166,1855,COURSE83,Final Exam,75.0,2020-04-15
1167,1841,COURSE91,Final Exam,78.0,2024-09-28
1168,1902,COURSE96,Assignment,81.0,2023-01-06
1169,2099,COURSE79,Final Exam,61.0,2023-05-26
1170,2714,COURSE64,Quiz,70.0,2022-02-21
1171,1215,COURSE92,Midterm,77.0,2023-11-11
1172,2918,COURSE60,Quiz,86.0,2020-10-05
1173,1352,COURSE69,Final Exam,81.0,2023-09-11
1174,1868,COURSE123,Final Exam,84.0,2021-07-06
1175,1075,COURSE115,Assignment,82.0,2022-08-04
1176,1047,COURSE70,Final Exam,81.0,2021-04-21
1177,2420,COURSE51,Assignment,77.0,2022-02-01
1178,1171,COURSE96,Quiz,100.0,2021-07-16
1179,2251,COURSE144,Midterm,86.0,2020-03-23
1180,2397,COURSE125,Midterm,75.0,2021-12-03
1181,2658,COURSE121,Quiz,81.0,2022-06-28
1182,1583,COURSE69,Assignment,28.0,2022-09-17
1183,2712,COURSE130,Quiz,59.0,2020-06-01
1184,1696,COURSE86,Final Exam,76.0,2022-03-24
1185,1440,COURSE115,Quiz,76.0,2020-01-25
1186,1276,COURSE100,Quiz,77.0,2024-02-05
1187,2505,COURSE68,Final Exam,71.0,2022-07-19
1188,2769,COURSE91,Midterm,74.0,2022-11-29
1189,2115,COURSE135,Assignment,82.0,2022-10-31
1190,1664,COURSE127,Quiz,84.0,2020-11-04
1191,2176,COURSE87,Midterm,80.0,2021-02-14
1192,1123,COURSE110,Final Exam,76.0,2023-03-17
1193,1645,COURSE93,Final Exam,83.0,2022-11-08
1194,2868,COURSE150,Quiz,68.0,2021-09-21
1195,2212,COURSE74,Assignment,81.0,2020-11-03
1196,1223,COURSE139,Final Exam,99.0,2022-06-25
1197,2616,COURSE65,Quiz,100.0,2024-03-15
1198,2542,COURSE143,Final Exam,65.0,2020-02-25
1199,1201,COURSE78,Quiz,99.0,2021-01-02
1200,1304,COURSE114,Assignment,82.0,2021-04-25
1201,1110,COURSE98,Quiz,77.0,2020-01-04
1202,1440,COURSE123,Final Exam,67.0,2023-10-04
1203,2105,COURSE143,Final Exam,71.0,2022-02-07
1204,1202,COURSE120,Assignment,84.0,2022-01-20
1205,2604,COURSE84,Assignment,81.0,2021-07-29
1206,1854,COURSE111,Assignment,79.0,2024-01-04
1207,2125,COURSE105,Quiz,81.0,2021-05-31
1208,2079,COURSE125,Quiz,39.0,2023-04-11
1209,2020,COURSE101,Assignment,72.0,2022-03-22
1210,2731,COURSE145,Final Exam,74.0,2022-07-08
1211,1633,COURSE74,Final Exam,80.0,2024-09-01
1212,1517,COURSE137,Assignment,78.0,2023-02-03
1213,1302,COURSE98,Assignment,62.0,2020-02-16
1214,2738,COURSE75,Quiz,80.0,2023-02-17
1215,2489,COURSE138,Assignment,72.0,2023-09-08
1216,2487,COURSE65,Final Exam,75.0,2023-07-02
1217,1188,COURSE141,Final Exam,75.0,2021-12-29
1218,2930,COURSE59,Final Exam,64.0,2021-04-29
1219,1382,COURSE133,Final Exam,76.0,2022-01-14
1220,1072,COURSE76,Assignment,82.0,2022-09-23
1221,1834,COURSE76,Assignment,79.0,2024-08-01
1222,1616,COURSE148,Assignment,76.0,2020-07-14
1223,2076,COURSE127,Assignment,100.0,2022-01-29
1224,1323,COURSE73,Assignment,82.0,2020-06-04
1225,2214,COURSE103,Final Exam,98.0,2022-09-09
1226,1948,COURSE133,Midterm,82.0,2021-02-06
1227,2455,COURSE130,Midterm,69.0,2021-05-16
1228,2532,COURSE84,Midterm,75.0,2020-09-03
1229,1928,COURSE145,Midterm,80.0,2020-07-23
1230,1809,COURSE119,Midterm,58.0,2020-07-23
1231,2431,COURSE70,Final Exam,88.0,2020-10-16
1232,1102,COURSE99,Assignment,65.0,2020-05-13
1233,2961,COURSE110,Midterm,66.0,2024-11-19
1234,1251,COURSE137,Final Exam,75.0,2022-07-26
1235,2289,COURSE85,Quiz,71.0,2024-11-26
1236,2383,COURSE122,Assignment,64.0,2020-12-02
1237,1092,COURSE81,Assignment,90.0,2024-08-20
1238,2349,COURSE58,Final Exam,61.0,2020-02-20
1239,1189,COURSE72,Quiz,83.0,2024-07-03
1240,2068,COURSE56,Final Exam,81.0,2023-07-27
1241,1666,COURSE55,Quiz,91.0,2023-11-17
1242,1898,COURSE54,Final Exam,93.0,2022-11-25
1243,1635,COURSE119,Quiz,49.0,2022-04-09
1244,2261,COURSE149,Quiz,85.0,2022-08-02
1245,2999,COURSE105,Midterm,95.0,2024-11-06
1246,2971,COURSE120,Assignment,64.0,2023-03-02
1247,2073,COURSE73,Midterm,72.0,2022-09-15
1248,1410,COURSE101,Quiz,79.0,2022-04-01
1249,2341,COURSE73,Final Exam,65.0,2020-01-22
1250,2292,COURSE98,Quiz,66.0,2024-01-20
1251,2108,COURSE97,Final Exam,80.0,2020-09-28
1252,1074,COURSE55,Assignment,69.0,2022-02-09
1253,2869,COURSE69,Quiz,68.0,2023-07-24
1254,2901,COURSE57,Quiz,86.0,2021-07-28
1255,1403,COURSE95,Final Exam,62.0,2024-03-10
1256,2867,COURSE70,Midterm,71.0,2024-05-13
1257,1299,COURSE149,Quiz,92.0,2022-11-02
1258,1570,COURSE63,Final Exam,70.0,2021-01-29
1259,2903,COURSE90,Assignment,87.0,2024-07-22
1260,2803,COURSE141,Midterm,97.0,2024-10-03
1261,1476,COURSE92,Assignment,89.0,2021-02-23
1262,1708,COURSE92,Final Exam,85.0,2023-04-20
1263,2557,COURSE117,Assignment,78.0,2024-02-29
1264,1013,COURSE72,Assignment,78.0,2023-11-23
1265,1758,COURSE130,Final Exam,88.0,2024-07-02
1266,2887,COURSE104,Quiz,70.0,2024-07-22
1267,2584,COURSE73,Quiz,73.0,2021-06-06
1268,2714,COURSE108,Final Exam,80.0,2023-07-09
1269,1592,COURSE130,Final Exam,62.0,2024-02-22
1270,1192,COURSE67,Midterm,51.0,2022-12-29
1271,2464,COURSE58,Assignment,74.0,2020-09-25
1272,2810,COURSE139,Quiz,94.0,2021-09-23
1273,1009,COURSE122,Quiz,90.0,2020-06-09
1274,1912,COURSE91,Assignment,79.0,2020-07-18
1275,1918,COURSE55,Final Exam,86.0,2021-05-17
1276,1214,COURSE84,Quiz,75.0,2023-04-25
1277,1769,COURSE120,Midterm,84.0,2020-04-25
1278,2442,COURSE139,Midterm,97.0,2020-02-15
1279,2841,COURSE141,Assignment,95.0,2022-09-27
1280,1700,COURSE92,Midterm,90.0,2020-08-18
1281,2864,COURSE93,Quiz,91.0,2020-07-23
1282,1412,COURSE115,Quiz,94.0,2024-10-14
1283,2885,COURSE147,Midterm,79.0,2023-01-19
1284,2734,COURSE80,Final Exam,71.0,2024-01-27
1285,1375,COURSE54,Midterm,62.0,2020-01-09
1286,2881,COURSE111,Midterm,82.0,2023-12-19
1287,1931,COURSE85,Midterm,75.0,2023-08-23
1288,2243,COURSE142,Quiz,82.0,2021-10-02
1289,2154,COURSE147,Midterm,88.0,2023-07-16
1290,2814,COURSE55,Midterm,89.0,2021-04-01
1291,2378,COURSE112,Midterm,76.0,2023-10-01
1292,1292,COURSE121,Assignment,79.0,2022-07-09
1293,2495,COURSE71,Midterm,85.0,2024-06-12
1294,2474,COURSE75,Quiz,76.0,2021-08-22
1295,1882,COURSE116,Midterm,86.0,2021-07-14
1296,2712,COURSE84,Quiz,78.0,2024-07-15
1297,1041,COURSE132,Final Exam,78.0,2023-10-11
1298,1564,COURSE95,Assignment,68.0,2020-06-15
1299,1568,COURSE83,Assignment,69.0,2023-11-06
1300,2482,COURSE95,Final Exam,71.0,2023-05-29
1301,1151,COURSE120,Final Exam,67.0,2022-09-02
1302,2102,COURSE139,Assignment,100.0,2022-01-20
1303,1960,COURSE108,Midterm,67.0,2021-06-07
1304,1034,COURSE130,Assignment,57.0,2024-03-21
1305,1293,COURSE143,Assignment,64.0,2022-01-19
1306,1506,COURSE144,Final Exam,59.0,2021-07-21
1307,1857,COURSE71,Quiz,96.0,2020-07-17
1308,1647,COURSE124,Midterm,57.0,2024-04-15
1309,2844,COURSE57,Midterm,98.0,2021-08-19
1310,2874,COURSE78,Assignment,85.0,2021-08-27
1311,2016,COURSE62,Assignment,77.0,2022-02-01
1312,2875,COURSE61,Final Exam,80.0,2023-03-05
1313,2354,COURSE104,Quiz,100.0,2020-11-09
1314,2508,COURSE90,Assignment,71.0,2023-09-16
1315,1840,COURSE92,Quiz,81.0,2023-09-04
1316,2775,COURSE106,Assignment,93.0,2021-10-07
1317,1390,COURSE133,Final Exam,74.0,2021-03-01
1318,1154,COURSE130,Assignment,80.0,2022-01-02
1319,2979,COURSE80,Assignment,80.0,2023-05-13
1320,1383,COURSE121,Assignment,71.0,2022-07-14
1321,2294,COURSE91,Final Exam,84.0,2022-12-20
1322,1992,COURSE128,Quiz,59.0,2021-07-17
1323,1492,COURSE108,Quiz,73.0,2020-10-30
1324,1100,COURSE79,Assignment,57.0,2022-10-26
1325,1459,COURSE87,Final Exam,74.0,2023-10-22
1326,2241,COURSE69,Midterm,100.0,2020-08-12
1327,2065,COURSE60,Midterm,76.0,2022-07-18
1328,1244,COURSE131,Midterm,88.0,2024-02-24
1329,1737,COURSE102,Midterm,80.0,2024-07-10
1330,1208,COURSE150,Assignment,69.0,2022-12-06
1331,2023,COURSE93,Assignment,69.0,2023-08-31
1332,2426,COURSE140,Midterm,81.0,2023-07-16
1333,1961,COURSE54,Final Exam,58.0,2022-08-29
1334,2340,COURSE80,Final Exam,62.0,2021-05-14
1335,1083,COURSE100,Quiz,70.0,2023-06-21
1336,1289,COURSE89,Final Exam,57.0,2022-05-02
1337,2308,COURSE117,Assignment,69.0,2023-09-29
1338,1557,COURSE93,Quiz,81.0,2022-07-20
1339,1038,COURSE142,Assignment,90.0,2020-03-25
1340,2955,COURSE108,Assignment,82.0,2024-07-21
1341,1864,COURSE134,Midterm,75.0,2021-02-14
1342,1119,COURSE53,Quiz,80.0,2021-11-28
1343,1251,COURSE74,Final Exam,81.0,2022-09-18
1344,1888,COURSE139,Final Exam,79.0,2024-10-08
1345,2392,COURSE59,Quiz,85.0,2020-03-24
1346,1049,COURSE71,Quiz,88.0,2022-09-17
1347,2421,COURSE144,Final Exam,79.0,2020-12-28
1348,2283,COURSE120,Assignment,99.0,2024-02-05
1349,1136,COURSE108,Final Exam,100.0,2022-07-09
1350,1299,COURSE111,Assignment,63.0,2024-02-14
1351,2084,COURSE124,Assignment,76.0,2020-05-06
1352,1526,COURSE142,Midterm,63.0,2021-03-24
1353,2368,COURSE106,Quiz,82.0,2024-09-15
1354,2592,COURSE65,Assignment,77.0,2024-07-09
1355,1336,COURSE106,Assignment,84.0,2022-10-14
1356,1445,COURSE126,Quiz,70.0,2022-02-27
1357,1733,COURSE128,Assignment,78.0,2024-11-14
1358,2977,COURSE116,Assignment,87.0,2020-05-02
1359,1267,COURSE53,Assignment,70.0,2023-07-28
1360,2516,COURSE78,Final Exam,89.0,2023-07-27
1361,1848,COURSE67,Assignment,83.0,2024-09-21
1362,1034,COURSE141,Quiz,85.0,2023-09-17
1363,2601,COURSE135,Assignment,88.0,2024-12-30
1364,2091,COURSE75,Quiz,80.0,2024-05-15
1365,2869,COURSE58,Final Exam,59.0,2020-02-16
1366,1429,COURSE83,Midterm,95.0,2023-07-01
1367,2894,COURSE89,Assignment,82.0,2022-11-09
1368,2035,COURSE79,Final Exam,81.0,2023-12-02
1369,2961,COURSE144,Quiz,91.0,2022-04-18
1370,1622,COURSE135,Midterm,84.0,2020-01-21
1371,1978,COURSE67,Assignment,82.0,2024-02-17
1372,1824,COURSE60,Final Exam,100.0,2021-12-05
1373,2646,COURSE84,Final Exam,74.0,2020-02-29
1374,2346,COURSE70,Quiz,98.0,2023-07-04
1375,2115,COURSE67,Quiz,87.0,2024-11-16
1376,1905,COURSE116,Midterm,79.0,2020-08-23
1377,1847,COURSE54,Assignment,86.0,2024-03-17
1378,2362,COURSE111,Midterm,80.0,2023-04-06
1379,1556,COURSE98,Assignment,81.0,2020-05-21
1380,2398,COURSE120,Quiz,76.0,2021-03-17
1381,2720,COURSE139,Quiz,93.0,2022-07-11
1382,2109,COURSE98,Final Exam,69.0,2021-08-07
1383,1473,COURSE70,Quiz,92.0,2023-01-19
1384,1118,COURSE136,Assignment,84.0,2021-01-31
1385,1471,COURSE133,Final Exam,64.0,2022-01-21
1386,2182,COURSE115,Assignment,94.0,2022-09-03
1387,2612,COURSE116,Midterm,88.0,2021-11-26
1388,2152,COURSE93,Assignment,88.0,2020-06-05
1389,2815,COURSE62,Quiz,66.0,2024-04-06
1390,2114,COURSE114,Assignment,99.0,2022-02-28
1391,1486,COURSE115,Midterm,66.0,2024-02-21
1392,1302,COURSE118,Midterm,63.0,2021-02-10
1393,1656,COURSE95,Final Exam,73.0,2023-03-27
1394,1747,COURSE148,Midterm,90.0,2023-11-06
1395,2881,COURSE66,Final Exam,73.0,2023-12-07
1396,1640,COURSE139,Assignment,86.0,2024-09-01
1397,2652,COURSE128,Final Exam,69.0,2020-06-06
1398,1356,COURSE126,Assignment,78.0,2022-06-02
1399,1295,COURSE149,Final Exam,91.0,2021-09-30
1400,1372,COURSE56,Final Exam,86.0,2020-12-16
1401,2879,COURSE117,Assignment,92.0,2023-10-26
1402,1100,COURSE139,Quiz,81.0,2020-09-23
1403,1109,COURSE91,Assignment,84.0,2020-03-14
1404,1890,COURSE139,Midterm,68.0,2022-02-13
1405,2187,COURSE77,Midterm,69.0,2024-11-04
1406,1222,COURSE67,Final Exam,64.0,2021-07-29
1407,2837,COURSE66,Final Exam,88.0,2022-04-11
1408,1827,COURSE73,Midterm,73.0,2023-09-12
1409,1668,COURSE86,Assignment,91.0,2023-01-26
1410,2723,COURSE70,Assignment,81.0,2021-02-01
1411,1365,COURSE62,Assignment,81.0,2022-11-13
1412,2936,COURSE109,Midterm,73.0,2020-06-17
1413,2913,COURSE112,Midterm,100.0,2020-09-30
1414,2408,COURSE65,Final Exam,64.0,2020-08-12
1415,2878,COURSE100,Quiz,63.0,2021-05-21
1416,1258,COURSE83,Assignment,77.0,2024-01-09
1417,2249,COURSE65,Assignment,79.0,2023-05-23
1418,1960,COURSE90,Midterm,74.0,2022-11-06
1419,1560,COURSE80,Assignment,67.0,2022-08-01
1420,2876,COURSE69,Quiz,80.0,2021-02-15
1421,1962,COURSE127,Midterm,73.0,2023-03-23
1422,1823,COURSE132,Quiz,81.0,2021-11-17
1423,1697,COURSE126,Midterm,83.0,2023-08-26
1424,2367,COURSE64,Assignment,61.0,2023-05-31
1425,1241,COURSE87,Final Exam,78.0,2022-12-02
1426,1266,COURSE101,Midterm,62.0,2023-08-03
1427,2103,COURSE93,Assignment,72.0,2021-04-13
1428,1139,COURSE145,Midterm,95.0,2023-09-21
1429,1352,COURSE63,Assignment,85.0,2020-04-25
1430,1563,COURSE118,Assignment,64.0,2023-07-21
1431,2777,COURSE108,Assignment,65.0,2020-01-25
1432,1253,COURSE148,Quiz,80.0,2021-05-17
1433,1315,COURSE115,Midterm,65.0,2021-02-09
1434,1183,COURSE136,Final Exam,78.0,2021-10-28
1435,1399,COURSE124,Assignment,78.0,2023-07-17
1436,1079,COURSE143,Midterm,100.0,2023-01-27
1437,2971,COURSE116,Final Exam,87.0,2024-02-06
1438,1246,COURSE124,Assignment,75.0,2020-02-12
1439,2747,COURSE104,Assignment,84.0,2023-08-07
1440,1314,COURSE134,Final Exam,67.0,2023-11-01
1441,1938,COURSE133,Assignment,74.0,2024-02-23
1442,1136,COURSE144,Final Exam,75.0,2023-05-15
1443,1594,COURSE69,Quiz,100.0,2023-10-03
1444,1507,COURSE110,Assignment,73.0,2023-02-18
1445,2262,COURSE119,Midterm,64.0,2021-09-01
1446,2842,COURSE77,Assignment,74.0,2024-05-17
1447,1112,COURSE59,Assignment,67.0,2022-07-16
1448,1447,COURSE51,Quiz,91.0,2024-11-12
1449,1109,COURSE52,Final Exam,91.0,2021-03-05
1450,2534,COURSE121,Midterm,83.0,2024-06-17
1451,1731,COURSE115,Quiz,74.0,2021-03-15
1452,1038,COURSE126,Final Exam,98.0,2023-02-19
1453,2794,COURSE136,Assignment,49.0,2024-03-03
1454,1810,COURSE120,Assignment,70.0,2023-08-21
1455,1122,COURSE76,Assignment,68.0,2023-07-06
1456,1611,COURSE95,Assignment,86.0,2022-04-06
1457,2338,COURSE117,Quiz,78.0,2023-09-25
1458,2134,COURSE52,Assignment,99.0,2021-09-24
1459,1464,COURSE118,Midterm,69.0,2020-07-20
1460,2972,COURSE114,Midterm,74.0,2022-07-13
1461,1672,COURSE76,Quiz,92.0,2021-06-04
1462,2475,COURSE128,Quiz,60.0,2020-07-08
1463,2185,COURSE141,Quiz,74.0,2024-09-06
1464,1898,COURSE89,Final Exam,92.0,2020-11-15
1465,1441,COURSE53,Assignment,90.0,2024-06-18
1466,2308,COURSE135,Assignment,88.0,2024-03-16
1467,1480,COURSE114,Quiz,73.0,2021-07-06
1468,1791,COURSE120,Quiz,74.0,2021-03-19
1469,1424,COURSE118,Midterm,68.0,2020-04-06
1470,1273,COURSE51,Quiz,89.0,2022-08-01
1471,1622,COURSE71,Assignment,61.0,2021-08-11
1472,1002,COURSE130,Midterm,77.0,2020-01-17
1473,1576,COURSE118,Midterm,90.0,2024-05-27
1474,1453,COURSE86,Midterm,79.0,2020-02-13
1475,1420,COURSE142,Assignment,100.0,2021-12-05
1476,2427,COURSE117,Assignment,81.0,2021-01-09
1477,1278,COURSE142,Midterm,64.0,2023-11-01
1478,2334,COURSE106,Assignment,88.0,2023-09-18
1479,1803,COURSE80,Final Exam,97.0,2021-12-13
1480,1288,COURSE101,Assignment,80.0,2022-02-25
1481,2093,COURSE93,Midterm,94.0,2024-08-19
1482,2404,COURSE52,Assignment,85.0,2023-12-01
1483,1515,COURSE74,Final Exam,69.0,2020-11-24
1484,2733,COURSE84,Final Exam,85.0,2020-08-18
1485,1784,COURSE55,Quiz,76.0,2020-05-07
1486,1543,COURSE64,Assignment,76.0,2023-09-27
1487,1386,COURSE124,Final Exam,93.0,2023-10-06
1488,2612,COURSE133,Assignment,81.0,2024-11-06
1489,2523,COURSE56,Midterm,100.0,2024-06-29
1490,1298,COURSE109,Assignment,89.0,2022-09-20
1491,1365,COURSE111,Assignment,90.0,2024-12-31
1492,1588,COURSE92,Quiz,100.0,2024-10-10
1493,2182,COURSE80,Quiz,73.0,2024-05-30
1494,1665,COURSE54,Midterm,92.0,2023-03-27
1495,2107,COURSE123,Final Exam,83.0,2024-07-16
1496,1307,COURSE131,Quiz,49.0,2022-04-07
1497,2250,COURSE91,Assignment,79.0,2022-08-26
1498,2084,COURSE144,Midterm,74.0,2023-09-15
1499,2874,COURSE144,Quiz,79.0,2022-10-29
1500,2443,COURSE145,Midterm,98.0,2023-01-07
1501,2527,COURSE121,Quiz,96.0,2024-10-08
1502,2949,COURSE62,Midterm,80.0,2020-02-26
1503,1798,COURSE102,Assignment,82.0,2020-09-21
1504,1080,COURSE108,Quiz,68.0,2021-10-10
1505,1733,COURSE90,Assignment,57.0,2024-05-28
1506,2384,COURSE124,Final Exam,78.0,2024-07-25
1507,2301,COURSE148,Quiz,58.0,2024-08-21
1508,2920,COURSE79,Midterm,100.0,2020-01-20
1509,2471,COURSE58,Final Exam,70.0,2021-10-12
1510,2628,COURSE94,Quiz,65.0,2021-12-15
1511,2913,COURSE72,Assignment,91.0,2023-08-19
1512,1197,COURSE90,Quiz,90.0,2020-01-12
1513,1726,COURSE51,Quiz,100.0,2022-11-26
1514,2125,COURSE116,Quiz,58.0,2023-10-01
1515,2832,COURSE146,Quiz,72.0,2020-09-11
1516,1163,COURSE115,Assignment,88.0,2020-02-16
1517,2190,COURSE53,Assignment,79.0,2024-07-17
1518,1613,COURSE62,Midterm,99.0,2023-03-29
1519,1774,COURSE55,Midterm,73.0,2023-09-17
1520,2955,COURSE130,Assignment,93.0,2022-08-11
1521,2352,COURSE113,Quiz,68.0,2021-08-20
1522,1442,COURSE111,Assignment,67.0,2022-02-02
1523,2668,COURSE141,Assignment,85.0,2021-03-31
1524,1518,COURSE139,Midterm,68.0,2021-06-02
1525,1858,COURSE145,Assignment,100.0,2023-02-23
1526,1252,COURSE143,Midterm,84.0,2024-08-05
1527,2266,COURSE89,Assignment,54.0,2023-05-11
1528,1920,COURSE71,Final Exam,66.0,2024-11-18
1529,1411,COURSE148,Quiz,76.0,2023-09-01
1530,1642,COURSE77,Midterm,83.0,2021-03-21
1531,1045,COURSE144,Final Exam,78.0,2020-02-06
1532,2486,COURSE107,Assignment,100.0,2023-08-01
1533,1820,COURSE121,Midterm,73.0,2024-07-09
1534,1324,COURSE78,Assignment,80.0,2022-10-26
1535,2663,COURSE145,Midterm,64.0,2021-07-15
1536,1880,COURSE85,Quiz,79.0,2023-12-02
1537,2199,COURSE88,Midterm,79.0,2023-11-20
1538,1459,COURSE133,Final Exam,66.0,2021-10-31
1539,2421,COURSE55,Final Exam,65.0,2024-07-26
1540,1420,COURSE140,Assignment,89.0,2024-10-19
1541,2213,COURSE95,Assignment,78.0,2022-09-26
1542,2430,COURSE56,Final Exam,75.0,2024-11-19
1543,1056,COURSE64,Midterm,75.0,2020-09-16
1544,2331,COURSE54,Midterm,83.0,2023-08-22
1545,1701,COURSE106,Final Exam,58.0,2024-09-19
1546,1821,COURSE106,Assignment,82.0,2021-10-16
1547,1831,COURSE86,Final Exam,79.0,2023-02-15
1548,1685,COURSE119,Midterm,69.0,2021-02-22
1549,1973,COURSE59,Quiz,72.0,2023-11-15
1550,1912,COURSE97,Midterm,74.0,2020-02-11
1551,2875,COURSE57,Quiz,62.0,2020-01-04
1552,1151,COURSE109,Assignment,82.0,2022-03-24
1553,2360,COURSE58,Quiz,74.0,2022-05-14
1554,2599,COURSE113,Assignment,85.0,2021-08-19
1555,2292,COURSE67,Final Exam,85.0,2022-03-08
1556,1659,COURSE149,Final Exam,78.0,2024-06-18
1557,1903,COURSE60,Assignment,83.0,2021-01-20
1558,1553,COURSE67,Quiz,82.0,2021-08-06
1559,1364,COURSE80,Quiz,59.0,2023-06-25
1560,2051,COURSE76,Assignment,85.0,2023-06-18
1561,2446,COURSE87,Quiz,71.0,2024-04-28
1562,1996,COURSE146,Quiz,98.0,2021-09-27
1563,2171,COURSE146,Midterm,71.0,2020-01-27
1564,2230,COURSE93,Quiz,78.0,2024-01-15
1565,1116,COURSE118,Midterm,100.0,2020-12-29
1566,2264,COURSE51,Quiz,59.0,2020-02-16
1567,1628,COURSE132,Assignment,89.0,2022-02-13
1568,2591,COURSE128,Midterm,94.0,2022-03-07
1569,2804,COURSE140,Quiz,89.0,2020-05-10
1570,1328,COURSE87,Final Exam,86.0,2021-10-13
1571,2660,COURSE101,Assignment,71.0,2023-04-02
1572,2553,COURSE59,Assignment,92.0,2024-08-09
1573,1983,COURSE94,Quiz,80.0,2024-01-06
1574,1292,COURSE99,Final Exam,81.0,2021-03-12
1575,2776,COURSE73,Final Exam,82.0,2021-11-15
1576,2397,COURSE103,Final Exam,78.0,2020-04-15
1577,1152,COURSE70,Final Exam,76.0,2022-04-20
1578,2900,COURSE135,Assignment,73.0,2023-07-02
1579,2860,COURSE136,Midterm,100.0,2024-05-09
1580,2746,COURSE138,Midterm,56.0,2023-01-21
1581,1623,COURSE60,Quiz,62.0,2021-12-24
1582,2729,COURSE59,Midterm,71.0,2024-10-27
1583,2571,COURSE94,Assignment,81.0,2020-02-03
1584,2229,COURSE71,Midterm,72.0,2023-04-25
1585,1437,COURSE93,Assignment,55.0,2021-04-29
1586,1391,COURSE150,Quiz,60.0,2024-01-20
1587,2602,COURSE60,Quiz,84.0,2024-09-12
1588,2822,COURSE77,Midterm,67.0,2021-06-04
1589,2781,COURSE63,Final Exam,100.0,2020-04-25
1590,2580,COURSE68,Quiz,84.0,2021-09-28
1591,2955,COURSE113,Midterm,96.0,2023-01-31
1592,1950,COURSE109,Midterm,69.0,2020-07-20
1593,1737,COURSE72,Midterm,68.0,2022-02-10
1594,2742,COURSE144,Assignment,100.0,2021-11-11
1595,1795,COURSE96,Midterm,67.0,2023-10-04
1596,2875,COURSE112,Midterm,77.0,2021-12-27
1597,2414,COURSE118,Assignment,68.0,2020-10-02
1598,1221,COURSE78,Final Exam,89.0,2023-07-16
1599,2361,COURSE86,Midterm,84.0,2024-01-22
1600,1016,COURSE97,Assignment,80.0,2021-03-04
1601,1688,COURSE54,Quiz,70.0,2022-03-06
1602,2276,COURSE101,Midterm,79.0,2024-10-04
1603,2384,COURSE116,Quiz,70.0,2023-10-06
1604,2097,COURSE115,Assignment,89.0,2023-09-16
1605,2055,COURSE71,Quiz,87.0,2023-03-02
1606,1681,COURSE132,Assignment,76.0,2022-12-25
1607,1723,COURSE107,Quiz,100.0,2020-02-15
1608,2922,COURSE74,Quiz,80.0,2023-01-03
1609,1528,COURSE117,Assignment,70.0,2024-09-13
1610,1965,COURSE110,Midterm,56.0,2020-02-20
1611,1128,COURSE95,Midterm,82.0,2020-09-19
1612,2247,COURSE86,Assignment,88.0,2020-09-04
1613,1643,COURSE73,Quiz,88.0,2021-10-11
1614,2369,COURSE134,Assignment,42.0,2023-03-27
1615,2270,COURSE91,Final Exam,100.0,2022-12-18
1616,1291,COURSE76,Quiz,85.0,2023-05-16
1617,1246,COURSE70,Final Exam,91.0,2023-02-15
1618,2730,COURSE115,Assignment,86.0,2021-03-17
1619,2781,COURSE92,Quiz,87.0,2023-04-03
1620,2752,COURSE114,Midterm,100.0,2024-01-27
1621,1872,COURSE131,Assignment,78.0,2022-05-24
1622,1663,COURSE95,Assignment,71.0,2024-02-11
1623,2639,COURSE104,Midterm,86.0,2020-09-18
1624,2717,COURSE103,Assignment,82.0,2024-06-07
1625,2039,COURSE82,Assignment,86.0,2023-09-16
1626,2666,COURSE88,Final Exam,82.0,2020-10-24
1627,1625,COURSE145,Midterm,59.0,2024-04-21
1628,2571,COURSE87,Assignment,93.0,2022-10-08
1629,1647,COURSE101,Final Exam,75.0,2021-04-03
1630,1959,COURSE69,Quiz,88.0,2021-01-21
1631,2408,COURSE56,Quiz,78.0,2023-10-07
1632,1187,COURSE78,Midterm,66.0,2021-09-14
1633,2450,COURSE101,Midterm,92.0,2020-01-03
1634,1636,COURSE101,Assignment,100.0,2020-11-27
1635,1394,COURSE95,Final Exam,83.0,2021-02-02
1636,1876,COURSE81,Quiz,78.0,2022-08-12
1637,2113,COURSE143,Assignment,100.0,2020-09-05
1638,1671,COURSE142,Final Exam,89.0,2022-06-14
1639,1833,COURSE132,Midterm,95.0,2021-03-27
1640,2050,COURSE61,Quiz,76.0,2024-06-19
1641,1131,COURSE121,Midterm,77.0,2024-03-09
1642,1554,COURSE121,Assignment,84.0,2023-07-14
1643,2576,COURSE83,Final Exam,95.0,2024-10-02
1644,1691,COURSE51,Final Exam,66.0,2023-02-20
1645,1060,COURSE136,Quiz,77.0,2020-10-06
1646,2692,COURSE125,Final Exam,63.0,2021-07-16
1647,2876,COURSE65,Quiz,59.0,2021-06-29
1648,2463,COURSE89,Quiz,94.0,2020-02-26
1649,1571,COURSE136,Midterm,72.0,2022-02-14
1650,2817,COURSE51,Assignment,81.0,2023-02-10
1651,2521,COURSE125,Final Exam,84.0,2022-04-12
1652,1916,COURSE93,Quiz,100.0,2024-10-06
1653,2131,COURSE109,Final Exam,73.0,2021-02-04
1654,1232,COURSE92,Quiz,95.0,2023-08-23
1655,1349,COURSE139,Final Exam,86.0,2023-02-17
1656,1649,COURSE85,Final Exam,78.0,2024-06-26
1657,1830,COURSE139,Midterm,58.0,2023-06-14
1658,2839,COURSE66,Assignment,56.0,2023-04-14
1659,2303,COURSE147,Quiz,95.0,2020-07-23
1660,2114,COURSE103,Quiz,100.0,2020-07-16
1661,2119,COURSE144,Midterm,95.0,2020-10-21
1662,2948,COURSE129,Quiz,74.0,2023-04-04
1663,1769,COURSE70,Midterm,93.0,2022-01-02
1664,2448,COURSE140,Midterm,58.0,2021-06-15
1665,1108,COURSE116,Midterm,73.0,2020-09-22
1666,1299,COURSE111,Midterm,77.0,2022-09-15
1667,1474,COURSE72,Midterm,82.0,2020-10-14
1668,1812,COURSE73,Final Exam,63.0,2022-06-05
1669,2075,COURSE129,Final Exam,80.0,2023-04-21
1670,1897,COURSE128,Final Exam,76.0,2020-07-23
1671,2305,COURSE131,Assignment,78.0,2020-12-25
1672,1550,COURSE95,Final Exam,68.0,2021-01-29
1673,2268,COURSE120,Midterm,76.0,2020-01-08
1674,1781,COURSE111,Final Exam,67.0,2020-10-27
1675,1202,COURSE52,Final Exam,85.0,2023-10-14
1676,2457,COURSE100,Assignment,80.0,2024-04-01
1677,1100,COURSE104,Final Exam,83.0,2023-11-27
1678,2963,COURSE107,Assignment,80.0,2020-12-26
1679,1224,COURSE96,Midterm,92.0,2022-02-01
1680,2133,COURSE51,Final Exam,94.0,2024-06-18
1681,1272,COURSE149,Final Exam,91.0,2024-02-23
1682,2010,COURSE134,Quiz,81.0,2021-11-24
1683,2346,COURSE97,Midterm,74.0,2020-06-03
1684,2843,COURSE129,Midterm,80.0,2021-07-29
1685,1582,COURSE94,Final Exam,89.0,2023-10-24
1686,1609,COURSE121,Midterm,100.0,2020-12-22
1687,2595,COURSE59,Final Exam,83.0,2020-06-27
1688,2683,COURSE123,Assignment,66.0,2021-08-20
1689,2885,COURSE134,Midterm,100.0,2021-09-29
1690,1545,COURSE110,Assignment,100.0,2023-09-02
1691,1573,COURSE144,Quiz,85.0,2021-09-28
1692,1908,COURSE75,Midterm,75.0,2024-10-13
1693,1939,COURSE150,Quiz,85.0,2022-02-15
1694,2037,COURSE103,Assignment,83.0,2022-03-07
1695,1344,COURSE135,Midterm,96.0,2020-01-04
1696,2452,COURSE116,Quiz,81.0,2023-09-25
1697,2532,COURSE58,Final Exam,78.0,2023-02-22
1698,1498,COURSE63,Assignment,76.0,2021-11-25
1699,1897,COURSE129,Assignment,96.0,2020-12-27
1700,2940,COURSE94,Final Exam,82.0,2020-03-27
1701,1753,COURSE51,Quiz,68.0,2020-10-21
1702,1613,COURSE149,Quiz,74.0,2020-10-22
1703,1471,COURSE123,Quiz,76.0,2020-01-03
1704,2914,COURSE104,Assignment,71.0,2020-11-14
1705,1834,COURSE128,Quiz,71.0,2020-01-02
1706,2753,COURSE112,Final Exam,86.0,2022-11-03
1707,2631,COURSE105,Quiz,66.0,2022-05-26
1708,2624,COURSE88,Assignment,84.0,2020-10-02
1709,1760,COURSE86,Quiz,90.0,2023-04-08
1710,1705,COURSE65,Quiz,89.0,2021-10-29
1711,1815,COURSE56,Midterm,73.0,2023-03-21
1712,2757,COURSE78,Midterm,74.0,2022-03-10
1713,2870,COURSE77,Assignment,100.0,2024-07-02
1714,2107,COURSE98,Final Exam,79.0,2020-06-12
1715,1192,COURSE88,Quiz,67.0,2024-01-21
1716,2392,COURSE82,Assignment,88.0,2020-11-05
1717,2371,COURSE109,Quiz,78.0,2020-07-27
1718,2369,COURSE144,Midterm,90.0,2020-01-29
1719,1033,COURSE91,Assignment,98.0,2022-12-25
1720,2485,COURSE65,Midterm,85.0,2023-04-19
1721,1447,COURSE69,Quiz,78.0,2020-11-24
1722,1279,COURSE80,Final Exam,69.0,2021-06-17
1723,2179,COURSE61,Midterm,89.0,2020-07-25
1724,1277,COURSE97,Quiz,77.0,2020-10-13
1725,2889,COURSE86,Final Exam,90.0,2021-10-26
1726,2993,COURSE89,Final Exam,90.0,2023-12-02
1727,1629,COURSE142,Quiz,77.0,2022-06-12
1728,2530,COURSE148,Final Exam,69.0,2024-12-03
1729,1309,COURSE107,Quiz,69.0,2024-12-25
1730,2454,COURSE77,Midterm,51.0,2020-07-02
1731,1459,COURSE68,Assignment,76.0,2020-12-16
1732,1041,COURSE149,Assignment,79.0,2021-03-03
1733,2821,COURSE54,Final Exam,78.0,2023-01-18
1734,2690,COURSE138,Midterm,77.0,2020-04-20
1735,1031,COURSE72,Quiz,75.0,2021-09-24
1736,1977,COURSE112,Midterm,92.0,2023-02-01
1737,2584,COURSE73,Quiz,49.0,2023-12-18
1738,2118,COURSE77,Quiz,90.0,2020-07-05
1739,2994,COURSE64,Assignment,90.0,2021-08-25
1740,1170,COURSE79,Midterm,68.0,2022-01-25
1741,2403,COURSE89,Quiz,92.0,2023-10-16
1742,2230,COURSE91,Assignment,63.0,2024-12-19
1743,2972,COURSE146,Assignment,59.0,2023-01-25
1744,1044,COURSE130,Quiz,93.0,2023-04-27
1745,1393,COURSE140,Quiz,72.0,2021-03-15
1746,1811,COURSE108,Midterm,78.0,2024-09-16
1747,1529,COURSE72,Assignment,75.0,2024-01-02
1748,1917,COURSE91,Final Exam,81.0,2020-04-03
1749,1331,COURSE140,Quiz,66.0,2024-12-16
1750,2793,COURSE101,Quiz,77.0,2023-11-14
1751,2476,COURSE88,Midterm,63.0,2020-01-15
1752,2319,COURSE56,Assignment,87.0,2021-02-23
1753,1202,COURSE142,Assignment,80.0,2023-03-01
1754,1210,COURSE72,Final Exam,97.0,2021-06-01
1755,2227,COURSE59,Midterm,75.0,2023-11-02
1756,1873,COURSE145,Assignment,92.0,2020-12-02
1757,1972,COURSE88,Final Exam,84.0,2022-12-14
1758,2288,COURSE62,Assignment,86.0,2021-08-27
1759,1655,COURSE53,Midterm,85.0,2020-07-15
1760,1726,COURSE112,Midterm,74.0,2023-09-24
1761,2064,COURSE80,Assignment,80.0,2020-03-24
1762,1025,COURSE121,Midterm,81.0,2023-01-07
1763,2732,COURSE147,Assignment,79.0,2023-05-12
1764,2546,COURSE146,Quiz,87.0,2020-12-26
1765,2308,COURSE76,Assignment,80.0,2021-09-29
1766,2208,COURSE111,Assignment,65.0,2020-02-03
1767,2756,COURSE127,Midterm,76.0,2023-12-16
1768,1907,COURSE77,Final Exam,96.0,2021-02-04
1769,2710,COURSE93,Midterm,100.0,2022-12-05
1770,2350,COURSE141,Quiz,74.0,2021-11-09
1771,2814,COURSE147,Quiz,69.0,2023-06-28
1772,2573,COURSE110,Midterm,80.0,2020-07-25
1773,1981,COURSE52,Quiz,75.0,2020-05-31
1774,2230,COURSE106,Assignment,83.0,2021-01-21
1775,2326,COURSE102,Midterm,73.0,2020-02-12
1776,2667,COURSE133,Final Exam,83.0,2022-11-15
1777,1486,COURSE116,Quiz,87.0,2023-03-09
1778,1198,COURSE87,Assignment,79.0,2021-09-01
1779,2839,COURSE105,Quiz,71.0,2024-05-28
1780,2573,COURSE121,Quiz,66.0,2021-08-11
1781,1865,COURSE101,Final Exam,65.0,2023-01-20
1782,1847,COURSE104,Final Exam,76.0,2023-09-21
1783,2876,COURSE89,Final Exam,73.0,2023-04-12
1784,1859,COURSE113,Final Exam,84.0,2020-09-20
1785,1787,COURSE130,Quiz,77.0,2020-11-27
1786,1499,COURSE97,Quiz,78.0,2021-04-29
1787,1829,COURSE135,Assignment,74.0,2024-11-18
1788,2666,COURSE105,Final Exam,85.0,2021-05-06
1789,2577,COURSE102,Final Exam,77.0,2022-09-02
1790,1809,COURSE100,Quiz,74.0,2024-03-15
1791,1102,COURSE105,Final Exam,69.0,2023-11-02
1792,2014,COURSE130,Midterm,81.0,2023-11-29
1793,2145,COURSE72,Quiz,81.0,2020-04-01
1794,2385,COURSE101,Quiz,97.0,2023-03-02
1795,1796,COURSE111,Midterm,78.0,2023-02-24
1796,2753,COURSE110,Final Exam,72.0,2024-04-14
1797,2305,COURSE84,Quiz,76.0,2024-09-13
1798,1453,COURSE106,Final Exam,79.0,2024-08-11
1799,1441,COURSE101,Final Exam,75.0,2020-05-07
1800,1388,COURSE89,Quiz,81.0,2022-10-07
1801,1362,COURSE97,Quiz,100.0,2021-11-17
1802,1226,COURSE52,Midterm,81.0,2023-01-23
1803,2552,COURSE70,Assignment,56.0,2022-12-24
1804,2770,COURSE129,Final Exam,90.0,2023-09-17
1805,1550,COURSE62,Midterm,76.0,2024-07-15
1806,1272,COURSE55,Assignment,87.0,2020-08-05
1807,1424,COURSE51,Final Exam,89.0,2020-10-16
1808,2877,COURSE118,Final Exam,81.0,2023-04-07
1809,2733,COURSE123,Midterm,100.0,2024-01-06
1810,2413,COURSE78,Midterm,75.0,2020-01-02
1811,1817,COURSE146,Quiz,85.0,2021-06-12
1812,2125,COURSE91,Quiz,77.0,2022-11-07
1813,2953,COURSE141,Assignment,74.0,2020-01-28
1814,2540,COURSE92,Final Exam,94.0,2023-08-14
1815,1792,COURSE133,Assignment,66.0,2023-11-15
1816,2541,COURSE148,Midterm,72.0,2022-08-02
1817,1063,COURSE52,Assignment,87.0,2023-11-27
1818,1378,COURSE84,Assignment,81.0,2023-11-04
1819,2869,COURSE124,Assignment,83.0,2022-07-11
1820,2150,COURSE147,Midterm,84.0,2023-09-25
1821,1152,COURSE66,Assignment,72.0,2020-08-11
1822,1375,COURSE135,Final Exam,81.0,2022-03-12
1823,1931,COURSE118,Quiz,90.0,2021-02-25
1824,1555,COURSE110,Midterm,90.0,2024-12-22
1825,2000,COURSE53,Quiz,99.0,2024-05-14
1826,2524,COURSE107,Final Exam,72.0,2024-03-17
1827,2816,COURSE115,Midterm,72.0,2021-10-27
1828,2403,COURSE122,Midterm,85.0,2020-02-01
1829,2014,COURSE90,Assignment,75.0,2024-12-29
1830,2302,COURSE62,Midterm,94.0,2021-06-09
1831,1645,COURSE145,Assignment,63.0,2024-03-26
1832,2822,COURSE101,Midterm,92.0,2024-04-16
1833,2718,COURSE86,Assignment,84.0,2023-09-29
1834,1843,COURSE146,Assignment,93.0,2021-11-21
1835,1492,COURSE67,Midterm,80.0,2022-03-10
1836,2755,COURSE124,Assignment,95.0,2024-09-18
1837,1051,COURSE103,Midterm,78.0,2023-06-05
1838,1310,COURSE118,Assignment,70.0,2023-08-04
1839,2749,COURSE74,Assignment,72.0,2020-09-16
1840,1798,COURSE69,Final Exam,73.0,2020-03-19
1841,1372,COURSE84,Midterm,90.0,2023-04-29
1842,1592,COURSE142,Midterm,84.0,2024-09-21
1843,1871,COURSE116,Final Exam,82.0,2022-02-25
1844,2086,COURSE143,Final Exam,63.0,2024-04-08
1845,2323,COURSE128,Final Exam,69.0,2021-09-16
1846,2821,COURSE56,Quiz,78.0,2022-02-25
1847,2186,COURSE104,Quiz,75.0,2023-08-09
1848,1640,COURSE66,Final Exam,97.0,2023-09-18
1849,2983,COURSE94,Quiz,61.0,2023-09-15
1850,2368,COURSE108,Final Exam,66.0,2024-06-11
1851,1209,COURSE96,Final Exam,100.0,2022-03-24
1852,2919,COURSE125,Midterm,81.0,2020-01-25
1853,1918,COURSE110,Midterm,95.0,2021-04-20
1854,2275,COURSE59,Assignment,68.0,2023-07-07
1855,1197,COURSE69,Assignment,80.0,2021-10-05
1856,2398,COURSE94,Assignment,65.0,2023-12-12
1857,1752,COURSE55,Midterm,78.0,2023-11-01
1858,1206,COURSE109,Quiz,77.0,2022-12-11
1859,2860,COURSE146,Midterm,71.0,2023-02-01
1860,1756,COURSE92,Assignment,82.0,2022-04-01
1861,1643,COURSE108,Assignment,74.0,2021-11-27
1862,1644,COURSE75,Assignment,96.0,2023-07-20
1863,1907,COURSE150,Final Exam,92.0,2022-09-29
1864,2237,COURSE120,Assignment,98.0,2021-04-26
1865,2674,COURSE90,Quiz,100.0,2024-11-23
1866,2615,COURSE142,Assignment,59.0,2023-11-13
1867,1040,COURSE63,Midterm,100.0,2024-06-20
1868,1203,COURSE55,Midterm,67.0,2020-12-12
1869,1248,COURSE70,Assignment,77.0,2020-11-05
1870,2568,COURSE146,Midterm,79.0,2020-03-18
1871,2854,COURSE67,Assignment,72.0,2022-02-06
1872,1889,COURSE104,Final Exam,72.0,2024-07-09
1873,2452,COURSE115,Midterm,87.0,2024-01-15
1874,1501,COURSE68,Final Exam,76.0,2021-04-09
1875,2382,COURSE148,Quiz,74.0,2024-09-20
1876,2670,COURSE149,Assignment,100.0,2024-09-15
1877,2094,COURSE88,Final Exam,73.0,2023-08-22
1878,1836,COURSE87,Quiz,88.0,2024-04-27
1879,2982,COURSE72,Assignment,68.0,2020-03-27
1880,1188,COURSE102,Assignment,67.0,2023-04-16
1881,1105,COURSE149,Final Exam,89.0,2022-09-27
1882,1961,COURSE77,Assignment,78.0,2021-10-04
1883,1620,COURSE122,Quiz,66.0,2024-01-24
1884,1188,COURSE91,Midterm,79.0,2024-10-09
1885,2191,COURSE106,Quiz,82.0,2023-04-06
1886,1592,COURSE94,Assignment,70.0,2023-11-16
1887,2426,COURSE73,Final Exam,69.0,2021-03-09
1888,2103,COURSE97,Assignment,69.0,2023-09-14
1889,1054,COURSE112,Quiz,75.0,2021-12-04
1890,1126,COURSE114,Quiz,84.0,2023-03-18
1891,2411,COURSE74,Final Exam,68.0,2022-09-21
1892,2409,COURSE93,Midterm,77.0,2024-04-27
1893,1360,COURSE104,Quiz,58.0,2024-12-22
1894,1365,COURSE107,Assignment,71.0,2023-02-26
1895,2489,COURSE78,Midterm,82.0,2024-04-14
1896,2682,COURSE128,Final Exam,70.0,2023-05-05
1897,2329,COURSE68,Quiz,66.0,2020-07-30
1898,1574,COURSE87,Midterm,64.0,2021-08-01
1899,1939,COURSE98,Quiz,64.0,2023-04-20
1900,1305,COURSE147,Quiz,79.0,2020-12-13
1901,2980,COURSE70,Midterm,83.0,2023-12-04
1902,2076,COURSE115,Assignment,62.0,2020-03-19
1903,1919,COURSE62,Midterm,77.0,2023-09-26
1904,2650,COURSE134,Midterm,77.0,2024-07-14
1905,1070,COURSE133,Quiz,74.0,2023-06-22
1906,2556,COURSE109,Assignment,56.0,2020-11-09
1907,1990,COURSE100,Assignment,67.0,2022-06-22
1908,1894,COURSE97,Final Exam,72.0,2023-01-12
1909,1423,COURSE133,Assignment,71.0,2022-05-08
1910,1395,COURSE134,Midterm,95.0,2023-04-23
1911,1010,COURSE148,Midterm,74.0,2021-12-14
1912,1078,COURSE74,Assignment,64.0,2022-09-12
1913,1649,COURSE109,Quiz,90.0,2024-04-02
1914,1500,COURSE63,Quiz,83.0,2020-03-05
1915,1331,COURSE133,Quiz,88.0,2020-07-12
1916,1657,COURSE116,Midterm,72.0,2022-07-10
1917,1342,COURSE118,Assignment,90.0,2023-04-29
1918,1095,COURSE141,Assignment,69.0,2022-02-16
1919,1411,COURSE64,Midterm,70.0,2024-10-12
1920,1335,COURSE124,Quiz,74.0,2020-03-27
1921,2027,COURSE109,Assignment,74.0,2023-01-03
1922,1546,COURSE65,Assignment,70.0,2023-12-02
1923,2566,COURSE137,Assignment,81.0,2023-08-06
1924,2568,COURSE71,Midterm,71.0,2024-07-29
1925,1213,COURSE69,Final Exam,74.0,2024-07-11
1926,1757,COURSE94,Final Exam,91.0,2023-02-18
1927,1216,COURSE106,Midterm,84.0,2022-09-04
1928,1549,COURSE121,Final Exam,93.0,2023-11-27
1929,1124,COURSE77,Midterm,58.0,2022-01-27
1930,2661,COURSE83,Midterm,62.0,2024-02-25
1931,1654,COURSE123,Midterm,58.0,2024-08-02
1932,2962,COURSE68,Assignment,68.0,2021-04-17
1933,2510,COURSE131,Final Exam,82.0,2021-10-09
1934,2373,COURSE109,Assignment,80.0,2022-09-30
1935,2535,COURSE140,Quiz,96.0,2023-10-08
1936,1263,COURSE97,Quiz,85.0,2022-06-29
1937,1967,COURSE133,Assignment,78.0,2022-01-05
1938,1606,COURSE139,Quiz,80.0,2021-09-07
1939,2098,COURSE136,Midterm,75.0,2023-11-14
1940,2910,COURSE133,Assignment,72.0,2022-11-09
1941,2274,COURSE81,Assignment,69.0,2023-07-07
1942,1598,COURSE75,Final Exam,94.0,2022-07-14
1943,2001,COURSE74,Midterm,79.0,2024-08-02
1944,1337,COURSE148,Midterm,69.0,2024-01-14
1945,2466,COURSE89,Assignment,84.0,2024-01-20
1946,1156,COURSE131,Midterm,77.0,2021-12-25
1947,1315,COURSE67,Quiz,78.0,2020-03-02
1948,2927,COURSE53,Midterm,55.0,2023-11-09
1949,2271,COURSE140,Midterm,69.0,2021-09-27
1950,2661,COURSE150,Quiz,60.0,2020-07-01
1951,2784,COURSE83,Final Exam,80.0,2020-12-11
1952,1044,COURSE61,Quiz,75.0,2021-10-09
1953,1672,COURSE115,Midterm,67.0,2022-03-24
1954,2593,COURSE133,Assignment,75.0,2023-10-25
1955,2205,COURSE51,Final Exam,81.0,2021-06-18
1956,1332,COURSE85,Quiz,77.0,2023-08-23
1957,2909,COURSE101,Final Exam,68.0,2023-07-11
1958,1742,COURSE145,Final Exam,76.0,2020-09-04
1959,2404,COURSE110,Final Exam,78.0,2020-09-25
1960,2863,COURSE98,Midterm,72.0,2021-10-02
1961,2683,COURSE136,Final Exam,96.0,2023-04-24
1962,1340,COURSE146,Final Exam,71.0,2024-03-22
1963,1105,COURSE62,Quiz,95.0,2020-07-01
1964,2558,COURSE81,Midterm,85.0,2022-09-26
1965,1903,COURSE115,Final Exam,60.0,2023-09-14
1966,1339,COURSE75,Quiz,94.0,2024-07-23
1967,1519,COURSE73,Quiz,88.0,2022-05-03
1968,2192,COURSE107,Midterm,51.0,2021-09-21
1969,1958,COURSE62,Assignment,100.0,2023-01-04
1970,1619,COURSE140,Assignment,91.0,2020-04-09
1971,2276,COURSE131,Final Exam,88.0,2021-01-06
1972,2346,COURSE104,Final Exam,75.0,2023-08-06
1973,1116,COURSE119,Final Exam,78.0,2022-11-05
1974,2328,COURSE109,Quiz,92.0,2024-06-10
1975,1610,COURSE132,Quiz,71.0,2023-06-01
1976,1060,COURSE144,Assignment,82.0,2021-06-01
1977,1975,COURSE92,Assignment,73.0,2024-01-31
1978,2579,COURSE125,Final Exam,93.0,2024-01-12
1979,2823,COURSE74,Final Exam,75.0,2023-11-23
1980,2421,COURSE98,Quiz,79.0,2023-04-16
1981,2237,COURSE106,Quiz,86.0,2020-09-02
1982,1421,COURSE73,Assignment,49.0,2022-12-25
1983,2367,COURSE145,Quiz,92.0,2023-11-23
1984,1215,COURSE130,Midterm,74.0,2020-06-14
1985,1235,COURSE122,Assignment,76.0,2021-03-15
1986,2093,COURSE84,Assignment,100.0,2021-09-05
1987,1505,COURSE116,Assignment,65.0,2024-07-02
1988,1413,COURSE69,Midterm,70.0,2024-08-12
1989,1320,COURSE64,Final Exam,69.0,2021-06-27
1990,2903,COURSE75,Assignment,83.0,2020-03-16
1991,2294,COURSE150,Final Exam,78.0,2021-11-30
1992,2734,COURSE85,Quiz,94.0,2020-11-20
1993,2540,COURSE104,Quiz,79.0,2023-09-01
1994,1110,COURSE88,Final Exam,74.0,2023-07-11
1995,2342,COURSE88,Assignment,79.0,2022-12-04
1996,2122,COURSE140,Quiz,82.0,2024-05-20
1997,1877,COURSE128,Final Exam,63.0,2020-03-22
1998,1129,COURSE90,Assignment,98.0,2024-09-27
1999,2720,COURSE70,Midterm,89.0,2024-02-17
2000,1173,COURSE142,Midterm,58.0,2024-07-10
2001,2622,COURSE51,Midterm,87.0,2024-09-20
2002,2003,COURSE57,Quiz,89.0,2021-02-06
2003,2194,COURSE122,Assignment,81.0,2020-02-13
2004,2929,COURSE101,Quiz,93.0,2023-12-14
2005,1009,COURSE122,Midterm,69.0,2023-09-02
2006,2469,COURSE74,Assignment,71.0,2022-11-09
2007,2449,COURSE105,Final Exam,65.0,2024-10-19
2008,2865,COURSE145,Quiz,88.0,2023-07-21
2009,2374,COURSE80,Final Exam,67.0,2022-07-08
2010,1791,COURSE95,Assignment,60.0,2023-07-06
2011,1182,COURSE134,Assignment,77.0,2020-11-16
2012,2537,COURSE128,Midterm,71.0,2021-08-25
2013,2232,COURSE119,Assignment,76.0,2020-08-14
2014,2249,COURSE122,Midterm,75.0,2023-09-26
2015,2722,COURSE120,Midterm,88.0,2024-09-06
2016,2485,COURSE52,Final Exam,88.0,2024-05-09
2017,2679,COURSE69,Midterm,79.0,2024-06-15
2018,1226,COURSE63,Final Exam,73.0,2022-01-11
2019,1531,COURSE73,Midterm,86.0,2022-09-10
2020,1631,COURSE99,Quiz,84.0,2020-08-09
2021,1419,COURSE146,Final Exam,88.0,2022-01-03
2022,2226,COURSE78,Final Exam,66.0,2024-03-17
2023,1930,COURSE86,Final Exam,88.0,2021-10-01
2024,2696,COURSE53,Quiz,92.0,2020-05-21
2025,1996,COURSE106,Assignment,85.0,2023-01-26
2026,2390,COURSE72,Assignment,78.0,2023-12-05
2027,2475,COURSE58,Assignment,72.0,2021-08-18
2028,2591,COURSE64,Quiz,94.0,2024-04-09
2029,2260,COURSE114,Final Exam,83.0,2023-01-21
2030,2045,COURSE53,Assignment,76.0,2022-06-21
2031,2018,COURSE59,Assignment,76.0,2020-01-11
2032,1756,COURSE150,Assignment,74.0,2020-05-31
2033,1819,COURSE57,Quiz,79.0,2020-05-10
2034,1695,COURSE139,Midterm,69.0,2022-12-16
2035,2748,COURSE130,Quiz,80.0,2021-01-03
2036,2262,COURSE83,Quiz,78.0,2020-02-24
2037,2750,COURSE53,Final Exam,71.0,2021-06-01
2038,2758,COURSE135,Midterm,74.0,2022-01-18
2039,2367,COURSE144,Final Exam,74.0,2022-07-21
2040,1621,COURSE67,Midterm,63.0,2024-06-20
2041,1012,COURSE125,Midterm,85.0,2021-02-18
2042,1688,COURSE81,Midterm,98.0,2023-08-29
2043,2156,COURSE82,Midterm,75.0,2020-06-29
2044,2651,COURSE83,Assignment,67.0,2020-02-01
2045,2045,COURSE83,Final Exam,72.0,2023-07-16
2046,2068,COURSE140,Quiz,78.0,2021-06-23
2047,1979,COURSE72,Assignment,79.0,2023-07-26
2048,1681,COURSE119,Midterm,71.0,2023-11-13
2049,1412,COURSE136,Midterm,78.0,2021-11-08
2050,2613,COURSE126,Quiz,79.0,2021-07-21
2051,1752,COURSE130,Assignment,74.0,2020-05-22
2052,2912,COURSE116,Assignment,77.0,2024-09-28
2053,2971,COURSE122,Midterm,72.0,2022-02-06
2054,2030,COURSE123,Final Exam,91.0,2022-05-13
2055,1348,COURSE129,Assignment,77.0,2021-05-21
2056,1864,COURSE107,Quiz,74.0,2022-07-06
2057,1833,COURSE71,Final Exam,68.0,2024-11-13
2058,1346,COURSE137,Midterm,91.0,2020-03-22
2059,2907,COURSE93,Assignment,81.0,2020-11-01
2060,1502,COURSE144,Final Exam,59.0,2023-06-25
2061,1427,COURSE112,Assignment,69.0,2021-06-06
2062,1114,COURSE98,Assignment,83.0,2023-08-12
2063,2693,COURSE95,Midterm,83.0,2023-11-25
2064,2983,COURSE148,Assignment,86.0,2021-03-25
2065,2489,COURSE55,Assignment,70.0,2022-10-27
2066,2403,COURSE123,Quiz,82.0,2022-12-27
2067,2618,COURSE126,Quiz,77.0,2024-07-12
2068,2294,COURSE147,Midterm,73.0,2024-05-04
2069,1620,COURSE78,Quiz,75.0,2023-08-17
2070,2824,COURSE127,Quiz,95.0,2020-12-20
2071,1413,COURSE85,Final Exam,87.0,2024-01-07
2072,1915,COURSE123,Assignment,64.0,2024-09-26
2073,2366,COURSE95,Final Exam,82.0,2024-01-23
2074,1127,COURSE141,Quiz,77.0,2023-02-12
2075,2308,COURSE147,Midterm,74.0,2022-06-27
2076,2944,COURSE70,Assignment,100.0,2024-01-29
2077,1197,COURSE132,Final Exam,79.0,2022-09-10
2078,2786,COURSE132,Quiz,88.0,2024-11-28
2079,2373,COURSE131,Midterm,86.0,2022-01-21
2080,1734,COURSE63,Final Exam,76.0,2020-08-15
2081,1631,COURSE127,Assignment,76.0,2021-09-18
2082,1913,COURSE60,Final Exam,83.0,2022-03-20
2083,1332,COURSE104,Final Exam,86.0,2024-04-27
2084,2068,COURSE76,Assignment,83.0,2021-02-12
2085,2962,COURSE69,Assignment,81.0,2022-07-09
2086,1625,COURSE89,Midterm,74.0,2022-03-22
2087,1400,COURSE117,Midterm,68.0,2023-09-14
2088,2838,COURSE125,Midterm,82.0,2024-08-02
2089,1708,COURSE56,Final Exam,65.0,2024-02-19
2090,1932,COURSE138,Assignment,82.0,2020-06-04
2091,2246,COURSE83,Assignment,100.0,2023-04-28
2092,1392,COURSE68,Final Exam,72.0,2021-05-14
2093,1894,COURSE115,Quiz,88.0,2021-02-03
2094,2542,COURSE146,Midterm,83.0,2021-11-02
2095,1206,COURSE67,Assignment,91.0,2020-08-02
2096,2762,COURSE137,Midterm,70.0,2024-04-10
2097,1841,COURSE97,Assignment,58.0,2020-11-26
2098,1864,COURSE146,Quiz,98.0,2020-02-18
2099,1611,COURSE118,Midterm,100.0,2024-11-08
2100,2490,COURSE101,Assignment,100.0,2024-01-03
2101,1687,COURSE77,Midterm,81.0,2023-07-15
2102,1475,COURSE137,Assignment,73.0,2024-05-31
2103,1744,COURSE148,Quiz,89.0,2021-06-19
2104,1757,COURSE57,Midterm,93.0,2023-02-01
2105,1226,COURSE76,Assignment,86.0,2020-07-06
2106,1601,COURSE143,Midterm,82.0,2020-09-25
2107,1483,COURSE86,Midterm,100.0,2021-04-18
2108,1511,COURSE136,Quiz,81.0,2023-01-11
2109,2010,COURSE126,Assignment,100.0,2021-04-22
2110,1710,COURSE101,Midterm,93.0,2023-10-25
2111,1279,COURSE114,Quiz,66.0,2023-07-18
2112,2523,COURSE145,Assignment,83.0,2024-02-24
2113,1829,COURSE90,Quiz,91.0,2020-09-03
2114,2399,COURSE135,Final Exam,81.0,2020-03-27
2115,1864,COURSE102,Midterm,70.0,2023-09-01
2116,1661,COURSE129,Assignment,76.0,2022-06-21
2117,2872,COURSE126,Final Exam,86.0,2021-09-01
2118,2453,COURSE119,Final Exam,72.0,2023-03-19
2119,1609,COURSE114,Midterm,68.0,2020-03-06
2120,1954,COURSE139,Assignment,84.0,2023-06-02
2121,2616,COURSE147,Midterm,84.0,2022-03-17
2122,2722,COURSE136,Final Exam,68.0,2021-11-06
2123,2836,COURSE131,Assignment,76.0,2024-08-09
2124,2541,COURSE61,Final Exam,94.0,2022-11-07
2125,2488,COURSE97,Quiz,81.0,2023-05-28
2126,1099,COURSE76,Final Exam,85.0,2022-10-25
2127,2334,COURSE100,Final Exam,62.0,2022-06-20
2128,1451,COURSE59,Midterm,93.0,2020-03-27
2129,2193,COURSE57,Assignment,79.0,2021-06-27
2130,1665,COURSE114,Assignment,78.0,2023-02-13
2131,2186,COURSE139,Assignment,84.0,2021-02-11
2132,2627,COURSE70,Assignment,83.0,2020-12-25
2133,2141,COURSE94,Quiz,84.0,2023-03-09
2134,1014,COURSE148,Assignment,100.0,2022-04-24
2135,1810,COURSE132,Final Exam,77.0,2023-04-23
2136,1292,COURSE147,Assignment,85.0,2021-08-14
2137,1968,COURSE82,Quiz,81.0,2021-02-18
2138,2708,COURSE105,Final Exam,68.0,2024-02-25
2139,2841,COURSE148,Midterm,94.0,2021-07-25
2140,2283,COURSE130,Quiz,74.0,2021-02-09
2141,2963,COURSE55,Final Exam,62.0,2020-09-15
2142,2529,COURSE90,Midterm,64.0,2024-05-25
2143,1527,COURSE81,Midterm,70.0,2020-12-04
2144,1868,COURSE87,Final Exam,96.0,2024-06-28
2145,1452,COURSE55,Quiz,82.0,2021-09-03
2146,2327,COURSE135,Assignment,96.0,2022-05-17
2147,2002,COURSE109,Final Exam,81.0,2020-03-23
2148,2579,COURSE63,Final Exam,72.0,2023-04-27
2149,1013,COURSE112,Midterm,87.0,2020-08-01
2150,1948,COURSE125,Quiz,56.0,2021-09-14
2151,2975,COURSE84,Midterm,85.0,2020-11-06
2152,2820,COURSE94,Midterm,97.0,2021-06-09
2153,1556,COURSE95,Final Exam,60.0,2024-08-03
2154,2349,COURSE78,Assignment,100.0,2022-03-15
2155,1094,COURSE85,Assignment,86.0,2022-07-03
2156,2053,COURSE135,Final Exam,72.0,2023-01-04
2157,2393,COURSE77,Final Exam,67.0,2023-04-03
2158,1578,COURSE121,Final Exam,83.0,2022-08-23
2159,2557,COURSE71,Quiz,91.0,2021-10-19
2160,2440,COURSE83,Quiz,88.0,2024-09-02
2161,2867,COURSE111,Final Exam,91.0,2022-11-23
2162,2617,COURSE123,Final Exam,87.0,2022-06-06
2163,1759,COURSE112,Assignment,74.0,2021-03-07
2164,2162,COURSE146,Final Exam,84.0,2021-04-16
2165,1384,COURSE146,Assignment,84.0,2024-11-09
2166,1376,COURSE106,Assignment,100.0,2021-01-06
2167,2741,COURSE103,Assignment,76.0,2023-01-28
2168,1152,COURSE139,Quiz,76.0,2022-09-16
2169,2916,COURSE132,Quiz,82.0,2021-08-26
2170,1541,COURSE111,Quiz,90.0,2021-09-13
2171,2549,COURSE100,Final Exam,80.0,2020-05-21
2172,2019,COURSE149,Assignment,84.0,2022-10-01
2173,1846,COURSE140,Final Exam,82.0,2024-04-19
2174,1507,COURSE75,Final Exam,100.0,2020-12-06
2175,1872,COURSE103,Midterm,57.0,2020-04-18
2176,2353,COURSE78,Midterm,84.0,2023-01-01
2177,1782,COURSE62,Midterm,50.0,2024-06-15
2178,2673,COURSE61,Quiz,95.0,2023-05-14
2179,1843,COURSE137,Final Exam,88.0,2023-09-02
2180,1249,COURSE66,Midterm,76.0,2023-07-07
2181,1032,COURSE125,Quiz,81.0,2024-02-21
2182,1604,COURSE71,Quiz,100.0,2023-05-31
2183,2527,COURSE94,Quiz,69.0,2021-08-04
2184,2591,COURSE150,Quiz,59.0,2020-06-16
2185,1225,COURSE107,Midterm,68.0,2024-04-15
2186,1086,COURSE84,Final Exam,100.0,2024-02-04
2187,1769,COURSE59,Quiz,82.0,2024-08-23
2188,2304,COURSE141,Quiz,57.0,2022-11-02
2189,1773,COURSE129,Quiz,66.0,2024-11-21
2190,2167,COURSE102,Assignment,73.0,2021-09-25
2191,1663,COURSE87,Midterm,79.0,2020-02-04
2192,2986,COURSE129,Assignment,81.0,2021-03-22
2193,1282,COURSE94,Final Exam,86.0,2024-06-21
2194,2790,COURSE72,Assignment,67.0,2024-06-27
2195,2289,COURSE139,Assignment,73.0,2023-10-25
2196,1261,COURSE100,Assignment,96.0,2021-04-01
2197,2586,COURSE58,Midterm,74.0,2021-11-20
2198,1875,COURSE59,Final Exam,75.0,2020-08-29
2199,1365,COURSE144,Midterm,77.0,2023-07-18
2200,1547,COURSE95,Midterm,76.0,2021-01-31
2201,2689,COURSE130,Final Exam,96.0,2022-02-10
2202,1026,COURSE74,Final Exam,69.0,2021-03-24
2203,1052,COURSE92,Midterm,75.0,2023-10-30
2204,1341,COURSE113,Assignment,68.0,2024-09-23
2205,1683,COURSE71,Quiz,88.0,2022-04-14
2206,2656,COURSE132,Midterm,71.0,2023-11-18
2207,1811,COURSE51,Quiz,80.0,2022-11-23
2208,2312,COURSE74,Quiz,64.0,2022-09-25
2209,1122,COURSE57,Final Exam,80.0,2021-02-07
2210,1794,COURSE105,Midterm,76.0,2024-09-03
2211,2558,COURSE58,Final Exam,63.0,2022-04-19
2212,1987,COURSE97,Quiz,79.0,2021-08-22
2213,1748,COURSE63,Final Exam,90.0,2022-09-14
2214,2893,COURSE54,Quiz,71.0,2021-04-21
2215,2042,COURSE76,Final Exam,90.0,2022-02-06
2216,1573,COURSE99,Assignment,72.0,2023-11-03
2217,1033,COURSE134,Assignment,67.0,2022-04-04
2218,1406,COURSE78,Final Exam,86.0,2024-02-18
2219,1951,COURSE94,Assignment,98.0,2020-09-30
2220,2397,COURSE120,Final Exam,89.0,2023-08-01
2221,2481,COURSE95,Midterm,78.0,2023-11-02
2222,2613,COURSE84,Quiz,82.0,2024-10-19
2223,1204,COURSE83,Assignment,77.0,2024-01-18
2224,1615,COURSE78,Midterm,70.0,2020-11-08
2225,2821,COURSE91,Quiz,64.0,2024-11-01
2226,2627,COURSE112,Midterm,71.0,2023-07-02
2227,1336,COURSE104,Assignment,74.0,2020-12-29
2228,1444,COURSE84,Midterm,76.0,2021-07-27
2229,2734,COURSE63,Final Exam,80.0,2021-07-15
2230,2746,COURSE140,Assignment,95.0,2024-04-01
2231,1401,COURSE70,Final Exam,74.0,2020-09-29
2232,1690,COURSE64,Assignment,81.0,2020-09-24
2233,1138,COURSE137,Final Exam,83.0,2024-05-24
2234,2650,COURSE108,Assignment,87.0,2024-08-29
2235,1503,COURSE83,Assignment,74.0,2024-11-01
2236,2072,COURSE65,Quiz,70.0,2022-09-01
2237,2095,COURSE55,Final Exam,76.0,2021-07-22
2238,1042,COURSE127,Quiz,100.0,2023-10-10
2239,2396,COURSE138,Midterm,73.0,2024-10-16
2240,1427,COURSE72,Quiz,78.0,2021-08-16
2241,1372,COURSE75,Assignment,71.0,2022-11-28
2242,2376,COURSE70,Midterm,81.0,2020-05-26
2243,1088,COURSE119,Quiz,78.0,2023-02-05
2244,2914,COURSE128,Midterm,87.0,2021-08-23
2245,1520,COURSE112,Midterm,55.0,2022-12-13
2246,1448,COURSE122,Midterm,78.0,2020-02-15
2247,2123,COURSE58,Midterm,78.0,2021-02-09
2248,1785,COURSE97,Assignment,64.0,2022-10-22
2249,1069,COURSE90,Quiz,97.0,2024-05-19
2250,2330,COURSE73,Quiz,73.0,2024-04-01
2251,2818,COURSE94,Assignment,91.0,2024-12-14
2252,2039,COURSE137,Final Exam,60.0,2023-02-27
2253,2540,COURSE91,Final Exam,100.0,2022-09-18
2254,2125,COURSE73,Midterm,88.0,2021-09-04
2255,2186,COURSE65,Midterm,95.0,2024-10-29
2256,1898,COURSE121,Final Exam,76.0,2021-06-21
2257,1946,COURSE121,Midterm,87.0,2022-09-30
2258,2432,COURSE70,Quiz,70.0,2023-09-02
2259,1218,COURSE113,Assignment,79.0,2023-02-17
2260,2378,COURSE63,Assignment,78.0,2021-10-02
2261,1651,COURSE147,Midterm,89.0,2022-07-07
2262,2233,COURSE54,Quiz,85.0,2022-10-14
2263,1627,COURSE80,Assignment,80.0,2022-01-07
2264,2942,COURSE122,Midterm,100.0,2023-01-29
2265,1647,COURSE126,Assignment,86.0,2024-06-01
2266,2145,COURSE61,Assignment,83.0,2024-12-29
2267,1102,COURSE83,Final Exam,87.0,2022-09-29
2268,1766,COURSE54,Midterm,89.0,2020-01-13
2269,1519,COURSE83,Assignment,86.0,2020-11-11
2270,2931,COURSE101,Assignment,68.0,2021-10-30
2271,2755,COURSE116,Quiz,81.0,2020-09-03
2272,1021,COURSE130,Assignment,78.0,2022-11-04
2273,2648,COURSE123,Final Exam,75.0,2022-12-11
2274,2713,COURSE125,Quiz,70.0,2023-03-26
2275,2920,COURSE116,Quiz,69.0,2020-01-07
2276,2444,COURSE58,Quiz,79.0,2024-10-11
2277,2895,COURSE68,Midterm,70.0,2020-01-27
2278,2325,COURSE124,Final Exam,93.0,2024-10-23
2279,1451,COURSE145,Midterm,71.0,2021-02-28
2280,1102,COURSE100,Final Exam,95.0,2024-08-17
2281,2021,COURSE62,Midterm,80.0,2022-05-26
2282,1573,COURSE98,Assignment,91.0,2024-02-04
2283,2868,COURSE79,Quiz,77.0,2020-12-10
2284,2541,COURSE100,Final Exam,84.0,2020-01-19
2285,2501,COURSE99,Quiz,68.0,2024-02-01
2286,1584,COURSE69,Midterm,81.0,2023-02-15
2287,2473,COURSE146,Final Exam,81.0,2022-08-29
2288,2132,COURSE67,Final Exam,67.0,2021-03-10
2289,1271,COURSE63,Quiz,79.0,2020-01-17
2290,2928,COURSE116,Midterm,78.0,2023-02-13
2291,1171,COURSE119,Assignment,94.0,2023-07-05
2292,2181,COURSE96,Final Exam,68.0,2021-08-16
2293,1969,COURSE91,Final Exam,100.0,2022-06-02
2294,2924,COURSE136,Assignment,67.0,2022-09-18
2295,1990,COURSE149,Assignment,71.0,2024-04-30
2296,1594,COURSE124,Midterm,84.0,2023-06-10
2297,2132,COURSE140,Quiz,72.0,2022-05-22
2298,1861,COURSE85,Midterm,65.0,2024-09-09
2299,1320,COURSE138,Assignment,94.0,2021-02-23
2300,1397,COURSE149,Final Exam,82.0,2020-02-18
2301,2314,COURSE69,Assignment,64.0,2022-04-29
2302,1901,COURSE142,Assignment,86.0,2022-08-09
2303,1204,COURSE92,Assignment,62.0,2024-05-21
2304,2015,COURSE87,Midterm,87.0,2023-05-25
2305,1069,COURSE110,Midterm,87.0,2022-06-16
2306,1056,COURSE71,Midterm,98.0,2023-08-22
2307,1536,COURSE137,Quiz,62.0,2023-08-05
2308,1488,COURSE148,Assignment,85.0,2024-10-03
2309,2120,COURSE59,Midterm,94.0,2023-03-06
2310,1346,COURSE96,Assignment,78.0,2022-11-25
2311,2514,COURSE88,Midterm,93.0,2024-07-07
2312,2257,COURSE113,Midterm,77.0,2024-10-16
2313,2888,COURSE76,Final Exam,96.0,2023-08-06
2314,2033,COURSE70,Assignment,81.0,2022-02-27
2315,1896,COURSE76,Final Exam,69.0,2023-12-28
2316,2762,COURSE107,Midterm,83.0,2023-05-08
2317,1038,COURSE94,Final Exam,87.0,2024-07-15
2318,1875,COURSE74,Midterm,78.0,2021-11-27
2319,1949,COURSE126,Final Exam,63.0,2023-12-09
2320,1355,COURSE112,Final Exam,82.0,2020-09-06
2321,1875,COURSE57,Assignment,75.0,2020-07-04
2322,2986,COURSE77,Final Exam,95.0,2023-09-11
2323,2043,COURSE135,Final Exam,84.0,2024-08-26
2324,1434,COURSE141,Midterm,81.0,2021-07-10
2325,2155,COURSE72,Assignment,84.0,2020-09-06
2326,1276,COURSE144,Assignment,76.0,2023-05-26
2327,1132,COURSE102,Final Exam,86.0,2021-09-20
2328,1139,COURSE86,Final Exam,81.0,2021-04-17
2329,2267,COURSE132,Quiz,62.0,2024-08-17
2330,1638,COURSE133,Quiz,77.0,2023-10-14
2331,1081,COURSE72,Assignment,81.0,2024-11-15
2332,1886,COURSE72,Midterm,74.0,2024-02-16
2333,1115,COURSE122,Final Exam,66.0,2020-08-18
2334,1371,COURSE122,Final Exam,69.0,2021-01-11
2335,1636,COURSE106,Final Exam,80.0,2022-06-18
2336,2075,COURSE77,Assignment,83.0,2022-09-19
2337,2002,COURSE106,Assignment,85.0,2024-09-06
2338,1639,COURSE98,Final Exam,92.0,2020-08-07
2339,1038,COURSE78,Quiz,71.0,2024-07-23
2340,1022,COURSE110,Quiz,99.0,2024-11-04
2341,2644,COURSE107,Midterm,78.0,2024-02-10
2342,2334,COURSE88,Midterm,70.0,2020-10-31
2343,1912,COURSE114,Quiz,83.0,2024-07-10
2344,2139,COURSE86,Midterm,92.0,2023-10-28
2345,2426,COURSE87,Assignment,89.0,2021-05-25
2346,2900,COURSE147,Final Exam,72.0,2021-02-21
2347,2095,COURSE144,Assignment,76.0,2021-01-05
2348,2901,COURSE63,Final Exam,71.0,2022-07-18
2349,2995,COURSE102,Midterm,81.0,2023-08-19
2350,2098,COURSE147,Final Exam,62.0,2021-02-13
2351,1780,COURSE132,Assignment,94.0,2022-12-24
2352,1797,COURSE92,Midterm,78.0,2022-01-28
2353,1910,COURSE51,Midterm,77.0,2020-06-22
2354,2213,COURSE105,Assignment,100.0,2023-11-26
2355,2450,COURSE57,Final Exam,69.0,2023-01-20
2356,2575,COURSE111,Quiz,79.0,2021-02-16
2357,2339,COURSE80,Assignment,82.0,2020-01-30
2358,2818,COURSE116,Quiz,82.0,2023-10-24
2359,1790,COURSE71,Quiz,78.0,2022-07-15
2360,1196,COURSE131,Assignment,73.0,2020-10-16
2361,1931,COURSE120,Midterm,79.0,2023-03-29
2362,1040,COURSE115,Assignment,64.0,2022-08-05
2363,2277,COURSE104,Assignment,83.0,2023-10-26
2364,1973,COURSE71,Quiz,70.0,2020-10-01
2365,2575,COURSE131,Quiz,80.0,2023-04-25
2366,2476,COURSE110,Midterm,64.0,2022-06-11
2367,2065,COURSE121,Quiz,73.0,2022-01-02
2368,2244,COURSE90,Final Exam,66.0,2023-11-27
2369,1144,COURSE64,Final Exam,70.0,2023-02-17
2370,2553,COURSE105,Final Exam,86.0,2021-04-07
2371,1503,COURSE110,Assignment,71.0,2021-05-18
2372,2836,COURSE117,Quiz,98.0,2022-01-24
2373,1574,COURSE74,Final Exam,91.0,2021-05-08
2374,2274,COURSE123,Assignment,68.0,2022-11-15
2375,1890,COURSE114,Quiz,100.0,2024-08-01
2376,2410,COURSE125,Midterm,70.0,2020-02-27
2377,1772,COURSE94,Midterm,88.0,2022-01-23
2378,2605,COURSE122,Quiz,64.0,2024-05-29
2379,1523,COURSE145,Assignment,79.0,2024-06-24
2380,2965,COURSE107,Quiz,74.0,2020-03-17
2381,2489,COURSE55,Quiz,85.0,2020-07-23
2382,2399,COURSE117,Quiz,66.0,2022-02-15
2383,2858,COURSE149,Assignment,80.0,2023-11-26
2384,2999,COURSE56,Assignment,90.0,2023-06-11
2385,1161,COURSE139,Final Exam,70.0,2020-05-19
2386,1882,COURSE130,Assignment,81.0,2022-02-08
2387,1622,COURSE87,Quiz,68.0,2023-08-10
2388,2854,COURSE80,Quiz,98.0,2021-09-02
2389,1123,COURSE133,Assignment,90.0,2024-05-21
2390,2337,COURSE64,Assignment,87.0,2023-09-21
2391,2152,COURSE81,Final Exam,80.0,2024-06-26
2392,1147,COURSE84,Midterm,82.0,2021-06-23
2393,1067,COURSE102,Assignment,89.0,2022-11-28
2394,1883,COURSE55,Quiz,66.0,2023-10-22
2395,1599,COURSE81,Quiz,70.0,2023-01-17
2396,2679,COURSE126,Final Exam,58.0,2021-05-18
2397,2363,COURSE57,Assignment,64.0,2021-10-02
2398,1858,COURSE78,Assignment,62.0,2023-04-06
2399,1584,COURSE101,Assignment,86.0,2021-12-25
2400,1113,COURSE55,Quiz,76.0,2020-06-26
2401,2762,COURSE65,Quiz,74.0,2020-04-21
2402,1619,COURSE96,Assignment,79.0,2022-12-14
2403,2083,COURSE148,Midterm,75.0,2022-06-07
2404,2395,COURSE135,Assignment,95.0,2020-01-17
2405,1878,COURSE51,Assignment,100.0,2022-02-18
2406,2841,COURSE61,Quiz,85.0,2022-07-20
2407,2647,COURSE93,Assignment,76.0,2020-08-29
2408,2446,COURSE95,Quiz,91.0,2023-04-06
2409,2562,COURSE146,Final Exam,81.0,2022-10-20
2410,1209,COURSE147,Midterm,80.0,2024-04-17
2411,2969,COURSE143,Final Exam,69.0,2023-11-27
2412,1324,COURSE109,Quiz,81.0,2021-05-31
2413,2719,COURSE53,Midterm,73.0,2024-07-18
2414,1613,COURSE146,Final Exam,96.0,2020-07-12
2415,1127,COURSE144,Quiz,79.0,2022-03-15
2416,1142,COURSE135,Assignment,79.0,2020-07-21
2417,2037,COURSE79,Quiz,69.0,2023-08-06
2418,1085,COURSE128,Assignment,78.0,2022-03-10
2419,2361,COURSE78,Final Exam,85.0,2022-11-17
2420,2591,COURSE67,Midterm,68.0,2024-03-31
2421,2097,COURSE127,Assignment,80.0,2023-07-02
2422,1236,COURSE66,Quiz,84.0,2023-10-10
2423,2819,COURSE142,Quiz,67.0,2021-05-16
2424,2502,COURSE113,Assignment,85.0,2023-05-29
2425,2411,COURSE58,Assignment,84.0,2023-09-01
2426,1892,COURSE141,Midterm,91.0,2024-04-17
2427,2524,COURSE101,Quiz,82.0,2022-03-31
2428,2579,COURSE62,Assignment,53.0,2023-05-16
2429,2332,COURSE108,Quiz,85.0,2023-06-07
2430,1400,COURSE147,Quiz,85.0,2023-10-14
2431,1902,COURSE70,Final Exam,89.0,2022-02-08
2432,2581,COURSE87,Assignment,72.0,2022-10-22
2433,2731,COURSE142,Final Exam,84.0,2023-04-21
2434,1384,COURSE83,Quiz,79.0,2020-07-10
2435,2104,COURSE120,Quiz,88.0,2023-03-23
2436,2073,COURSE140,Midterm,58.0,2021-01-18
2437,2635,COURSE145,Assignment,66.0,2020-07-01
2438,2302,COURSE126,Quiz,76.0,2022-10-11
2439,2333,COURSE103,Final Exam,89.0,2022-08-14
2440,2238,COURSE131,Assignment,88.0,2024-11-15
2441,1537,COURSE116,Quiz,73.0,2021-12-31
2442,2995,COURSE105,Final Exam,79.0,2022-06-14
2443,2370,COURSE104,Midterm,100.0,2023-10-15
2444,2096,COURSE75,Midterm,64.0,2023-01-29
2445,1878,COURSE116,Assignment,85.0,2022-02-23
2446,2745,COURSE119,Final Exam,84.0,2024-11-04
2447,1252,COURSE73,Final Exam,93.0,2021-04-28
2448,2351,COURSE81,Midterm,79.0,2020-09-22
2449,1353,COURSE100,Quiz,87.0,2022-04-14
2450,2431,COURSE71,Final Exam,74.0,2023-09-15
2451,1839,COURSE135,Final Exam,75.0,2022-08-20
2452,1261,COURSE103,Final Exam,100.0,2023-02-28
2453,2292,COURSE148,Final Exam,90.0,2020-01-16
2454,2236,COURSE122,Quiz,82.0,2021-02-09
2455,2773,COURSE59,Final Exam,90.0,2021-12-28
2456,1390,COURSE150,Assignment,84.0,2023-05-21
2457,2242,COURSE113,Midterm,86.0,2021-06-17
2458,2838,COURSE112,Quiz,80.0,2020-12-17
2459,2661,COURSE55,Quiz,84.0,2020-06-18
2460,2418,COURSE72,Assignment,85.0,2023-07-01
2461,2403,COURSE114,Assignment,71.0,2024-01-20
2462,1463,COURSE65,Quiz,80.0,2023-10-05
2463,2665,COURSE87,Final Exam,73.0,2020-01-01
2464,1106,COURSE87,Assignment,77.0,2022-10-28
2465,2051,COURSE72,Midterm,93.0,2024-04-04
2466,1480,COURSE87,Final Exam,71.0,2024-09-15
2467,2951,COURSE97,Midterm,65.0,2024-11-21
2468,1029,COURSE53,Midterm,89.0,2024-11-09
2469,1225,COURSE66,Final Exam,100.0,2024-09-11
2470,2673,COURSE79,Midterm,69.0,2021-11-20
2471,1728,COURSE132,Assignment,88.0,2020-06-30
2472,1649,COURSE88,Quiz,95.0,2020-12-06
2473,2844,COURSE107,Assignment,91.0,2021-07-03
2474,2606,COURSE73,Quiz,82.0,2021-01-23
2475,2085,COURSE61,Quiz,63.0,2023-03-31
2476,1063,COURSE58,Quiz,69.0,2020-11-20
2477,1877,COURSE106,Quiz,77.0,2020-05-28
2478,1152,COURSE100,Assignment,79.0,2020-08-26
2479,2765,COURSE80,Quiz,73.0,2023-10-05
2480,1169,COURSE103,Final Exam,71.0,2023-12-05
2481,1827,COURSE68,Quiz,61.0,2020-11-11
2482,2493,COURSE103,Midterm,79.0,2021-04-07
2483,2290,COURSE111,Midterm,78.0,2022-01-09
2484,1562,COURSE134,Quiz,86.0,2023-02-22
2485,2036,COURSE72,Midterm,90.0,2024-12-03
2486,2970,COURSE127,Quiz,62.0,2021-05-23
2487,2108,COURSE100,Quiz,92.0,2023-06-22
2488,1219,COURSE119,Assignment,79.0,2020-01-29
2489,2823,COURSE134,Final Exam,83.0,2024-07-15
2490,1491,COURSE119,Final Exam,100.0,2020-05-12
2491,1029,COURSE51,Assignment,77.0,2020-08-06
2492,1655,COURSE127,Quiz,58.0,2020-04-27
2493,2051,COURSE88,Quiz,70.0,2020-08-30
2494,1831,COURSE127,Final Exam,95.0,2024-11-11
2495,1782,COURSE95,Assignment,89.0,2021-04-07
2496,2827,COURSE73,Final Exam,57.0,2023-01-26
2497,1889,COURSE115,Final Exam,68.0,2021-09-19
2498,1480,COURSE65,Assignment,92.0,2024-12-08
2499,2616,COURSE84,Final Exam,68.0,2024-10-05
2500,1709,COURSE73,Midterm,82.0,2022-10-26
2501,2281,COURSE71,Final Exam,78.0,2022-01-20
2502,1085,COURSE145,Final Exam,78.0,2020-08-30
2503,2594,COURSE85,Final Exam,76.0,2021-01-14
2504,2322,COURSE141,Quiz,74.0,2024-01-30
2505,2019,COURSE122,Quiz,86.0,2022-08-16
2506,2987,COURSE97,Midterm,69.0,2023-04-29
2507,2579,COURSE51,Midterm,63.0,2024-09-06
2508,1461,COURSE92,Quiz,82.0,2024-07-21
2509,1664,COURSE104,Quiz,86.0,2023-11-08
2510,1671,COURSE87,Final Exam,73.0,2021-11-09
2511,1988,COURSE106,Final Exam,69.0,2024-07-09
2512,1951,COURSE70,Quiz,85.0,2021-09-13
2513,2194,COURSE148,Midterm,75.0,2023-06-21
2514,2565,COURSE103,Midterm,80.0,2023-07-29
2515,1370,COURSE83,Midterm,71.0,2021-11-28
2516,2856,COURSE103,Final Exam,72.0,2020-06-21
2517,1622,COURSE95,Midterm,86.0,2023-11-23
2518,1770,COURSE129,Midterm,100.0,2020-07-29
2519,1983,COURSE111,Final Exam,89.0,2021-11-27
2520,2513,COURSE113,Assignment,77.0,2024-08-05
2521,2914,COURSE130,Midterm,92.0,2022-04-29
2522,1544,COURSE136,Assignment,61.0,2022-07-03
2523,1743,COURSE52,Midterm,73.0,2021-11-14
2524,1396,COURSE57,Final Exam,68.0,2023-12-27
2525,1794,COURSE144,Quiz,98.0,2024-05-26
2526,2395,COURSE58,Final Exam,76.0,2023-08-02
2527,2125,COURSE146,Final Exam,79.0,2020-07-17
2528,1545,COURSE105,Assignment,76.0,2024-03-10
2529,1928,COURSE106,Midterm,81.0,2020-01-27
2530,1064,COURSE74,Quiz,72.0,2023-06-12
2531,1713,COURSE106,Assignment,96.0,2024-11-02
2532,2352,COURSE124,Midterm,89.0,2021-04-14
2533,2279,COURSE82,Final Exam,75.0,2022-01-22
2534,2659,COURSE79,Quiz,66.0,2024-07-30
2535,1963,COURSE59,Final Exam,66.0,2023-02-25
2536,1893,COURSE135,Midterm,66.0,2022-01-17
2537,1912,COURSE67,Assignment,78.0,2023-06-15
2538,2163,COURSE121,Quiz,68.0,2022-02-27
2539,2145,COURSE54,Final Exam,81.0,2021-01-14
2540,2590,COURSE66,Midterm,67.0,2024-08-17
2541,2334,COURSE91,Quiz,93.0,2021-07-09
2542,1373,COURSE118,Quiz,72.0,2021-09-27
2543,1161,COURSE71,Final Exam,89.0,2024-08-14
2544,2148,COURSE125,Final Exam,72.0,2024-09-02
2545,2617,COURSE104,Final Exam,93.0,2023-02-16
2546,2016,COURSE131,Midterm,85.0,2022-05-07
2547,2573,COURSE74,Assignment,82.0,2021-12-05
2548,2679,COURSE118,Final Exam,72.0,2021-03-01
2549,1661,COURSE73,Midterm,72.0,2024-08-07
2550,2848,COURSE76,Assignment,87.0,2022-12-04
2551,2552,COURSE101,Quiz,75.0,2022-03-16
2552,1156,COURSE79,Final Exam,80.0,2024-07-15
2553,1315,COURSE104,Quiz,92.0,2023-01-14
2554,2508,COURSE140,Assignment,78.0,2024-05-04
2555,1271,COURSE150,Assignment,72.0,2021-12-19
2556,2521,COURSE124,Quiz,73.0,2021-06-18
2557,2741,COURSE134,Midterm,84.0,2020-07-16
2558,1786,COURSE77,Final Exam,79.0,2023-07-24
2559,2488,COURSE97,Midterm,78.0,2023-05-01
2560,1960,COURSE108,Assignment,63.0,2024-04-27
2561,1114,COURSE145,Final Exam,57.0,2023-02-05
2562,1546,COURSE69,Quiz,100.0,2021-06-07
2563,1228,COURSE108,Midterm,76.0,2023-02-19
2564,2597,COURSE145,Quiz,69.0,2024-08-28
2565,1704,COURSE75,Assignment,100.0,2024-07-24
2566,2801,COURSE92,Quiz,85.0,2023-05-02
2567,2964,COURSE107,Assignment,57.0,2020-05-14
2568,2446,COURSE136,Midterm,67.0,2023-07-10
2569,1207,COURSE132,Midterm,64.0,2023-11-25
2570,2677,COURSE107,Midterm,76.0,2022-04-15
2571,1781,COURSE101,Quiz,85.0,2021-02-20
2572,1839,COURSE144,Assignment,78.0,2022-08-27
2573,1459,COURSE150,Quiz,68.0,2020-11-16
2574,1227,COURSE94,Assignment,73.0,2020-03-21
2575,2228,COURSE108,Midterm,84.0,2023-05-04
2576,1571,COURSE147,Quiz,75.0,2023-02-18
2577,2544,COURSE64,Final Exam,83.0,2023-08-15
2578,1802,COURSE106,Quiz,85.0,2020-06-30
2579,1234,COURSE126,Assignment,83.0,2024-10-30
2580,1019,COURSE124,Final Exam,75.0,2021-03-19
2581,1536,COURSE139,Midterm,94.0,2023-04-15
2582,2112,COURSE88,Midterm,86.0,2024-10-11
2583,1436,COURSE78,Quiz,59.0,2020-10-15
2584,1440,COURSE119,Assignment,63.0,2022-10-02
2585,2341,COURSE117,Midterm,89.0,2023-02-12
2586,1531,COURSE70,Quiz,93.0,2022-07-18
2587,1036,COURSE93,Final Exam,75.0,2023-03-27
2588,2325,COURSE129,Final Exam,93.0,2022-12-09
2589,2468,COURSE59,Assignment,64.0,2023-10-01
2590,1802,COURSE52,Final Exam,87.0,2024-03-19
2591,2827,COURSE139,Final Exam,86.0,2020-08-04
2592,1718,COURSE53,Final Exam,86.0,2022-12-24
2593,2792,COURSE96,Quiz,81.0,2022-09-28
2594,1381,COURSE114,Midterm,72.0,2024-02-10
2595,1248,COURSE127,Final Exam,73.0,2023-10-02
2596,2441,COURSE102,Midterm,64.0,2024-01-19
2597,1623,COURSE92,Assignment,82.0,2022-09-08
2598,2736,COURSE67,Final Exam,84.0,2020-07-30
2599,1506,COURSE114,Assignment,71.0,2021-03-01
2600,1099,COURSE115,Final Exam,96.0,2020-08-17
2601,2853,COURSE73,Assignment,69.0,2023-12-10
2602,2761,COURSE97,Quiz,86.0,2024-07-17
2603,1290,COURSE58,Assignment,72.0,2024-03-18
2604,1581,COURSE64,Midterm,100.0,2023-07-02
2605,2065,COURSE88,Final Exam,80.0,2023-09-13
2606,2622,COURSE149,Quiz,70.0,2023-01-05
2607,1294,COURSE107,Midterm,73.0,2022-07-06
2608,2181,COURSE150,Quiz,89.0,2024-06-06
2609,1211,COURSE62,Midterm,84.0,2021-07-29
2610,2153,COURSE58,Quiz,92.0,2020-02-28
2611,2382,COURSE56,Midterm,99.0,2023-02-25
2612,2662,COURSE112,Final Exam,73.0,2023-02-05
2613,1223,COURSE90,Final Exam,95.0,2020-09-01
2614,2634,COURSE121,Assignment,87.0,2024-01-05
2615,1691,COURSE110,Midterm,79.0,2021-10-17
2616,2564,COURSE87,Assignment,66.0,2020-02-12
2617,1969,COURSE125,Midterm,77.0,2023-01-06
2618,1131,COURSE142,Final Exam,64.0,2024-11-20
2619,1012,COURSE95,Final Exam,70.0,2023-09-07
2620,1282,COURSE140,Midterm,76.0,2021-02-22
2621,1063,COURSE142,Assignment,76.0,2024-04-25
2622,1306,COURSE149,Final Exam,70.0,2023-03-04
2623,1633,COURSE123,Quiz,61.0,2022-09-29
2624,2950,COURSE115,Final Exam,74.0,2023-10-10
2625,1354,COURSE124,Assignment,95.0,2022-08-22
2626,2494,COURSE136,Midterm,71.0,2024-05-07
2627,1698,COURSE85,Midterm,91.0,2021-02-25
2628,1808,COURSE133,Final Exam,84.0,2022-06-16
2629,1228,COURSE150,Final Exam,90.0,2020-03-22
2630,2793,COURSE59,Quiz,100.0,2022-04-17
2631,1081,COURSE52,Midterm,79.0,2024-02-25
2632,1819,COURSE52,Assignment,99.0,2020-01-15
2633,1708,COURSE146,Midterm,70.0,2020-12-30
2634,1079,COURSE146,Assignment,97.0,2022-08-07
2635,2902,COURSE143,Assignment,98.0,2022-01-17
2636,1803,COURSE76,Final Exam,86.0,2020-06-19
2637,1877,COURSE65,Assignment,69.0,2020-04-11
2638,2476,COURSE80,Midterm,86.0,2022-04-05
2639,2463,COURSE137,Assignment,83.0,2021-05-17
2640,2947,COURSE86,Quiz,83.0,2022-03-01
2641,1819,COURSE64,Final Exam,74.0,2024-09-20
2642,2662,COURSE95,Assignment,86.0,2020-04-24
2643,2924,COURSE87,Midterm,88.0,2021-11-22
2644,2054,COURSE76,Midterm,83.0,2020-05-16
2645,1396,COURSE61,Final Exam,75.0,2023-02-10
2646,2913,COURSE103,Final Exam,89.0,2022-06-12
2647,2334,COURSE101,Quiz,78.0,2024-03-13
2648,1392,COURSE91,Midterm,83.0,2020-04-24
2649,2368,COURSE94,Assignment,65.0,2024-01-30
2650,1807,COURSE91,Assignment,96.0,2024-09-12
2651,1954,COURSE144,Midterm,65.0,2023-06-18
2652,2339,COURSE110,Midterm,77.0,2022-04-18
2653,2631,COURSE61,Midterm,62.0,2022-05-29
2654,1851,COURSE131,Quiz,78.0,2024-11-01
2655,1061,COURSE53,Assignment,84.0,2020-02-01
2656,2796,COURSE113,Midterm,71.0,2022-09-09
2657,1127,COURSE81,Midterm,98.0,2020-07-29
2658,1372,COURSE146,Midterm,67.0,2021-01-29
2659,1156,COURSE118,Midterm,96.0,2022-04-21
2660,1287,COURSE131,Assignment,77.0,2020-12-18
2661,1486,COURSE95,Assignment,90.0,2021-02-25
2662,1196,COURSE62,Final Exam,69.0,2020-07-30
2663,2864,COURSE137,Final Exam,100.0,2020-12-26
2664,1706,COURSE122,Final Exam,81.0,2021-03-10
2665,2918,COURSE146,Assignment,89.0,2020-06-28
2666,1813,COURSE118,Midterm,96.0,2024-01-21
2667,2609,COURSE83,Quiz,84.0,2021-12-07
2668,2413,COURSE70,Assignment,64.0,2021-11-03
2669,2376,COURSE64,Midterm,79.0,2023-08-18
2670,2734,COURSE76,Final Exam,88.0,2023-05-27
2671,2389,COURSE102,Quiz,77.0,2022-08-15
2672,2882,COURSE79,Midterm,59.0,2022-01-02
2673,2133,COURSE128,Assignment,90.0,2021-10-06
2674,1995,COURSE86,Quiz,100.0,2023-08-22
2675,2295,COURSE140,Assignment,88.0,2023-02-02
2676,2345,COURSE74,Midterm,72.0,2024-02-13
2677,1197,COURSE99,Midterm,81.0,2020-11-27
2678,2127,COURSE99,Midterm,95.0,2023-11-07
2679,1086,COURSE98,Assignment,77.0,2021-10-25
2680,2831,COURSE63,Quiz,86.0,2021-01-21
2681,2647,COURSE113,Assignment,79.0,2023-11-13
2682,1664,COURSE74,Quiz,87.0,2022-09-04
2683,2598,COURSE89,Assignment,87.0,2024-04-12
2684,1819,COURSE63,Midterm,75.0,2024-11-06
2685,2668,COURSE126,Final Exam,76.0,2024-05-05
2686,2693,COURSE58,Assignment,87.0,2022-11-06
2687,1177,COURSE144,Final Exam,77.0,2020-07-10
2688,2463,COURSE115,Final Exam,85.0,2022-08-28
2689,1739,COURSE82,Final Exam,63.0,2023-03-27
2690,1336,COURSE77,Midterm,88.0,2022-09-08
2691,2029,COURSE97,Midterm,77.0,2023-05-25
2692,2896,COURSE142,Midterm,98.0,2024-11-01
2693,2745,COURSE143,Midterm,87.0,2020-01-18
2694,1633,COURSE102,Final Exam,96.0,2020-08-17
2695,2214,COURSE53,Quiz,63.0,2020-02-13
2696,1750,COURSE54,Quiz,84.0,2020-08-27
2697,2707,COURSE130,Final Exam,95.0,2023-07-01
2698,2355,COURSE149,Final Exam,89.0,2022-10-10
2699,2196,COURSE88,Midterm,62.0,2020-03-19
2700,1388,COURSE134,Midterm,100.0,2024-02-06
2701,2711,COURSE56,Quiz,88.0,2024-06-19
2702,1027,COURSE96,Quiz,85.0,2024-09-05
2703,1682,COURSE112,Assignment,86.0,2024-09-20
2704,2353,COURSE110,Midterm,60.0,2024-02-09
2705,2081,COURSE146,Assignment,89.0,2023-04-05
2706,1270,COURSE132,Quiz,73.0,2021-01-21
2707,1846,COURSE77,Midterm,89.0,2022-08-29
2708,2250,COURSE125,Midterm,85.0,2023-01-04
2709,1706,COURSE114,Quiz,100.0,2024-04-01
2710,1468,COURSE95,Assignment,77.0,2023-08-05
2711,2190,COURSE71,Quiz,72.0,2023-02-08
2712,1974,COURSE96,Final Exam,65.0,2021-09-13
2713,1862,COURSE96,Final Exam,91.0,2022-09-06
2714,1549,COURSE95,Final Exam,72.0,2022-01-24
2715,1478,COURSE107,Midterm,62.0,2022-06-30
2716,2391,COURSE144,Midterm,66.0,2023-08-04
2717,2282,COURSE117,Assignment,83.0,2022-06-26
2718,2367,COURSE136,Assignment,94.0,2023-04-16
2719,2161,COURSE137,Final Exam,77.0,2023-10-16
2720,2061,COURSE128,Final Exam,68.0,2021-06-13
2721,1599,COURSE143,Final Exam,96.0,2021-02-05
2722,2255,COURSE51,Quiz,82.0,2022-12-27
2723,1801,COURSE88,Quiz,95.0,2020-05-26
2724,2006,COURSE139,Assignment,76.0,2021-05-06
2725,1621,COURSE140,Final Exam,79.0,2021-06-14
2726,1482,COURSE109,Assignment,90.0,2023-11-25
2727,1806,COURSE109,Assignment,73.0,2023-06-03
2728,2660,COURSE92,Midterm,91.0,2022-09-15
2729,1814,COURSE68,Midterm,84.0,2022-08-16
2730,2721,COURSE105,Midterm,99.0,2021-02-01
2731,2995,COURSE53,Final Exam,84.0,2022-12-08
2732,1004,COURSE63,Quiz,58.0,2020-03-07
2733,1935,COURSE60,Assignment,90.0,2020-12-22
2734,2647,COURSE82,Final Exam,74.0,2020-05-27
2735,1278,COURSE53,Assignment,61.0,2022-08-03
2736,2929,COURSE83,Assignment,72.0,2021-07-15
2737,2479,COURSE135,Final Exam,97.0,2020-12-04
2738,2208,COURSE115,Quiz,89.0,2022-01-06
2739,1918,COURSE52,Midterm,61.0,2020-12-02
2740,2516,COURSE97,Quiz,68.0,2021-07-08
2741,2656,COURSE143,Quiz,70.0,2022-01-24
2742,2059,COURSE93,Midterm,75.0,2024-04-26
2743,1193,COURSE115,Final Exam,65.0,2022-03-09
2744,2579,COURSE106,Assignment,70.0,2021-09-25
2745,2556,COURSE144,Midterm,92.0,2023-05-24
2746,1047,COURSE85,Assignment,71.0,2021-08-29
2747,1727,COURSE114,Midterm,70.0,2022-02-18
2748,1627,COURSE147,Midterm,86.0,2020-03-12
2749,2791,COURSE133,Midterm,84.0,2021-02-04
2750,1827,COURSE91,Final Exam,76.0,2020-11-09
2751,2162,COURSE103,Midterm,83.0,2020-06-28
2752,2451,COURSE113,Quiz,84.0,2020-11-20
2753,2836,COURSE137,Midterm,76.0,2021-12-03
2754,2001,COURSE113,Quiz,79.0,2024-04-14
2755,2667,COURSE131,Midterm,74.0,2022-03-10
2756,2173,COURSE129,Quiz,75.0,2020-12-11
2757,2722,COURSE52,Assignment,82.0,2020-09-15
2758,2086,COURSE128,Midterm,66.0,2024-02-27
2759,2951,COURSE55,Quiz,81.0,2024-05-08
2760,1659,COURSE74,Assignment,90.0,2021-10-12
2761,1254,COURSE83,Quiz,79.0,2022-01-10
2762,1019,COURSE53,Quiz,73.0,2020-08-25
2763,1298,COURSE64,Quiz,78.0,2023-04-17
2764,2916,COURSE94,Midterm,81.0,2020-01-16
2765,1587,COURSE120,Quiz,89.0,2020-11-22
2766,1370,COURSE143,Midterm,100.0,2021-10-03
2767,2842,COURSE138,Midterm,82.0,2023-10-05
2768,2459,COURSE53,Final Exam,72.0,2022-08-25
2769,1800,COURSE106,Quiz,95.0,2021-02-14
2770,1186,COURSE140,Midterm,73.0,2024-04-17
2771,1197,COURSE103,Quiz,88.0,2021-08-18
2772,2850,COURSE56,Quiz,83.0,2021-07-15
2773,1240,COURSE111,Final Exam,59.0,2021-05-23
2774,2717,COURSE99,Quiz,79.0,2023-09-06
2775,1202,COURSE88,Assignment,74.0,2024-12-08
2776,2409,COURSE103,Final Exam,79.0,2020-05-09
2777,1747,COURSE134,Final Exam,83.0,2024-01-28
2778,1560,COURSE140,Final Exam,91.0,2020-09-02
2779,2897,COURSE108,Final Exam,65.0,2024-10-13
2780,1469,COURSE60,Assignment,71.0,2021-01-27
2781,2307,COURSE110,Final Exam,81.0,2024-03-10
2782,1660,COURSE123,Quiz,75.0,2021-09-08
2783,2921,COURSE63,Assignment,72.0,2022-07-27
2784,1214,COURSE114,Midterm,94.0,2021-02-04
2785,2073,COURSE56,Midterm,73.0,2024-04-08
2786,1515,COURSE64,Assignment,81.0,2024-06-17
2787,1605,COURSE58,Assignment,80.0,2022-09-25
2788,2764,COURSE67,Quiz,75.0,2021-12-06
2789,1124,COURSE139,Final Exam,94.0,2020-07-09
2790,2897,COURSE80,Assignment,75.0,2020-08-14
2791,1254,COURSE150,Final Exam,59.0,2020-09-14
2792,2622,COURSE133,Final Exam,79.0,2020-01-03
2793,1771,COURSE112,Final Exam,78.0,2022-08-31
2794,2354,COURSE106,Midterm,73.0,2020-03-29
2795,1952,COURSE63,Assignment,84.0,2022-01-05
2796,2638,COURSE149,Assignment,91.0,2020-06-17
2797,2100,COURSE142,Quiz,77.0,2022-03-27
2798,1204,COURSE150,Quiz,86.0,2021-05-18
2799,2917,COURSE130,Assignment,79.0,2022-11-03
2800,1926,COURSE141,Final Exam,76.0,2024-09-20
2801,2762,COURSE62,Midterm,100.0,2023-08-15
2802,2001,COURSE127,Midterm,82.0,2024-04-26
2803,2525,COURSE137,Assignment,56.0,2024-08-31
2804,1897,COURSE76,Midterm,64.0,2020-08-17
2805,2740,COURSE127,Quiz,65.0,2022-03-26
2806,1036,COURSE56,Quiz,89.0,2020-01-08
2807,2653,COURSE99,Midterm,91.0,2023-04-22
2808,2970,COURSE130,Assignment,75.0,2021-07-23
2809,1960,COURSE143,Final Exam,68.0,2021-07-22
2810,2498,COURSE96,Final Exam,88.0,2024-03-20
2811,1034,COURSE143,Quiz,66.0,2021-09-14
2812,1878,COURSE108,Final Exam,83.0,2024-04-28
2813,2745,COURSE122,Quiz,96.0,2023-05-27
2814,1540,COURSE141,Final Exam,64.0,2021-11-27
2815,2698,COURSE118,Final Exam,74.0,2023-03-28
2816,1537,COURSE62,Final Exam,70.0,2020-01-04
2817,2878,COURSE107,Quiz,90.0,2023-04-10
2818,2048,COURSE56,Quiz,84.0,2024-09-03
2819,2479,COURSE52,Assignment,69.0,2021-09-08
2820,2006,COURSE103,Midterm,87.0,2022-11-14
2821,1532,COURSE78,Quiz,80.0,2024-04-27
2822,1168,COURSE88,Quiz,81.0,2021-04-05
2823,2617,COURSE60,Midterm,80.0,2020-05-29
2824,1712,COURSE95,Assignment,81.0,2023-12-02
2825,2597,COURSE73,Quiz,85.0,2024-06-10
2826,2443,COURSE64,Assignment,80.0,2024-11-17
2827,2308,COURSE57,Final Exam,72.0,2024-01-14
2828,2931,COURSE106,Assignment,58.0,2024-01-19
2829,1668,COURSE78,Quiz,89.0,2022-09-01
2830,2096,COURSE83,Quiz,78.0,2024-06-27
2831,2440,COURSE150,Assignment,65.0,2021-08-27
2832,1703,COURSE98,Quiz,72.0,2023-06-09
2833,1105,COURSE57,Quiz,74.0,2023-05-12
2834,1938,COURSE124,Quiz,82.0,2020-08-21
2835,2137,COURSE130,Assignment,72.0,2020-09-25
2836,1916,COURSE79,Assignment,60.0,2024-09-29
2837,1611,COURSE106,Assignment,88.0,2022-12-21
2838,2307,COURSE94,Midterm,89.0,2024-09-14
2839,2908,COURSE104,Quiz,84.0,2020-07-30
2840,2481,COURSE116,Assignment,97.0,2022-07-17
2841,2009,COURSE99,Assignment,92.0,2024-05-16
2842,1373,COURSE95,Midterm,86.0,2020-08-03
2843,1887,COURSE141,Quiz,53.0,2021-07-22
2844,1064,COURSE82,Quiz,72.0,2023-05-04
2845,2714,COURSE62,Quiz,81.0,2023-09-23
2846,1469,COURSE107,Midterm,80.0,2023-02-28
2847,1418,COURSE75,Final Exam,77.0,2024-01-17
2848,2512,COURSE93,Assignment,100.0,2023-04-15
2849,2957,COURSE61,Assignment,74.0,2022-09-04
2850,2344,COURSE94,Quiz,92.0,2024-01-29
2851,1914,COURSE116,Quiz,70.0,2021-12-02
2852,1257,COURSE91,Quiz,84.0,2023-09-14
2853,2492,COURSE116,Final Exam,72.0,2024-11-30
2854,2634,COURSE69,Quiz,99.0,2021-11-23
2855,1793,COURSE130,Final Exam,68.0,2022-10-19
2856,1734,COURSE58,Quiz,90.0,2022-07-16
2857,1096,COURSE104,Midterm,66.0,2024-02-20
2858,1916,COURSE66,Assignment,91.0,2022-06-02
2859,2050,COURSE89,Final Exam,76.0,2024-02-01
2860,1517,COURSE59,Midterm,91.0,2024-10-06
2861,1185,COURSE84,Assignment,77.0,2023-09-12
2862,2893,COURSE150,Assignment,89.0,2020-01-12
2863,2716,COURSE87,Final Exam,89.0,2021-11-18
2864,1746,COURSE64,Assignment,93.0,2021-12-24
2865,1617,COURSE88,Midterm,72.0,2021-03-27
2866,2222,COURSE135,Midterm,80.0,2023-05-29
2867,2157,COURSE74,Midterm,81.0,2023-08-09
2868,1972,COURSE61,Final Exam,82.0,2023-02-19
2869,1125,COURSE143,Midterm,79.0,2023-03-29
2870,1965,COURSE58,Quiz,87.0,2022-01-20
2871,2931,COURSE114,Quiz,100.0,2021-10-08
2872,1840,COURSE97,Assignment,95.0,2021-02-23
2873,1966,COURSE85,Assignment,57.0,2023-07-15
2874,2914,COURSE124,Midterm,80.0,2024-11-17
2875,1031,COURSE94,Assignment,80.0,2023-07-13
2876,2589,COURSE92,Final Exam,79.0,2022-07-08
2877,2116,COURSE145,Assignment,91.0,2021-06-27
2878,1274,COURSE97,Final Exam,74.0,2023-02-08
2879,1436,COURSE143,Assignment,66.0,2024-05-31
2880,2217,COURSE101,Assignment,97.0,2023-09-03
2881,1380,COURSE132,Quiz,91.0,2021-07-16
2882,2865,COURSE63,Quiz,86.0,2021-08-08
2883,2864,COURSE65,Midterm,81.0,2021-10-13
2884,2169,COURSE78,Quiz,62.0,2021-04-21
2885,1018,COURSE124,Assignment,78.0,2022-06-10
2886,1829,COURSE62,Assignment,86.0,2021-04-16
2887,1713,COURSE129,Midterm,59.0,2022-08-16
2888,2712,COURSE82,Assignment,67.0,2024-10-18
2889,2954,COURSE110,Assignment,80.0,2020-02-16
2890,1407,COURSE64,Assignment,81.0,2021-03-27
2891,2401,COURSE57,Assignment,83.0,2022-04-20
2892,2171,COURSE116,Quiz,87.0,2024-06-26
2893,1221,COURSE111,Quiz,77.0,2024-01-27
2894,1061,COURSE145,Assignment,78.0,2023-01-10
2895,1125,COURSE87,Final Exam,100.0,2020-03-05
2896,1717,COURSE143,Midterm,83.0,2023-01-16
2897,1221,COURSE90,Quiz,63.0,2022-12-05
2898,2234,COURSE95,Assignment,82.0,2022-11-14
2899,2627,COURSE147,Midterm,88.0,2023-06-13
2900,2462,COURSE130,Assignment,72.0,2024-10-27
2901,2444,COURSE140,Assignment,78.0,2021-11-18
2902,2796,COURSE146,Quiz,74.0,2020-08-27
2903,1476,COURSE149,Quiz,93.0,2020-07-06
2904,2433,COURSE57,Quiz,57.0,2020-08-25
2905,2846,COURSE126,Final Exam,87.0,2021-02-11
2906,1324,COURSE123,Midterm,70.0,2022-07-27
2907,2583,COURSE126,Quiz,76.0,2020-01-31
2908,1566,COURSE149,Midterm,74.0,2022-01-28
2909,2757,COURSE122,Midterm,81.0,2020-09-09
2910,1482,COURSE150,Midterm,62.0,2023-07-03
2911,1978,COURSE105,Quiz,79.0,2021-11-01
2912,2471,COURSE129,Quiz,87.0,2021-03-10
2913,2978,COURSE60,Assignment,88.0,2020-09-15
2914,1616,COURSE132,Midterm,74.0,2021-04-06
2915,2926,COURSE93,Final Exam,81.0,2022-01-01
2916,1165,COURSE150,Quiz,75.0,2021-11-21
2917,2082,COURSE54,Quiz,100.0,2024-06-09
2918,2037,COURSE80,Assignment,58.0,2021-08-24
2919,2821,COURSE98,Quiz,83.0,2020-11-28
2920,2508,COURSE97,Assignment,72.0,2022-08-11
2921,1355,COURSE79,Quiz,81.0,2021-07-06
2922,1574,COURSE128,Quiz,76.0,2023-06-27
2923,1745,COURSE118,Quiz,78.0,2020-10-12
2924,1348,COURSE147,Assignment,89.0,2022-03-09
2925,2790,COURSE96,Final Exam,81.0,2023-11-22
2926,2818,COURSE97,Assignment,100.0,2022-01-26
2927,2815,COURSE101,Midterm,82.0,2021-01-09
2928,1268,COURSE111,Final Exam,51.0,2024-04-20
2929,2556,COURSE66,Midterm,76.0,2023-11-29
2930,1678,COURSE137,Assignment,66.0,2024-02-12
2931,2095,COURSE90,Midterm,90.0,2020-02-12
2932,2283,COURSE58,Quiz,82.0,2024-02-07
2933,2333,COURSE92,Midterm,81.0,2024-08-09
2934,1345,COURSE144,Assignment,80.0,2023-07-19
2935,1345,COURSE142,Quiz,89.0,2021-01-18
2936,2450,COURSE131,Assignment,88.0,2023-05-28
2937,2402,COURSE51,Quiz,86.0,2024-11-01
2938,2657,COURSE56,Midterm,72.0,2022-08-12
2939,1777,COURSE110,Final Exam,77.0,2022-12-02
2940,2020,COURSE76,Midterm,85.0,2022-07-22
2941,2773,COURSE51,Final Exam,90.0,2020-11-25
2942,1753,COURSE66,Quiz,74.0,2022-11-04
2943,1634,COURSE125,Assignment,46.0,2022-06-02
2944,2770,COURSE138,Midterm,78.0,2020-09-16
2945,1573,COURSE111,Final Exam,92.0,2022-01-08
2946,2376,COURSE148,Final Exam,79.0,2020-07-10
2947,1073,COURSE67,Quiz,76.0,2023-09-26
2948,1718,COURSE98,Assignment,72.0,2024-10-11
2949,1657,COURSE101,Assignment,70.0,2020-03-15
2950,1804,COURSE74,Quiz,72.0,2020-06-15
2951,1511,COURSE60,Quiz,69.0,2021-12-02
2952,2104,COURSE142,Quiz,86.0,2024-09-29
2953,1523,COURSE57,Assignment,66.0,2024-08-02
2954,1139,COURSE119,Assignment,82.0,2023-01-25
2955,1077,COURSE82,Final Exam,59.0,2024-07-08
2956,2372,COURSE139,Quiz,82.0,2022-08-01
2957,2305,COURSE75,Assignment,73.0,2023-07-05
2958,2117,COURSE102,Midterm,100.0,2020-10-29
2959,1140,COURSE65,Quiz,95.0,2023-11-23
2960,2376,COURSE55,Final Exam,84.0,2023-03-17
2961,2402,COURSE61,Final Exam,96.0,2023-11-14
2962,1585,COURSE67,Final Exam,79.0,2022-03-08
2963,1012,COURSE108,Quiz,88.0,2022-08-30
2964,2928,COURSE126,Quiz,74.0,2023-05-03
2965,2914,COURSE137,Assignment,63.0,2020-08-28
2966,1719,COURSE73,Final Exam,70.0,2021-09-25
2967,2946,COURSE67,Midterm,77.0,2020-09-01
2968,2342,COURSE131,Quiz,73.0,2021-09-26
2969,2961,COURSE135,Midterm,86.0,2021-02-05
2970,2675,COURSE150,Midterm,87.0,2021-07-23
2971,2410,COURSE110,Quiz,75.0,2020-02-01
2972,2314,COURSE60,Final Exam,87.0,2024-09-27
2973,2849,COURSE126,Assignment,87.0,2022-04-22
2974,2082,COURSE119,Assignment,78.0,2022-01-23
2975,2788,COURSE141,Final Exam,66.0,2024-12-25
2976,1344,COURSE147,Assignment,93.0,2020-02-06
2977,2377,COURSE53,Final Exam,96.0,2022-09-17
2978,1308,COURSE88,Midterm,85.0,2024-10-12
2979,1208,COURSE143,Assignment,80.0,2020-05-10
2980,1440,COURSE126,Assignment,89.0,2020-12-06
2981,2498,COURSE51,Quiz,82.0,2022-04-26
2982,1176,COURSE130,Assignment,68.0,2024-02-19
2983,1990,COURSE118,Midterm,91.0,2024-01-26
2984,2041,COURSE136,Quiz,69.0,2022-05-15
2985,1180,COURSE112,Final Exam,72.0,2024-04-15
2986,1633,COURSE94,Midterm,84.0,2020-08-29
2987,2306,COURSE143,Assignment,69.0,2024-01-22
2988,1367,COURSE117,Midterm,94.0,2021-08-27
2989,1958,COURSE137,Midterm,78.0,2023-02-01
2990,2591,COURSE116,Assignment,88.0,2022-04-18
2991,1478,COURSE116,Final Exam,87.0,2024-08-18
2992,2757,COURSE148,Final Exam,98.0,2021-11-09
2993,1666,COURSE128,Midterm,72.0,2023-04-02
2994,1585,COURSE60,Final Exam,68.0,2021-03-24
2995,2506,COURSE57,Final Exam,79.0,2021-04-27
2996,2054,COURSE93,Assignment,87.0,2021-06-21
2997,1104,COURSE144,Assignment,78.0,2023-04-23
2998,1389,COURSE81,Final Exam,84.0,2020-11-12
2999,1920,COURSE101,Midterm,76.0,2021-10-04
3000,1960,COURSE58,Final Exam,56.0,2020-11-07
3001,2517,COURSE54,Midterm,61.0,2022-10-01
3002,1903,COURSE55,Assignment,77.0,2021-03-14
3003,1449,COURSE145,Midterm,79.0,2024-10-14
3004,1733,COURSE68,Assignment,85.0,2020-06-01
3005,1872,COURSE63,Final Exam,83.0,2022-08-17
3006,1517,COURSE103,Midterm,73.0,2020-01-24
3007,2412,COURSE119,Midterm,82.0,2023-02-16
3008,2869,COURSE66,Assignment,87.0,2020-09-07
3009,2537,COURSE124,Final Exam,90.0,2023-06-02
3010,1837,COURSE61,Midterm,83.0,2021-03-27
3011,1734,COURSE111,Assignment,83.0,2022-09-10
3012,2838,COURSE105,Quiz,92.0,2022-04-02
3013,2144,COURSE132,Final Exam,81.0,2021-04-27
3014,1556,COURSE107,Assignment,71.0,2024-08-01
3015,2386,COURSE63,Midterm,65.0,2024-06-25
3016,1741,COURSE94,Final Exam,56.0,2024-03-29
3017,1356,COURSE67,Midterm,91.0,2023-10-09
3018,2430,COURSE143,Assignment,85.0,2022-11-05
3019,2343,COURSE51,Quiz,74.0,2020-01-19
3020,1838,COURSE84,Midterm,83.0,2020-08-03
3021,2699,COURSE125,Final Exam,73.0,2022-11-30
3022,1767,COURSE104,Assignment,79.0,2020-07-24
3023,2053,COURSE134,Midterm,85.0,2020-08-22
3024,2099,COURSE87,Midterm,83.0,2020-01-20
3025,2571,COURSE85,Midterm,90.0,2020-05-28
3026,1182,COURSE73,Midterm,89.0,2023-03-20
3027,1707,COURSE141,Final Exam,68.0,2023-09-20
3028,1521,COURSE92,Midterm,80.0,2020-08-10
3029,2703,COURSE137,Assignment,66.0,2022-02-27
3030,2981,COURSE118,Quiz,93.0,2022-08-28
3031,1136,COURSE115,Midterm,85.0,2020-10-01
3032,2899,COURSE142,Final Exam,88.0,2021-09-27
3033,1382,COURSE64,Quiz,70.0,2021-02-09
3034,1925,COURSE146,Midterm,82.0,2023-11-27
3035,1197,COURSE63,Midterm,79.0,2020-01-04
3036,2402,COURSE86,Quiz,92.0,2023-08-12
3037,1461,COURSE119,Assignment,98.0,2020-05-10
3038,2276,COURSE99,Midterm,72.0,2022-08-04
3039,1477,COURSE114,Midterm,74.0,2020-12-27
3040,1585,COURSE131,Midterm,76.0,2024-08-03
3041,1845,COURSE127,Midterm,66.0,2024-04-27
3042,1435,COURSE70,Midterm,100.0,2020-07-14
3043,1746,COURSE88,Midterm,67.0,2022-04-06
3044,2863,COURSE66,Midterm,74.0,2020-05-09
3045,2155,COURSE103,Quiz,78.0,2024-12-11
3046,1892,COURSE84,Assignment,87.0,2022-11-17
3047,1403,COURSE130,Final Exam,72.0,2022-02-03
3048,2120,COURSE122,Assignment,83.0,2022-07-27
3049,2316,COURSE112,Midterm,84.0,2024-12-29
3050,1385,COURSE100,Final Exam,89.0,2021-12-05
3051,2586,COURSE104,Assignment,81.0,2023-03-31
3052,1106,COURSE111,Final Exam,60.0,2022-03-11
3053,1129,COURSE102,Final Exam,87.0,2022-01-06
3054,1371,COURSE101,Quiz,81.0,2021-06-01
3055,2534,COURSE102,Assignment,75.0,2022-11-15
3056,1023,COURSE51,Assignment,65.0,2020-08-27
3057,2108,COURSE76,Assignment,79.0,2023-09-19
3058,2705,COURSE115,Assignment,73.0,2024-01-02
3059,1932,COURSE80,Final Exam,74.0,2022-08-15
3060,1481,COURSE113,Assignment,66.0,2024-05-17
3061,2121,COURSE138,Midterm,73.0,2023-01-15
3062,1544,COURSE69,Assignment,75.0,2024-09-13
3063,1726,COURSE97,Assignment,89.0,2024-05-25
3064,2175,COURSE134,Quiz,85.0,2024-11-15
3065,1162,COURSE146,Midterm,75.0,2024-10-04
3066,2247,COURSE100,Midterm,61.0,2023-11-11
3067,2495,COURSE68,Final Exam,69.0,2024-02-23
3068,1012,COURSE138,Assignment,90.0,2024-04-23
3069,1505,COURSE125,Assignment,63.0,2021-05-03
3070,2148,COURSE119,Final Exam,100.0,2023-09-15
3071,1827,COURSE136,Quiz,94.0,2024-03-02
3072,1165,COURSE129,Quiz,80.0,2023-07-02
3073,2059,COURSE81,Final Exam,67.0,2022-04-02
3074,1025,COURSE58,Final Exam,47.0,2023-08-09
3075,1567,COURSE75,Midterm,80.0,2021-09-09
3076,2249,COURSE81,Assignment,91.0,2023-05-11
3077,2577,COURSE119,Assignment,60.0,2024-06-13
3078,1306,COURSE133,Final Exam,100.0,2020-10-18
3079,2934,COURSE109,Assignment,71.0,2023-02-01
3080,1650,COURSE52,Midterm,100.0,2021-04-28
3081,2972,COURSE104,Assignment,78.0,2021-01-18
3082,1152,COURSE106,Midterm,93.0,2024-08-14
3083,1023,COURSE77,Midterm,72.0,2020-12-21
3084,2907,COURSE52,Final Exam,64.0,2021-11-02
3085,2803,COURSE64,Quiz,79.0,2021-11-04
3086,1845,COURSE97,Quiz,71.0,2022-02-03
3087,2747,COURSE105,Final Exam,84.0,2022-08-21
3088,2286,COURSE115,Midterm,68.0,2024-06-22
3089,1813,COURSE76,Final Exam,78.0,2024-01-02
3090,1239,COURSE139,Assignment,85.0,2024-08-06
3091,2617,COURSE99,Assignment,79.0,2024-12-21
3092,1365,COURSE117,Assignment,64.0,2020-10-31
3093,2592,COURSE144,Assignment,70.0,2022-09-14
3094,2759,COURSE91,Final Exam,77.0,2023-02-17
3095,1267,COURSE54,Final Exam,80.0,2024-11-17
3096,2455,COURSE127,Final Exam,50.0,2024-08-19
3097,2912,COURSE76,Assignment,69.0,2020-05-07
3098,1183,COURSE111,Midterm,72.0,2024-05-27
3099,2230,COURSE66,Quiz,57.0,2021-09-20
3100,1033,COURSE58,Final Exam,91.0,2021-02-06
3101,1412,COURSE67,Quiz,84.0,2022-08-27
3102,1368,COURSE135,Final Exam,91.0,2024-03-25
3103,2470,COURSE119,Quiz,81.0,2022-06-28
3104,2372,COURSE121,Final Exam,73.0,2024-04-18
3105,1869,COURSE61,Quiz,74.0,2023-09-30
3106,2184,COURSE123,Quiz,86.0,2023-09-29
3107,1737,COURSE110,Midterm,100.0,2022-11-10
3108,1355,COURSE85,Assignment,77.0,2020-01-28
3109,1519,COURSE87,Quiz,83.0,2024-02-24
3110,2441,COURSE59,Quiz,93.0,2021-05-21
3111,2020,COURSE119,Assignment,75.0,2024-05-02
3112,1613,COURSE132,Quiz,78.0,2022-03-12
3113,1082,COURSE93,Final Exam,93.0,2020-06-26
3114,1392,COURSE99,Midterm,100.0,2021-02-15
3115,1828,COURSE103,Quiz,76.0,2024-08-06
3116,1617,COURSE139,Midterm,83.0,2023-01-09
3117,1967,COURSE143,Final Exam,69.0,2021-09-27
3118,1727,COURSE56,Midterm,88.0,2023-02-19
3119,2747,COURSE77,Quiz,82.0,2022-06-14
3120,2012,COURSE130,Midterm,86.0,2021-03-09
3121,2379,COURSE113,Final Exam,77.0,2020-07-18
3122,1086,COURSE86,Midterm,83.0,2023-04-29
3123,2863,COURSE61,Final Exam,81.0,2021-11-10
3124,2826,COURSE148,Assignment,88.0,2020-08-17
3125,2384,COURSE123,Midterm,87.0,2023-04-18
3126,1877,COURSE56,Quiz,78.0,2023-03-26
3127,2737,COURSE101,Assignment,98.0,2020-06-02
3128,2971,COURSE88,Midterm,79.0,2021-08-17
3129,1142,COURSE122,Midterm,81.0,2020-03-09
3130,1220,COURSE90,Final Exam,80.0,2024-09-12
3131,2983,COURSE135,Assignment,70.0,2024-10-23
3132,2716,COURSE97,Midterm,60.0,2024-08-11
3133,2609,COURSE99,Assignment,74.0,2022-12-13
3134,2047,COURSE68,Final Exam,80.0,2021-09-03
3135,2602,COURSE84,Assignment,80.0,2020-12-29
3136,1437,COURSE86,Midterm,66.0,2022-11-01
3137,1800,COURSE114,Quiz,84.0,2023-05-21
3138,2874,COURSE79,Midterm,64.0,2020-09-05
3139,1863,COURSE89,Final Exam,89.0,2023-01-03
3140,2314,COURSE55,Quiz,72.0,2022-08-02
3141,1208,COURSE131,Quiz,73.0,2024-03-06
3142,2833,COURSE81,Assignment,100.0,2023-07-16
3143,2191,COURSE121,Quiz,90.0,2020-09-23
3144,2623,COURSE83,Assignment,69.0,2024-05-18
3145,2687,COURSE60,Assignment,71.0,2022-11-24
3146,1678,COURSE124,Assignment,70.0,2021-12-25
3147,2050,COURSE127,Final Exam,58.0,2020-07-14
3148,2590,COURSE82,Final Exam,83.0,2020-07-07
3149,2765,COURSE82,Final Exam,75.0,2023-12-02
3150,1560,COURSE121,Assignment,85.0,2020-03-31
3151,1795,COURSE66,Assignment,86.0,2024-10-16
3152,2829,COURSE122,Midterm,83.0,2023-08-01
3153,1535,COURSE108,Quiz,85.0,2023-11-12
3154,1105,COURSE52,Midterm,96.0,2021-11-01
3155,2503,COURSE105,Assignment,78.0,2020-01-07
3156,2111,COURSE120,Quiz,77.0,2024-06-13
3157,1839,COURSE88,Midterm,75.0,2022-04-12
3158,1861,COURSE83,Final Exam,63.0,2024-12-27
3159,2469,COURSE66,Quiz,68.0,2023-04-09
3160,2719,COURSE116,Final Exam,88.0,2020-02-08
3161,2634,COURSE116,Assignment,74.0,2023-12-17
3162,1794,COURSE66,Assignment,68.0,2021-07-26
3163,2932,COURSE55,Quiz,81.0,2022-06-27
3164,1241,COURSE118,Assignment,73.0,2023-04-18
3165,2186,COURSE60,Assignment,65.0,2024-04-06
3166,1126,COURSE124,Assignment,70.0,2023-11-21
3167,2122,COURSE110,Midterm,70.0,2021-04-11
3168,2915,COURSE93,Final Exam,86.0,2024-08-22
3169,2385,COURSE95,Assignment,70.0,2024-12-25
3170,2544,COURSE98,Midterm,68.0,2020-04-02
3171,2295,COURSE117,Quiz,86.0,2020-04-02
3172,1055,COURSE115,Quiz,84.0,2023-05-12
3173,1747,COURSE94,Final Exam,96.0,2024-10-15
3174,2856,COURSE141,Midterm,84.0,2021-12-27
3175,1033,COURSE84,Midterm,80.0,2022-09-16
3176,2137,COURSE96,Quiz,88.0,2020-01-03
3177,1177,COURSE80,Assignment,72.0,2022-05-31
3178,1581,COURSE131,Quiz,82.0,2023-11-03
3179,1215,COURSE79,Quiz,72.0,2022-03-24
3180,2057,COURSE90,Midterm,99.0,2023-02-21
3181,2101,COURSE108,Final Exam,83.0,2023-07-23
3182,2617,COURSE148,Quiz,72.0,2023-01-17
3183,2167,COURSE142,Quiz,70.0,2021-06-12
3184,1085,COURSE99,Final Exam,70.0,2022-02-17
3185,1690,COURSE82,Midterm,86.0,2020-11-08
3186,2932,COURSE150,Final Exam,69.0,2024-09-29
3187,1313,COURSE57,Quiz,91.0,2022-03-12
3188,2921,COURSE80,Midterm,75.0,2022-05-25
3189,1270,COURSE140,Assignment,82.0,2024-04-05
3190,2485,COURSE113,Final Exam,77.0,2021-05-14
3191,1120,COURSE116,Quiz,79.0,2021-03-30
3192,1957,COURSE130,Final Exam,83.0,2024-02-07
3193,1808,COURSE110,Midterm,100.0,2021-10-05
3194,1279,COURSE73,Assignment,47.0,2022-02-03
3195,1038,COURSE138,Assignment,66.0,2023-10-16
3196,2270,COURSE117,Quiz,74.0,2020-03-01
3197,2383,COURSE150,Quiz,100.0,2022-09-04
3198,1904,COURSE52,Final Exam,85.0,2021-11-01
3199,2718,COURSE110,Assignment,72.0,2020-04-05
3200,2398,COURSE147,Midterm,86.0,2022-04-14
3201,2101,COURSE147,Quiz,87.0,2022-02-12
3202,1686,COURSE109,Final Exam,100.0,2024-03-11
3203,2069,COURSE76,Final Exam,100.0,2021-07-13
3204,1896,COURSE121,Assignment,87.0,2022-03-12
3205,2077,COURSE52,Midterm,75.0,2020-04-21
3206,2630,COURSE83,Assignment,79.0,2023-02-28
3207,2768,COURSE112,Assignment,79.0,2020-03-22
3208,2639,COURSE150,Final Exam,66.0,2020-10-04
3209,2684,COURSE57,Assignment,77.0,2020-09-14
3210,2671,COURSE115,Midterm,67.0,2023-09-01
3211,1806,COURSE94,Assignment,68.0,2020-11-23
3212,1262,COURSE143,Assignment,94.0,2022-09-11
3213,1172,COURSE116,Final Exam,85.0,2022-01-28
3214,1601,COURSE79,Final Exam,84.0,2023-11-11
3215,1773,COURSE117,Midterm,86.0,2024-01-03
3216,1890,COURSE133,Assignment,75.0,2021-03-06
3217,2012,COURSE66,Assignment,67.0,2022-05-16
3218,1929,COURSE141,Assignment,62.0,2023-05-04
3219,1929,COURSE60,Midterm,79.0,2022-07-04
3220,1798,COURSE119,Quiz,83.0,2022-09-22
3221,1863,COURSE80,Midterm,82.0,2023-07-12
3222,1489,COURSE137,Final Exam,76.0,2022-11-21
3223,2148,COURSE77,Final Exam,96.0,2020-02-24
3224,2308,COURSE63,Quiz,100.0,2022-02-27
3225,2260,COURSE146,Quiz,89.0,2020-06-04
3226,2236,COURSE114,Quiz,78.0,2024-02-13
3227,2797,COURSE80,Assignment,69.0,2024-09-25
3228,2139,COURSE100,Final Exam,81.0,2023-10-31
3229,1170,COURSE92,Midterm,59.0,2024-04-01
3230,2082,COURSE120,Midterm,76.0,2021-12-27
3231,1500,COURSE73,Assignment,83.0,2021-10-01
3232,1058,COURSE121,Final Exam,86.0,2021-07-02
3233,1920,COURSE134,Final Exam,74.0,2021-09-05
3234,1197,COURSE61,Final Exam,100.0,2023-08-25
3235,1171,COURSE105,Quiz,77.0,2021-09-18
3236,1772,COURSE52,Final Exam,86.0,2022-04-19
3237,1295,COURSE56,Final Exam,83.0,2023-12-15
3238,1249,COURSE99,Final Exam,87.0,2024-07-29
3239,1459,COURSE111,Assignment,88.0,2021-02-23
3240,2360,COURSE98,Quiz,95.0,2023-04-29
3241,2132,COURSE58,Quiz,73.0,2020-01-01
3242,1613,COURSE127,Midterm,61.0,2024-01-18
3243,1390,COURSE146,Midterm,70.0,2024-03-18
3244,1939,COURSE65,Assignment,82.0,2024-04-30
3245,2647,COURSE61,Midterm,70.0,2023-05-15
3246,2640,COURSE134,Midterm,68.0,2022-01-09
3247,2451,COURSE136,Final Exam,88.0,2020-08-05
3248,1126,COURSE96,Final Exam,99.0,2024-11-25
3249,1704,COURSE123,Midterm,87.0,2020-03-09
3250,1188,COURSE58,Assignment,84.0,2021-08-25
3251,1485,COURSE136,Midterm,100.0,2021-05-06
3252,2445,COURSE63,Final Exam,80.0,2023-04-27
3253,2039,COURSE106,Final Exam,88.0,2022-07-25
3254,2677,COURSE128,Assignment,77.0,2021-03-15
3255,1345,COURSE117,Midterm,83.0,2021-05-25
3256,1121,COURSE76,Midterm,70.0,2021-03-07
3257,2665,COURSE147,Midterm,71.0,2023-10-26
3258,1787,COURSE99,Final Exam,68.0,2023-06-16
3259,2652,COURSE136,Assignment,66.0,2021-05-20
3260,2630,COURSE138,Assignment,71.0,2021-11-22
3261,2329,COURSE66,Midterm,55.0,2023-09-01
3262,2814,COURSE109,Midterm,83.0,2024-06-18
3263,2512,COURSE142,Assignment,62.0,2023-12-18
3264,1597,COURSE80,Midterm,86.0,2022-12-02
3265,1940,COURSE109,Assignment,82.0,2020-11-27
3266,1934,COURSE92,Midterm,92.0,2023-04-13
3267,1817,COURSE79,Final Exam,67.0,2024-11-23
3268,2116,COURSE80,Assignment,76.0,2023-07-01
3269,1774,COURSE99,Quiz,86.0,2020-12-26
3270,1724,COURSE72,Quiz,99.0,2022-09-12
3271,1231,COURSE126,Final Exam,72.0,2022-03-16
3272,2278,COURSE143,Quiz,78.0,2022-01-18
3273,1804,COURSE133,Quiz,89.0,2020-12-16
3274,2874,COURSE106,Midterm,64.0,2023-09-14
3275,1943,COURSE74,Assignment,100.0,2023-12-06
3276,2063,COURSE139,Assignment,58.0,2023-04-02
3277,1533,COURSE150,Final Exam,70.0,2024-02-10
3278,1248,COURSE146,Assignment,84.0,2021-10-17
3279,2048,COURSE101,Final Exam,84.0,2021-04-05
3280,2128,COURSE90,Quiz,87.0,2024-01-08
3281,2995,COURSE128,Quiz,79.0,2024-11-27
3282,1692,COURSE75,Midterm,75.0,2022-03-31
3283,2170,COURSE106,Assignment,46.0,2022-10-11
3284,1228,COURSE58,Midterm,81.0,2022-06-17
3285,1204,COURSE146,Quiz,73.0,2023-07-12
3286,2161,COURSE121,Final Exam,72.0,2022-05-22
3287,1126,COURSE113,Assignment,94.0,2021-12-27
3288,2709,COURSE94,Quiz,74.0,2024-02-01
3289,1444,COURSE121,Assignment,90.0,2020-09-02
3290,1114,COURSE78,Midterm,83.0,2021-03-09
3291,1630,COURSE69,Midterm,75.0,2024-03-10
3292,1673,COURSE111,Quiz,100.0,2024-04-18
3293,1160,COURSE90,Final Exam,93.0,2022-08-11
3294,2464,COURSE96,Assignment,88.0,2021-08-07
3295,1975,COURSE81,Midterm,84.0,2023-05-27
3296,2857,COURSE137,Midterm,85.0,2023-08-12
3297,1249,COURSE87,Assignment,73.0,2024-11-02
3298,2689,COURSE133,Final Exam,56.0,2020-04-01
3299,1529,COURSE84,Final Exam,68.0,2024-10-19
3300,1301,COURSE106,Midterm,75.0,2024-02-27
3301,1136,COURSE91,Final Exam,76.0,2022-06-30
3302,2725,COURSE93,Midterm,83.0,2020-09-18
3303,2580,COURSE98,Quiz,71.0,2023-03-01
3304,2431,COURSE53,Final Exam,61.0,2023-02-15
3305,2849,COURSE101,Quiz,73.0,2020-02-29
3306,2851,COURSE71,Midterm,71.0,2022-08-16
3307,1374,COURSE67,Assignment,86.0,2024-05-03
3308,2742,COURSE74,Final Exam,66.0,2020-11-10
3309,2278,COURSE73,Final Exam,100.0,2022-03-17
3310,2237,COURSE98,Assignment,86.0,2022-11-24
3311,2842,COURSE58,Assignment,77.0,2022-03-05
3312,1312,COURSE53,Midterm,90.0,2023-11-22
3313,2096,COURSE113,Midterm,74.0,2024-04-17
3314,1739,COURSE85,Assignment,84.0,2020-11-02
3315,2027,COURSE69,Midterm,49.0,2023-08-11
3316,2274,COURSE140,Midterm,79.0,2020-06-20
3317,2804,COURSE77,Quiz,100.0,2021-08-06
3318,2566,COURSE104,Quiz,100.0,2021-08-09
3319,2045,COURSE68,Assignment,69.0,2023-11-09
3320,1344,COURSE81,Assignment,49.0,2024-12-05
3321,1560,COURSE56,Midterm,98.0,2020-02-27
3322,2604,COURSE145,Final Exam,83.0,2024-10-04
3323,2149,COURSE129,Midterm,78.0,2024-07-06
3324,1665,COURSE67,Midterm,85.0,2022-07-21
3325,2022,COURSE84,Quiz,86.0,2022-02-03
3326,2812,COURSE109,Quiz,77.0,2020-06-26
3327,1634,COURSE58,Midterm,79.0,2021-03-20
3328,2356,COURSE103,Quiz,75.0,2021-03-23
3329,1872,COURSE148,Quiz,88.0,2023-02-17
3330,1189,COURSE108,Assignment,73.0,2021-05-26
3331,2352,COURSE68,Midterm,93.0,2020-08-21
3332,1172,COURSE59,Final Exam,71.0,2023-09-02
3333,1881,COURSE100,Final Exam,75.0,2024-04-16
3334,2011,COURSE143,Assignment,100.0,2020-05-20
3335,1067,COURSE117,Midterm,69.0,2024-10-20
3336,1191,COURSE84,Midterm,87.0,2021-04-05
3337,1279,COURSE75,Final Exam,100.0,2021-06-19
3338,1305,COURSE111,Assignment,78.0,2024-09-09
3339,1558,COURSE131,Midterm,81.0,2022-09-10
3340,2188,COURSE105,Quiz,61.0,2021-02-14
3341,2138,COURSE81,Quiz,72.0,2024-02-12
3342,2171,COURSE131,Midterm,92.0,2024-06-02
3343,2812,COURSE143,Assignment,84.0,2021-03-19
3344,1321,COURSE122,Quiz,63.0,2024-09-10
3345,1995,COURSE73,Final Exam,78.0,2020-11-12
3346,1248,COURSE58,Midterm,80.0,2022-01-10
3347,1783,COURSE129,Final Exam,77.0,2020-05-26
3348,1702,COURSE135,Quiz,82.0,2021-02-24
3349,1850,COURSE66,Quiz,64.0,2020-10-25
3350,1451,COURSE88,Quiz,68.0,2020-06-11
3351,2954,COURSE88,Midterm,83.0,2021-10-23
3352,2392,COURSE93,Quiz,73.0,2020-09-17
3353,2242,COURSE141,Midterm,73.0,2020-11-24
3354,2929,COURSE66,Final Exam,79.0,2020-02-05
3355,2220,COURSE127,Midterm,68.0,2022-06-14
3356,1448,COURSE55,Assignment,71.0,2020-12-05
3357,2100,COURSE135,Midterm,68.0,2023-07-06
3358,1833,COURSE76,Final Exam,77.0,2020-11-12
3359,2996,COURSE61,Final Exam,82.0,2024-12-15
3360,2289,COURSE68,Final Exam,65.0,2022-01-14
3361,2873,COURSE127,Midterm,68.0,2024-03-11
3362,2123,COURSE54,Quiz,87.0,2023-02-12
3363,2172,COURSE109,Quiz,77.0,2022-04-23
3364,1423,COURSE150,Midterm,66.0,2024-12-31
3365,1607,COURSE67,Assignment,73.0,2024-04-04
3366,1478,COURSE134,Midterm,79.0,2020-06-16
3367,1721,COURSE150,Midterm,84.0,2021-08-19
3368,1959,COURSE124,Midterm,79.0,2021-07-08
3369,1953,COURSE68,Midterm,74.0,2022-07-25
3370,1169,COURSE61,Midterm,77.0,2023-01-20
3371,2268,COURSE145,Assignment,84.0,2024-03-02
3372,1198,COURSE126,Quiz,94.0,2022-07-15
3373,1760,COURSE121,Assignment,79.0,2020-03-18
3374,1145,COURSE110,Final Exam,94.0,2020-08-17
3375,1582,COURSE98,Midterm,100.0,2021-11-17
3376,2803,COURSE107,Final Exam,76.0,2023-11-04
3377,2262,COURSE55,Final Exam,77.0,2020-12-18
3378,2473,COURSE114,Quiz,92.0,2024-08-13
3379,1505,COURSE116,Final Exam,79.0,2023-09-02
3380,1813,COURSE81,Final Exam,58.0,2023-05-12
3381,1651,COURSE84,Final Exam,55.0,2022-08-27
3382,1575,COURSE77,Final Exam,88.0,2020-03-09
3383,2421,COURSE73,Midterm,66.0,2024-02-23
3384,2970,COURSE128,Midterm,79.0,2024-03-22
3385,2690,COURSE81,Assignment,68.0,2023-06-10
3386,2747,COURSE93,Midterm,75.0,2024-01-14
3387,1691,COURSE119,Quiz,75.0,2023-01-23
3388,2108,COURSE144,Quiz,78.0,2023-04-25
3389,1496,COURSE79,Assignment,78.0,2022-06-28
3390,1751,COURSE75,Quiz,89.0,2022-05-18
3391,1886,COURSE112,Midterm,92.0,2022-12-05
3392,2435,COURSE149,Midterm,81.0,2022-03-01
3393,1806,COURSE102,Midterm,64.0,2024-11-10
3394,1112,COURSE113,Quiz,82.0,2021-02-15
3395,1791,COURSE54,Assignment,65.0,2021-07-27
3396,2673,COURSE109,Assignment,92.0,2024-11-12
3397,1759,COURSE95,Final Exam,96.0,2022-02-13
3398,1727,COURSE73,Final Exam,94.0,2023-07-20
3399,2808,COURSE120,Final Exam,63.0,2022-02-13
3400,1277,COURSE57,Final Exam,83.0,2024-12-06
3401,1633,COURSE141,Midterm,86.0,2020-09-08
3402,2340,COURSE149,Midterm,72.0,2022-12-08
3403,2670,COURSE93,Final Exam,66.0,2021-08-01
3404,1005,COURSE145,Assignment,81.0,2022-07-29
3405,2334,COURSE130,Final Exam,77.0,2022-07-21
3406,1716,COURSE144,Quiz,74.0,2024-08-18
3407,2660,COURSE128,Midterm,100.0,2022-02-13
3408,2993,COURSE140,Midterm,80.0,2022-08-11
3409,1016,COURSE65,Assignment,61.0,2024-09-07
3410,1020,COURSE68,Assignment,90.0,2024-08-13
3411,1861,COURSE127,Assignment,58.0,2022-03-11
3412,1423,COURSE76,Assignment,68.0,2023-03-13
3413,2722,COURSE132,Final Exam,75.0,2022-08-27
3414,2538,COURSE105,Midterm,93.0,2020-06-07
3415,2788,COURSE145,Midterm,96.0,2021-06-12
3416,1047,COURSE126,Midterm,79.0,2021-09-12
3417,2034,COURSE149,Quiz,84.0,2024-01-16
3418,2579,COURSE51,Assignment,67.0,2022-01-10
3419,1665,COURSE87,Assignment,75.0,2023-06-29
3420,1952,COURSE133,Quiz,79.0,2022-10-28
3421,1350,COURSE104,Final Exam,88.0,2023-11-29
3422,1896,COURSE53,Quiz,79.0,2022-08-26
3423,1772,COURSE141,Quiz,59.0,2022-09-07
3424,2659,COURSE59,Final Exam,79.0,2020-04-17
3425,1046,COURSE58,Assignment,75.0,2021-07-24
3426,1109,COURSE78,Midterm,76.0,2024-11-27
3427,2388,COURSE71,Midterm,96.0,2020-09-14
3428,2624,COURSE51,Final Exam,90.0,2023-12-06
3429,1953,COURSE67,Assignment,82.0,2022-02-16
3430,2634,COURSE60,Midterm,77.0,2023-02-15
3431,2156,COURSE107,Quiz,64.0,2024-10-24
3432,2267,COURSE76,Midterm,86.0,2022-02-02
3433,1972,COURSE91,Final Exam,87.0,2022-01-15
3434,1917,COURSE128,Final Exam,65.0,2020-09-18
3435,1455,COURSE103,Final Exam,77.0,2023-03-19
3436,1113,COURSE97,Final Exam,90.0,2023-05-26
3437,1403,COURSE135,Quiz,74.0,2021-04-09
3438,2944,COURSE98,Midterm,94.0,2022-12-05
3439,2350,COURSE104,Assignment,63.0,2023-04-03
3440,1665,COURSE150,Midterm,59.0,2022-07-31
3441,2485,COURSE94,Quiz,58.0,2024-12-19
3442,2267,COURSE51,Assignment,83.0,2022-05-15
3443,1094,COURSE77,Midterm,64.0,2022-02-10
3444,1479,COURSE118,Quiz,77.0,2022-04-06
3445,2919,COURSE84,Final Exam,74.0,2022-07-21
3446,1377,COURSE105,Final Exam,84.0,2024-05-06
3447,1759,COURSE79,Assignment,93.0,2023-09-27
3448,2836,COURSE124,Assignment,75.0,2023-09-25
3449,1546,COURSE60,Midterm,84.0,2021-08-04
3450,2363,COURSE137,Quiz,64.0,2020-06-15
3451,1518,COURSE128,Quiz,80.0,2024-05-16
3452,2177,COURSE54,Assignment,63.0,2024-10-01
3453,1475,COURSE95,Assignment,65.0,2021-02-11
3454,2486,COURSE115,Quiz,82.0,2022-04-11
3455,2207,COURSE81,Final Exam,68.0,2020-05-26
3456,2130,COURSE73,Final Exam,93.0,2024-08-12
3457,2497,COURSE143,Assignment,75.0,2021-05-04
3458,2171,COURSE121,Assignment,66.0,2024-09-06
3459,2294,COURSE117,Quiz,83.0,2021-05-18
3460,2563,COURSE90,Quiz,82.0,2024-09-20
3461,1455,COURSE77,Quiz,97.0,2024-10-18
3462,1575,COURSE109,Quiz,67.0,2023-06-30
3463,2295,COURSE81,Quiz,81.0,2020-11-16
3464,1128,COURSE130,Quiz,62.0,2020-09-10
3465,2322,COURSE90,Quiz,100.0,2023-10-30
3466,1852,COURSE62,Quiz,100.0,2023-07-13
3467,1816,COURSE77,Assignment,88.0,2021-12-22
3468,1147,COURSE127,Final Exam,88.0,2020-03-08
3469,2999,COURSE96,Quiz,87.0,2023-03-22
3470,2661,COURSE143,Quiz,93.0,2023-08-04
3471,1529,COURSE63,Quiz,64.0,2024-04-07
3472,2474,COURSE142,Midterm,69.0,2022-07-23
3473,2099,COURSE88,Quiz,46.0,2020-10-22
3474,2649,COURSE75,Final Exam,76.0,2024-10-01
3475,1477,COURSE150,Final Exam,77.0,2023-01-18
3476,1106,COURSE120,Midterm,79.0,2022-01-03
3477,1210,COURSE131,Final Exam,62.0,2021-08-26
3478,1305,COURSE62,Assignment,83.0,2024-12-08
3479,2752,COURSE76,Assignment,86.0,2021-08-08
3480,2630,COURSE86,Quiz,100.0,2022-11-04
3481,1310,COURSE94,Midterm,73.0,2022-12-04
3482,1026,COURSE76,Final Exam,75.0,2020-04-30
3483,1380,COURSE111,Quiz,90.0,2022-02-26
3484,2668,COURSE123,Assignment,75.0,2020-09-25
3485,2280,COURSE72,Midterm,87.0,2021-05-04
3486,2462,COURSE101,Quiz,89.0,2022-12-26
3487,2087,COURSE132,Final Exam,73.0,2023-01-22
3488,2833,COURSE118,Quiz,82.0,2020-11-16
3489,2294,COURSE85,Midterm,71.0,2024-02-18
3490,2815,COURSE109,Assignment,79.0,2021-02-15
3491,2146,COURSE111,Quiz,73.0,2022-09-09
3492,2276,COURSE125,Final Exam,86.0,2022-06-20
3493,2792,COURSE57,Quiz,66.0,2023-07-18
3494,2360,COURSE127,Midterm,93.0,2024-10-12
3495,1512,COURSE81,Quiz,75.0,2022-02-27
3496,1312,COURSE95,Assignment,77.0,2024-06-26
3497,2088,COURSE86,Assignment,73.0,2024-09-05
3498,1002,COURSE101,Assignment,69.0,2020-09-22
3499,1007,COURSE89,Quiz,81.0,2024-07-22
3500,1211,COURSE143,Assignment,66.0,2020-07-28
3501,1750,COURSE117,Midterm,83.0,2020-01-22
3502,2925,COURSE60,Midterm,94.0,2023-02-16
3503,2243,COURSE123,Midterm,74.0,2024-09-29
3504,1580,COURSE133,Midterm,54.0,2022-08-22
3505,2306,COURSE73,Midterm,76.0,2021-03-26
3506,1057,COURSE65,Midterm,72.0,2023-09-02
3507,2628,COURSE55,Quiz,87.0,2020-11-27
3508,2045,COURSE143,Assignment,72.0,2020-06-11
3509,2135,COURSE99,Quiz,84.0,2020-08-09
3510,2557,COURSE95,Quiz,96.0,2022-08-08
3511,2824,COURSE79,Midterm,87.0,2020-10-27
3512,1217,COURSE91,Assignment,63.0,2020-09-09
3513,2741,COURSE105,Quiz,81.0,2023-12-12
3514,2242,COURSE85,Final Exam,100.0,2023-09-16
3515,1936,COURSE67,Assignment,75.0,2020-05-07
3516,1520,COURSE105,Midterm,93.0,2021-02-21
3517,2620,COURSE114,Midterm,67.0,2022-03-16
3518,1880,COURSE86,Final Exam,91.0,2023-11-11
3519,2790,COURSE143,Quiz,59.0,2024-01-27
3520,1771,COURSE53,Final Exam,74.0,2021-12-18
3521,2607,COURSE70,Quiz,97.0,2021-07-25
3522,2817,COURSE142,Assignment,72.0,2020-01-06
3523,1918,COURSE119,Assignment,78.0,2024-11-15
3524,2737,COURSE60,Assignment,91.0,2020-03-26
3525,2387,COURSE123,Assignment,80.0,2020-01-12
3526,2408,COURSE97,Final Exam,99.0,2024-01-14
3527,1204,COURSE103,Assignment,74.0,2022-06-21
3528,1547,COURSE97,Assignment,100.0,2020-02-27
3529,2226,COURSE77,Final Exam,75.0,2024-06-02
3530,2929,COURSE85,Midterm,64.0,2021-08-11
3531,1017,COURSE99,Final Exam,68.0,2021-07-19
3532,2451,COURSE74,Assignment,61.0,2023-10-13
3533,2357,COURSE141,Quiz,66.0,2024-05-23
3534,2269,COURSE127,Quiz,86.0,2021-04-11
3535,1429,COURSE109,Quiz,72.0,2023-10-09
3536,2166,COURSE106,Midterm,99.0,2022-12-21
3537,1836,COURSE132,Assignment,81.0,2022-09-30
3538,2730,COURSE70,Midterm,86.0,2021-04-24
3539,1740,COURSE84,Assignment,91.0,2021-04-22
3540,2309,COURSE98,Midterm,79.0,2023-07-08
3541,2906,COURSE89,Quiz,80.0,2021-10-28
3542,1331,COURSE142,Final Exam,47.0,2022-10-29
3543,2932,COURSE131,Assignment,93.0,2023-01-18
3544,2904,COURSE106,Assignment,85.0,2020-03-25
3545,2681,COURSE55,Quiz,78.0,2020-10-07
3546,1845,COURSE70,Final Exam,77.0,2020-07-19
3547,1070,COURSE101,Midterm,72.0,2023-10-13
3548,1572,COURSE117,Final Exam,90.0,2022-04-02
3549,1191,COURSE83,Final Exam,100.0,2020-09-23
3550,1745,COURSE102,Assignment,73.0,2020-09-11
3551,2286,COURSE114,Assignment,72.0,2023-07-03
3552,1789,COURSE136,Assignment,73.0,2022-04-05
3553,1559,COURSE93,Final Exam,72.0,2023-07-08
3554,2031,COURSE55,Assignment,90.0,2020-02-04
3555,2710,COURSE118,Midterm,92.0,2020-01-20
3556,2627,COURSE109,Quiz,85.0,2022-07-14
3557,1843,COURSE130,Midterm,68.0,2020-02-04
3558,2286,COURSE110,Midterm,100.0,2024-10-31
3559,2593,COURSE59,Assignment,67.0,2023-09-12
3560,1996,COURSE63,Midterm,68.0,2024-07-19
3561,2805,COURSE99,Assignment,84.0,2022-06-12
3562,2624,COURSE136,Final Exam,84.0,2023-01-16
3563,2457,COURSE111,Midterm,95.0,2020-09-20
3564,2910,COURSE119,Assignment,100.0,2023-09-10
3565,2643,COURSE130,Midterm,90.0,2024-11-14
3566,1454,COURSE111,Assignment,80.0,2023-03-01
3567,2850,COURSE80,Quiz,88.0,2024-07-29
3568,2946,COURSE115,Midterm,75.0,2020-09-10
3569,2431,COURSE96,Assignment,86.0,2024-03-14
3570,2076,COURSE71,Assignment,90.0,2020-12-21
3571,2773,COURSE72,Final Exam,89.0,2020-09-06
3572,2596,COURSE140,Midterm,67.0,2023-01-14
3573,2526,COURSE51,Midterm,89.0,2024-09-19
3574,1558,COURSE109,Midterm,80.0,2022-11-15
3575,2561,COURSE131,Assignment,92.0,2024-06-16
3576,1413,COURSE57,Assignment,63.0,2020-08-06
3577,1983,COURSE56,Assignment,74.0,2021-08-24
3578,2712,COURSE91,Assignment,70.0,2022-07-22
3579,2494,COURSE118,Quiz,86.0,2020-11-19
3580,2829,COURSE105,Assignment,82.0,2024-02-15
3581,1190,COURSE98,Quiz,76.0,2023-05-07
3582,1248,COURSE55,Quiz,80.0,2024-11-10
3583,1916,COURSE93,Midterm,81.0,2022-02-01
3584,2262,COURSE89,Assignment,72.0,2024-02-14
3585,2951,COURSE70,Assignment,95.0,2023-04-07
3586,2350,COURSE57,Quiz,65.0,2022-08-27
3587,1219,COURSE112,Quiz,65.0,2020-07-30
3588,2183,COURSE113,Assignment,50.0,2020-07-30
3589,2066,COURSE58,Quiz,81.0,2020-10-06
3590,1352,COURSE59,Final Exam,78.0,2022-11-23
3591,2861,COURSE135,Assignment,93.0,2021-03-13
3592,1181,COURSE97,Final Exam,57.0,2022-03-20
3593,2145,COURSE105,Final Exam,78.0,2021-07-01
3594,2766,COURSE115,Final Exam,80.0,2021-11-08
3595,2421,COURSE145,Assignment,98.0,2020-08-01
3596,2683,COURSE113,Quiz,81.0,2021-02-17
3597,2147,COURSE68,Final Exam,83.0,2021-01-25
3598,1111,COURSE100,Final Exam,83.0,2023-06-15
3599,1757,COURSE74,Quiz,92.0,2020-06-18
3600,2068,COURSE66,Quiz,75.0,2023-08-16
3601,1868,COURSE104,Midterm,74.0,2020-09-22
3602,1255,COURSE106,Assignment,69.0,2022-06-16
3603,1126,COURSE74,Assignment,88.0,2021-12-06
3604,2292,COURSE67,Assignment,75.0,2020-01-15
3605,2918,COURSE52,Assignment,72.0,2023-03-02
3606,2464,COURSE58,Midterm,94.0,2022-07-14
3607,2578,COURSE92,Midterm,76.0,2022-02-20
3608,1872,COURSE125,Assignment,82.0,2023-04-30
3609,1926,COURSE118,Midterm,76.0,2021-02-05
3610,1131,COURSE73,Final Exam,53.0,2021-08-13
3611,1770,COURSE107,Midterm,64.0,2020-09-24
3612,1580,COURSE113,Quiz,70.0,2021-05-01
3613,2071,COURSE72,Midterm,68.0,2020-11-18
3614,2092,COURSE59,Final Exam,100.0,2024-01-16
3615,1003,COURSE121,Midterm,67.0,2020-12-21
3616,1209,COURSE81,Final Exam,94.0,2023-12-03
3617,2657,COURSE91,Quiz,64.0,2023-01-04
3618,2485,COURSE123,Assignment,78.0,2020-05-04
3619,1835,COURSE82,Final Exam,70.0,2023-07-18
3620,1593,COURSE136,Midterm,82.0,2024-03-11
3621,2939,COURSE132,Midterm,92.0,2024-09-29
3622,1700,COURSE70,Quiz,82.0,2024-09-13
3623,1416,COURSE66,Midterm,69.0,2021-10-08
3624,2733,COURSE133,Assignment,88.0,2024-09-11
3625,1164,COURSE135,Quiz,82.0,2023-02-13
3626,2076,COURSE52,Assignment,83.0,2020-07-02
3627,1296,COURSE93,Quiz,57.0,2022-12-28
3628,2396,COURSE52,Final Exam,78.0,2022-05-27
3629,2349,COURSE88,Midterm,63.0,2023-07-01
3630,1137,COURSE119,Final Exam,89.0,2020-07-03
3631,1987,COURSE145,Midterm,89.0,2022-09-20
3632,2089,COURSE144,Assignment,90.0,2020-06-25
3633,1192,COURSE51,Midterm,82.0,2024-09-17
3634,2657,COURSE80,Quiz,88.0,2022-11-20
3635,1388,COURSE89,Midterm,83.0,2022-07-25
3636,1354,COURSE108,Assignment,92.0,2024-04-04
3637,1717,COURSE148,Final Exam,58.0,2021-06-15
3638,1734,COURSE91,Midterm,69.0,2021-02-21
3639,1789,COURSE79,Quiz,81.0,2024-08-20
3640,2783,COURSE51,Midterm,76.0,2023-08-27
3641,2533,COURSE124,Midterm,100.0,2021-08-15
3642,1650,COURSE129,Final Exam,91.0,2024-08-31
3643,1758,COURSE103,Final Exam,60.0,2024-02-19
3644,1757,COURSE60,Midterm,82.0,2021-06-12
3645,2781,COURSE56,Final Exam,93.0,2022-12-17
3646,2366,COURSE113,Assignment,66.0,2024-10-04
3647,1056,COURSE121,Quiz,92.0,2022-06-14
3648,1956,COURSE141,Quiz,98.0,2021-10-08
3649,2388,COURSE75,Midterm,74.0,2024-10-17
3650,2123,COURSE51,Quiz,95.0,2023-01-13
3651,1167,COURSE55,Assignment,62.0,2023-11-01
3652,1183,COURSE87,Assignment,69.0,2024-11-28
3653,1131,COURSE108,Final Exam,85.0,2023-03-25
3654,2108,COURSE57,Midterm,79.0,2021-01-12
3655,1774,COURSE96,Final Exam,96.0,2020-02-13
3656,1347,COURSE120,Quiz,85.0,2022-11-28
3657,2536,COURSE68,Quiz,75.0,2024-10-18
3658,2012,COURSE80,Quiz,79.0,2021-04-07
3659,1068,COURSE78,Quiz,77.0,2020-01-21
3660,1921,COURSE64,Midterm,76.0,2023-02-04
3661,1839,COURSE89,Assignment,88.0,2021-05-04
3662,1837,COURSE141,Final Exam,71.0,2020-09-14
3663,2819,COURSE121,Assignment,92.0,2023-04-10
3664,1540,COURSE132,Midterm,80.0,2023-07-08
3665,2415,COURSE88,Final Exam,79.0,2022-06-20
3666,2907,COURSE56,Final Exam,85.0,2022-12-08
3667,2683,COURSE124,Final Exam,100.0,2020-05-10
3668,1671,COURSE58,Midterm,81.0,2021-11-27
3669,2588,COURSE106,Assignment,86.0,2021-09-25
3670,1946,COURSE149,Midterm,85.0,2022-07-04
3671,2004,COURSE93,Final Exam,95.0,2024-11-13
3672,1221,COURSE69,Assignment,83.0,2022-03-10
3673,2583,COURSE75,Assignment,99.0,2023-05-10
3674,1808,COURSE107,Assignment,78.0,2023-01-25
3675,2805,COURSE64,Midterm,75.0,2021-05-21
3676,2497,COURSE109,Final Exam,88.0,2023-03-31
3677,1233,COURSE149,Assignment,65.0,2020-12-06
3678,2126,COURSE114,Quiz,88.0,2024-11-18
3679,1726,COURSE115,Midterm,96.0,2020-11-17
3680,1204,COURSE104,Midterm,82.0,2024-04-27
3681,2702,COURSE115,Midterm,73.0,2023-08-14
3682,1326,COURSE133,Quiz,79.0,2020-11-14
3683,1929,COURSE133,Assignment,77.0,2020-11-28
3684,1780,COURSE79,Midterm,100.0,2021-09-21
3685,2296,COURSE129,Quiz,66.0,2020-12-06
3686,2108,COURSE133,Assignment,90.0,2023-08-07
3687,2161,COURSE132,Final Exam,77.0,2024-12-01
3688,2533,COURSE117,Final Exam,80.0,2024-08-01
3689,2564,COURSE134,Midterm,67.0,2024-12-06
3690,1292,COURSE117,Midterm,95.0,2022-01-18
3691,1498,COURSE115,Quiz,84.0,2023-08-01
3692,1263,COURSE68,Final Exam,84.0,2022-01-12
3693,1396,COURSE79,Final Exam,80.0,2022-05-29
3694,2279,COURSE127,Quiz,79.0,2023-08-09
3695,1824,COURSE58,Final Exam,100.0,2024-10-26
3696,2628,COURSE131,Quiz,91.0,2023-12-27
3697,2143,COURSE130,Quiz,80.0,2020-09-11
3698,1857,COURSE60,Quiz,78.0,2020-08-31
3699,2584,COURSE84,Assignment,70.0,2024-05-01
3700,2803,COURSE129,Assignment,88.0,2021-06-07
3701,2701,COURSE139,Midterm,94.0,2021-02-16
3702,1675,COURSE66,Assignment,79.0,2020-07-11
3703,1527,COURSE135,Final Exam,79.0,2024-08-10
3704,2657,COURSE145,Final Exam,100.0,2024-02-17
3705,2294,COURSE100,Midterm,68.0,2020-10-02
3706,1449,COURSE63,Assignment,76.0,2023-02-19
3707,1643,COURSE80,Assignment,72.0,2022-10-27
3708,1240,COURSE150,Assignment,62.0,2021-04-23
3709,1196,COURSE66,Quiz,84.0,2023-12-21
3710,1211,COURSE134,Final Exam,87.0,2020-12-08
3711,2414,COURSE96,Final Exam,72.0,2020-09-30
3712,1340,COURSE117,Midterm,80.0,2022-09-10
3713,2026,COURSE82,Midterm,78.0,2021-11-12
3714,2922,COURSE92,Quiz,94.0,2021-04-02
3715,2429,COURSE145,Assignment,67.0,2020-09-07
3716,2333,COURSE94,Midterm,85.0,2021-11-23
3717,2134,COURSE84,Assignment,100.0,2024-03-30
3718,1624,COURSE119,Midterm,93.0,2022-01-29
3719,2873,COURSE141,Assignment,55.0,2021-12-03
3720,2859,COURSE95,Assignment,88.0,2021-03-04
3721,1366,COURSE139,Assignment,92.0,2020-05-10
3722,2689,COURSE72,Quiz,100.0,2021-11-13
3723,1288,COURSE108,Assignment,81.0,2020-03-15
3724,2805,COURSE78,Final Exam,74.0,2020-08-25
3725,2125,COURSE121,Midterm,85.0,2020-09-03
3726,2504,COURSE118,Final Exam,83.0,2024-07-25
3727,1354,COURSE131,Final Exam,76.0,2022-08-02
3728,1129,COURSE106,Final Exam,71.0,2021-04-18
3729,2183,COURSE66,Final Exam,66.0,2024-08-26
3730,1401,COURSE58,Midterm,79.0,2020-07-18
3731,1267,COURSE100,Final Exam,80.0,2020-04-02
3732,2367,COURSE92,Quiz,74.0,2021-02-26
3733,1189,COURSE127,Midterm,89.0,2022-01-14
3734,2369,COURSE131,Midterm,88.0,2020-03-02
3735,2884,COURSE131,Assignment,96.0,2022-07-24
3736,2829,COURSE77,Quiz,68.0,2021-01-29
3737,1568,COURSE92,Midterm,78.0,2024-11-21
3738,1362,COURSE96,Final Exam,71.0,2024-11-05
3739,1627,COURSE69,Midterm,57.0,2021-06-08
3740,2270,COURSE142,Final Exam,99.0,2024-05-01
3741,1147,COURSE123,Midterm,98.0,2023-09-27
3742,1616,COURSE89,Final Exam,89.0,2021-09-16
3743,2222,COURSE132,Midterm,79.0,2021-01-01
3744,1377,COURSE72,Assignment,87.0,2022-09-22
3745,2663,COURSE115,Quiz,77.0,2021-04-22
3746,1315,COURSE102,Assignment,86.0,2021-08-02
3747,2275,COURSE120,Midterm,61.0,2021-01-09
3748,2348,COURSE126,Midterm,73.0,2022-09-18
3749,1272,COURSE128,Assignment,73.0,2021-01-27
3750,2043,COURSE77,Midterm,88.0,2023-04-05
3751,1091,COURSE86,Quiz,76.0,2020-03-30
3752,2577,COURSE110,Assignment,70.0,2022-10-09
3753,2295,COURSE129,Midterm,80.0,2021-04-25
3754,2320,COURSE99,Quiz,82.0,2023-09-17
3755,2642,COURSE130,Quiz,89.0,2022-01-21
3756,2422,COURSE132,Quiz,72.0,2021-09-04
3757,2428,COURSE130,Assignment,53.0,2020-04-27
3758,2810,COURSE54,Assignment,89.0,2021-02-16
3759,1208,COURSE123,Quiz,75.0,2021-02-13
3760,2566,COURSE117,Final Exam,44.0,2021-02-16
3761,2279,COURSE129,Midterm,68.0,2020-06-14
3762,1752,COURSE96,Midterm,65.0,2021-06-15
3763,2942,COURSE148,Assignment,72.0,2022-12-03
3764,1917,COURSE108,Midterm,79.0,2020-09-04
3765,2481,COURSE108,Final Exam,78.0,2021-08-17
3766,1356,COURSE51,Assignment,70.0,2020-05-11
3767,2223,COURSE144,Quiz,88.0,2020-08-06
3768,2737,COURSE141,Assignment,97.0,2020-03-04
3769,2555,COURSE96,Midterm,79.0,2023-10-18
3770,1873,COURSE140,Assignment,74.0,2021-12-19
3771,2910,COURSE122,Midterm,88.0,2024-01-20
3772,1293,COURSE111,Final Exam,74.0,2023-02-27
3773,1676,COURSE53,Quiz,66.0,2022-06-22
3774,2875,COURSE101,Midterm,66.0,2022-09-08
3775,1385,COURSE85,Final Exam,77.0,2022-03-02
3776,1474,COURSE149,Final Exam,80.0,2022-04-01
3777,2532,COURSE98,Midterm,90.0,2020-09-17
3778,2516,COURSE79,Midterm,74.0,2020-03-13
3779,1565,COURSE85,Final Exam,71.0,2023-06-04
3780,1033,COURSE134,Assignment,99.0,2021-09-23
3781,2499,COURSE83,Final Exam,60.0,2023-10-10
3782,1453,COURSE84,Assignment,78.0,2023-02-21
3783,2436,COURSE71,Midterm,100.0,2020-08-23
3784,2092,COURSE148,Quiz,72.0,2022-09-25
3785,1135,COURSE99,Midterm,76.0,2021-02-12
3786,2522,COURSE96,Assignment,91.0,2022-04-29
3787,2359,COURSE101,Final Exam,76.0,2021-11-15
3788,2900,COURSE53,Final Exam,52.0,2022-05-17
3789,2942,COURSE109,Final Exam,84.0,2023-07-27
3790,1061,COURSE79,Final Exam,88.0,2023-02-09
3791,2478,COURSE74,Midterm,82.0,2024-05-03
3792,1468,COURSE77,Midterm,71.0,2020-02-14
3793,2997,COURSE98,Midterm,84.0,2020-05-18
3794,1756,COURSE114,Midterm,69.0,2023-10-09
3795,2670,COURSE94,Final Exam,84.0,2023-03-05
3796,1894,COURSE106,Quiz,93.0,2024-08-15
3797,1565,COURSE64,Midterm,60.0,2021-03-28
3798,1015,COURSE92,Assignment,60.0,2023-07-24
3799,2744,COURSE139,Assignment,81.0,2022-05-05
3800,1876,COURSE68,Midterm,82.0,2020-06-23
3801,1104,COURSE132,Midterm,91.0,2023-09-20
3802,2800,COURSE112,Assignment,86.0,2023-04-30
3803,1548,COURSE132,Quiz,84.0,2023-12-13
3804,1604,COURSE83,Quiz,60.0,2022-09-02
3805,2867,COURSE121,Quiz,74.0,2023-04-20
3806,1110,COURSE97,Quiz,68.0,2020-09-25
3807,1533,COURSE148,Midterm,85.0,2024-09-10
3808,1807,COURSE73,Quiz,77.0,2020-10-24
3809,2707,COURSE128,Quiz,76.0,2020-04-27
3810,1822,COURSE65,Quiz,85.0,2024-12-08
3811,1999,COURSE77,Assignment,99.0,2020-10-10
3812,1553,COURSE70,Quiz,83.0,2024-12-25
3813,2455,COURSE128,Quiz,74.0,2022-06-25
3814,1326,COURSE81,Assignment,91.0,2020-11-03
3815,2579,COURSE135,Assignment,80.0,2022-02-06
3816,2997,COURSE58,Midterm,64.0,2020-01-20
3817,2183,COURSE103,Final Exam,93.0,2024-06-12
3818,2153,COURSE71,Midterm,75.0,2024-05-16
3819,2357,COURSE148,Quiz,97.0,2020-04-23
3820,1253,COURSE148,Assignment,64.0,2021-10-11
3821,1590,COURSE103,Assignment,70.0,2020-01-15
3822,2135,COURSE103,Midterm,80.0,2021-11-05
3823,2336,COURSE85,Quiz,70.0,2024-11-19
3824,2471,COURSE87,Quiz,79.0,2021-03-05
3825,2964,COURSE130,Quiz,100.0,2024-05-13
3826,2671,COURSE146,Quiz,86.0,2021-10-05
3827,2340,COURSE138,Midterm,75.0,2020-09-28
3828,1121,COURSE104,Assignment,65.0,2024-02-05
3829,2919,COURSE76,Quiz,88.0,2024-11-14
3830,1869,COURSE135,Midterm,81.0,2023-03-01
3831,1122,COURSE56,Quiz,81.0,2022-10-23
3832,2452,COURSE88,Quiz,91.0,2020-04-22
3833,1322,COURSE61,Midterm,66.0,2020-09-15
3834,2688,COURSE88,Midterm,66.0,2023-05-23
3835,2004,COURSE59,Quiz,100.0,2021-10-16
3836,2101,COURSE146,Midterm,65.0,2022-11-23
3837,1005,COURSE107,Assignment,78.0,2021-04-02
3838,1407,COURSE123,Midterm,65.0,2021-08-02
3839,2289,COURSE70,Assignment,71.0,2023-11-12
3840,1505,COURSE149,Assignment,66.0,2024-02-15
3841,2077,COURSE86,Midterm,88.0,2020-06-19
3842,1158,COURSE114,Midterm,78.0,2020-03-13
3843,2207,COURSE140,Final Exam,67.0,2021-08-01
3844,2618,COURSE100,Assignment,91.0,2023-04-18
3845,1502,COURSE97,Midterm,70.0,2024-08-23
3846,1679,COURSE96,Midterm,60.0,2023-06-17
3847,2024,COURSE95,Final Exam,92.0,2024-10-06
3848,1868,COURSE70,Midterm,71.0,2023-06-04
3849,1260,COURSE98,Midterm,86.0,2024-05-12
3850,1092,COURSE123,Assignment,76.0,2021-07-15
3851,1503,COURSE127,Quiz,76.0,2021-04-05
3852,1078,COURSE103,Midterm,71.0,2020-09-25
3853,1337,COURSE82,Assignment,62.0,2022-12-30
3854,2105,COURSE91,Assignment,62.0,2024-06-26
3855,2260,COURSE94,Final Exam,73.0,2024-02-25
3856,2322,COURSE140,Final Exam,97.0,2023-05-14
3857,2875,COURSE107,Final Exam,92.0,2022-08-15
3858,1289,COURSE139,Final Exam,73.0,2021-12-12
3859,2115,COURSE74,Quiz,72.0,2020-11-27
3860,1870,COURSE102,Midterm,72.0,2020-12-25
3861,2797,COURSE58,Final Exam,97.0,2022-02-05
3862,2142,COURSE108,Assignment,93.0,2024-01-15
3863,1529,COURSE60,Midterm,84.0,2024-09-16
3864,1933,COURSE69,Quiz,70.0,2021-03-30
3865,1719,COURSE86,Quiz,75.0,2024-09-09
3866,2979,COURSE112,Quiz,75.0,2020-07-01
3867,2157,COURSE98,Final Exam,81.0,2022-10-01
3868,1742,COURSE68,Assignment,68.0,2021-02-19
3869,1950,COURSE76,Quiz,73.0,2024-01-31
3870,2401,COURSE75,Midterm,71.0,2022-10-27
3871,1931,COURSE106,Midterm,93.0,2022-01-01
3872,1146,COURSE90,Final Exam,86.0,2023-08-19
3873,2777,COURSE89,Midterm,49.0,2024-11-20
3874,1648,COURSE134,Quiz,87.0,2023-07-02
3875,1177,COURSE119,Assignment,75.0,2023-10-31
3876,2973,COURSE60,Quiz,88.0,2024-10-10
3877,1691,COURSE94,Quiz,77.0,2021-05-27
3878,1284,COURSE84,Quiz,72.0,2022-09-18
3879,1530,COURSE144,Assignment,65.0,2020-05-18
3880,1214,COURSE76,Quiz,74.0,2020-01-24
3881,1571,COURSE115,Final Exam,73.0,2023-04-14
3882,2318,COURSE85,Assignment,68.0,2023-02-18
3883,1217,COURSE69,Quiz,92.0,2020-03-10
3884,2527,COURSE112,Quiz,73.0,2021-02-06
3885,2995,COURSE78,Quiz,86.0,2020-04-17
3886,1943,COURSE57,Midterm,86.0,2020-05-06
3887,2492,COURSE141,Quiz,100.0,2024-01-14
3888,2032,COURSE111,Final Exam,92.0,2024-03-05
3889,2045,COURSE83,Quiz,72.0,2024-09-23
3890,2061,COURSE68,Assignment,93.0,2021-09-05
3891,1921,COURSE135,Quiz,68.0,2023-12-21
3892,1267,COURSE119,Assignment,75.0,2023-10-13
3893,2200,COURSE82,Midterm,83.0,2024-03-26
3894,1669,COURSE59,Midterm,100.0,2021-03-18
3895,2843,COURSE112,Assignment,85.0,2020-02-27
3896,1859,COURSE122,Quiz,88.0,2024-01-29
3897,2361,COURSE113,Midterm,92.0,2023-12-24
3898,1580,COURSE106,Assignment,71.0,2024-06-18
3899,2738,COURSE116,Assignment,94.0,2024-02-20
3900,1582,COURSE147,Quiz,96.0,2021-08-18
3901,1489,COURSE122,Quiz,74.0,2022-05-08
3902,2257,COURSE71,Final Exam,73.0,2024-12-11
3903,1126,COURSE52,Quiz,77.0,2023-01-04
3904,2627,COURSE148,Quiz,65.0,2020-03-31
3905,2031,COURSE106,Midterm,85.0,2023-07-17
3906,2941,COURSE111,Quiz,62.0,2021-10-08
3907,1112,COURSE72,Midterm,73.0,2022-08-03
3908,1027,COURSE81,Midterm,55.0,2022-08-05
3909,2212,COURSE130,Assignment,77.0,2022-01-03
3910,1404,COURSE147,Final Exam,70.0,2022-06-18
3911,1082,COURSE111,Final Exam,95.0,2022-12-07
3912,1030,COURSE96,Quiz,86.0,2023-02-27
3913,2197,COURSE97,Midterm,97.0,2022-02-18
3914,2677,COURSE119,Final Exam,77.0,2020-10-09
3915,2287,COURSE87,Assignment,83.0,2020-07-19
3916,2976,COURSE106,Quiz,60.0,2023-01-06
3917,1667,COURSE141,Final Exam,82.0,2022-01-30
3918,1880,COURSE85,Final Exam,73.0,2024-10-07
3919,1533,COURSE128,Quiz,70.0,2022-06-15
3920,2865,COURSE75,Final Exam,62.0,2020-09-15
3921,2190,COURSE125,Midterm,73.0,2021-10-23
3922,2300,COURSE52,Final Exam,90.0,2021-08-15
3923,2675,COURSE54,Final Exam,90.0,2020-09-15
3924,1946,COURSE142,Assignment,84.0,2020-08-25
3925,2440,COURSE51,Midterm,100.0,2024-06-26
3926,2780,COURSE78,Quiz,85.0,2022-06-15
3927,1529,COURSE66,Assignment,76.0,2021-03-07
3928,2161,COURSE144,Final Exam,74.0,2022-11-19
3929,2213,COURSE86,Midterm,85.0,2023-06-30
3930,1987,COURSE71,Assignment,91.0,2021-12-05
3931,2072,COURSE52,Midterm,75.0,2023-08-24
3932,1885,COURSE56,Midterm,83.0,2021-03-04
3933,1970,COURSE136,Assignment,96.0,2023-09-15
3934,2260,COURSE121,Final Exam,93.0,2021-02-26
3935,2220,COURSE78,Quiz,83.0,2021-12-14
3936,1865,COURSE101,Midterm,100.0,2023-03-30
3937,2579,COURSE75,Assignment,93.0,2023-02-11
3938,2701,COURSE64,Quiz,100.0,2024-10-13
3939,1564,COURSE82,Assignment,86.0,2021-10-01
3940,1583,COURSE135,Assignment,91.0,2022-09-03
3941,2807,COURSE97,Assignment,76.0,2024-04-12
3942,2515,COURSE112,Midterm,70.0,2021-07-29
3943,2139,COURSE83,Midterm,69.0,2023-12-26
3944,1132,COURSE111,Final Exam,70.0,2023-07-26
3945,1418,COURSE51,Final Exam,82.0,2023-07-11
3946,1803,COURSE112,Quiz,92.0,2020-02-07
3947,2689,COURSE80,Midterm,74.0,2020-09-30
3948,2972,COURSE135,Quiz,90.0,2022-09-21
3949,1697,COURSE54,Assignment,56.0,2023-06-30
3950,2414,COURSE71,Quiz,78.0,2024-09-16
3951,1965,COURSE115,Quiz,84.0,2024-08-02
3952,1081,COURSE77,Final Exam,72.0,2022-08-27
3953,1310,COURSE113,Assignment,77.0,2021-06-03
3954,1697,COURSE131,Final Exam,85.0,2020-06-26
3955,1451,COURSE53,Midterm,91.0,2021-12-06
3956,1535,COURSE54,Final Exam,86.0,2022-06-12
3957,2302,COURSE111,Final Exam,98.0,2023-05-04
3958,1292,COURSE91,Assignment,72.0,2022-06-19
3959,1674,COURSE85,Quiz,66.0,2024-08-20
3960,2730,COURSE108,Assignment,79.0,2021-09-04
3961,1167,COURSE104,Final Exam,74.0,2022-12-03
3962,3000,COURSE130,Final Exam,72.0,2024-06-02
3963,1672,COURSE83,Assignment,66.0,2021-07-15
3964,1139,COURSE65,Quiz,76.0,2022-06-11
3965,2044,COURSE60,Assignment,78.0,2022-11-02
3966,1532,COURSE132,Final Exam,97.0,2020-07-15
3967,1569,COURSE143,Assignment,69.0,2020-05-08
3968,2787,COURSE146,Midterm,91.0,2022-03-07
3969,1181,COURSE108,Quiz,85.0,2022-01-25
3970,1218,COURSE123,Midterm,95.0,2023-06-21
3971,1855,COURSE131,Assignment,81.0,2023-05-15
3972,2190,COURSE134,Quiz,86.0,2023-02-17
3973,1913,COURSE95,Final Exam,94.0,2024-07-12
3974,2302,COURSE136,Midterm,96.0,2020-01-25
3975,2101,COURSE102,Quiz,80.0,2022-12-27
3976,1964,COURSE150,Midterm,86.0,2021-10-21
3977,1811,COURSE80,Quiz,80.0,2023-10-24
3978,1253,COURSE121,Quiz,100.0,2024-09-03
3979,2553,COURSE136,Midterm,70.0,2022-04-24
3980,1958,COURSE116,Quiz,89.0,2021-04-03
3981,2613,COURSE115,Quiz,87.0,2020-08-25
3982,1708,COURSE57,Quiz,94.0,2021-06-17
3983,2011,COURSE65,Assignment,62.0,2023-08-06
3984,2110,COURSE138,Assignment,76.0,2021-09-29
3985,2143,COURSE119,Assignment,97.0,2020-10-21
3986,2862,COURSE104,Quiz,76.0,2023-10-11
3987,2868,COURSE125,Quiz,70.0,2024-02-01
3988,1219,COURSE118,Midterm,63.0,2021-09-18
3989,1051,COURSE114,Final Exam,77.0,2022-10-21
3990,1131,COURSE58,Assignment,68.0,2023-12-15
3991,2321,COURSE126,Quiz,88.0,2020-11-25
3992,2886,COURSE69,Midterm,67.0,2024-07-10
3993,1105,COURSE136,Final Exam,79.0,2020-08-29
3994,2873,COURSE79,Assignment,61.0,2020-07-09
3995,1075,COURSE75,Final Exam,82.0,2024-06-13
3996,1449,COURSE128,Quiz,69.0,2024-11-16
3997,1489,COURSE72,Final Exam,100.0,2020-06-13
3998,1323,COURSE79,Assignment,86.0,2024-10-19
3999,1466,COURSE101,Quiz,56.0,2023-02-25
4000,2909,COURSE74,Assignment,86.0,2022-05-22
4001,1212,COURSE116,Assignment,100.0,2023-12-26
4002,1962,COURSE138,Midterm,88.0,2024-02-01
4003,2781,COURSE66,Final Exam,94.0,2023-02-05
4004,1582,COURSE145,Final Exam,58.0,2021-12-08
4005,2206,COURSE64,Midterm,82.0,2023-08-01
4006,2734,COURSE102,Quiz,66.0,2024-01-19
4007,2599,COURSE53,Quiz,83.0,2020-07-29
4008,1732,COURSE74,Midterm,93.0,2024-10-02
4009,1602,COURSE150,Quiz,66.0,2022-03-28
4010,2773,COURSE124,Assignment,75.0,2023-08-04
4011,2141,COURSE141,Midterm,72.0,2022-02-26
4012,1538,COURSE123,Final Exam,70.0,2023-03-26
4013,2511,COURSE60,Assignment,81.0,2020-10-05
4014,2417,COURSE72,Quiz,95.0,2023-01-22
4015,2549,COURSE95,Quiz,77.0,2023-01-28
4016,2749,COURSE63,Quiz,74.0,2021-08-01
4017,2688,COURSE69,Midterm,69.0,2024-07-20
4018,2186,COURSE150,Midterm,85.0,2020-02-12
4019,2950,COURSE139,Quiz,68.0,2020-10-17
4020,1166,COURSE130,Midterm,90.0,2021-08-23
4021,2028,COURSE58,Final Exam,89.0,2024-04-02
4022,2891,COURSE106,Quiz,85.0,2020-03-24
4023,2053,COURSE133,Final Exam,78.0,2022-05-06
4024,3000,COURSE91,Final Exam,55.0,2021-11-17
4025,1589,COURSE77,Assignment,73.0,2023-12-26
4026,2468,COURSE98,Quiz,60.0,2020-12-21
4027,1835,COURSE118,Final Exam,76.0,2022-08-14
4028,1529,COURSE122,Quiz,92.0,2020-10-17
4029,1795,COURSE87,Assignment,62.0,2022-06-04
4030,1912,COURSE128,Assignment,80.0,2024-09-02
4031,1794,COURSE94,Assignment,68.0,2021-11-07
4032,2769,COURSE101,Midterm,94.0,2024-09-22
4033,2201,COURSE68,Final Exam,86.0,2023-02-01
4034,1749,COURSE134,Final Exam,72.0,2021-12-06
4035,2581,COURSE111,Quiz,70.0,2020-01-14
4036,1006,COURSE67,Midterm,77.0,2023-10-05
4037,1912,COURSE53,Assignment,94.0,2024-01-20
4038,2801,COURSE98,Quiz,100.0,2024-02-11
4039,2437,COURSE59,Final Exam,80.0,2020-07-04
4040,2818,COURSE128,Final Exam,72.0,2024-01-18
4041,1455,COURSE84,Midterm,91.0,2020-12-19
4042,1362,COURSE139,Assignment,88.0,2022-04-23
4043,2467,COURSE78,Quiz,86.0,2023-08-07
4044,1627,COURSE77,Final Exam,72.0,2022-03-17
4045,2334,COURSE70,Quiz,77.0,2020-08-20
4046,1991,COURSE89,Quiz,80.0,2023-03-22
4047,2574,COURSE111,Final Exam,77.0,2020-01-28
4048,2307,COURSE94,Quiz,85.0,2024-03-09
4049,2406,COURSE84,Assignment,82.0,2020-07-22
4050,1263,COURSE106,Final Exam,74.0,2021-12-19
4051,2475,COURSE81,Final Exam,73.0,2022-08-26
4052,1418,COURSE89,Final Exam,74.0,2021-09-20
4053,1349,COURSE125,Quiz,65.0,2023-05-02
4054,1676,COURSE98,Final Exam,58.0,2023-12-28
4055,1618,COURSE63,Quiz,93.0,2021-11-01
4056,1226,COURSE126,Quiz,87.0,2020-09-13
4057,2128,COURSE118,Final Exam,95.0,2021-08-03
4058,1207,COURSE108,Quiz,89.0,2024-11-29
4059,1219,COURSE97,Quiz,73.0,2020-08-25
4060,2930,COURSE92,Assignment,81.0,2021-07-05
4061,1903,COURSE53,Midterm,67.0,2023-09-04
4062,2868,COURSE68,Final Exam,63.0,2024-09-13
4063,2892,COURSE113,Quiz,90.0,2022-06-19
4064,1678,COURSE120,Midterm,78.0,2021-08-06
4065,2200,COURSE144,Final Exam,76.0,2023-09-01
4066,1426,COURSE88,Assignment,61.0,2021-12-10
4067,2372,COURSE138,Midterm,93.0,2021-09-11
4068,1819,COURSE120,Midterm,56.0,2023-06-14
4069,2612,COURSE81,Quiz,76.0,2021-04-15
4070,2024,COURSE146,Midterm,99.0,2021-11-09
4071,2932,COURSE105,Quiz,77.0,2020-06-07
4072,2082,COURSE101,Final Exam,79.0,2020-04-25
4073,1167,COURSE134,Final Exam,73.0,2023-08-29
4074,2528,COURSE122,Quiz,97.0,2024-09-28
4075,2356,COURSE126,Quiz,78.0,2024-11-27
4076,1845,COURSE83,Final Exam,79.0,2020-01-29
4077,1892,COURSE83,Quiz,100.0,2022-08-13
4078,1532,COURSE145,Assignment,84.0,2024-05-02
4079,1132,COURSE88,Midterm,81.0,2022-07-16
4080,2187,COURSE134,Final Exam,86.0,2023-03-12
4081,1785,COURSE75,Quiz,76.0,2020-09-14
4082,1309,COURSE136,Midterm,94.0,2023-03-21
4083,2846,COURSE104,Midterm,85.0,2023-02-05
4084,2851,COURSE91,Assignment,73.0,2024-09-15
4085,1721,COURSE110,Midterm,94.0,2024-06-14
4086,2072,COURSE138,Final Exam,94.0,2023-01-02
4087,2320,COURSE77,Final Exam,59.0,2023-05-09
4088,1117,COURSE144,Quiz,59.0,2023-11-13
4089,1398,COURSE116,Quiz,68.0,2022-01-12
4090,2905,COURSE99,Midterm,66.0,2021-02-02
4091,1513,COURSE56,Assignment,80.0,2024-10-13
4092,2668,COURSE136,Midterm,53.0,2024-06-19
4093,2703,COURSE64,Quiz,64.0,2020-02-15
4094,2706,COURSE51,Final Exam,77.0,2021-02-12
4095,2504,COURSE150,Quiz,79.0,2020-01-08
4096,1096,COURSE117,Midterm,74.0,2024-01-26
4097,1412,COURSE95,Midterm,71.0,2024-11-14
4098,1113,COURSE125,Quiz,68.0,2020-02-14
4099,2775,COURSE82,Quiz,73.0,2022-10-21
4100,2440,COURSE150,Assignment,90.0,2022-09-01
4101,2266,COURSE88,Midterm,70.0,2020-06-09
4102,2452,COURSE108,Quiz,82.0,2023-10-11
4103,2130,COURSE94,Midterm,76.0,2023-07-10
4104,2236,COURSE121,Final Exam,81.0,2021-11-29
4105,1637,COURSE130,Quiz,72.0,2024-01-09
4106,1449,COURSE113,Quiz,89.0,2024-08-21
4107,2804,COURSE108,Final Exam,62.0,2021-11-29
4108,1436,COURSE130,Quiz,65.0,2022-06-20
4109,2047,COURSE119,Assignment,88.0,2020-05-07
4110,2313,COURSE142,Final Exam,77.0,2022-07-19
4111,1697,COURSE66,Midterm,76.0,2021-08-13
4112,2199,COURSE109,Midterm,74.0,2022-08-26
4113,1707,COURSE118,Midterm,70.0,2022-10-26
4114,2724,COURSE135,Assignment,87.0,2020-10-31
4115,2873,COURSE99,Assignment,58.0,2023-04-07
4116,2409,COURSE62,Midterm,74.0,2021-11-17
4117,2853,COURSE139,Midterm,87.0,2023-09-12
4118,2726,COURSE66,Quiz,83.0,2023-01-05
4119,1283,COURSE69,Quiz,72.0,2023-02-26
4120,1227,COURSE66,Midterm,77.0,2021-07-10
4121,2248,COURSE121,Assignment,76.0,2024-07-18
4122,2319,COURSE118,Quiz,70.0,2022-11-21
4123,2317,COURSE76,Quiz,80.0,2022-01-10
4124,2757,COURSE75,Assignment,90.0,2024-05-27
4125,1848,COURSE76,Final Exam,80.0,2023-12-22
4126,2968,COURSE101,Final Exam,69.0,2024-05-06
4127,2283,COURSE148,Quiz,79.0,2022-01-16
4128,2312,COURSE138,Final Exam,100.0,2024-11-16
4129,1244,COURSE77,Midterm,64.0,2024-04-17
4130,1298,COURSE107,Midterm,66.0,2020-08-29
4131,1207,COURSE51,Quiz,84.0,2021-09-01
4132,1560,COURSE104,Quiz,82.0,2024-08-27
4133,1480,COURSE77,Midterm,82.0,2024-03-13
4134,1473,COURSE96,Quiz,77.0,2022-01-20
4135,2010,COURSE121,Quiz,82.0,2024-01-29
4136,2883,COURSE136,Quiz,63.0,2024-06-19
4137,2442,COURSE70,Final Exam,71.0,2023-02-08
4138,2428,COURSE70,Quiz,69.0,2022-12-05
4139,1809,COURSE66,Assignment,80.0,2024-11-23
4140,1608,COURSE108,Midterm,80.0,2020-02-24
4141,2693,COURSE64,Quiz,79.0,2022-12-21
4142,1640,COURSE145,Midterm,71.0,2023-08-14
4143,2509,COURSE102,Quiz,82.0,2020-05-09
4144,1646,COURSE98,Final Exam,86.0,2023-03-21
4145,1819,COURSE137,Assignment,77.0,2024-09-23
4146,1833,COURSE94,Final Exam,100.0,2023-01-18
4147,1734,COURSE86,Midterm,74.0,2023-04-11
4148,2205,COURSE131,Quiz,77.0,2020-08-01
4149,2483,COURSE138,Final Exam,68.0,2024-01-30
4150,2633,COURSE147,Assignment,99.0,2021-11-05
4151,1620,COURSE79,Midterm,100.0,2024-07-05
4152,2583,COURSE85,Assignment,77.0,2022-03-25
4153,2404,COURSE126,Final Exam,81.0,2021-05-13
4154,1674,COURSE81,Quiz,55.0,2021-08-29
4155,1261,COURSE58,Quiz,76.0,2020-04-16
4156,1897,COURSE98,Final Exam,83.0,2022-10-25
4157,2152,COURSE76,Assignment,71.0,2023-09-15
4158,2983,COURSE133,Quiz,80.0,2024-05-02
4159,2481,COURSE98,Assignment,78.0,2023-05-13
4160,2054,COURSE60,Midterm,79.0,2020-12-25
4161,1659,COURSE88,Quiz,58.0,2020-11-16
4162,2142,COURSE61,Final Exam,87.0,2024-11-10
4163,2833,COURSE122,Final Exam,78.0,2021-06-25
4164,2660,COURSE106,Midterm,69.0,2024-04-01
4165,2561,COURSE149,Final Exam,99.0,2024-10-24
4166,2549,COURSE74,Final Exam,90.0,2022-11-12
4167,2992,COURSE113,Assignment,64.0,2021-08-02
4168,1633,COURSE82,Final Exam,92.0,2020-08-17
4169,1399,COURSE93,Midterm,81.0,2024-03-07
4170,2014,COURSE61,Final Exam,81.0,2020-04-24
4171,1723,COURSE116,Midterm,100.0,2020-08-14
4172,1235,COURSE150,Quiz,77.0,2021-03-14
4173,1881,COURSE77,Final Exam,76.0,2022-05-14
4174,1585,COURSE141,Assignment,74.0,2023-11-21
4175,2300,COURSE122,Assignment,87.0,2022-10-14
4176,1314,COURSE102,Quiz,78.0,2023-04-03
4177,1731,COURSE112,Quiz,85.0,2023-11-12
4178,2781,COURSE52,Quiz,92.0,2021-03-28
4179,1977,COURSE93,Midterm,81.0,2021-08-14
4180,2938,COURSE128,Assignment,100.0,2021-09-23
4181,1677,COURSE68,Quiz,92.0,2021-09-02
4182,2300,COURSE51,Assignment,69.0,2020-10-31
4183,1862,COURSE143,Assignment,82.0,2020-04-19
4184,1947,COURSE137,Assignment,49.0,2023-10-02
4185,2380,COURSE97,Quiz,97.0,2024-10-12
4186,2306,COURSE98,Quiz,73.0,2020-05-21
4187,1007,COURSE115,Quiz,70.0,2022-01-13
4188,1987,COURSE137,Assignment,83.0,2024-02-22
4189,2301,COURSE115,Assignment,93.0,2020-06-02
4190,2686,COURSE78,Quiz,83.0,2024-07-16
4191,1459,COURSE64,Assignment,68.0,2022-03-11
4192,2411,COURSE67,Midterm,97.0,2022-01-15
4193,2265,COURSE142,Quiz,83.0,2024-03-24
4194,2986,COURSE111,Midterm,77.0,2024-05-25
4195,1772,COURSE129,Quiz,69.0,2020-12-12
4196,1870,COURSE110,Assignment,88.0,2024-12-14
4197,1712,COURSE132,Quiz,96.0,2024-08-08
4198,1304,COURSE132,Final Exam,80.0,2020-08-16
4199,1092,COURSE103,Midterm,80.0,2020-10-13
4200,1158,COURSE71,Final Exam,79.0,2023-11-18
4201,2077,COURSE129,Final Exam,92.0,2021-02-23
4202,2762,COURSE70,Assignment,71.0,2023-04-13
4203,2435,COURSE70,Final Exam,99.0,2021-02-14
4204,2065,COURSE93,Midterm,85.0,2022-05-25
4205,2271,COURSE139,Midterm,95.0,2023-07-15
4206,2436,COURSE93,Assignment,79.0,2020-07-15
4207,1701,COURSE134,Quiz,65.0,2024-03-07
4208,2033,COURSE67,Assignment,91.0,2021-09-25
4209,2644,COURSE83,Assignment,65.0,2023-02-10
4210,2583,COURSE133,Quiz,71.0,2021-10-28
4211,1543,COURSE125,Final Exam,87.0,2022-06-13
4212,1802,COURSE145,Final Exam,63.0,2022-10-25
4213,1988,COURSE118,Midterm,73.0,2023-07-17
4214,2379,COURSE123,Quiz,87.0,2020-10-11
4215,1408,COURSE114,Midterm,91.0,2020-03-26
4216,2693,COURSE147,Quiz,58.0,2020-02-12
4217,1836,COURSE74,Final Exam,73.0,2022-07-06
4218,2248,COURSE105,Quiz,72.0,2022-12-01
4219,1998,COURSE125,Final Exam,71.0,2021-09-18
4220,1973,COURSE133,Quiz,86.0,2022-01-19
4221,1868,COURSE146,Assignment,66.0,2024-08-05
4222,1476,COURSE135,Midterm,83.0,2023-06-21
4223,2561,COURSE132,Quiz,88.0,2023-10-01
4224,1043,COURSE51,Midterm,78.0,2021-04-27
4225,1129,COURSE142,Assignment,85.0,2020-08-31
4226,1330,COURSE54,Assignment,79.0,2023-09-12
4227,2097,COURSE144,Midterm,77.0,2021-10-10
4228,2685,COURSE147,Assignment,87.0,2023-07-14
4229,1272,COURSE73,Final Exam,65.0,2023-02-24
4230,2115,COURSE97,Final Exam,77.0,2023-07-09
4231,2764,COURSE58,Midterm,67.0,2023-02-05
4232,1628,COURSE78,Final Exam,75.0,2021-11-04
4233,1876,COURSE133,Midterm,76.0,2020-10-09
4234,1336,COURSE66,Quiz,93.0,2024-05-28
4235,1290,COURSE95,Final Exam,68.0,2022-03-18
4236,2663,COURSE119,Quiz,64.0,2024-04-20
4237,2344,COURSE118,Midterm,91.0,2023-06-27
4238,2264,COURSE78,Quiz,80.0,2024-10-15
4239,2457,COURSE116,Final Exam,93.0,2021-08-05
4240,1843,COURSE103,Midterm,72.0,2020-12-21
4241,2784,COURSE62,Assignment,70.0,2023-09-24
4242,1230,COURSE60,Midterm,67.0,2023-09-02
4243,2796,COURSE96,Midterm,85.0,2024-06-09
4244,1490,COURSE96,Midterm,88.0,2022-11-10
4245,2868,COURSE145,Assignment,91.0,2024-04-07
4246,1234,COURSE142,Assignment,73.0,2022-01-18
4247,2053,COURSE97,Quiz,71.0,2020-03-06
4248,1894,COURSE64,Assignment,84.0,2021-06-06
4249,1379,COURSE64,Assignment,85.0,2024-12-25
4250,2406,COURSE69,Midterm,69.0,2024-04-21
4251,2211,COURSE111,Midterm,100.0,2021-03-13
4252,2904,COURSE130,Quiz,75.0,2020-11-12
4253,1435,COURSE95,Final Exam,95.0,2021-02-25
4254,1760,COURSE51,Quiz,71.0,2020-03-27
4255,1607,COURSE117,Quiz,74.0,2024-07-21
4256,2211,COURSE102,Midterm,85.0,2023-08-03
4257,2562,COURSE146,Midterm,87.0,2020-03-23
4258,1536,COURSE115,Quiz,80.0,2022-08-06
4259,1990,COURSE115,Assignment,79.0,2021-11-21
4260,1130,COURSE68,Assignment,67.0,2022-11-15
4261,1912,COURSE119,Midterm,76.0,2021-05-21
4262,1316,COURSE105,Assignment,70.0,2020-02-15
4263,1367,COURSE145,Midterm,68.0,2022-05-10
4264,1692,COURSE127,Final Exam,73.0,2021-08-18
4265,1899,COURSE62,Final Exam,90.0,2023-02-08
4266,1216,COURSE147,Quiz,84.0,2022-06-22
4267,2415,COURSE129,Midterm,96.0,2022-07-16
4268,1870,COURSE120,Final Exam,97.0,2024-02-23
4269,1222,COURSE112,Final Exam,64.0,2024-03-15
4270,2551,COURSE149,Final Exam,47.0,2023-11-20
4271,1342,COURSE95,Midterm,49.0,2023-04-05
4272,2338,COURSE112,Quiz,81.0,2022-02-25
4273,2505,COURSE107,Quiz,80.0,2022-05-01
4274,2514,COURSE117,Final Exam,85.0,2024-02-04
4275,2163,COURSE108,Assignment,77.0,2020-06-15
4276,2238,COURSE56,Midterm,73.0,2022-02-04
4277,1954,COURSE114,Assignment,88.0,2022-08-06
4278,2551,COURSE82,Midterm,71.0,2024-05-03
4279,1916,COURSE124,Assignment,86.0,2023-04-04
4280,2815,COURSE112,Assignment,74.0,2024-11-14
4281,1969,COURSE73,Midterm,55.0,2023-01-27
4282,1892,COURSE85,Assignment,81.0,2020-01-22
4283,1965,COURSE75,Quiz,53.0,2020-06-05
4284,1178,COURSE95,Quiz,93.0,2024-04-19
4285,2544,COURSE150,Final Exam,98.0,2022-08-05
4286,2819,COURSE81,Final Exam,75.0,2022-11-29
4287,1691,COURSE81,Midterm,89.0,2022-03-14
4288,2616,COURSE130,Final Exam,59.0,2022-02-11
4289,1603,COURSE79,Final Exam,79.0,2024-09-01
4290,2027,COURSE106,Assignment,77.0,2022-12-26
4291,1478,COURSE97,Final Exam,71.0,2022-01-09
4292,1353,COURSE84,Quiz,100.0,2020-03-25
4293,2146,COURSE88,Final Exam,84.0,2024-09-22
4294,2445,COURSE110,Quiz,77.0,2023-03-24
4295,1692,COURSE74,Assignment,78.0,2023-09-17
4296,1540,COURSE119,Final Exam,84.0,2024-01-15
4297,1547,COURSE133,Midterm,74.0,2024-06-21
4298,2895,COURSE133,Assignment,88.0,2021-01-25
4299,2384,COURSE65,Midterm,100.0,2021-08-11
4300,2387,COURSE137,Quiz,67.0,2022-07-20
4301,1929,COURSE124,Assignment,74.0,2020-11-18
4302,2259,COURSE102,Final Exam,94.0,2020-01-22
4303,1048,COURSE100,Final Exam,100.0,2024-09-29
4304,2791,COURSE133,Midterm,65.0,2024-07-22
4305,1821,COURSE131,Midterm,87.0,2020-03-21
4306,2612,COURSE139,Midterm,79.0,2024-09-23
4307,2443,COURSE100,Final Exam,86.0,2024-08-16
4308,1572,COURSE53,Midterm,79.0,2024-09-06
4309,2334,COURSE70,Assignment,79.0,2021-02-05
4310,1380,COURSE91,Final Exam,76.0,2024-03-19
4311,2772,COURSE86,Midterm,91.0,2024-03-31
4312,1347,COURSE84,Midterm,71.0,2021-05-20
4313,2210,COURSE73,Final Exam,92.0,2024-04-12
4314,1756,COURSE71,Quiz,82.0,2022-04-26
4315,1911,COURSE55,Midterm,90.0,2020-12-08
4316,1953,COURSE145,Quiz,81.0,2023-12-27
4317,2665,COURSE76,Quiz,49.0,2021-08-23
4318,2825,COURSE58,Quiz,68.0,2023-05-01
4319,2837,COURSE141,Final Exam,85.0,2021-09-14
4320,1875,COURSE79,Final Exam,89.0,2024-08-08
4321,2752,COURSE104,Assignment,64.0,2020-07-20
4322,1344,COURSE77,Midterm,71.0,2022-02-16
4323,2976,COURSE143,Quiz,57.0,2023-08-09
4324,2741,COURSE120,Quiz,79.0,2021-07-04
4325,2911,COURSE95,Final Exam,87.0,2024-02-12
4326,1121,COURSE86,Final Exam,84.0,2021-07-20
4327,1543,COURSE149,Assignment,79.0,2021-06-28
4328,1537,COURSE74,Final Exam,85.0,2023-10-14
4329,1367,COURSE117,Final Exam,73.0,2020-04-07
4330,2336,COURSE131,Final Exam,85.0,2020-01-03
4331,1072,COURSE68,Midterm,75.0,2022-06-22
4332,1382,COURSE66,Final Exam,74.0,2020-02-15
4333,2629,COURSE102,Assignment,78.0,2024-11-19
4334,1307,COURSE86,Assignment,93.0,2020-07-31
4335,2793,COURSE117,Final Exam,97.0,2024-06-01
4336,2492,COURSE127,Assignment,80.0,2020-10-04
4337,1089,COURSE74,Quiz,75.0,2024-11-30
4338,2685,COURSE73,Quiz,89.0,2024-04-26
4339,2606,COURSE65,Final Exam,71.0,2023-01-31
4340,1702,COURSE146,Final Exam,90.0,2021-07-23
4341,1730,COURSE115,Assignment,60.0,2022-12-30
4342,1028,COURSE93,Final Exam,85.0,2024-06-15
4343,2981,COURSE126,Assignment,71.0,2022-11-05
4344,2157,COURSE83,Final Exam,62.0,2020-10-11
4345,1941,COURSE116,Assignment,90.0,2023-08-27
4346,2426,COURSE119,Final Exam,79.0,2020-09-09
4347,2199,COURSE84,Assignment,90.0,2023-04-23
4348,2484,COURSE91,Assignment,74.0,2022-08-15
4349,1314,COURSE129,Final Exam,69.0,2022-11-12
4350,2169,COURSE115,Final Exam,66.0,2024-08-09
4351,1200,COURSE122,Quiz,77.0,2022-07-04
4352,1592,COURSE101,Midterm,77.0,2021-06-27
4353,1536,COURSE143,Assignment,83.0,2022-01-17
4354,1199,COURSE89,Assignment,100.0,2022-01-03
4355,2798,COURSE88,Quiz,67.0,2023-10-04
4356,1954,COURSE68,Final Exam,65.0,2021-09-24
4357,2133,COURSE101,Assignment,47.0,2023-02-21
4358,1109,COURSE57,Final Exam,74.0,2023-04-02
4359,1721,COURSE138,Assignment,59.0,2020-09-26
4360,1131,COURSE139,Final Exam,87.0,2023-02-12
4361,2176,COURSE74,Assignment,81.0,2024-02-21
4362,1260,COURSE92,Final Exam,80.0,2024-06-13
4363,2905,COURSE142,Quiz,55.0,2022-11-27
4364,2227,COURSE127,Quiz,81.0,2023-06-09
4365,1209,COURSE125,Midterm,79.0,2024-06-13
4366,2143,COURSE100,Quiz,83.0,2024-02-25
4367,1336,COURSE96,Assignment,77.0,2022-06-03
4368,2373,COURSE82,Midterm,78.0,2023-06-09
4369,1769,COURSE150,Midterm,79.0,2024-11-09
4370,2889,COURSE81,Quiz,82.0,2022-01-21
4371,2259,COURSE56,Quiz,91.0,2020-02-05
4372,2102,COURSE71,Midterm,67.0,2022-03-02
4373,2497,COURSE115,Quiz,68.0,2024-07-10
4374,2596,COURSE111,Midterm,72.0,2023-01-04
4375,2655,COURSE100,Final Exam,87.0,2024-12-14
4376,1301,COURSE134,Final Exam,88.0,2022-04-05
4377,2173,COURSE59,Assignment,100.0,2020-10-18
4378,1513,COURSE106,Assignment,84.0,2023-02-25
4379,1149,COURSE126,Quiz,84.0,2020-11-27
4380,1934,COURSE85,Quiz,73.0,2020-02-01
4381,1970,COURSE116,Assignment,83.0,2020-09-20
4382,2791,COURSE88,Quiz,91.0,2021-10-08
4383,2929,COURSE149,Final Exam,85.0,2022-08-03
4384,1126,COURSE96,Assignment,83.0,2023-10-12
4385,2649,COURSE53,Quiz,75.0,2020-07-25
4386,2234,COURSE106,Final Exam,83.0,2020-08-16
4387,1157,COURSE81,Assignment,85.0,2023-11-29
4388,1638,COURSE140,Midterm,92.0,2023-06-14
4389,2507,COURSE112,Quiz,49.0,2024-07-07
4390,2146,COURSE102,Midterm,96.0,2022-11-21
4391,2628,COURSE79,Midterm,79.0,2020-01-15
4392,1905,COURSE71,Assignment,67.0,2023-01-04
4393,1031,COURSE73,Quiz,95.0,2020-12-18
4394,1274,COURSE54,Final Exam,75.0,2024-02-15
4395,2032,COURSE110,Quiz,90.0,2023-08-15
4396,2496,COURSE53,Quiz,86.0,2023-03-29
4397,2594,COURSE142,Final Exam,63.0,2024-06-01
4398,2766,COURSE86,Midterm,85.0,2021-10-04
4399,1419,COURSE98,Final Exam,89.0,2024-05-05
4400,2136,COURSE54,Quiz,51.0,2021-09-22
4401,2993,COURSE115,Quiz,61.0,2021-04-25
4402,1040,COURSE67,Quiz,75.0,2021-08-24
4403,2742,COURSE120,Quiz,67.0,2024-11-24
4404,2329,COURSE84,Quiz,78.0,2023-09-02
4405,1472,COURSE147,Final Exam,58.0,2022-04-17
4406,1126,COURSE78,Assignment,70.0,2023-02-20
4407,1158,COURSE132,Midterm,70.0,2020-08-10
4408,2917,COURSE133,Final Exam,90.0,2021-05-29
4409,2407,COURSE56,Quiz,77.0,2021-04-12
4410,2230,COURSE52,Quiz,75.0,2024-06-13
4411,1685,COURSE120,Midterm,87.0,2024-02-01
4412,2835,COURSE120,Final Exam,93.0,2022-10-21
4413,1910,COURSE63,Quiz,69.0,2021-01-13
4414,1247,COURSE109,Assignment,70.0,2024-06-09
4415,1872,COURSE145,Final Exam,74.0,2021-09-26
4416,2411,COURSE69,Final Exam,82.0,2024-11-18
4417,2241,COURSE71,Midterm,82.0,2022-07-02
4418,2518,COURSE103,Midterm,76.0,2020-10-29
4419,1914,COURSE72,Final Exam,71.0,2020-07-29
4420,1823,COURSE86,Assignment,84.0,2024-01-10
4421,1347,COURSE134,Final Exam,75.0,2023-01-23
4422,2066,COURSE116,Assignment,63.0,2020-09-18
4423,1310,COURSE128,Midterm,75.0,2020-09-18
4424,2658,COURSE58,Midterm,70.0,2024-06-14
4425,2200,COURSE119,Assignment,78.0,2021-09-12
4426,2070,COURSE117,Quiz,65.0,2020-10-19
4427,1243,COURSE68,Assignment,70.0,2021-09-23
4428,1531,COURSE107,Midterm,79.0,2021-03-08
4429,2107,COURSE127,Final Exam,81.0,2023-11-15
4430,2608,COURSE78,Final Exam,91.0,2020-12-06
4431,2473,COURSE70,Final Exam,94.0,2022-09-14
4432,1538,COURSE109,Midterm,100.0,2024-07-02
4433,1757,COURSE67,Final Exam,78.0,2024-06-10
4434,2705,COURSE81,Assignment,93.0,2023-03-28
4435,1907,COURSE148,Quiz,89.0,2021-03-10
4436,1685,COURSE112,Final Exam,67.0,2024-04-15
4437,2949,COURSE73,Midterm,90.0,2023-06-04
4438,2056,COURSE147,Quiz,71.0,2024-02-14
4439,1113,COURSE74,Assignment,81.0,2020-04-14
4440,1531,COURSE56,Final Exam,78.0,2020-09-19
4441,1576,COURSE57,Final Exam,77.0,2022-08-17
4442,2458,COURSE92,Quiz,92.0,2022-09-06
4443,1495,COURSE76,Final Exam,91.0,2021-10-23
4444,1480,COURSE88,Assignment,98.0,2021-12-10
4445,2755,COURSE117,Assignment,92.0,2021-03-29
4446,1685,COURSE86,Quiz,75.0,2022-01-11
4447,2262,COURSE110,Midterm,92.0,2024-05-23
4448,1527,COURSE78,Midterm,79.0,2024-09-09
4449,1162,COURSE106,Quiz,84.0,2020-08-25
4450,2160,COURSE130,Midterm,79.0,2022-09-24
4451,2651,COURSE74,Quiz,73.0,2020-07-07
4452,1112,COURSE132,Final Exam,71.0,2024-06-25
4453,2596,COURSE145,Quiz,74.0,2023-08-31
4454,1399,COURSE87,Final Exam,76.0,2020-05-26
4455,2913,COURSE76,Assignment,73.0,2021-09-12
4456,2973,COURSE116,Assignment,89.0,2022-11-10
4457,2454,COURSE133,Quiz,65.0,2023-03-06
4458,2790,COURSE72,Final Exam,96.0,2021-09-21
4459,2935,COURSE93,Midterm,92.0,2023-01-27
4460,1798,COURSE57,Assignment,73.0,2024-05-08
4461,1860,COURSE144,Final Exam,77.0,2023-08-11
4462,2352,COURSE78,Final Exam,77.0,2021-10-30
4463,2085,COURSE134,Assignment,95.0,2024-05-16
4464,2608,COURSE61,Quiz,78.0,2023-01-27
4465,1610,COURSE97,Midterm,70.0,2021-04-28
4466,1363,COURSE106,Assignment,78.0,2021-11-01
4467,2211,COURSE110,Midterm,79.0,2023-05-26
4468,1217,COURSE63,Final Exam,70.0,2020-12-04
4469,2785,COURSE69,Quiz,74.0,2024-10-15
4470,1769,COURSE66,Assignment,77.0,2022-01-15
4471,2798,COURSE94,Quiz,79.0,2024-02-27
4472,2958,COURSE143,Assignment,85.0,2021-07-04
4473,2956,COURSE106,Midterm,60.0,2024-02-20
4474,2426,COURSE68,Assignment,97.0,2020-05-15
4475,2317,COURSE107,Quiz,87.0,2021-08-03
4476,2370,COURSE127,Midterm,63.0,2022-07-26
4477,1766,COURSE150,Midterm,84.0,2020-11-05
4478,2039,COURSE143,Quiz,82.0,2024-07-04
4479,2689,COURSE136,Midterm,67.0,2022-11-29
4480,2311,COURSE123,Assignment,59.0,2023-01-22
4481,1579,COURSE95,Quiz,82.0,2021-04-06
4482,1935,COURSE103,Assignment,85.0,2021-02-14
4483,2940,COURSE141,Final Exam,71.0,2023-02-19
4484,1851,COURSE56,Final Exam,78.0,2024-09-16
4485,1104,COURSE130,Assignment,91.0,2023-05-27
4486,2588,COURSE67,Midterm,80.0,2020-01-12
4487,1257,COURSE147,Assignment,79.0,2022-05-23
4488,1532,COURSE80,Final Exam,89.0,2023-01-06
4489,1412,COURSE95,Assignment,85.0,2023-02-28
4490,1827,COURSE72,Assignment,73.0,2021-10-11
4491,2032,COURSE90,Quiz,90.0,2023-07-06
4492,1759,COURSE66,Assignment,93.0,2024-07-02
4493,1854,COURSE130,Quiz,68.0,2024-11-28
4494,2429,COURSE135,Assignment,74.0,2024-07-21
4495,2367,COURSE132,Midterm,100.0,2023-02-01
4496,2955,COURSE122,Quiz,71.0,2021-05-18
4497,1364,COURSE142,Quiz,71.0,2021-10-01
4498,2749,COURSE65,Midterm,83.0,2021-07-21
4499,1059,COURSE144,Assignment,74.0,2020-06-25
4500,1134,COURSE139,Midterm,80.0,2023-09-03
4501,2352,COURSE129,Quiz,77.0,2023-04-23
4502,1800,COURSE96,Final Exam,100.0,2021-09-11
4503,1280,COURSE71,Final Exam,100.0,2023-07-05
4504,1009,COURSE105,Final Exam,100.0,2023-01-12
4505,1953,COURSE109,Final Exam,80.0,2021-07-08
4506,2026,COURSE77,Quiz,89.0,2021-05-24
4507,1450,COURSE139,Assignment,100.0,2020-01-23
4508,2150,COURSE95,Final Exam,92.0,2024-02-13
4509,1640,COURSE111,Final Exam,75.0,2020-03-08
4510,1145,COURSE122,Quiz,79.0,2024-11-16
4511,1364,COURSE62,Assignment,90.0,2021-08-10
4512,2744,COURSE96,Assignment,96.0,2024-01-07
4513,1257,COURSE60,Final Exam,80.0,2023-11-03
4514,1608,COURSE148,Midterm,93.0,2021-02-20
4515,1888,COURSE101,Midterm,65.0,2022-03-31
4516,2932,COURSE116,Final Exam,99.0,2024-04-29
4517,1810,COURSE69,Quiz,65.0,2020-09-26
4518,2170,COURSE133,Quiz,82.0,2023-08-21
4519,2343,COURSE130,Final Exam,76.0,2024-04-29
4520,1632,COURSE90,Assignment,79.0,2021-01-21
4521,1180,COURSE121,Assignment,69.0,2023-03-26
4522,2075,COURSE67,Final Exam,85.0,2021-05-29
4523,2373,COURSE54,Final Exam,87.0,2021-09-24
4524,2512,COURSE125,Quiz,75.0,2021-09-07
4525,1810,COURSE67,Final Exam,94.0,2023-03-25
4526,1746,COURSE73,Midterm,75.0,2023-08-17
4527,1240,COURSE132,Final Exam,76.0,2024-08-04
4528,1605,COURSE128,Final Exam,83.0,2021-01-16
4529,2703,COURSE62,Final Exam,88.0,2021-09-12
4530,2437,COURSE128,Quiz,87.0,2020-03-09
4531,1394,COURSE100,Final Exam,63.0,2020-04-25
4532,1099,COURSE125,Assignment,71.0,2021-02-17
4533,2226,COURSE142,Assignment,86.0,2021-01-09
4534,2283,COURSE114,Assignment,91.0,2021-09-14
4535,3000,COURSE126,Assignment,69.0,2024-12-09
4536,2291,COURSE58,Assignment,69.0,2022-11-23
4537,2263,COURSE55,Midterm,88.0,2020-04-07
4538,2119,COURSE66,Quiz,76.0,2020-05-13
4539,1774,COURSE89,Assignment,71.0,2020-11-27
4540,1498,COURSE129,Final Exam,85.0,2021-05-20
4541,1456,COURSE88,Final Exam,72.0,2020-12-29
4542,2796,COURSE73,Final Exam,73.0,2024-09-27
4543,2343,COURSE126,Assignment,88.0,2024-12-16
4544,1007,COURSE117,Final Exam,63.0,2023-10-30
4545,2975,COURSE86,Quiz,95.0,2021-01-25
4546,2478,COURSE64,Quiz,97.0,2023-05-09
4547,1094,COURSE81,Final Exam,77.0,2020-08-10
4548,1637,COURSE130,Quiz,84.0,2022-04-02
4549,2382,COURSE64,Assignment,68.0,2022-06-09
4550,2466,COURSE147,Assignment,84.0,2023-07-03
4551,1452,COURSE79,Final Exam,75.0,2020-06-10
4552,2950,COURSE136,Assignment,100.0,2024-04-10
4553,2183,COURSE148,Midterm,64.0,2021-02-09
4554,1552,COURSE101,Final Exam,63.0,2024-04-25
4555,2915,COURSE51,Quiz,81.0,2020-03-16
4556,2103,COURSE59,Assignment,75.0,2023-03-16
4557,1776,COURSE56,Final Exam,89.0,2023-01-23
4558,2064,COURSE61,Midterm,79.0,2020-08-13
4559,1046,COURSE123,Assignment,64.0,2024-01-15
4560,1831,COURSE135,Midterm,70.0,2021-06-03
4561,1154,COURSE53,Midterm,100.0,2022-07-13
4562,2193,COURSE108,Assignment,75.0,2022-03-02
4563,1572,COURSE117,Midterm,79.0,2023-07-24
4564,1235,COURSE66,Quiz,78.0,2024-08-04
4565,2349,COURSE81,Final Exam,81.0,2020-05-03
4566,2796,COURSE67,Quiz,100.0,2021-02-22
4567,1879,COURSE119,Midterm,82.0,2024-05-31
4568,2304,COURSE145,Quiz,90.0,2024-09-02
4569,1127,COURSE114,Assignment,81.0,2020-01-31
4570,1469,COURSE80,Assignment,85.0,2024-12-06
4571,2599,COURSE82,Midterm,74.0,2024-02-20
4572,1098,COURSE144,Assignment,89.0,2023-10-12
4573,2871,COURSE64,Midterm,76.0,2021-09-20
4574,1625,COURSE129,Assignment,89.0,2021-01-12
4575,1580,COURSE80,Midterm,96.0,2021-01-02
4576,2256,COURSE122,Quiz,69.0,2023-07-14
4577,2077,COURSE64,Final Exam,77.0,2023-09-27
4578,2966,COURSE109,Quiz,67.0,2022-07-05
4579,2557,COURSE68,Midterm,74.0,2020-03-19
4580,2156,COURSE140,Final Exam,71.0,2023-04-06
4581,1545,COURSE103,Midterm,64.0,2020-01-30
4582,1014,COURSE94,Final Exam,79.0,2024-12-07
4583,2585,COURSE79,Midterm,76.0,2024-07-25
4584,2685,COURSE61,Assignment,64.0,2020-04-15
4585,2186,COURSE113,Final Exam,79.0,2020-07-14
4586,2831,COURSE146,Assignment,87.0,2021-07-10
4587,2341,COURSE94,Midterm,72.0,2020-04-08
4588,1497,COURSE130,Final Exam,96.0,2023-03-17
4589,2684,COURSE116,Final Exam,83.0,2020-08-27
4590,2236,COURSE106,Midterm,69.0,2024-01-18
4591,1041,COURSE90,Assignment,82.0,2022-09-06
4592,1348,COURSE52,Assignment,91.0,2024-06-06
4593,2882,COURSE128,Midterm,98.0,2022-04-30
4594,2647,COURSE129,Quiz,78.0,2024-07-07
4595,1845,COURSE120,Assignment,68.0,2022-10-04
4596,1256,COURSE90,Midterm,82.0,2022-03-27
4597,2190,COURSE55,Assignment,97.0,2021-06-02
4598,1513,COURSE122,Midterm,74.0,2024-04-27
4599,1710,COURSE73,Assignment,83.0,2020-04-08
4600,2976,COURSE112,Assignment,69.0,2023-06-14
4601,2200,COURSE55,Final Exam,74.0,2022-05-28
4602,2811,COURSE115,Quiz,79.0,2023-07-07
4603,2404,COURSE54,Assignment,80.0,2022-08-06
4604,1990,COURSE97,Midterm,95.0,2022-02-22
4605,2907,COURSE120,Midterm,91.0,2024-10-03
4606,1459,COURSE107,Final Exam,82.0,2022-09-13
4607,2510,COURSE54,Assignment,88.0,2024-07-18
4608,1440,COURSE116,Quiz,80.0,2021-01-26
4609,2557,COURSE57,Assignment,75.0,2024-02-09
4610,1291,COURSE105,Assignment,78.0,2020-03-24
4611,1691,COURSE123,Assignment,88.0,2023-11-15
4612,1970,COURSE73,Quiz,74.0,2020-01-06
4613,1586,COURSE126,Final Exam,63.0,2021-10-27
4614,1790,COURSE84,Quiz,80.0,2023-02-05
4615,2131,COURSE76,Midterm,79.0,2020-03-06
4616,1654,COURSE91,Final Exam,75.0,2023-01-15
4617,2307,COURSE51,Assignment,80.0,2021-02-05
4618,1016,COURSE76,Quiz,68.0,2024-09-14
4619,2847,COURSE73,Assignment,54.0,2020-08-21
4620,1721,COURSE85,Assignment,87.0,2022-02-01
4621,2205,COURSE115,Assignment,100.0,2024-09-26
4622,2449,COURSE53,Midterm,82.0,2020-05-21
4623,2228,COURSE134,Midterm,66.0,2023-08-04
4624,2229,COURSE89,Midterm,70.0,2024-02-06
4625,2597,COURSE146,Quiz,78.0,2024-10-16
4626,2628,COURSE84,Assignment,86.0,2022-11-08
4627,1878,COURSE68,Final Exam,89.0,2020-09-04
4628,1989,COURSE139,Final Exam,67.0,2023-06-04
4629,1909,COURSE70,Quiz,88.0,2020-12-16
4630,1204,COURSE101,Final Exam,87.0,2020-12-15
4631,2258,COURSE138,Quiz,60.0,2024-02-08
4632,2397,COURSE142,Assignment,91.0,2024-11-16
4633,2979,COURSE101,Quiz,75.0,2022-05-20
4634,1879,COURSE147,Final Exam,94.0,2023-09-11
4635,1133,COURSE113,Final Exam,85.0,2020-02-17
4636,1673,COURSE129,Midterm,100.0,2024-01-24
4637,1150,COURSE68,Midterm,70.0,2022-01-20
4638,1294,COURSE96,Assignment,90.0,2022-07-15
4639,1145,COURSE79,Midterm,59.0,2022-04-16
4640,1933,COURSE112,Final Exam,82.0,2023-02-23
4641,2910,COURSE74,Final Exam,69.0,2024-02-21
4642,1486,COURSE104,Quiz,83.0,2024-09-20
4643,2679,COURSE73,Quiz,80.0,2021-08-26
4644,1847,COURSE69,Final Exam,55.0,2020-02-27
4645,1437,COURSE55,Assignment,89.0,2020-06-16
4646,2344,COURSE115,Midterm,88.0,2020-06-29
4647,2529,COURSE71,Midterm,81.0,2020-08-27
4648,1989,COURSE133,Midterm,80.0,2023-08-25
4649,2224,COURSE77,Quiz,88.0,2020-02-01
4650,1326,COURSE126,Final Exam,81.0,2021-12-23
4651,1629,COURSE93,Assignment,83.0,2021-06-15
4652,2897,COURSE114,Quiz,89.0,2024-08-23
4653,1187,COURSE114,Final Exam,83.0,2024-08-24
4654,1007,COURSE101,Quiz,78.0,2023-05-14
4655,2673,COURSE53,Final Exam,100.0,2023-05-14
4656,2942,COURSE79,Midterm,80.0,2022-04-21
4657,1026,COURSE79,Assignment,58.0,2024-04-01
4658,1582,COURSE108,Final Exam,81.0,2024-05-16
4659,1151,COURSE105,Final Exam,77.0,2023-01-24
4660,2765,COURSE137,Midterm,71.0,2021-10-23
4661,2286,COURSE93,Assignment,83.0,2020-02-02
4662,2127,COURSE96,Final Exam,70.0,2022-11-28
4663,2712,COURSE109,Quiz,54.0,2022-06-17
4664,2606,COURSE96,Assignment,79.0,2022-04-06
4665,2815,COURSE137,Quiz,88.0,2024-06-07
4666,2330,COURSE149,Quiz,87.0,2020-05-15
4667,1342,COURSE109,Final Exam,81.0,2020-10-13
4668,1525,COURSE62,Midterm,74.0,2022-03-04
4669,1549,COURSE104,Midterm,76.0,2023-04-19
4670,1636,COURSE93,Assignment,81.0,2023-09-15
4671,2297,COURSE109,Final Exam,86.0,2021-04-17
4672,1260,COURSE142,Midterm,99.0,2023-10-25
4673,1697,COURSE143,Final Exam,77.0,2024-08-05
4674,1346,COURSE114,Quiz,93.0,2023-05-14
4675,2026,COURSE97,Quiz,82.0,2020-06-03
4676,1508,COURSE78,Final Exam,80.0,2024-04-02
4677,1006,COURSE139,Final Exam,88.0,2022-10-02
4678,1623,COURSE107,Quiz,69.0,2024-12-10
4679,1695,COURSE119,Assignment,74.0,2023-09-29
4680,1003,COURSE122,Final Exam,67.0,2020-03-21
4681,1281,COURSE98,Quiz,92.0,2023-02-15
4682,2480,COURSE82,Assignment,81.0,2020-03-27
4683,2365,COURSE66,Quiz,83.0,2023-07-28
4684,1881,COURSE107,Final Exam,74.0,2023-10-21
4685,2899,COURSE106,Quiz,85.0,2024-05-15
4686,1800,COURSE57,Quiz,90.0,2023-11-23
4687,1764,COURSE131,Quiz,65.0,2023-03-04
4688,1108,COURSE94,Quiz,72.0,2022-06-27
4689,1500,COURSE98,Final Exam,70.0,2023-05-09
4690,1844,COURSE62,Assignment,76.0,2020-03-15
4691,2365,COURSE110,Assignment,85.0,2020-07-22
4692,1037,COURSE144,Quiz,91.0,2023-07-25
4693,2540,COURSE58,Assignment,86.0,2022-09-05
4694,2430,COURSE51,Final Exam,75.0,2020-03-31
4695,1647,COURSE145,Quiz,78.0,2020-09-25
4696,1870,COURSE90,Quiz,92.0,2020-11-10
4697,2981,COURSE107,Final Exam,83.0,2020-01-26
4698,2029,COURSE54,Final Exam,87.0,2024-11-20
4699,2289,COURSE54,Assignment,85.0,2023-02-14
4700,2144,COURSE90,Quiz,71.0,2024-04-12
4701,1721,COURSE129,Assignment,62.0,2020-01-23
4702,2041,COURSE52,Final Exam,65.0,2022-06-18
4703,2347,COURSE62,Assignment,98.0,2024-03-12
4704,1131,COURSE146,Assignment,62.0,2021-11-05
4705,2332,COURSE118,Assignment,74.0,2023-01-02
4706,1033,COURSE140,Quiz,86.0,2020-08-13
4707,2954,COURSE68,Final Exam,79.0,2024-04-05
4708,2478,COURSE56,Midterm,64.0,2020-11-28
4709,1106,COURSE53,Assignment,74.0,2024-02-22
4710,1295,COURSE53,Final Exam,80.0,2021-09-25
4711,2797,COURSE105,Midterm,80.0,2023-11-17
4712,2134,COURSE76,Final Exam,65.0,2023-06-26
4713,1158,COURSE55,Final Exam,79.0,2022-09-23
4714,1727,COURSE100,Midterm,89.0,2021-02-16
4715,1969,COURSE85,Assignment,68.0,2024-11-21
4716,2814,COURSE150,Final Exam,64.0,2020-11-15
4717,1046,COURSE137,Midterm,84.0,2023-05-10
4718,2009,COURSE104,Quiz,67.0,2023-10-24
4719,1693,COURSE95,Assignment,80.0,2023-10-18
4720,1766,COURSE74,Quiz,63.0,2023-12-27
4721,2334,COURSE83,Midterm,80.0,2024-10-17
4722,2093,COURSE125,Final Exam,83.0,2022-09-10
4723,1441,COURSE83,Midterm,72.0,2024-01-22
4724,2745,COURSE148,Quiz,74.0,2024-01-06
4725,2761,COURSE72,Quiz,67.0,2024-02-15
4726,2813,COURSE61,Final Exam,72.0,2021-04-07
4727,1256,COURSE94,Final Exam,87.0,2023-07-07
4728,1222,COURSE58,Midterm,82.0,2023-05-24
4729,1435,COURSE85,Final Exam,86.0,2020-01-13
4730,1897,COURSE85,Quiz,85.0,2023-07-24
4731,2018,COURSE61,Midterm,85.0,2024-04-27
4732,2991,COURSE104,Quiz,100.0,2020-02-05
4733,2382,COURSE63,Midterm,91.0,2023-08-04
4734,2897,COURSE63,Midterm,63.0,2021-12-18
4735,2084,COURSE82,Midterm,100.0,2021-04-05
4736,2577,COURSE118,Quiz,87.0,2021-06-08
4737,1110,COURSE63,Midterm,71.0,2022-06-01
4738,1523,COURSE81,Assignment,80.0,2020-02-12
4739,1400,COURSE64,Midterm,73.0,2024-05-08
4740,2881,COURSE110,Quiz,77.0,2024-07-01
4741,1275,COURSE60,Quiz,72.0,2024-01-24
4742,2910,COURSE150,Quiz,95.0,2023-06-21
4743,2677,COURSE150,Final Exam,81.0,2020-03-03
4744,2094,COURSE65,Midterm,79.0,2023-01-27
4745,2462,COURSE63,Final Exam,87.0,2022-03-24
4746,1819,COURSE91,Assignment,85.0,2024-09-12
4747,1006,COURSE61,Midterm,72.0,2023-09-08
4748,1963,COURSE137,Quiz,71.0,2023-08-13
4749,1593,COURSE95,Final Exam,98.0,2023-08-09
4750,2754,COURSE67,Assignment,73.0,2020-11-21
4751,2782,COURSE143,Midterm,64.0,2024-07-15
4752,1215,COURSE68,Assignment,76.0,2021-01-04
4753,1182,COURSE129,Midterm,69.0,2022-01-22
4754,2993,COURSE51,Midterm,73.0,2023-06-28
4755,1099,COURSE78,Final Exam,72.0,2023-07-24
4756,1549,COURSE85,Assignment,97.0,2024-02-15
4757,1414,COURSE94,Quiz,65.0,2024-12-26
4758,1761,COURSE60,Quiz,82.0,2021-11-11
4759,2806,COURSE126,Assignment,88.0,2020-07-25
4760,2547,COURSE117,Quiz,62.0,2022-02-12
4761,2046,COURSE123,Midterm,68.0,2024-02-20
4762,1549,COURSE106,Midterm,73.0,2022-05-06
4763,1289,COURSE66,Final Exam,62.0,2024-07-18
4764,2556,COURSE100,Quiz,56.0,2022-01-02
4765,2290,COURSE141,Assignment,89.0,2024-02-07
4766,2141,COURSE92,Final Exam,90.0,2023-08-25
4767,1901,COURSE56,Midterm,91.0,2021-06-11
4768,2259,COURSE101,Final Exam,83.0,2020-10-29
4769,2913,COURSE66,Midterm,86.0,2021-04-18
4770,1937,COURSE89,Midterm,100.0,2024-12-23
4771,1257,COURSE119,Assignment,92.0,2024-11-17
4772,1590,COURSE103,Quiz,61.0,2022-01-11
4773,2147,COURSE136,Final Exam,77.0,2020-11-17
4774,1360,COURSE106,Final Exam,76.0,2023-02-18
4775,2252,COURSE94,Midterm,90.0,2024-04-26
4776,1318,COURSE124,Final Exam,88.0,2021-08-30
4777,1084,COURSE107,Quiz,64.0,2020-11-30
4778,2070,COURSE115,Midterm,100.0,2024-04-06
4779,2618,COURSE150,Midterm,83.0,2024-04-25
4780,2205,COURSE125,Assignment,75.0,2020-07-18
4781,1137,COURSE103,Final Exam,70.0,2021-09-10
4782,1881,COURSE70,Assignment,73.0,2022-01-24
4783,2278,COURSE71,Final Exam,75.0,2023-07-07
4784,2282,COURSE114,Assignment,91.0,2023-06-27
4785,1793,COURSE79,Assignment,72.0,2024-09-19
4786,1239,COURSE150,Final Exam,74.0,2024-05-09
4787,2613,COURSE52,Midterm,85.0,2022-07-23
4788,2572,COURSE65,Assignment,70.0,2022-10-06
4789,1555,COURSE99,Quiz,61.0,2020-08-27
4790,1548,COURSE77,Final Exam,66.0,2023-02-25
4791,1269,COURSE136,Quiz,65.0,2024-07-26
4792,1704,COURSE103,Midterm,77.0,2021-05-01
4793,2572,COURSE135,Quiz,72.0,2024-01-13
4794,1366,COURSE54,Quiz,87.0,2020-02-10
4795,1035,COURSE78,Midterm,71.0,2024-03-02
4796,1456,COURSE102,Quiz,81.0,2024-03-14
4797,2256,COURSE91,Quiz,78.0,2024-12-24
4798,1293,COURSE103,Assignment,85.0,2022-06-29
4799,1334,COURSE74,Assignment,76.0,2020-11-07
4800,2638,COURSE53,Quiz,57.0,2022-02-13
4801,1293,COURSE109,Assignment,96.0,2024-03-09
4802,2595,COURSE94,Quiz,72.0,2023-03-08
4803,2036,COURSE114,Quiz,85.0,2020-04-20
4804,2697,COURSE145,Midterm,80.0,2020-08-15
4805,2464,COURSE118,Final Exam,72.0,2021-01-30
4806,2495,COURSE111,Assignment,85.0,2021-05-20
4807,1940,COURSE134,Final Exam,80.0,2023-12-13
4808,2295,COURSE148,Midterm,100.0,2022-02-01
4809,1013,COURSE128,Final Exam,69.0,2023-03-18
4810,1356,COURSE141,Midterm,69.0,2022-07-23
4811,1742,COURSE67,Quiz,72.0,2024-11-13
4812,1429,COURSE148,Quiz,98.0,2021-09-22
4813,2817,COURSE71,Quiz,87.0,2024-08-06
4814,1019,COURSE93,Midterm,71.0,2022-02-18
4815,2001,COURSE123,Quiz,86.0,2022-06-02
4816,1707,COURSE146,Midterm,56.0,2020-05-18
4817,2589,COURSE61,Quiz,80.0,2022-01-05
4818,1759,COURSE130,Midterm,77.0,2021-02-12
4819,2490,COURSE120,Quiz,79.0,2022-11-19
4820,2548,COURSE79,Assignment,71.0,2024-02-08
4821,1496,COURSE71,Final Exam,61.0,2024-01-21
4822,1107,COURSE121,Midterm,60.0,2020-07-27
4823,2565,COURSE147,Midterm,92.0,2022-02-20
4824,2229,COURSE81,Midterm,90.0,2024-02-15
4825,2915,COURSE140,Quiz,84.0,2024-12-23
4826,1728,COURSE84,Final Exam,79.0,2024-03-25
4827,2914,COURSE96,Assignment,100.0,2024-01-19
4828,1288,COURSE73,Quiz,87.0,2024-01-29
4829,2468,COURSE57,Midterm,78.0,2023-11-09
4830,2301,COURSE59,Assignment,94.0,2021-06-25
4831,1392,COURSE119,Assignment,68.0,2024-03-28
4832,2837,COURSE114,Midterm,79.0,2021-10-26
4833,1895,COURSE133,Assignment,80.0,2024-04-08
4834,1447,COURSE130,Quiz,69.0,2022-06-15
4835,1276,COURSE64,Midterm,77.0,2022-01-15
4836,1718,COURSE76,Final Exam,70.0,2020-06-24
4837,2703,COURSE123,Assignment,78.0,2020-01-14
4838,1439,COURSE135,Quiz,91.0,2023-02-24
4839,2246,COURSE78,Midterm,81.0,2020-03-12
4840,1258,COURSE86,Quiz,91.0,2024-11-24
4841,2077,COURSE132,Quiz,80.0,2024-08-20
4842,1068,COURSE125,Quiz,64.0,2021-09-26
4843,2515,COURSE75,Quiz,58.0,2023-09-14
4844,2587,COURSE58,Final Exam,71.0,2020-09-18
4845,1649,COURSE143,Assignment,62.0,2023-03-05
4846,2061,COURSE144,Quiz,95.0,2020-11-13
4847,2213,COURSE105,Final Exam,58.0,2020-04-19
4848,1162,COURSE143,Midterm,74.0,2022-01-22
4849,1096,COURSE77,Quiz,69.0,2024-02-22
4850,2508,COURSE132,Midterm,54.0,2021-03-05
4851,2128,COURSE137,Assignment,95.0,2024-05-27
4852,1697,COURSE140,Assignment,91.0,2020-01-23
4853,2670,COURSE144,Final Exam,62.0,2023-04-25
4854,1538,COURSE116,Quiz,74.0,2023-07-02
4855,1986,COURSE59,Midterm,76.0,2021-07-15
4856,2085,COURSE129,Quiz,72.0,2021-01-03
4857,2566,COURSE62,Quiz,95.0,2024-09-02
4858,2652,COURSE65,Final Exam,94.0,2024-09-22
4859,2271,COURSE135,Quiz,99.0,2024-02-04
4860,1497,COURSE138,Assignment,100.0,2024-02-27
4861,2548,COURSE102,Assignment,90.0,2023-03-04
4862,1528,COURSE58,Final Exam,59.0,2022-06-05
4863,1136,COURSE110,Assignment,83.0,2022-05-17
4864,1827,COURSE100,Midterm,65.0,2021-07-01
4865,2262,COURSE123,Midterm,83.0,2022-12-09
4866,2161,COURSE74,Assignment,96.0,2023-10-19
4867,1869,COURSE138,Midterm,88.0,2024-03-14
4868,1842,COURSE104,Assignment,92.0,2023-08-25
4869,2908,COURSE114,Midterm,77.0,2024-09-19
4870,2400,COURSE140,Assignment,85.0,2024-08-06
4871,2264,COURSE55,Assignment,79.0,2023-04-25
4872,2806,COURSE131,Final Exam,72.0,2020-04-10
4873,1572,COURSE64,Midterm,88.0,2024-12-01
4874,2473,COURSE68,Quiz,70.0,2020-04-25
4875,1920,COURSE145,Midterm,86.0,2023-06-13
4876,2226,COURSE150,Final Exam,62.0,2023-07-23
4877,1017,COURSE135,Final Exam,70.0,2021-06-03
4878,2823,COURSE109,Assignment,81.0,2024-12-09
4879,2680,COURSE86,Final Exam,75.0,2022-04-02
4880,2505,COURSE68,Assignment,88.0,2023-01-30
4881,2596,COURSE103,Midterm,97.0,2024-05-06
4882,2549,COURSE97,Quiz,77.0,2023-01-23
4883,1116,COURSE147,Assignment,86.0,2021-08-02
4884,2363,COURSE56,Midterm,81.0,2024-10-17
4885,2848,COURSE127,Quiz,71.0,2023-09-12
4886,2018,COURSE149,Assignment,88.0,2024-09-21
4887,1004,COURSE127,Assignment,90.0,2022-12-03
4888,2581,COURSE68,Assignment,89.0,2024-09-18
4889,1808,COURSE102,Assignment,100.0,2021-05-10
4890,1950,COURSE63,Midterm,68.0,2022-11-20
4891,1903,COURSE129,Quiz,82.0,2020-04-19
4892,1152,COURSE83,Final Exam,80.0,2024-10-14
4893,1174,COURSE133,Assignment,93.0,2022-05-23
4894,1414,COURSE123,Assignment,72.0,2024-06-19
4895,1147,COURSE110,Quiz,92.0,2020-01-18
4896,1727,COURSE97,Final Exam,75.0,2024-03-01
4897,1044,COURSE126,Quiz,88.0,2022-06-20
4898,2804,COURSE65,Quiz,81.0,2023-07-29
4899,1297,COURSE122,Midterm,90.0,2020-11-13
4900,1346,COURSE100,Final Exam,85.0,2020-03-23
4901,1492,COURSE149,Final Exam,70.0,2021-01-18
4902,2696,COURSE82,Midterm,67.0,2020-07-15
4903,1712,COURSE89,Final Exam,54.0,2020-08-18
4904,1475,COURSE105,Final Exam,79.0,2024-07-16
4905,1068,COURSE92,Quiz,74.0,2020-07-16
4906,2936,COURSE90,Quiz,69.0,2022-09-30
4907,2056,COURSE107,Final Exam,90.0,2022-09-27
4908,2670,COURSE111,Quiz,74.0,2020-12-23
4909,1127,COURSE141,Midterm,80.0,2023-10-03
4910,2221,COURSE89,Final Exam,92.0,2022-07-20
4911,1250,COURSE58,Final Exam,78.0,2021-02-13
4912,1699,COURSE136,Midterm,72.0,2021-09-17
4913,1731,COURSE103,Final Exam,77.0,2024-05-23
4914,2344,COURSE117,Final Exam,70.0,2021-08-15
4915,2452,COURSE58,Midterm,93.0,2023-03-27
4916,1312,COURSE63,Assignment,69.0,2020-09-03
4917,2302,COURSE76,Midterm,66.0,2023-02-18
4918,2956,COURSE62,Quiz,76.0,2020-09-24
4919,2841,COURSE106,Assignment,86.0,2021-07-23
4920,2367,COURSE104,Midterm,66.0,2020-05-17
4921,2562,COURSE126,Assignment,94.0,2021-06-25
4922,1536,COURSE118,Assignment,82.0,2021-06-26
4923,2779,COURSE78,Final Exam,87.0,2021-12-11
4924,2482,COURSE94,Midterm,81.0,2024-09-23
4925,1235,COURSE91,Assignment,81.0,2021-05-19
4926,2673,COURSE148,Final Exam,92.0,2023-11-19
4927,1025,COURSE117,Midterm,85.0,2020-04-02
4928,2390,COURSE64,Midterm,76.0,2023-12-14
4929,2259,COURSE64,Quiz,82.0,2024-12-20
4930,2785,COURSE92,Midterm,76.0,2023-02-10
4931,1586,COURSE52,Midterm,88.0,2022-02-01
4932,2542,COURSE76,Final Exam,77.0,2024-07-19
4933,2031,COURSE74,Final Exam,72.0,2021-03-02
4934,2284,COURSE145,Final Exam,60.0,2021-07-17
4935,1617,COURSE87,Final Exam,100.0,2020-09-19
4936,1838,COURSE138,Assignment,90.0,2022-10-12
4937,2905,COURSE146,Final Exam,71.0,2023-07-29
4938,2632,COURSE130,Quiz,80.0,2023-09-12
4939,2061,COURSE70,Final Exam,54.0,2020-07-03
4940,2948,COURSE72,Final Exam,91.0,2020-02-24
4941,1280,COURSE129,Midterm,83.0,2023-11-23
4942,2165,COURSE85,Quiz,90.0,2021-02-24
4943,2590,COURSE96,Assignment,82.0,2020-04-21
4944,2498,COURSE131,Assignment,75.0,2020-12-02
4945,2093,COURSE67,Midterm,74.0,2023-03-15
4946,2882,COURSE66,Final Exam,76.0,2022-08-14
4947,1002,COURSE94,Quiz,93.0,2021-08-26
4948,2221,COURSE115,Quiz,54.0,2021-01-26
4949,2058,COURSE92,Assignment,94.0,2021-04-22
4950,1822,COURSE68,Midterm,89.0,2024-03-25
4951,1295,COURSE66,Assignment,73.0,2021-01-24
4952,1521,COURSE140,Final Exam,92.0,2024-12-18
4953,1630,COURSE68,Final Exam,65.0,2021-04-15
4954,2844,COURSE68,Midterm,88.0,2023-01-14
4955,2106,COURSE78,Quiz,77.0,2021-11-06
4956,2454,COURSE127,Quiz,90.0,2023-09-23
4957,2924,COURSE66,Final Exam,78.0,2024-08-01
4958,1459,COURSE145,Quiz,81.0,2021-02-23
4959,2960,COURSE67,Quiz,80.0,2022-06-27
4960,1108,COURSE74,Quiz,67.0,2023-09-12
4961,2507,COURSE117,Assignment,84.0,2022-04-19
4962,2104,COURSE54,Final Exam,84.0,2023-10-11
4963,1030,COURSE57,Assignment,64.0,2024-09-25
4964,2489,COURSE102,Quiz,72.0,2024-06-25
4965,2339,COURSE132,Final Exam,82.0,2022-01-07
4966,1535,COURSE121,Quiz,95.0,2024-05-02
4967,2351,COURSE110,Quiz,80.0,2022-08-15
4968,1437,COURSE125,Assignment,89.0,2024-04-14
4969,1278,COURSE94,Quiz,90.0,2022-09-06
4970,2187,COURSE148,Assignment,74.0,2024-05-05
4971,2221,COURSE121,Assignment,78.0,2022-11-16
4972,1318,COURSE90,Midterm,91.0,2024-12-09
4973,2299,COURSE126,Quiz,68.0,2021-06-11
4974,1715,COURSE141,Midterm,78.0,2020-08-20
4975,1844,COURSE105,Assignment,64.0,2023-06-08
4976,1386,COURSE86,Midterm,94.0,2021-09-22
4977,1750,COURSE93,Final Exam,84.0,2020-09-13
4978,1438,COURSE91,Final Exam,67.0,2023-07-28
4979,2683,COURSE89,Midterm,63.0,2023-07-27
4980,2898,COURSE123,Midterm,86.0,2024-09-12
4981,1917,COURSE102,Final Exam,75.0,2021-08-13
4982,1592,COURSE57,Quiz,86.0,2021-10-26
4983,1282,COURSE96,Final Exam,83.0,2021-01-02
4984,1577,COURSE102,Quiz,59.0,2021-04-26
4985,2786,COURSE93,Final Exam,74.0,2024-04-05
4986,2949,COURSE71,Final Exam,94.0,2023-11-26
4987,1934,COURSE137,Quiz,75.0,2023-04-26
4988,1673,COURSE98,Quiz,89.0,2024-05-21
4989,1470,COURSE100,Quiz,79.0,2021-05-16
4990,2963,COURSE132,Midterm,76.0,2020-07-14
4991,2746,COURSE81,Final Exam,67.0,2023-09-20
4992,2428,COURSE57,Assignment,62.0,2023-01-18
4993,1811,COURSE75,Midterm,80.0,2021-01-06
4994,2296,COURSE93,Midterm,83.0,2022-08-02
4995,2784,COURSE70,Midterm,77.0,2022-06-12
4996,1091,COURSE88,Quiz,64.0,2023-03-11
4997,2495,COURSE141,Final Exam,90.0,2024-06-19
4998,2641,COURSE71,Midterm,88.0,2023-02-01
4999,2867,COURSE122,Quiz,83.0,2021-01-20
5000,2992,COURSE108,Quiz,96.0,2024-06-05
5001,1886,COURSE115,Assignment,87.0,2023-07-06
5002,1916,COURSE145,Assignment,100.0,2024-10-10
5003,1895,COURSE95,Final Exam,91.0,2023-08-02
5004,1511,COURSE142,Assignment,69.0,2022-05-24
5005,1005,COURSE139,Assignment,85.0,2021-01-05
5006,1878,COURSE148,Quiz,83.0,2020-11-12
5007,2470,COURSE69,Midterm,87.0,2020-03-08
5008,2777,COURSE128,Final Exam,72.0,2023-05-03
5009,1301,COURSE58,Quiz,91.0,2023-03-26
5010,1534,COURSE139,Final Exam,86.0,2022-11-10
5011,1339,COURSE134,Assignment,79.0,2022-01-02
5012,1637,COURSE111,Quiz,71.0,2020-05-09
5013,1028,COURSE58,Midterm,47.0,2024-07-08
5014,2273,COURSE115,Quiz,73.0,2021-03-16
5015,2356,COURSE122,Quiz,66.0,2022-08-16
5016,1520,COURSE56,Midterm,83.0,2023-04-09
5017,2186,COURSE123,Quiz,77.0,2023-10-02
5018,2129,COURSE72,Quiz,78.0,2024-10-17
5019,2469,COURSE102,Assignment,75.0,2024-10-22
5020,1026,COURSE109,Final Exam,87.0,2023-05-27
5021,1415,COURSE125,Quiz,69.0,2021-07-15
5022,1179,COURSE146,Quiz,78.0,2021-01-12
5023,1591,COURSE61,Assignment,87.0,2024-09-08
5024,2973,COURSE59,Quiz,64.0,2022-02-27
5025,1727,COURSE124,Midterm,87.0,2022-07-07
5026,2837,COURSE55,Assignment,89.0,2023-01-19
5027,1800,COURSE122,Assignment,69.0,2024-12-18
5028,2333,COURSE121,Assignment,97.0,2024-05-02
5029,1662,COURSE105,Midterm,67.0,2020-07-11
5030,2295,COURSE76,Midterm,100.0,2020-10-15
5031,2336,COURSE94,Assignment,76.0,2020-09-15
5032,1742,COURSE125,Quiz,73.0,2024-10-19
5033,2252,COURSE100,Midterm,66.0,2024-02-07
5034,2359,COURSE143,Assignment,76.0,2021-03-23
5035,1132,COURSE102,Final Exam,73.0,2020-09-19
5036,1574,COURSE127,Quiz,72.0,2022-09-27
5037,1431,COURSE94,Final Exam,83.0,2021-06-17
5038,1441,COURSE80,Midterm,87.0,2024-09-30
5039,2013,COURSE137,Final Exam,71.0,2021-02-20
5040,1494,COURSE142,Midterm,67.0,2021-09-13
5041,1174,COURSE64,Assignment,65.0,2022-02-25
5042,2005,COURSE142,Final Exam,65.0,2023-02-01
5043,2280,COURSE120,Midterm,76.0,2024-04-19
5044,1998,COURSE131,Midterm,78.0,2024-11-29
5045,1931,COURSE110,Final Exam,83.0,2021-11-16
5046,1614,COURSE116,Midterm,85.0,2022-04-14
5047,2379,COURSE60,Midterm,62.0,2022-01-13
5048,2128,COURSE113,Quiz,72.0,2021-07-10
5049,2436,COURSE101,Assignment,56.0,2023-02-27
5050,1934,COURSE150,Assignment,70.0,2022-06-25
5051,1903,COURSE80,Quiz,67.0,2021-01-27
5052,1272,COURSE76,Assignment,72.0,2024-07-07
5053,1506,COURSE124,Quiz,56.0,2023-04-29
5054,1672,COURSE112,Assignment,90.0,2020-08-17
5055,2375,COURSE72,Assignment,79.0,2021-05-08
5056,1297,COURSE133,Final Exam,84.0,2022-05-26
5057,2987,COURSE72,Quiz,61.0,2023-10-09
5058,2149,COURSE100,Quiz,80.0,2024-01-05
5059,2350,COURSE113,Quiz,99.0,2020-07-01
5060,1629,COURSE80,Quiz,60.0,2021-07-18
5061,1843,COURSE83,Quiz,84.0,2021-08-17
5062,2087,COURSE109,Midterm,61.0,2021-10-15
5063,1511,COURSE94,Midterm,83.0,2020-03-14
5064,2713,COURSE98,Final Exam,65.0,2022-11-23
5065,2121,COURSE144,Midterm,92.0,2020-02-20
5066,2739,COURSE62,Final Exam,70.0,2022-09-07
5067,1017,COURSE123,Assignment,85.0,2020-10-10
5068,2242,COURSE106,Midterm,69.0,2020-06-15
5069,1068,COURSE83,Midterm,91.0,2021-05-18
5070,2052,COURSE55,Assignment,77.0,2022-04-14
5071,1187,COURSE78,Final Exam,84.0,2021-05-14
5072,1669,COURSE103,Midterm,87.0,2023-09-17
5073,2211,COURSE141,Final Exam,68.0,2021-10-06
5074,1438,COURSE90,Final Exam,89.0,2023-09-18
5075,1324,COURSE130,Final Exam,65.0,2020-09-24
5076,2864,COURSE120,Final Exam,79.0,2021-10-22
5077,1866,COURSE90,Final Exam,82.0,2023-02-26
5078,2992,COURSE104,Midterm,95.0,2022-02-03
5079,2273,COURSE100,Midterm,71.0,2024-09-18
5080,2247,COURSE141,Midterm,73.0,2021-05-17
5081,1893,COURSE114,Assignment,94.0,2022-09-05
5082,1889,COURSE56,Midterm,73.0,2020-05-25
5083,1294,COURSE147,Midterm,84.0,2024-12-18
5084,2010,COURSE90,Quiz,81.0,2023-11-15
5085,1517,COURSE81,Quiz,82.0,2023-01-21
5086,2483,COURSE106,Midterm,88.0,2021-11-13
5087,2441,COURSE75,Assignment,76.0,2022-03-10
5088,2678,COURSE72,Final Exam,74.0,2024-02-17
5089,2393,COURSE136,Final Exam,88.0,2023-09-16
5090,1326,COURSE66,Assignment,86.0,2024-01-15
5091,2948,COURSE100,Assignment,80.0,2022-07-14
5092,2456,COURSE91,Final Exam,78.0,2023-10-05
5093,2250,COURSE81,Final Exam,84.0,2023-11-29
5094,1257,COURSE145,Midterm,79.0,2022-09-12
5095,2279,COURSE78,Quiz,96.0,2022-03-13
5096,2277,COURSE123,Assignment,70.0,2024-03-22
5097,1141,COURSE76,Midterm,82.0,2020-09-07
5098,2466,COURSE106,Midterm,63.0,2022-07-18
5099,2121,COURSE51,Quiz,75.0,2022-11-17
5100,2437,COURSE137,Assignment,78.0,2022-02-15
5101,2297,COURSE99,Assignment,70.0,2022-01-15
5102,1994,COURSE133,Midterm,59.0,2023-11-23
5103,2253,COURSE65,Assignment,73.0,2021-06-06
5104,2851,COURSE116,Assignment,84.0,2020-01-06
5105,2425,COURSE142,Midterm,88.0,2024-04-26
5106,2979,COURSE97,Midterm,65.0,2022-05-29
5107,2179,COURSE76,Final Exam,86.0,2021-02-03
5108,2540,COURSE69,Final Exam,79.0,2023-11-11
5109,2693,COURSE124,Final Exam,72.0,2020-11-29
5110,2888,COURSE144,Midterm,74.0,2022-12-29
5111,2617,COURSE53,Midterm,70.0,2022-09-26
5112,1186,COURSE136,Final Exam,89.0,2024-09-08
5113,1583,COURSE77,Final Exam,87.0,2023-09-27
5114,1260,COURSE142,Assignment,97.0,2024-05-04
5115,1515,COURSE109,Final Exam,83.0,2023-11-02
5116,2317,COURSE59,Midterm,72.0,2021-07-15
5117,1842,COURSE133,Midterm,97.0,2023-06-23
5118,1077,COURSE120,Quiz,70.0,2022-06-02
5119,2101,COURSE100,Quiz,93.0,2020-09-22
5120,2489,COURSE69,Final Exam,91.0,2020-03-23
5121,2193,COURSE140,Quiz,82.0,2021-01-30
5122,1552,COURSE75,Quiz,100.0,2020-07-31
5123,1041,COURSE72,Midterm,78.0,2022-08-29
5124,2716,COURSE100,Midterm,59.0,2024-09-20
5125,1997,COURSE137,Assignment,73.0,2020-11-07
5126,1820,COURSE130,Quiz,95.0,2024-04-09
5127,2030,COURSE69,Assignment,78.0,2022-02-15
5128,2119,COURSE68,Assignment,93.0,2023-01-23
5129,1725,COURSE110,Midterm,78.0,2024-10-21
5130,2856,COURSE78,Final Exam,68.0,2022-02-08
5131,1660,COURSE59,Midterm,81.0,2023-10-11
5132,2196,COURSE95,Quiz,83.0,2023-01-16
5133,1609,COURSE91,Midterm,100.0,2020-03-19
5134,1222,COURSE123,Midterm,92.0,2023-09-14
5135,2118,COURSE115,Assignment,69.0,2020-03-20
5136,2457,COURSE149,Midterm,69.0,2022-07-20
5137,2736,COURSE132,Midterm,74.0,2023-08-02
5138,1315,COURSE141,Midterm,79.0,2020-05-19
5139,2125,COURSE111,Final Exam,64.0,2021-02-14
5140,2770,COURSE68,Assignment,80.0,2023-08-02
5141,1534,COURSE123,Midterm,87.0,2023-10-09
5142,1776,COURSE95,Midterm,86.0,2024-10-04
5143,2638,COURSE149,Quiz,71.0,2023-02-06
5144,1661,COURSE80,Midterm,77.0,2020-09-16
5145,1012,COURSE94,Midterm,79.0,2022-09-11
5146,2374,COURSE139,Final Exam,95.0,2020-07-13
5147,1584,COURSE59,Assignment,67.0,2023-04-13
5148,1974,COURSE132,Assignment,92.0,2023-12-19
5149,2666,COURSE118,Midterm,69.0,2023-02-01
5150,1265,COURSE61,Final Exam,75.0,2024-03-15
5151,2530,COURSE78,Quiz,90.0,2020-10-14
5152,2540,COURSE107,Quiz,83.0,2023-11-11
5153,2864,COURSE109,Midterm,72.0,2024-11-28
5154,1116,COURSE76,Quiz,77.0,2020-01-11
5155,2039,COURSE75,Assignment,87.0,2024-05-18
5156,2083,COURSE130,Midterm,88.0,2023-09-15
5157,1244,COURSE56,Midterm,81.0,2023-02-01
5158,2905,COURSE106,Quiz,85.0,2022-11-06
5159,1813,COURSE140,Midterm,85.0,2022-08-03
5160,1275,COURSE81,Midterm,75.0,2021-07-03
5161,2676,COURSE142,Quiz,79.0,2022-10-02
5162,2164,COURSE59,Quiz,89.0,2020-03-17
5163,2302,COURSE125,Quiz,68.0,2022-05-18
5164,2600,COURSE109,Quiz,79.0,2023-06-09
5165,2388,COURSE150,Midterm,81.0,2020-08-31
5166,1893,COURSE90,Assignment,83.0,2024-08-16
5167,2839,COURSE149,Midterm,52.0,2021-12-03
5168,1594,COURSE63,Assignment,64.0,2022-11-21
5169,2414,COURSE61,Midterm,78.0,2023-06-25
5170,1196,COURSE142,Final Exam,68.0,2024-02-21
5171,1717,COURSE127,Assignment,99.0,2023-07-17
5172,1406,COURSE122,Midterm,71.0,2022-02-10
5173,1544,COURSE85,Midterm,83.0,2024-05-18
5174,2455,COURSE83,Midterm,84.0,2024-05-23
5175,1089,COURSE94,Assignment,77.0,2021-02-01
5176,1576,COURSE132,Midterm,75.0,2021-09-26
5177,2361,COURSE89,Assignment,76.0,2020-11-12
5178,2381,COURSE60,Midterm,86.0,2022-01-14
5179,1941,COURSE79,Quiz,69.0,2023-08-03
5180,1537,COURSE96,Quiz,78.0,2022-09-22
5181,2541,COURSE118,Assignment,97.0,2024-10-05
5182,2965,COURSE100,Quiz,57.0,2022-02-14
5183,2741,COURSE84,Quiz,91.0,2023-04-23
5184,1867,COURSE98,Assignment,76.0,2020-09-24
5185,2881,COURSE146,Assignment,84.0,2021-04-13
5186,1397,COURSE149,Final Exam,74.0,2020-01-19
5187,2991,COURSE77,Assignment,100.0,2020-11-16
5188,1609,COURSE62,Quiz,88.0,2022-12-24
5189,2279,COURSE127,Midterm,72.0,2022-12-09
5190,1158,COURSE68,Midterm,85.0,2020-05-25
5191,2733,COURSE129,Assignment,65.0,2021-01-29
5192,2158,COURSE144,Quiz,82.0,2024-07-11
5193,2071,COURSE92,Assignment,89.0,2024-08-02
5194,2740,COURSE58,Assignment,76.0,2021-02-14
5195,2527,COURSE129,Quiz,100.0,2020-05-26
5196,2275,COURSE92,Midterm,79.0,2021-12-21
5197,2334,COURSE113,Midterm,86.0,2024-10-02
5198,1316,COURSE131,Assignment,69.0,2021-03-17
5199,1944,COURSE62,Midterm,86.0,2020-07-14
5200,1440,COURSE69,Assignment,87.0,2024-06-24
5201,1183,COURSE56,Quiz,68.0,2024-01-02
5202,2353,COURSE88,Midterm,87.0,2022-03-07
5203,1826,COURSE61,Midterm,77.0,2023-04-01
5204,2905,COURSE107,Assignment,100.0,2022-02-16
5205,2523,COURSE112,Quiz,75.0,2021-06-25
5206,1955,COURSE145,Final Exam,67.0,2020-04-05
5207,2610,COURSE61,Assignment,100.0,2021-12-06
5208,2053,COURSE102,Midterm,78.0,2023-01-19
5209,2912,COURSE65,Quiz,83.0,2023-05-06
5210,1465,COURSE110,Assignment,67.0,2021-10-26
5211,1691,COURSE143,Quiz,75.0,2020-02-14
5212,1166,COURSE144,Final Exam,74.0,2021-04-28
5213,2201,COURSE130,Midterm,62.0,2023-09-10
5214,1673,COURSE74,Midterm,77.0,2023-02-28
5215,2409,COURSE110,Assignment,80.0,2023-05-13
5216,1417,COURSE141,Assignment,61.0,2021-09-04
5217,2357,COURSE147,Midterm,76.0,2022-02-01
5218,1487,COURSE114,Quiz,83.0,2022-02-01
5219,1023,COURSE72,Midterm,75.0,2024-03-05
5220,1161,COURSE53,Assignment,92.0,2020-01-05
5221,1189,COURSE58,Midterm,83.0,2021-07-19
5222,2822,COURSE95,Midterm,84.0,2022-10-05
5223,2416,COURSE82,Final Exam,49.0,2020-03-26
5224,1068,COURSE109,Midterm,92.0,2020-03-24
5225,1510,COURSE103,Midterm,85.0,2021-02-15
5226,1720,COURSE110,Final Exam,84.0,2023-06-05
5227,1965,COURSE53,Midterm,71.0,2024-02-01
5228,2272,COURSE117,Quiz,82.0,2020-04-09
5229,1542,COURSE81,Midterm,74.0,2022-09-08
5230,2795,COURSE118,Midterm,86.0,2023-04-14
5231,2074,COURSE93,Final Exam,91.0,2023-06-03
5232,2487,COURSE129,Assignment,67.0,2020-01-24
5233,1537,COURSE95,Midterm,100.0,2022-12-18
5234,2168,COURSE96,Assignment,72.0,2024-07-29
5235,2344,COURSE143,Assignment,84.0,2021-05-02
5236,1254,COURSE58,Midterm,68.0,2020-08-02
5237,1182,COURSE82,Quiz,78.0,2021-03-31
5238,1762,COURSE94,Final Exam,56.0,2021-02-01
5239,1619,COURSE100,Assignment,90.0,2021-07-12
5240,1148,COURSE81,Final Exam,54.0,2020-07-14
5241,2048,COURSE93,Final Exam,72.0,2021-11-03
5242,2230,COURSE114,Quiz,77.0,2021-07-10
5243,2149,COURSE51,Quiz,64.0,2023-08-05
5244,1814,COURSE139,Midterm,91.0,2020-07-17
5245,2391,COURSE125,Midterm,64.0,2021-06-29
5246,1503,COURSE150,Assignment,65.0,2020-07-08
5247,1556,COURSE54,Midterm,74.0,2024-04-03
5248,2896,COURSE94,Midterm,70.0,2023-05-07
5249,2258,COURSE137,Quiz,74.0,2024-09-04
5250,2344,COURSE88,Assignment,65.0,2020-12-22
5251,1983,COURSE120,Assignment,97.0,2020-09-04
5252,2327,COURSE53,Final Exam,77.0,2023-08-01
5253,2007,COURSE60,Midterm,87.0,2020-09-20
5254,2960,COURSE60,Final Exam,91.0,2024-08-01
5255,2667,COURSE94,Assignment,90.0,2023-05-06
5256,1464,COURSE53,Final Exam,79.0,2021-10-24
5257,1981,COURSE99,Quiz,78.0,2022-11-06
5258,2649,COURSE76,Quiz,84.0,2022-02-08
5259,2328,COURSE140,Quiz,83.0,2023-07-22
5260,1888,COURSE137,Quiz,89.0,2023-08-20
5261,3000,COURSE115,Final Exam,79.0,2022-04-21
5262,1822,COURSE107,Final Exam,73.0,2024-12-04
5263,1857,COURSE93,Quiz,76.0,2024-09-12
5264,1693,COURSE110,Midterm,84.0,2022-11-02
5265,1679,COURSE136,Quiz,86.0,2021-05-12
5266,2770,COURSE51,Final Exam,60.0,2023-09-01
5267,2956,COURSE78,Midterm,69.0,2022-10-30
5268,2364,COURSE110,Quiz,89.0,2020-02-01
5269,1100,COURSE62,Final Exam,92.0,2020-01-25
5270,1064,COURSE100,Midterm,68.0,2024-09-26
5271,2598,COURSE128,Quiz,59.0,2024-07-19
5272,1315,COURSE56,Assignment,77.0,2021-10-11
5273,1488,COURSE81,Quiz,71.0,2024-09-08
5274,2273,COURSE82,Final Exam,70.0,2022-04-16
5275,1228,COURSE100,Final Exam,79.0,2020-04-06
5276,2624,COURSE129,Midterm,75.0,2020-09-23
5277,2366,COURSE118,Final Exam,90.0,2022-07-18
5278,2735,COURSE119,Assignment,91.0,2020-09-23
5279,1280,COURSE110,Midterm,85.0,2020-09-05
5280,2059,COURSE138,Midterm,76.0,2022-03-17
5281,1795,COURSE102,Midterm,72.0,2021-02-18
5282,2936,COURSE98,Quiz,72.0,2024-08-26
5283,2254,COURSE113,Final Exam,81.0,2024-07-05
5284,2911,COURSE134,Quiz,78.0,2020-02-11
5285,2272,COURSE96,Assignment,90.0,2021-01-21
5286,2474,COURSE57,Assignment,91.0,2020-07-31
5287,1065,COURSE124,Quiz,76.0,2023-09-20
5288,1357,COURSE112,Final Exam,57.0,2020-06-18
5289,1690,COURSE69,Midterm,85.0,2024-08-27
5290,1903,COURSE122,Assignment,82.0,2021-03-25
5291,2216,COURSE75,Final Exam,74.0,2020-09-04
5292,2529,COURSE131,Final Exam,83.0,2020-06-14
5293,2757,COURSE108,Assignment,71.0,2024-09-01
5294,2935,COURSE107,Assignment,78.0,2023-12-06
5295,2015,COURSE76,Quiz,71.0,2023-05-23
5296,1791,COURSE111,Midterm,81.0,2021-03-01
5297,2222,COURSE150,Final Exam,96.0,2020-03-21
5298,1448,COURSE73,Assignment,69.0,2020-01-28
5299,1832,COURSE61,Assignment,44.0,2020-02-06
5300,1577,COURSE79,Quiz,66.0,2020-03-23
5301,1400,COURSE75,Assignment,65.0,2024-02-17
5302,2135,COURSE72,Midterm,97.0,2020-01-24
5303,1161,COURSE70,Final Exam,92.0,2024-01-22
5304,2031,COURSE114,Assignment,73.0,2020-08-15
5305,1200,COURSE103,Quiz,73.0,2022-02-25
5306,1488,COURSE107,Assignment,76.0,2022-10-15
5307,2173,COURSE143,Assignment,80.0,2021-06-17
5308,1578,COURSE55,Final Exam,60.0,2021-08-20
5309,2776,COURSE145,Midterm,82.0,2024-11-11
5310,1240,COURSE124,Final Exam,96.0,2022-12-05
5311,1551,COURSE128,Assignment,93.0,2024-05-29
5312,2602,COURSE91,Final Exam,70.0,2024-03-31
5313,2809,COURSE103,Midterm,74.0,2022-08-29
5314,1304,COURSE61,Assignment,80.0,2023-11-12
5315,2590,COURSE143,Final Exam,94.0,2020-04-15
5316,2437,COURSE136,Quiz,49.0,2022-08-24
5317,2492,COURSE60,Assignment,72.0,2022-11-27
5318,1793,COURSE113,Midterm,100.0,2024-12-28
5319,1844,COURSE98,Final Exam,63.0,2022-10-10
5320,1906,COURSE63,Midterm,81.0,2023-10-12
5321,2866,COURSE58,Assignment,91.0,2024-02-08
5322,2171,COURSE122,Midterm,84.0,2020-03-28
5323,2701,COURSE92,Final Exam,100.0,2024-02-01
5324,2251,COURSE98,Quiz,54.0,2021-03-24
5325,1564,COURSE110,Assignment,81.0,2022-01-26
5326,2207,COURSE73,Midterm,82.0,2024-08-06
5327,2107,COURSE84,Assignment,84.0,2024-08-14
5328,1275,COURSE65,Quiz,66.0,2024-11-18
5329,1570,COURSE67,Midterm,74.0,2023-10-13
5330,1398,COURSE141,Quiz,63.0,2023-12-05
5331,2099,COURSE119,Final Exam,62.0,2021-04-18
5332,1268,COURSE107,Midterm,82.0,2021-12-29
5333,2285,COURSE150,Quiz,84.0,2024-01-29
5334,1581,COURSE100,Assignment,74.0,2020-05-01
5335,2037,COURSE99,Midterm,80.0,2021-04-14
5336,1101,COURSE143,Midterm,84.0,2020-10-02
5337,2373,COURSE67,Quiz,73.0,2022-02-15
5338,1635,COURSE112,Final Exam,95.0,2021-09-03
5339,2431,COURSE80,Midterm,87.0,2022-01-26
5340,2591,COURSE133,Quiz,77.0,2022-06-20
5341,2812,COURSE74,Assignment,83.0,2020-08-16
5342,2721,COURSE65,Final Exam,84.0,2022-07-21
5343,1065,COURSE76,Quiz,51.0,2022-08-10
5344,2881,COURSE80,Quiz,80.0,2022-06-20
5345,1977,COURSE82,Quiz,69.0,2022-08-10
5346,2035,COURSE52,Midterm,74.0,2021-12-02
5347,2467,COURSE137,Assignment,91.0,2022-07-13
5348,2809,COURSE81,Assignment,66.0,2021-10-22
5349,1008,COURSE59,Final Exam,100.0,2024-03-12
5350,1591,COURSE55,Final Exam,65.0,2023-11-14
5351,2008,COURSE125,Final Exam,76.0,2024-10-21
5352,2375,COURSE87,Assignment,71.0,2024-03-21
5353,1128,COURSE92,Midterm,45.0,2020-07-08
5354,2976,COURSE148,Quiz,78.0,2024-06-17
5355,2444,COURSE143,Final Exam,86.0,2023-08-17
5356,2014,COURSE92,Final Exam,76.0,2022-09-15
5357,2759,COURSE57,Final Exam,80.0,2020-01-31
5358,2098,COURSE66,Midterm,55.0,2020-04-27
5359,2500,COURSE69,Final Exam,92.0,2023-03-14
5360,1708,COURSE86,Final Exam,51.0,2021-01-31
5361,2992,COURSE92,Midterm,87.0,2020-03-29
5362,2567,COURSE54,Final Exam,83.0,2024-04-12
5363,2674,COURSE109,Midterm,63.0,2022-01-25
5364,2852,COURSE135,Final Exam,70.0,2022-11-15
5365,1473,COURSE101,Midterm,82.0,2024-09-28
5366,2846,COURSE88,Assignment,73.0,2024-02-19
5367,2530,COURSE74,Final Exam,72.0,2021-08-05
5368,2730,COURSE115,Assignment,76.0,2022-09-01
5369,1580,COURSE143,Quiz,66.0,2023-08-25
5370,1731,COURSE109,Quiz,46.0,2024-01-15
5371,2670,COURSE134,Quiz,69.0,2023-08-23
5372,1383,COURSE117,Midterm,76.0,2021-05-29
5373,1641,COURSE113,Quiz,98.0,2020-07-04
5374,2001,COURSE133,Final Exam,87.0,2020-10-17
5375,1034,COURSE89,Final Exam,79.0,2023-11-12
5376,1624,COURSE91,Quiz,64.0,2020-11-15
5377,2783,COURSE79,Midterm,76.0,2021-03-22
5378,1886,COURSE108,Midterm,82.0,2023-01-12
5379,2734,COURSE122,Assignment,90.0,2024-09-15
5380,2085,COURSE131,Midterm,75.0,2020-11-24
5381,2018,COURSE140,Quiz,72.0,2021-11-18
5382,2084,COURSE81,Final Exam,80.0,2023-09-21
5383,1344,COURSE70,Midterm,90.0,2024-05-07
5384,1293,COURSE68,Midterm,84.0,2020-10-11
5385,1530,COURSE79,Quiz,58.0,2020-11-24
5386,2169,COURSE53,Final Exam,75.0,2022-09-24
5387,1793,COURSE149,Midterm,100.0,2020-11-14
5388,2913,COURSE61,Assignment,77.0,2021-02-16
5389,2009,COURSE52,Quiz,73.0,2021-11-29
5390,2290,COURSE65,Final Exam,82.0,2024-06-15
5391,2531,COURSE122,Assignment,87.0,2023-07-19
5392,2440,COURSE79,Final Exam,89.0,2024-11-25
5393,1972,COURSE87,Final Exam,93.0,2022-11-18
5394,2788,COURSE77,Final Exam,63.0,2020-01-27
5395,1779,COURSE65,Assignment,62.0,2024-11-30
5396,2708,COURSE145,Quiz,62.0,2024-06-02
5397,2772,COURSE117,Midterm,74.0,2021-11-29
5398,2465,COURSE100,Midterm,78.0,2023-03-07
5399,1466,COURSE68,Assignment,69.0,2022-02-12
5400,1514,COURSE123,Midterm,76.0,2021-02-23
5401,1459,COURSE85,Assignment,94.0,2020-04-18
5402,1744,COURSE83,Midterm,97.0,2020-01-06
5403,1690,COURSE100,Quiz,88.0,2024-10-15
5404,2108,COURSE136,Midterm,84.0,2022-03-14
5405,1464,COURSE149,Assignment,57.0,2020-02-14
5406,1837,COURSE85,Midterm,67.0,2023-01-15
5407,2606,COURSE150,Final Exam,83.0,2020-04-16
5408,1642,COURSE142,Quiz,82.0,2024-02-23
5409,2365,COURSE53,Midterm,95.0,2021-02-12
5410,2386,COURSE72,Assignment,88.0,2021-07-16
5411,1489,COURSE78,Midterm,83.0,2020-11-06
5412,2032,COURSE129,Quiz,84.0,2022-03-27
5413,2510,COURSE65,Final Exam,67.0,2020-02-27
5414,1084,COURSE133,Assignment,85.0,2023-01-25
5415,2850,COURSE65,Midterm,54.0,2021-02-07
5416,1391,COURSE134,Midterm,78.0,2022-02-24
5417,2980,COURSE55,Assignment,67.0,2024-11-21
5418,1467,COURSE97,Midterm,77.0,2022-08-13
5419,2130,COURSE90,Midterm,71.0,2023-11-01
5420,2129,COURSE97,Quiz,77.0,2020-04-20
5421,2049,COURSE92,Quiz,69.0,2023-11-28
5422,1284,COURSE108,Quiz,76.0,2023-01-11
5423,1787,COURSE117,Quiz,78.0,2022-04-20
5424,1240,COURSE107,Midterm,71.0,2021-10-01
5425,1575,COURSE79,Quiz,97.0,2020-02-15
5426,2771,COURSE125,Midterm,78.0,2020-04-29
5427,1193,COURSE99,Final Exam,72.0,2020-06-30
5428,1266,COURSE100,Quiz,74.0,2021-06-06
5429,1088,COURSE69,Quiz,69.0,2023-02-05
5430,1740,COURSE111,Final Exam,82.0,2021-05-15
5431,1277,COURSE134,Assignment,100.0,2024-04-13
5432,1326,COURSE143,Assignment,79.0,2024-09-23
5433,2886,COURSE58,Midterm,87.0,2023-10-06
5434,1598,COURSE74,Quiz,71.0,2021-04-06
5435,2751,COURSE141,Quiz,94.0,2024-03-13
5436,1575,COURSE95,Midterm,92.0,2024-07-04
5437,1984,COURSE95,Quiz,76.0,2021-04-27
5438,2772,COURSE103,Midterm,70.0,2020-11-22
5439,1900,COURSE129,Assignment,93.0,2022-05-17
5440,2223,COURSE80,Final Exam,87.0,2022-07-07
5441,2055,COURSE125,Assignment,64.0,2023-09-14
5442,1995,COURSE125,Midterm,80.0,2022-12-29
5443,2425,COURSE56,Quiz,76.0,2023-01-17
5444,1338,COURSE75,Final Exam,90.0,2024-12-08
5445,2527,COURSE124,Assignment,86.0,2023-08-10
5446,2573,COURSE66,Midterm,75.0,2022-12-10
5447,1442,COURSE101,Midterm,64.0,2022-01-22
5448,1178,COURSE115,Final Exam,97.0,2024-01-05
5449,1699,COURSE96,Midterm,57.0,2021-02-05
5450,2021,COURSE113,Final Exam,85.0,2020-07-15
5451,1816,COURSE125,Assignment,74.0,2022-11-21
5452,2755,COURSE52,Final Exam,82.0,2024-06-18
5453,1909,COURSE124,Final Exam,81.0,2023-03-06
5454,1939,COURSE60,Final Exam,87.0,2021-05-16
5455,1558,COURSE96,Midterm,89.0,2024-08-10
5456,2619,COURSE99,Quiz,77.0,2024-08-02
5457,1459,COURSE95,Midterm,59.0,2024-06-29
5458,1970,COURSE94,Quiz,83.0,2024-09-30
5459,1228,COURSE51,Midterm,90.0,2022-05-25
5460,1118,COURSE140,Quiz,81.0,2020-12-02
5461,2615,COURSE116,Final Exam,89.0,2022-04-21
5462,2735,COURSE80,Quiz,74.0,2024-09-30
5463,1711,COURSE127,Quiz,67.0,2020-09-02
5464,1041,COURSE72,Final Exam,92.0,2023-02-19
5465,2123,COURSE93,Midterm,83.0,2023-04-17
5466,1585,COURSE62,Assignment,66.0,2023-06-01
5467,1338,COURSE62,Midterm,83.0,2022-05-03
5468,2314,COURSE56,Quiz,92.0,2020-09-22
5469,2879,COURSE115,Midterm,85.0,2020-05-21
5470,2911,COURSE90,Assignment,69.0,2020-01-29
5471,1971,COURSE145,Midterm,96.0,2020-02-22
5472,1499,COURSE95,Midterm,82.0,2021-07-19
5473,2926,COURSE90,Midterm,69.0,2021-11-15
5474,1001,COURSE74,Final Exam,51.0,2023-02-20
5475,2212,COURSE86,Midterm,73.0,2020-09-21
5476,2502,COURSE102,Final Exam,83.0,2023-01-28
5477,2220,COURSE65,Quiz,84.0,2022-08-03
5478,2738,COURSE108,Assignment,77.0,2023-11-17
5479,1528,COURSE92,Quiz,91.0,2020-10-12
5480,1377,COURSE124,Assignment,86.0,2022-09-21
5481,1385,COURSE105,Assignment,93.0,2020-06-02
5482,1075,COURSE66,Assignment,71.0,2022-05-15
5483,1222,COURSE128,Quiz,76.0,2021-06-10
5484,2951,COURSE102,Assignment,80.0,2020-08-06
5485,1613,COURSE115,Midterm,93.0,2024-03-20
5486,1537,COURSE146,Quiz,87.0,2020-04-28
5487,1716,COURSE80,Midterm,90.0,2021-09-26
5488,1981,COURSE148,Assignment,67.0,2022-02-21
5489,2374,COURSE116,Final Exam,66.0,2024-12-16
5490,2647,COURSE103,Assignment,72.0,2021-11-16
5491,1907,COURSE138,Assignment,70.0,2023-05-17
5492,2378,COURSE140,Midterm,84.0,2022-01-02
5493,1857,COURSE131,Assignment,91.0,2020-09-20
5494,2157,COURSE117,Midterm,76.0,2022-10-05
5495,1596,COURSE88,Assignment,92.0,2020-04-13
5496,1598,COURSE81,Quiz,82.0,2022-09-18
5497,1851,COURSE62,Quiz,57.0,2023-11-29
5498,1089,COURSE64,Quiz,80.0,2023-05-27
5499,2144,COURSE103,Final Exam,76.0,2021-04-23
5500,1860,COURSE143,Midterm,72.0,2023-09-10
5501,1427,COURSE53,Final Exam,76.0,2020-11-26
5502,1541,COURSE123,Assignment,67.0,2020-06-26
5503,1347,COURSE149,Assignment,75.0,2024-05-18
5504,1079,COURSE104,Assignment,96.0,2020-09-19
5505,1239,COURSE60,Midterm,72.0,2020-10-05
5506,2719,COURSE71,Midterm,79.0,2022-09-01
5507,2525,COURSE140,Final Exam,87.0,2020-06-17
5508,1410,COURSE52,Midterm,93.0,2024-06-12
5509,2264,COURSE75,Final Exam,66.0,2023-02-27
5510,1554,COURSE133,Final Exam,81.0,2023-09-04
5511,1818,COURSE67,Assignment,69.0,2023-01-05
5512,1249,COURSE140,Final Exam,84.0,2020-02-16
5513,1032,COURSE84,Quiz,67.0,2021-09-11
5514,2676,COURSE61,Assignment,73.0,2024-10-23
5515,2628,COURSE136,Midterm,70.0,2021-08-27
5516,1882,COURSE121,Assignment,85.0,2023-06-21
5517,1155,COURSE112,Assignment,83.0,2024-03-22
5518,2779,COURSE91,Midterm,79.0,2023-01-09
5519,1098,COURSE81,Quiz,82.0,2024-02-10
5520,1044,COURSE73,Final Exam,79.0,2022-09-26
5521,2346,COURSE117,Final Exam,60.0,2024-12-10
5522,2287,COURSE102,Midterm,74.0,2021-01-11
5523,1536,COURSE63,Assignment,93.0,2021-12-17
5524,2028,COURSE118,Quiz,72.0,2023-07-29
5525,1325,COURSE87,Final Exam,72.0,2023-07-24
5526,2039,COURSE117,Assignment,78.0,2020-11-08
5527,2297,COURSE104,Midterm,63.0,2020-01-15
5528,2965,COURSE128,Midterm,74.0,2023-07-12
5529,2895,COURSE76,Assignment,67.0,2021-05-14
5530,2184,COURSE58,Final Exam,83.0,2020-03-17
5531,2373,COURSE91,Final Exam,82.0,2024-02-12
5532,2115,COURSE65,Quiz,62.0,2023-11-20
5533,2986,COURSE92,Assignment,81.0,2024-10-11
5534,1050,COURSE139,Assignment,70.0,2021-12-01
5535,2843,COURSE75,Quiz,69.0,2021-10-06
5536,1267,COURSE144,Quiz,97.0,2023-11-07
5537,1173,COURSE120,Assignment,72.0,2022-11-22
5538,2802,COURSE92,Assignment,67.0,2022-11-22
5539,1899,COURSE74,Assignment,73.0,2020-11-10
5540,1524,COURSE91,Final Exam,83.0,2022-09-13
5541,1370,COURSE125,Midterm,89.0,2021-07-06
5542,2818,COURSE106,Assignment,86.0,2021-09-09
5543,1619,COURSE64,Assignment,78.0,2020-10-04
5544,2529,COURSE91,Midterm,90.0,2024-12-08
5545,1660,COURSE65,Quiz,72.0,2021-12-16
5546,2214,COURSE116,Quiz,91.0,2022-06-18
5547,1191,COURSE100,Quiz,85.0,2024-04-05
5548,1143,COURSE83,Midterm,70.0,2020-01-06
5549,2871,COURSE99,Quiz,82.0,2024-10-17
5550,1536,COURSE59,Final Exam,88.0,2023-06-06
5551,1011,COURSE95,Assignment,59.0,2022-11-05
5552,1970,COURSE99,Final Exam,63.0,2024-01-19
5553,1494,COURSE71,Quiz,82.0,2022-02-12
5554,1123,COURSE79,Quiz,81.0,2024-04-12
5555,1694,COURSE126,Final Exam,61.0,2024-11-10
5556,2128,COURSE97,Midterm,67.0,2022-11-03
5557,2584,COURSE131,Assignment,65.0,2022-01-18
5558,1158,COURSE101,Midterm,84.0,2022-07-19
5559,1321,COURSE97,Quiz,73.0,2020-11-28
5560,2791,COURSE124,Midterm,71.0,2024-03-10
5561,1667,COURSE72,Midterm,74.0,2024-07-03
5562,1289,COURSE102,Final Exam,97.0,2023-09-14
5563,2681,COURSE118,Quiz,63.0,2022-11-21
5564,2342,COURSE134,Midterm,74.0,2023-08-21
5565,2858,COURSE79,Midterm,82.0,2022-04-15
5566,2302,COURSE145,Quiz,84.0,2022-11-01
5567,1379,COURSE64,Quiz,80.0,2021-02-04
5568,1935,COURSE131,Assignment,76.0,2024-02-12
5569,1713,COURSE57,Assignment,74.0,2024-02-12
5570,2995,COURSE122,Midterm,75.0,2021-06-16
5571,2617,COURSE53,Assignment,77.0,2023-03-28
5572,1406,COURSE121,Assignment,62.0,2024-11-01
5573,2513,COURSE141,Assignment,88.0,2021-03-23
5574,2626,COURSE133,Final Exam,72.0,2023-09-01
5575,2089,COURSE80,Final Exam,73.0,2020-09-14
5576,2121,COURSE130,Midterm,77.0,2020-06-16
5577,2566,COURSE52,Midterm,78.0,2021-12-04
5578,1815,COURSE72,Midterm,78.0,2024-01-20
5579,2591,COURSE140,Quiz,69.0,2023-01-22
5580,1502,COURSE97,Assignment,74.0,2020-12-04
5581,2724,COURSE73,Assignment,65.0,2022-09-12
5582,2578,COURSE132,Midterm,80.0,2023-02-01
5583,2579,COURSE135,Assignment,72.0,2020-06-25
5584,2605,COURSE71,Midterm,95.0,2024-08-24
5585,2834,COURSE57,Quiz,60.0,2021-01-16
5586,2774,COURSE99,Quiz,73.0,2020-02-09
5587,2383,COURSE73,Final Exam,76.0,2020-08-26
5588,1066,COURSE142,Quiz,77.0,2023-12-11
5589,1833,COURSE82,Midterm,77.0,2020-06-12
5590,2398,COURSE78,Midterm,66.0,2021-06-16
5591,2928,COURSE150,Assignment,73.0,2024-11-12
5592,1548,COURSE114,Assignment,85.0,2022-08-31
5593,2447,COURSE148,Quiz,69.0,2024-11-25
5594,1274,COURSE115,Quiz,68.0,2021-07-25
5595,2596,COURSE98,Midterm,74.0,2022-02-01
5596,1831,COURSE134,Final Exam,84.0,2022-10-20
5597,2479,COURSE107,Final Exam,71.0,2021-11-30
5598,2914,COURSE111,Midterm,98.0,2024-03-20
5599,2462,COURSE69,Assignment,77.0,2022-05-12
5600,2966,COURSE121,Assignment,81.0,2022-07-17
5601,1963,COURSE120,Quiz,66.0,2022-10-03
5602,1555,COURSE127,Final Exam,77.0,2020-01-16
5603,2331,COURSE84,Midterm,73.0,2022-08-16
5604,2123,COURSE104,Midterm,86.0,2021-11-01
5605,2983,COURSE136,Final Exam,64.0,2022-03-25
5606,1921,COURSE63,Quiz,92.0,2023-09-20
5607,1171,COURSE80,Final Exam,92.0,2024-12-23
5608,2743,COURSE150,Quiz,87.0,2020-11-14
5609,2446,COURSE63,Midterm,87.0,2022-12-21
5610,1837,COURSE135,Final Exam,97.0,2022-09-06
5611,1636,COURSE92,Final Exam,64.0,2020-04-28
5612,1299,COURSE141,Quiz,54.0,2023-08-19
5613,2830,COURSE56,Assignment,89.0,2024-02-13
5614,2584,COURSE84,Quiz,68.0,2020-04-22
5615,1326,COURSE51,Assignment,66.0,2023-02-04
5616,2987,COURSE100,Midterm,84.0,2022-08-03
5617,1140,COURSE133,Assignment,80.0,2023-07-06
5618,1972,COURSE88,Assignment,70.0,2022-10-06
5619,2497,COURSE148,Quiz,92.0,2023-03-01
5620,1827,COURSE94,Final Exam,54.0,2023-04-08
5621,2454,COURSE75,Midterm,78.0,2022-11-21
5622,2117,COURSE80,Midterm,96.0,2021-06-09
5623,2946,COURSE67,Final Exam,86.0,2020-03-04
5624,2957,COURSE80,Assignment,92.0,2024-07-20
5625,2645,COURSE101,Assignment,92.0,2023-05-04
5626,1320,COURSE91,Assignment,56.0,2020-10-17
5627,2149,COURSE136,Midterm,90.0,2022-07-03
5628,1849,COURSE106,Midterm,77.0,2022-09-03
5629,2688,COURSE92,Final Exam,81.0,2021-04-11
5630,2772,COURSE62,Final Exam,95.0,2020-04-05
5631,2590,COURSE95,Final Exam,81.0,2021-04-23
5632,2474,COURSE53,Quiz,73.0,2020-05-10
5633,1156,COURSE73,Quiz,81.0,2024-05-29
5634,2500,COURSE113,Quiz,47.0,2023-05-28
5635,1015,COURSE129,Final Exam,73.0,2021-06-17
5636,1486,COURSE66,Midterm,64.0,2020-09-18
5637,1372,COURSE104,Midterm,82.0,2021-10-17
5638,1135,COURSE135,Quiz,73.0,2022-05-06
5639,1150,COURSE69,Midterm,85.0,2021-11-02
5640,2415,COURSE125,Final Exam,84.0,2024-10-15
5641,1628,COURSE89,Assignment,100.0,2020-03-27
5642,1678,COURSE88,Quiz,87.0,2020-11-30
5643,2293,COURSE144,Midterm,72.0,2024-02-01
5644,2744,COURSE55,Final Exam,63.0,2021-11-28
5645,1119,COURSE105,Final Exam,78.0,2020-04-02
5646,1081,COURSE66,Assignment,93.0,2021-03-19
5647,2032,COURSE140,Quiz,70.0,2021-02-14
5648,1476,COURSE125,Assignment,71.0,2021-11-22
5649,2279,COURSE72,Quiz,100.0,2022-10-06
5650,1167,COURSE131,Assignment,81.0,2024-04-01
5651,2371,COURSE115,Midterm,83.0,2020-11-29
5652,2326,COURSE147,Midterm,100.0,2024-03-17
5653,2550,COURSE108,Midterm,88.0,2023-01-07
5654,1932,COURSE97,Final Exam,76.0,2022-01-02
5655,1844,COURSE147,Assignment,76.0,2022-03-19
5656,2964,COURSE94,Assignment,71.0,2020-05-04
5657,1133,COURSE143,Assignment,74.0,2020-12-21
5658,2756,COURSE94,Quiz,87.0,2024-08-09
5659,1591,COURSE125,Midterm,65.0,2022-09-05
5660,2206,COURSE144,Final Exam,76.0,2022-03-10
5661,2773,COURSE98,Assignment,99.0,2023-03-24
5662,1252,COURSE106,Quiz,76.0,2023-12-27
5663,2693,COURSE53,Final Exam,100.0,2023-11-13
5664,2082,COURSE93,Assignment,45.0,2023-05-16
5665,1312,COURSE68,Final Exam,65.0,2020-05-02
5666,2620,COURSE58,Final Exam,77.0,2020-08-06
5667,2153,COURSE137,Assignment,70.0,2021-10-02
5668,1816,COURSE133,Final Exam,100.0,2020-11-06
5669,2077,COURSE100,Midterm,73.0,2023-11-22
5670,1092,COURSE145,Final Exam,86.0,2022-01-08
5671,1744,COURSE149,Midterm,100.0,2020-09-16
5672,1231,COURSE145,Final Exam,90.0,2020-02-14
5673,1600,COURSE116,Final Exam,99.0,2024-08-20
5674,1622,COURSE142,Final Exam,89.0,2024-09-13
5675,2134,COURSE76,Midterm,64.0,2020-06-26
5676,2858,COURSE62,Midterm,63.0,2020-01-15
5677,2069,COURSE137,Midterm,77.0,2023-08-03
5678,1729,COURSE94,Assignment,93.0,2024-04-24
5679,1181,COURSE131,Midterm,55.0,2024-04-18
5680,1036,COURSE79,Final Exam,86.0,2020-02-10
5681,1627,COURSE71,Final Exam,93.0,2021-01-06
5682,1271,COURSE88,Final Exam,74.0,2024-04-23
5683,2681,COURSE106,Assignment,83.0,2022-03-04
5684,2821,COURSE73,Quiz,86.0,2020-05-22
5685,1522,COURSE69,Assignment,94.0,2024-05-05
5686,1491,COURSE98,Final Exam,75.0,2022-04-18
5687,1333,COURSE114,Quiz,58.0,2021-08-24
5688,2383,COURSE148,Assignment,70.0,2024-09-02
5689,1903,COURSE110,Quiz,92.0,2023-11-02
5690,1714,COURSE58,Final Exam,64.0,2021-01-25
5691,2581,COURSE141,Final Exam,76.0,2021-10-11
5692,2180,COURSE90,Assignment,77.0,2024-11-01
5693,2261,COURSE58,Final Exam,89.0,2021-10-25
5694,1211,COURSE76,Assignment,91.0,2024-03-02
5695,1455,COURSE131,Midterm,72.0,2023-03-14
5696,1722,COURSE147,Final Exam,77.0,2022-10-27
5697,2257,COURSE59,Midterm,88.0,2020-09-01
5698,2049,COURSE117,Assignment,80.0,2020-07-17
5699,2387,COURSE70,Midterm,81.0,2020-09-29
5700,2021,COURSE93,Assignment,73.0,2024-11-17
5701,1388,COURSE65,Midterm,74.0,2023-04-06
5702,2643,COURSE78,Quiz,80.0,2023-01-06
5703,1586,COURSE82,Final Exam,79.0,2022-02-15
5704,2952,COURSE123,Final Exam,100.0,2020-12-12
5705,1169,COURSE109,Final Exam,79.0,2024-04-09
5706,2833,COURSE131,Quiz,67.0,2020-02-18
5707,1961,COURSE104,Midterm,75.0,2023-01-20
5708,2139,COURSE81,Quiz,100.0,2023-05-05
5709,2298,COURSE90,Midterm,71.0,2022-01-15
5710,2375,COURSE122,Quiz,94.0,2024-07-10
5711,2338,COURSE139,Midterm,65.0,2023-03-25
5712,1655,COURSE116,Assignment,94.0,2022-05-16
5713,2312,COURSE57,Midterm,67.0,2020-04-01
5714,2823,COURSE150,Final Exam,81.0,2023-07-28
5715,1542,COURSE135,Final Exam,79.0,2024-11-19
5716,2859,COURSE55,Assignment,71.0,2020-03-19
5717,2331,COURSE150,Final Exam,68.0,2023-01-19
5718,1717,COURSE149,Quiz,78.0,2022-03-03
5719,1463,COURSE56,Midterm,79.0,2023-04-12
5720,1790,COURSE143,Final Exam,66.0,2024-04-11
5721,2133,COURSE83,Assignment,83.0,2021-04-30
5722,2158,COURSE64,Final Exam,78.0,2022-07-17
5723,2628,COURSE128,Midterm,72.0,2023-06-11
5724,2886,COURSE107,Quiz,87.0,2022-05-13
5725,1192,COURSE148,Quiz,63.0,2022-07-18
5726,2373,COURSE92,Final Exam,73.0,2023-04-22
5727,2046,COURSE70,Assignment,89.0,2024-02-26
5728,2147,COURSE60,Quiz,68.0,2020-08-14
5729,1292,COURSE51,Final Exam,88.0,2020-07-02
5730,2428,COURSE145,Assignment,78.0,2022-03-14
5731,2204,COURSE80,Final Exam,87.0,2022-06-25
5732,1411,COURSE129,Assignment,84.0,2023-04-01
5733,2056,COURSE72,Assignment,66.0,2023-12-14
5734,1106,COURSE116,Assignment,72.0,2023-01-15
5735,2246,COURSE61,Final Exam,89.0,2024-03-30
5736,2497,COURSE86,Final Exam,79.0,2022-07-10
5737,1722,COURSE143,Quiz,78.0,2023-02-12
5738,1495,COURSE64,Midterm,93.0,2022-10-03
5739,1202,COURSE78,Assignment,84.0,2024-08-21
5740,1217,COURSE81,Quiz,77.0,2022-07-27
5741,2585,COURSE127,Quiz,88.0,2023-03-05
5742,1139,COURSE132,Assignment,81.0,2021-04-07
5743,2244,COURSE141,Quiz,88.0,2022-05-27
5744,2982,COURSE142,Final Exam,73.0,2020-02-16
5745,2502,COURSE88,Quiz,85.0,2021-07-02
5746,1033,COURSE94,Quiz,55.0,2023-10-01
5747,2582,COURSE80,Midterm,100.0,2024-10-16
5748,2900,COURSE95,Quiz,67.0,2020-10-26
5749,2778,COURSE133,Final Exam,75.0,2024-04-24
5750,2931,COURSE69,Final Exam,89.0,2022-01-09
5751,2365,COURSE64,Final Exam,83.0,2020-05-07
5752,1065,COURSE59,Assignment,72.0,2020-08-16
5753,1369,COURSE141,Assignment,92.0,2023-06-14
5754,2301,COURSE135,Midterm,73.0,2024-11-28
5755,2788,COURSE124,Midterm,89.0,2023-03-01
5756,2820,COURSE77,Quiz,85.0,2020-08-29
5757,2039,COURSE131,Assignment,65.0,2024-12-19
5758,1931,COURSE98,Quiz,80.0,2020-09-17
5759,2252,COURSE115,Quiz,85.0,2020-04-23
5760,1111,COURSE140,Final Exam,54.0,2020-03-17
5761,2514,COURSE112,Assignment,67.0,2021-01-27
5762,2744,COURSE83,Quiz,73.0,2024-03-28
5763,1334,COURSE107,Quiz,72.0,2020-06-06
5764,1155,COURSE138,Assignment,87.0,2023-10-30
5765,2838,COURSE106,Midterm,77.0,2024-01-03
5766,2874,COURSE71,Quiz,77.0,2021-03-03
5767,1673,COURSE56,Quiz,90.0,2023-09-25
5768,2976,COURSE82,Final Exam,65.0,2021-04-10
5769,1989,COURSE126,Midterm,100.0,2022-11-01
5770,2496,COURSE76,Assignment,91.0,2024-10-04
5771,2662,COURSE80,Assignment,55.0,2022-12-26
5772,2257,COURSE98,Assignment,82.0,2021-02-14
5773,2165,COURSE53,Final Exam,76.0,2020-01-26
5774,2794,COURSE104,Final Exam,83.0,2024-01-19
5775,2648,COURSE103,Assignment,94.0,2020-11-27
5776,2793,COURSE119,Assignment,81.0,2022-02-08
5777,2866,COURSE120,Midterm,77.0,2022-06-05
5778,2149,COURSE116,Assignment,85.0,2021-03-04
5779,2210,COURSE78,Assignment,82.0,2020-10-07
5780,2510,COURSE51,Final Exam,74.0,2022-09-15
5781,2323,COURSE56,Quiz,52.0,2022-03-31
5782,2171,COURSE69,Quiz,76.0,2022-01-06
5783,1486,COURSE74,Assignment,79.0,2023-12-16
5784,1875,COURSE88,Quiz,67.0,2020-08-29
5785,1527,COURSE60,Midterm,91.0,2022-08-21
5786,1470,COURSE77,Midterm,100.0,2020-06-18
5787,2188,COURSE89,Final Exam,92.0,2021-07-01
5788,1165,COURSE90,Assignment,67.0,2020-03-23
5789,2114,COURSE110,Quiz,84.0,2020-07-11
5790,1240,COURSE123,Final Exam,88.0,2024-09-09
5791,2728,COURSE96,Final Exam,77.0,2024-02-16
5792,2791,COURSE74,Quiz,69.0,2020-07-26
5793,1595,COURSE94,Midterm,82.0,2022-05-07
5794,1016,COURSE75,Assignment,77.0,2024-09-19
5795,2679,COURSE120,Quiz,77.0,2024-12-05
5796,1300,COURSE84,Quiz,92.0,2024-01-01
5797,2232,COURSE145,Midterm,80.0,2023-04-13
5798,1625,COURSE59,Assignment,86.0,2020-01-15
5799,2121,COURSE62,Assignment,88.0,2020-06-16
5800,1330,COURSE96,Quiz,82.0,2020-06-15
5801,1981,COURSE138,Quiz,89.0,2021-02-27
5802,1656,COURSE59,Midterm,95.0,2020-04-15
5803,1962,COURSE137,Final Exam,69.0,2023-03-06
5804,1921,COURSE144,Quiz,90.0,2022-01-23
5805,2418,COURSE116,Final Exam,75.0,2024-07-13
5806,1248,COURSE125,Midterm,74.0,2022-12-01
5807,2113,COURSE113,Midterm,98.0,2021-07-11
5808,1399,COURSE74,Assignment,68.0,2023-09-25
5809,2034,COURSE88,Final Exam,100.0,2024-11-21
5810,2543,COURSE58,Assignment,84.0,2022-12-23
5811,2824,COURSE95,Quiz,70.0,2024-03-02
5812,1544,COURSE56,Final Exam,96.0,2020-10-18
5813,2671,COURSE127,Assignment,82.0,2021-09-12
5814,2186,COURSE113,Assignment,69.0,2022-06-30
5815,2079,COURSE99,Final Exam,69.0,2024-10-13
5816,2058,COURSE144,Assignment,78.0,2023-07-21
5817,2273,COURSE100,Midterm,86.0,2024-10-02
5818,2952,COURSE103,Assignment,67.0,2022-12-03
5819,1782,COURSE106,Midterm,85.0,2021-07-19
5820,2883,COURSE94,Quiz,76.0,2020-07-20
5821,2615,COURSE106,Final Exam,92.0,2022-09-13
5822,2767,COURSE132,Midterm,73.0,2021-11-18
5823,2151,COURSE75,Final Exam,74.0,2023-09-12
5824,1321,COURSE149,Assignment,87.0,2020-08-28
5825,1561,COURSE126,Quiz,96.0,2021-04-05
5826,1249,COURSE79,Assignment,84.0,2020-12-17
5827,1503,COURSE128,Midterm,77.0,2020-11-16
5828,2527,COURSE130,Midterm,71.0,2023-10-22
5829,2800,COURSE69,Quiz,75.0,2022-07-05
5830,2674,COURSE82,Midterm,78.0,2023-10-19
5831,2217,COURSE97,Midterm,79.0,2021-10-17
5832,1346,COURSE66,Quiz,65.0,2023-06-03
5833,1401,COURSE128,Assignment,90.0,2020-09-05
5834,1879,COURSE55,Assignment,78.0,2023-08-14
5835,2155,COURSE136,Final Exam,65.0,2020-09-03
5836,1459,COURSE54,Final Exam,80.0,2023-04-11
5837,2470,COURSE126,Quiz,80.0,2022-12-18
5838,2314,COURSE98,Final Exam,82.0,2024-09-14
5839,1957,COURSE113,Final Exam,90.0,2024-10-17
5840,1800,COURSE80,Midterm,100.0,2022-09-01
5841,1844,COURSE147,Assignment,82.0,2020-01-03
5842,2498,COURSE67,Quiz,74.0,2021-11-29
5843,2913,COURSE126,Final Exam,94.0,2020-02-14
5844,2218,COURSE128,Midterm,73.0,2023-02-27
5845,1242,COURSE142,Midterm,62.0,2020-07-21
5846,2773,COURSE123,Quiz,70.0,2021-05-10
5847,1205,COURSE123,Assignment,56.0,2022-09-23
5848,2545,COURSE92,Quiz,47.0,2020-08-09
5849,2012,COURSE95,Midterm,77.0,2020-01-09
5850,1468,COURSE69,Quiz,59.0,2022-08-31
5851,1135,COURSE101,Final Exam,67.0,2021-11-17
5852,2902,COURSE134,Quiz,85.0,2021-12-24
5853,1109,COURSE98,Midterm,78.0,2020-11-17
5854,1697,COURSE62,Assignment,94.0,2024-01-14
5855,2872,COURSE75,Final Exam,72.0,2023-08-12
5856,2110,COURSE94,Final Exam,100.0,2020-07-20
5857,1722,COURSE67,Quiz,65.0,2020-08-16
5858,2926,COURSE70,Quiz,73.0,2024-05-06
5859,2631,COURSE60,Final Exam,82.0,2020-10-21
5860,2019,COURSE105,Final Exam,80.0,2023-12-29
5861,2319,COURSE141,Assignment,76.0,2020-05-07
5862,1004,COURSE106,Quiz,98.0,2024-05-05
5863,1553,COURSE63,Final Exam,67.0,2024-10-25
5864,2711,COURSE111,Final Exam,79.0,2021-11-22
5865,1782,COURSE128,Assignment,83.0,2022-05-12
5866,1180,COURSE53,Final Exam,79.0,2024-03-06
5867,1257,COURSE113,Quiz,96.0,2022-09-22
5868,1085,COURSE78,Midterm,61.0,2023-01-14
5869,1061,COURSE127,Final Exam,60.0,2024-11-08
5870,1081,COURSE73,Midterm,86.0,2024-07-14
5871,2339,COURSE88,Quiz,78.0,2024-11-08
5872,1951,COURSE128,Quiz,83.0,2023-04-30
5873,2292,COURSE84,Final Exam,77.0,2022-09-14
5874,1576,COURSE148,Assignment,79.0,2024-12-15
5875,1245,COURSE83,Midterm,98.0,2024-04-24
5876,2116,COURSE54,Midterm,94.0,2024-11-01
5877,1654,COURSE79,Midterm,82.0,2021-06-09
5878,1522,COURSE67,Final Exam,85.0,2021-07-17
5879,2670,COURSE146,Assignment,81.0,2020-06-06
5880,1567,COURSE138,Quiz,77.0,2024-12-06
5881,1763,COURSE138,Assignment,100.0,2023-05-23
5882,1035,COURSE87,Quiz,76.0,2021-03-25
5883,2908,COURSE140,Midterm,70.0,2020-11-13
5884,2844,COURSE82,Assignment,78.0,2020-02-06
5885,2996,COURSE58,Final Exam,81.0,2024-08-19
5886,2043,COURSE96,Midterm,70.0,2023-09-22
5887,2052,COURSE148,Assignment,66.0,2021-11-26
5888,2761,COURSE101,Midterm,72.0,2021-05-26
5889,2267,COURSE139,Assignment,82.0,2021-05-01
5890,2057,COURSE88,Midterm,76.0,2022-05-20
5891,1349,COURSE93,Final Exam,95.0,2023-04-13
5892,1937,COURSE114,Assignment,62.0,2023-02-02
5893,2356,COURSE69,Quiz,86.0,2022-11-14
5894,2050,COURSE148,Midterm,96.0,2022-02-17
5895,2091,COURSE70,Assignment,95.0,2021-02-04
5896,1959,COURSE65,Midterm,85.0,2020-06-26
5897,2314,COURSE129,Midterm,71.0,2022-05-28
5898,2193,COURSE105,Assignment,95.0,2022-07-01
5899,2717,COURSE106,Quiz,58.0,2023-10-17
5900,2209,COURSE56,Midterm,78.0,2020-02-12
5901,1505,COURSE120,Final Exam,79.0,2022-05-23
5902,2129,COURSE137,Quiz,86.0,2024-07-09
5903,2716,COURSE69,Quiz,85.0,2021-04-01
5904,2539,COURSE90,Quiz,84.0,2020-09-19
5905,2604,COURSE62,Assignment,86.0,2024-11-18
5906,2742,COURSE90,Final Exam,55.0,2024-01-17
5907,1447,COURSE111,Assignment,91.0,2023-03-01
5908,2938,COURSE124,Quiz,87.0,2023-10-15
5909,2921,COURSE60,Final Exam,70.0,2024-04-17
5910,2660,COURSE82,Midterm,80.0,2024-03-21
5911,2131,COURSE58,Final Exam,68.0,2024-03-31
5912,2303,COURSE136,Quiz,77.0,2021-09-01
5913,1259,COURSE56,Assignment,66.0,2021-01-12
5914,1666,COURSE64,Quiz,88.0,2024-05-20
5915,1639,COURSE78,Assignment,74.0,2020-09-14
5916,1696,COURSE112,Quiz,82.0,2021-03-24
5917,2200,COURSE134,Midterm,94.0,2022-08-03
5918,2040,COURSE129,Midterm,81.0,2023-02-06
5919,1517,COURSE87,Midterm,74.0,2023-02-15
5920,2601,COURSE137,Midterm,100.0,2023-08-10
5921,1941,COURSE85,Assignment,56.0,2023-01-04
5922,2715,COURSE58,Final Exam,71.0,2024-01-02
5923,1912,COURSE91,Midterm,74.0,2020-08-16
5924,2919,COURSE66,Midterm,77.0,2020-07-13
5925,1601,COURSE90,Quiz,76.0,2023-02-27
5926,1466,COURSE114,Quiz,94.0,2024-02-08
5927,1610,COURSE60,Assignment,73.0,2023-09-01
5928,1875,COURSE126,Quiz,75.0,2024-04-13
5929,2322,COURSE92,Midterm,96.0,2020-11-21
5930,2616,COURSE55,Midterm,68.0,2023-01-23
5931,2528,COURSE132,Final Exam,94.0,2020-03-09
5932,1497,COURSE108,Midterm,72.0,2022-02-21
5933,2844,COURSE118,Midterm,82.0,2022-06-12
5934,1671,COURSE54,Midterm,72.0,2024-09-13
5935,2173,COURSE60,Midterm,73.0,2024-09-14
5936,2690,COURSE142,Midterm,95.0,2024-01-08
5937,2361,COURSE148,Quiz,81.0,2023-09-22
5938,1438,COURSE59,Quiz,70.0,2023-11-05
5939,1627,COURSE115,Assignment,78.0,2024-06-01
5940,2662,COURSE111,Midterm,71.0,2024-09-22
5941,1454,COURSE129,Quiz,100.0,2020-08-09
5942,2270,COURSE70,Final Exam,91.0,2023-05-07
5943,2055,COURSE53,Quiz,86.0,2021-01-18
5944,2027,COURSE55,Midterm,78.0,2023-07-25
5945,1832,COURSE90,Quiz,60.0,2020-03-03
5946,2953,COURSE120,Midterm,91.0,2022-11-02
5947,2622,COURSE120,Quiz,78.0,2024-02-03
5948,2473,COURSE142,Final Exam,69.0,2024-08-29
5949,1272,COURSE88,Final Exam,76.0,2021-06-01
5950,2237,COURSE119,Quiz,57.0,2023-10-24
5951,1732,COURSE88,Final Exam,86.0,2024-01-13
5952,1849,COURSE98,Assignment,88.0,2022-02-03
5953,1150,COURSE148,Final Exam,74.0,2022-12-15
5954,1054,COURSE111,Quiz,60.0,2020-03-31
5955,2183,COURSE111,Quiz,81.0,2023-07-02
5956,2268,COURSE145,Midterm,70.0,2021-12-27
5957,2430,COURSE125,Quiz,81.0,2020-08-19
5958,1934,COURSE122,Midterm,59.0,2023-07-07
5959,1932,COURSE65,Assignment,88.0,2020-03-20
5960,2497,COURSE109,Quiz,77.0,2023-01-25
5961,1957,COURSE142,Midterm,73.0,2022-10-07
5962,2599,COURSE68,Assignment,66.0,2020-07-11
5963,1853,COURSE99,Assignment,66.0,2024-11-13
5964,2494,COURSE65,Midterm,89.0,2023-06-21
5965,2966,COURSE65,Midterm,78.0,2022-01-27
5966,2722,COURSE54,Quiz,70.0,2023-04-29
5967,1187,COURSE119,Assignment,45.0,2022-07-02
5968,1688,COURSE112,Midterm,76.0,2020-06-21
5969,1413,COURSE72,Midterm,74.0,2021-03-07
5970,2027,COURSE111,Assignment,93.0,2020-05-31
5971,1819,COURSE72,Assignment,71.0,2023-05-27
5972,2406,COURSE61,Assignment,88.0,2022-06-05
5973,1894,COURSE74,Midterm,78.0,2023-07-24
5974,1047,COURSE126,Midterm,82.0,2023-08-16
5975,2138,COURSE141,Assignment,75.0,2022-07-12
5976,1396,COURSE55,Final Exam,57.0,2022-06-23
5977,1617,COURSE121,Assignment,82.0,2021-06-17
5978,2614,COURSE87,Quiz,74.0,2020-04-22
5979,2841,COURSE84,Final Exam,77.0,2021-07-16
5980,2500,COURSE90,Assignment,69.0,2023-05-13
5981,2919,COURSE128,Final Exam,90.0,2023-06-21
5982,1828,COURSE87,Assignment,86.0,2022-09-17
5983,1811,COURSE57,Quiz,77.0,2020-06-11
5984,1554,COURSE140,Assignment,74.0,2022-09-21
5985,1526,COURSE83,Assignment,69.0,2022-06-19
5986,1067,COURSE62,Final Exam,75.0,2020-06-08
5987,1638,COURSE101,Midterm,67.0,2023-06-25
5988,2460,COURSE94,Final Exam,66.0,2023-04-26
5989,2938,COURSE132,Quiz,71.0,2022-10-19
5990,2948,COURSE137,Final Exam,100.0,2024-04-15
5991,2532,COURSE103,Quiz,81.0,2020-06-10
5992,2864,COURSE102,Final Exam,99.0,2023-10-16
5993,1584,COURSE59,Assignment,64.0,2021-05-05
5994,2210,COURSE109,Midterm,78.0,2023-04-17
5995,2826,COURSE116,Quiz,78.0,2022-01-01
5996,1709,COURSE95,Midterm,100.0,2023-12-05
5997,2873,COURSE75,Final Exam,87.0,2020-08-29
5998,1385,COURSE54,Midterm,100.0,2023-02-15
5999,2524,COURSE65,Midterm,91.0,2022-02-03
6000,2461,COURSE145,Final Exam,95.0,2020-01-15
6001,2818,COURSE98,Assignment,68.0,2020-06-17
6002,2032,COURSE82,Midterm,88.0,2020-12-10
6003,2611,COURSE128,Quiz,74.0,2022-11-19
6004,2266,COURSE150,Assignment,61.0,2023-01-27
6005,1924,COURSE58,Assignment,82.0,2023-05-23
6006,2673,COURSE81,Assignment,100.0,2021-11-27
6007,2858,COURSE97,Final Exam,83.0,2020-09-09
6008,2893,COURSE137,Midterm,84.0,2021-04-09
6009,1429,COURSE84,Final Exam,89.0,2021-10-08
6010,2124,COURSE143,Quiz,73.0,2023-10-23
6011,2344,COURSE130,Assignment,77.0,2023-11-19
6012,1227,COURSE110,Quiz,70.0,2021-11-25
6013,2037,COURSE75,Assignment,74.0,2021-01-08
6014,1458,COURSE104,Assignment,72.0,2020-07-01
6015,1320,COURSE103,Midterm,68.0,2022-08-31
6016,2955,COURSE69,Midterm,78.0,2024-10-01
6017,1163,COURSE81,Quiz,87.0,2022-04-01
6018,2666,COURSE95,Assignment,77.0,2021-10-05
6019,1607,COURSE143,Midterm,80.0,2024-09-02
6020,2530,COURSE89,Final Exam,89.0,2023-10-17
6021,2623,COURSE145,Quiz,69.0,2023-02-06
6022,1375,COURSE122,Assignment,60.0,2023-01-14
6023,1074,COURSE95,Midterm,55.0,2024-10-14
6024,1704,COURSE147,Assignment,96.0,2020-12-02
6025,2363,COURSE82,Midterm,79.0,2020-06-14
6026,1043,COURSE136,Assignment,77.0,2021-02-27
6027,1221,COURSE84,Assignment,77.0,2022-06-18
6028,2099,COURSE62,Midterm,74.0,2020-12-15
6029,2369,COURSE150,Quiz,81.0,2020-12-11
6030,2883,COURSE74,Quiz,79.0,2024-08-26
6031,1876,COURSE131,Assignment,94.0,2021-05-06
6032,2854,COURSE79,Assignment,76.0,2023-09-10
6033,2673,COURSE80,Quiz,76.0,2021-02-18
6034,2179,COURSE56,Assignment,98.0,2023-11-25
6035,1521,COURSE134,Assignment,100.0,2024-09-23
6036,1982,COURSE73,Final Exam,78.0,2020-04-16
6037,1793,COURSE97,Quiz,66.0,2023-04-15
6038,2456,COURSE76,Final Exam,84.0,2022-06-07
6039,1025,COURSE141,Quiz,68.0,2023-07-29
6040,1200,COURSE121,Assignment,61.0,2022-10-25
6041,1828,COURSE96,Final Exam,87.0,2023-08-25
6042,1081,COURSE59,Assignment,85.0,2022-11-18
6043,2225,COURSE139,Final Exam,73.0,2022-11-23
6044,2819,COURSE74,Final Exam,81.0,2023-09-27
6045,2761,COURSE76,Final Exam,80.0,2023-05-07
6046,1914,COURSE54,Midterm,69.0,2023-01-18
6047,2343,COURSE56,Final Exam,82.0,2022-11-11
6048,2894,COURSE109,Final Exam,66.0,2022-10-01
6049,2389,COURSE148,Midterm,87.0,2020-01-01
6050,1350,COURSE149,Quiz,90.0,2022-01-09
6051,1678,COURSE103,Final Exam,78.0,2024-03-02
6052,2179,COURSE149,Midterm,63.0,2023-06-27
6053,2872,COURSE96,Midterm,74.0,2021-02-03
6054,2101,COURSE79,Final Exam,100.0,2020-09-23
6055,2958,COURSE130,Midterm,100.0,2023-03-14
6056,1623,COURSE79,Quiz,94.0,2024-11-29
6057,2013,COURSE120,Quiz,62.0,2020-10-01
6058,2560,COURSE83,Final Exam,88.0,2022-12-01
6059,1752,COURSE130,Assignment,61.0,2022-05-28
6060,1631,COURSE104,Final Exam,86.0,2024-09-09
6061,1118,COURSE56,Final Exam,70.0,2023-11-16
6062,2727,COURSE65,Midterm,74.0,2023-02-25
6063,2697,COURSE145,Assignment,81.0,2020-03-14
6064,2621,COURSE143,Quiz,73.0,2023-05-30
6065,2397,COURSE108,Final Exam,72.0,2024-10-24
6066,2653,COURSE139,Quiz,86.0,2022-09-18
6067,1230,COURSE97,Midterm,76.0,2020-08-10
6068,2629,COURSE73,Final Exam,65.0,2022-07-13
6069,1670,COURSE88,Quiz,96.0,2020-04-02
6070,2248,COURSE114,Assignment,86.0,2023-02-25
6071,1689,COURSE120,Assignment,95.0,2020-01-03
6072,2456,COURSE131,Assignment,60.0,2024-11-06
6073,1792,COURSE144,Midterm,69.0,2022-07-12
6074,1874,COURSE85,Assignment,87.0,2020-11-06
6075,1925,COURSE150,Midterm,74.0,2023-02-06
6076,1337,COURSE99,Assignment,73.0,2023-08-21
6077,2585,COURSE146,Final Exam,64.0,2023-01-18
6078,2303,COURSE55,Assignment,73.0,2020-10-01
6079,2141,COURSE125,Quiz,69.0,2020-09-07
6080,2747,COURSE71,Midterm,64.0,2021-01-16
6081,1128,COURSE53,Quiz,94.0,2020-11-30
6082,2739,COURSE80,Final Exam,65.0,2023-02-11
6083,1294,COURSE149,Final Exam,73.0,2022-04-18
6084,2785,COURSE140,Quiz,72.0,2022-06-02
6085,1583,COURSE77,Quiz,76.0,2020-11-02
6086,1554,COURSE83,Midterm,63.0,2024-06-20
6087,2755,COURSE90,Final Exam,81.0,2024-10-03
6088,2492,COURSE78,Quiz,87.0,2021-07-23
6089,2181,COURSE128,Final Exam,80.0,2022-07-24
6090,1400,COURSE57,Assignment,67.0,2024-05-21
6091,1804,COURSE54,Final Exam,78.0,2020-07-03
6092,2863,COURSE148,Midterm,97.0,2024-10-04
6093,2555,COURSE113,Final Exam,90.0,2024-01-03
6094,2733,COURSE99,Assignment,86.0,2021-11-09
6095,1043,COURSE89,Quiz,76.0,2021-04-15
6096,1159,COURSE108,Quiz,90.0,2024-11-14
6097,2813,COURSE92,Quiz,63.0,2024-08-29
6098,2187,COURSE126,Final Exam,62.0,2020-09-25
6099,2032,COURSE123,Midterm,68.0,2022-05-08
6100,2896,COURSE70,Final Exam,84.0,2022-03-15
6101,2412,COURSE143,Midterm,96.0,2021-03-01
6102,1431,COURSE132,Quiz,91.0,2021-11-06
6103,1404,COURSE89,Final Exam,78.0,2023-03-24
6104,1115,COURSE141,Assignment,95.0,2020-02-21
6105,2213,COURSE88,Quiz,77.0,2023-01-22
6106,1294,COURSE109,Final Exam,70.0,2024-10-18
6107,1641,COURSE78,Assignment,76.0,2020-04-28
6108,1779,COURSE89,Midterm,84.0,2020-10-26
6109,2761,COURSE109,Midterm,83.0,2023-10-17
6110,2673,COURSE104,Quiz,60.0,2020-02-01
6111,2633,COURSE141,Assignment,66.0,2024-06-06
6112,1175,COURSE123,Final Exam,66.0,2024-02-28
6113,1951,COURSE82,Final Exam,87.0,2020-12-12
6114,2444,COURSE89,Assignment,89.0,2022-08-03
6115,2827,COURSE125,Quiz,86.0,2020-03-13
6116,1362,COURSE56,Final Exam,70.0,2020-11-06
6117,1206,COURSE127,Assignment,81.0,2022-03-22
6118,2327,COURSE61,Quiz,84.0,2021-09-12
6119,1682,COURSE136,Quiz,81.0,2023-08-11
6120,2665,COURSE65,Final Exam,80.0,2022-06-28
6121,1371,COURSE91,Quiz,89.0,2023-05-06
6122,2391,COURSE100,Midterm,78.0,2024-02-02
6123,2252,COURSE52,Assignment,100.0,2020-04-21
6124,1284,COURSE54,Assignment,74.0,2021-07-16
6125,2101,COURSE91,Final Exam,70.0,2024-04-12
6126,2441,COURSE53,Final Exam,77.0,2021-05-18
6127,1323,COURSE88,Midterm,72.0,2022-10-26
6128,2840,COURSE99,Midterm,93.0,2022-02-15
6129,1488,COURSE91,Quiz,52.0,2021-10-09
6130,1898,COURSE57,Quiz,94.0,2021-10-19
6131,2042,COURSE126,Assignment,57.0,2022-03-14
6132,2715,COURSE59,Midterm,88.0,2022-02-13
6133,2457,COURSE100,Quiz,88.0,2023-01-22
6134,1382,COURSE110,Final Exam,74.0,2024-05-26
6135,1246,COURSE74,Midterm,92.0,2024-03-27
6136,2399,COURSE102,Midterm,93.0,2021-10-30
6137,1883,COURSE127,Assignment,87.0,2023-03-03
6138,2027,COURSE149,Midterm,96.0,2022-08-30
6139,1602,COURSE124,Midterm,100.0,2022-10-25
6140,1245,COURSE121,Midterm,69.0,2021-09-14
6141,1182,COURSE76,Midterm,73.0,2020-09-23
6142,2132,COURSE69,Assignment,77.0,2021-11-18
6143,2190,COURSE71,Midterm,66.0,2022-05-09
6144,2630,COURSE61,Quiz,88.0,2020-10-15
6145,2799,COURSE114,Assignment,66.0,2024-03-28
6146,1151,COURSE86,Midterm,70.0,2024-08-31
6147,2580,COURSE90,Assignment,95.0,2020-11-13
6148,1789,COURSE60,Midterm,67.0,2022-09-01
6149,1723,COURSE150,Final Exam,63.0,2022-03-28
6150,1968,COURSE88,Assignment,79.0,2024-05-19
6151,1593,COURSE73,Final Exam,79.0,2024-02-08
6152,1625,COURSE110,Midterm,83.0,2023-07-18
6153,2355,COURSE134,Quiz,100.0,2021-03-05
6154,1317,COURSE102,Midterm,95.0,2023-05-05
6155,2388,COURSE121,Midterm,100.0,2020-04-12
6156,1725,COURSE134,Final Exam,86.0,2022-06-12
6157,2124,COURSE141,Quiz,79.0,2020-04-06
6158,2034,COURSE141,Final Exam,82.0,2024-09-12
6159,1685,COURSE51,Assignment,84.0,2021-01-07
6160,1330,COURSE83,Assignment,70.0,2022-11-11
6161,1416,COURSE86,Quiz,50.0,2022-12-19
6162,1288,COURSE75,Final Exam,62.0,2021-09-16
6163,2756,COURSE131,Quiz,78.0,2024-10-29
6164,1379,COURSE137,Midterm,70.0,2023-09-07
6165,1779,COURSE79,Assignment,95.0,2021-08-12
6166,2371,COURSE69,Quiz,64.0,2020-01-24
6167,1837,COURSE69,Quiz,100.0,2023-05-13
6168,2362,COURSE119,Assignment,73.0,2020-12-18
6169,1327,COURSE100,Quiz,92.0,2020-09-24
6170,1865,COURSE150,Assignment,78.0,2023-01-21
6171,1437,COURSE92,Quiz,71.0,2021-01-14
6172,2873,COURSE146,Midterm,75.0,2023-10-15
6173,1042,COURSE136,Quiz,73.0,2021-01-01
6174,2075,COURSE127,Midterm,67.0,2020-01-05
6175,1861,COURSE107,Quiz,74.0,2023-03-24
6176,1252,COURSE129,Quiz,94.0,2020-02-09
6177,1647,COURSE129,Quiz,52.0,2024-11-24
6178,1177,COURSE71,Midterm,64.0,2023-09-09
6179,2244,COURSE102,Assignment,100.0,2022-01-24
6180,2523,COURSE63,Quiz,96.0,2021-11-14
6181,1331,COURSE102,Midterm,59.0,2023-07-06
6182,1942,COURSE111,Final Exam,65.0,2022-01-06
6183,2762,COURSE126,Quiz,82.0,2023-03-09
6184,1937,COURSE133,Assignment,65.0,2022-10-14
6185,1147,COURSE94,Final Exam,73.0,2020-02-16
6186,1748,COURSE112,Final Exam,93.0,2023-09-27
6187,1070,COURSE148,Quiz,93.0,2021-07-09
6188,2631,COURSE83,Assignment,66.0,2022-11-07
6189,2357,COURSE121,Quiz,89.0,2022-02-27
6190,2311,COURSE146,Quiz,83.0,2024-11-09
6191,1544,COURSE89,Assignment,74.0,2023-10-30
6192,1667,COURSE139,Assignment,90.0,2020-09-02
6193,1834,COURSE113,Quiz,76.0,2022-05-10
6194,1681,COURSE142,Assignment,91.0,2023-02-28
6195,1487,COURSE93,Assignment,76.0,2021-10-06
6196,2716,COURSE133,Midterm,76.0,2023-08-16
6197,1246,COURSE76,Assignment,76.0,2024-12-31
6198,2700,COURSE75,Midterm,87.0,2023-04-17
6199,1708,COURSE125,Midterm,85.0,2024-05-16
6200,1414,COURSE78,Final Exam,70.0,2021-10-21
6201,2758,COURSE64,Midterm,65.0,2023-01-05
6202,1997,COURSE101,Midterm,75.0,2021-11-23
6203,2527,COURSE71,Midterm,69.0,2022-01-05
6204,1356,COURSE111,Assignment,81.0,2023-09-28
6205,1178,COURSE95,Assignment,83.0,2022-11-20
6206,2602,COURSE73,Midterm,74.0,2023-07-31
6207,2933,COURSE146,Assignment,63.0,2022-12-06
6208,1068,COURSE115,Midterm,85.0,2020-02-27
6209,2115,COURSE94,Assignment,92.0,2021-06-17
6210,2344,COURSE112,Assignment,72.0,2024-09-14
6211,2488,COURSE138,Final Exam,57.0,2023-01-15
6212,1817,COURSE146,Final Exam,65.0,2024-02-09
6213,2153,COURSE141,Assignment,65.0,2024-07-17
6214,1351,COURSE113,Midterm,96.0,2024-11-24
6215,1527,COURSE105,Quiz,87.0,2024-08-04
6216,2479,COURSE86,Assignment,91.0,2024-06-13
6217,1632,COURSE109,Quiz,87.0,2023-12-24
6218,1028,COURSE134,Quiz,76.0,2023-04-04
6219,2588,COURSE134,Quiz,86.0,2024-05-12
6220,2531,COURSE150,Assignment,73.0,2024-04-29
6221,1543,COURSE94,Final Exam,68.0,2024-07-15
6222,1463,COURSE83,Midterm,76.0,2020-11-08
6223,1970,COURSE88,Midterm,87.0,2021-12-22
6224,1556,COURSE130,Quiz,81.0,2023-05-17
6225,2228,COURSE135,Assignment,85.0,2020-08-16
6226,2787,COURSE123,Quiz,79.0,2023-06-16
6227,1797,COURSE74,Assignment,95.0,2023-11-01
6228,1018,COURSE104,Assignment,72.0,2022-10-02
6229,2053,COURSE131,Quiz,61.0,2020-08-20
6230,2880,COURSE131,Assignment,71.0,2020-07-17
6231,1341,COURSE105,Quiz,91.0,2024-09-03
6232,2298,COURSE118,Final Exam,100.0,2024-04-16
6233,1687,COURSE97,Midterm,91.0,2023-07-28
6234,1354,COURSE57,Final Exam,49.0,2023-03-14
6235,1049,COURSE97,Midterm,88.0,2021-09-14
6236,1427,COURSE144,Assignment,59.0,2021-11-10
6237,2467,COURSE100,Quiz,83.0,2023-07-22
6238,1941,COURSE142,Quiz,71.0,2020-12-30
6239,1557,COURSE83,Quiz,84.0,2024-04-12
6240,2552,COURSE102,Assignment,77.0,2024-10-01
6241,2309,COURSE77,Final Exam,67.0,2024-09-11
6242,1324,COURSE138,Quiz,66.0,2024-03-28
6243,2722,COURSE108,Assignment,71.0,2022-02-01
6244,2712,COURSE93,Final Exam,80.0,2020-12-25
6245,1298,COURSE61,Midterm,90.0,2024-12-28
6246,1158,COURSE61,Quiz,83.0,2020-09-12
6247,1258,COURSE76,Quiz,73.0,2023-11-18
6248,2030,COURSE150,Assignment,81.0,2024-07-28
6249,2735,COURSE123,Assignment,84.0,2023-08-11
6250,2237,COURSE84,Midterm,88.0,2023-03-22
6251,1881,COURSE90,Quiz,74.0,2023-06-05
6252,1728,COURSE55,Quiz,61.0,2022-10-17
6253,2688,COURSE74,Final Exam,78.0,2023-04-15
6254,1763,COURSE59,Final Exam,67.0,2024-01-15
6255,2060,COURSE114,Quiz,59.0,2020-09-05
6256,1709,COURSE68,Assignment,83.0,2020-07-17
6257,2598,COURSE53,Quiz,54.0,2024-10-29
6258,1652,COURSE122,Quiz,82.0,2022-01-27
6259,2487,COURSE102,Final Exam,94.0,2020-10-03
6260,2702,COURSE67,Quiz,92.0,2023-11-10
6261,1506,COURSE83,Quiz,68.0,2024-04-24
6262,2508,COURSE148,Assignment,76.0,2021-10-21
6263,2019,COURSE79,Quiz,85.0,2024-08-09
6264,2244,COURSE108,Assignment,73.0,2020-06-15
6265,2228,COURSE83,Midterm,78.0,2020-12-04
6266,2487,COURSE142,Quiz,84.0,2023-11-02
6267,2530,COURSE80,Final Exam,77.0,2020-02-05
6268,1322,COURSE134,Assignment,88.0,2024-12-02
6269,1620,COURSE108,Final Exam,91.0,2021-07-20
6270,2655,COURSE116,Quiz,97.0,2024-07-15
6271,2797,COURSE106,Midterm,82.0,2021-05-27
6272,1520,COURSE128,Midterm,63.0,2020-12-05
6273,1275,COURSE106,Assignment,92.0,2024-06-26
6274,2258,COURSE55,Midterm,84.0,2022-06-06
6275,2241,COURSE148,Final Exam,99.0,2023-09-06
6276,2893,COURSE51,Final Exam,84.0,2022-11-21
6277,1135,COURSE81,Midterm,87.0,2020-11-22
6278,2903,COURSE125,Midterm,72.0,2023-01-23
6279,1401,COURSE128,Final Exam,68.0,2024-12-15
6280,1620,COURSE56,Assignment,73.0,2023-06-05
6281,2498,COURSE64,Assignment,78.0,2022-07-17
6282,2108,COURSE72,Quiz,75.0,2022-12-08
6283,2260,COURSE138,Assignment,59.0,2023-07-28
6284,1621,COURSE64,Quiz,91.0,2023-03-17
6285,1912,COURSE143,Assignment,82.0,2022-08-07
6286,1512,COURSE77,Final Exam,98.0,2022-01-06
6287,2296,COURSE60,Quiz,81.0,2023-05-20
6288,2398,COURSE64,Midterm,68.0,2023-04-05
6289,1769,COURSE77,Final Exam,100.0,2024-03-11
6290,2978,COURSE78,Assignment,69.0,2024-06-07
6291,1358,COURSE86,Assignment,61.0,2022-07-26
6292,1001,COURSE97,Quiz,84.0,2022-12-25
6293,1083,COURSE110,Final Exam,99.0,2022-09-24
6294,1715,COURSE76,Assignment,76.0,2023-09-27
6295,1338,COURSE86,Midterm,70.0,2020-01-01
6296,1055,COURSE130,Quiz,82.0,2020-07-08
6297,1023,COURSE65,Final Exam,80.0,2022-01-15
6298,1588,COURSE136,Final Exam,70.0,2020-11-10
6299,1602,COURSE66,Assignment,84.0,2023-11-23
6300,1670,COURSE128,Midterm,77.0,2021-02-14
6301,1233,COURSE122,Final Exam,63.0,2021-01-16
6302,2152,COURSE126,Midterm,73.0,2022-07-20
6303,2211,COURSE57,Midterm,97.0,2022-12-14
6304,2793,COURSE106,Midterm,78.0,2024-09-15
6305,1471,COURSE133,Midterm,100.0,2023-02-09
6306,2796,COURSE106,Final Exam,75.0,2020-02-26
6307,2110,COURSE63,Midterm,67.0,2024-03-12
6308,1892,COURSE82,Assignment,77.0,2024-05-11
6309,1993,COURSE88,Midterm,90.0,2024-08-02
6310,2488,COURSE93,Midterm,77.0,2022-11-14
6311,2401,COURSE69,Assignment,81.0,2022-10-19
6312,1568,COURSE135,Midterm,75.0,2024-10-15
6313,2531,COURSE94,Midterm,87.0,2024-05-02
6314,2718,COURSE67,Midterm,81.0,2020-04-22
6315,2819,COURSE79,Final Exam,96.0,2020-06-10
6316,1539,COURSE80,Assignment,77.0,2020-06-17
6317,2637,COURSE57,Quiz,63.0,2021-10-04
6318,2222,COURSE71,Midterm,74.0,2020-07-13
6319,2757,COURSE122,Midterm,81.0,2022-05-01
6320,1424,COURSE98,Assignment,82.0,2020-08-19
6321,2396,COURSE61,Assignment,90.0,2020-09-28
6322,1954,COURSE96,Assignment,84.0,2022-08-13
6323,2463,COURSE110,Final Exam,71.0,2022-03-31
6324,1559,COURSE149,Quiz,90.0,2022-06-27
6325,2668,COURSE94,Final Exam,90.0,2021-08-23
6326,2780,COURSE117,Final Exam,76.0,2021-09-18
6327,2577,COURSE145,Quiz,66.0,2023-06-24
6328,1933,COURSE128,Midterm,100.0,2022-02-25
6329,1411,COURSE135,Final Exam,79.0,2024-03-02
6330,1780,COURSE90,Midterm,86.0,2023-07-04
6331,2096,COURSE66,Midterm,80.0,2024-01-21
6332,2933,COURSE85,Quiz,89.0,2024-10-27
6333,2168,COURSE102,Final Exam,82.0,2022-12-16
6334,1125,COURSE85,Assignment,97.0,2022-01-19
6335,1274,COURSE73,Quiz,98.0,2022-01-11
6336,2608,COURSE69,Quiz,84.0,2020-05-27
6337,2048,COURSE141,Assignment,98.0,2024-11-20
6338,2262,COURSE125,Assignment,85.0,2022-10-09
6339,2117,COURSE109,Final Exam,93.0,2021-06-23
6340,1998,COURSE87,Quiz,100.0,2024-06-30
6341,2956,COURSE130,Midterm,75.0,2024-04-14
6342,1089,COURSE93,Quiz,82.0,2024-11-05
6343,1331,COURSE132,Assignment,84.0,2022-09-11
6344,2338,COURSE118,Final Exam,71.0,2021-05-20
6345,2100,COURSE99,Final Exam,72.0,2022-06-24
6346,1477,COURSE150,Assignment,100.0,2022-08-08
6347,1294,COURSE62,Quiz,65.0,2024-02-18
6348,2015,COURSE135,Quiz,87.0,2020-03-09
6349,2457,COURSE96,Assignment,88.0,2024-05-17
6350,2603,COURSE81,Final Exam,100.0,2024-03-15
6351,2724,COURSE107,Assignment,74.0,2024-03-04
6352,2490,COURSE57,Midterm,70.0,2020-04-27
6353,1582,COURSE84,Final Exam,75.0,2024-09-21
6354,2380,COURSE54,Midterm,84.0,2020-12-10
6355,1547,COURSE136,Midterm,84.0,2021-07-22
6356,2550,COURSE95,Assignment,89.0,2023-11-24
6357,2260,COURSE116,Quiz,84.0,2023-12-23
6358,1974,COURSE147,Assignment,73.0,2024-12-05
6359,2005,COURSE146,Assignment,76.0,2023-12-15
6360,1708,COURSE107,Quiz,70.0,2023-07-19
6361,1327,COURSE68,Assignment,77.0,2023-05-04
6362,1364,COURSE125,Midterm,77.0,2021-02-19
6363,2951,COURSE100,Midterm,81.0,2021-03-23
6364,1181,COURSE63,Quiz,83.0,2020-10-13
6365,1278,COURSE127,Quiz,79.0,2020-11-10
6366,2635,COURSE69,Midterm,60.0,2023-03-26
6367,2655,COURSE113,Assignment,100.0,2020-05-08
6368,1742,COURSE100,Quiz,76.0,2023-12-09
6369,2726,COURSE130,Assignment,74.0,2024-09-08
6370,2798,COURSE91,Midterm,77.0,2024-11-19
6371,1506,COURSE69,Assignment,79.0,2022-11-20
6372,1581,COURSE131,Quiz,87.0,2020-08-09
6373,2576,COURSE100,Assignment,94.0,2022-09-13
6374,1060,COURSE92,Quiz,68.0,2020-04-13
6375,1612,COURSE148,Quiz,81.0,2022-03-30
6376,1068,COURSE146,Assignment,69.0,2020-12-22
6377,1225,COURSE102,Final Exam,89.0,2022-09-03
6378,2530,COURSE59,Final Exam,73.0,2022-08-14
6379,2146,COURSE96,Final Exam,85.0,2022-09-23
6380,2596,COURSE77,Assignment,73.0,2021-12-22
6381,2271,COURSE129,Quiz,80.0,2024-07-19
6382,2021,COURSE102,Midterm,71.0,2021-09-10
6383,2873,COURSE132,Midterm,62.0,2022-02-24
6384,1029,COURSE135,Final Exam,66.0,2024-07-26
6385,1339,COURSE110,Assignment,69.0,2024-10-08
6386,2158,COURSE79,Assignment,79.0,2024-10-05
6387,2957,COURSE141,Assignment,68.0,2024-04-12
6388,1758,COURSE80,Assignment,89.0,2022-08-02
6389,2162,COURSE111,Final Exam,89.0,2024-11-27
6390,1447,COURSE75,Quiz,55.0,2024-10-16
6391,1068,COURSE141,Midterm,85.0,2020-10-22
6392,1283,COURSE54,Midterm,52.0,2022-03-25
6393,1617,COURSE144,Quiz,84.0,2021-09-01
6394,2351,COURSE124,Midterm,75.0,2023-04-18
6395,2733,COURSE125,Quiz,87.0,2021-06-17
6396,2174,COURSE119,Assignment,63.0,2022-05-03
6397,1568,COURSE118,Assignment,44.0,2023-06-15
6398,2432,COURSE55,Assignment,73.0,2023-06-21
6399,1908,COURSE95,Quiz,87.0,2021-08-01
6400,2318,COURSE98,Quiz,78.0,2021-02-19
6401,2040,COURSE51,Assignment,93.0,2022-10-14
6402,1893,COURSE62,Quiz,96.0,2020-08-21
6403,2763,COURSE127,Midterm,91.0,2023-10-15
6404,1559,COURSE146,Assignment,79.0,2021-12-07
6405,1351,COURSE72,Assignment,90.0,2024-10-15
6406,1390,COURSE129,Midterm,77.0,2020-09-12
6407,2982,COURSE111,Assignment,99.0,2024-03-15
6408,2599,COURSE96,Final Exam,79.0,2021-12-27
6409,1612,COURSE120,Assignment,76.0,2021-05-08
6410,2952,COURSE140,Assignment,70.0,2020-08-16
6411,2589,COURSE93,Assignment,84.0,2021-06-13
6412,1080,COURSE89,Midterm,94.0,2023-08-26
6413,1464,COURSE84,Final Exam,94.0,2024-11-30
6414,2339,COURSE91,Assignment,70.0,2022-06-11
6415,2671,COURSE82,Midterm,75.0,2023-10-17
6416,2270,COURSE129,Assignment,91.0,2020-09-02
6417,2502,COURSE141,Final Exam,72.0,2021-07-13
6418,2067,COURSE63,Quiz,82.0,2022-01-18
6419,2892,COURSE80,Midterm,70.0,2021-07-02
6420,2844,COURSE82,Midterm,83.0,2020-02-23
6421,1785,COURSE102,Assignment,68.0,2022-02-20
6422,1131,COURSE145,Final Exam,90.0,2023-09-08
6423,2744,COURSE67,Assignment,68.0,2022-03-16
6424,1002,COURSE66,Final Exam,71.0,2021-11-05
6425,1055,COURSE144,Assignment,67.0,2023-06-29
6426,2074,COURSE52,Assignment,81.0,2020-11-29
6427,2646,COURSE76,Quiz,78.0,2021-07-31
6428,2396,COURSE116,Final Exam,83.0,2024-02-16
6429,2539,COURSE107,Assignment,56.0,2024-04-26
6430,1327,COURSE68,Final Exam,82.0,2021-06-19
6431,2491,COURSE102,Midterm,83.0,2020-11-24
6432,2040,COURSE54,Midterm,83.0,2020-12-22
6433,2592,COURSE122,Midterm,73.0,2022-04-29
6434,2115,COURSE104,Midterm,88.0,2022-03-15
6435,1501,COURSE66,Assignment,77.0,2024-11-14
6436,1056,COURSE72,Final Exam,78.0,2020-02-07
6437,2065,COURSE105,Assignment,76.0,2022-03-04
6438,1559,COURSE126,Assignment,79.0,2023-01-15
6439,1689,COURSE138,Assignment,77.0,2023-05-05
6440,2573,COURSE126,Quiz,81.0,2020-03-11
6441,1367,COURSE122,Quiz,57.0,2024-12-10
6442,1113,COURSE125,Midterm,95.0,2023-04-04
6443,2697,COURSE81,Assignment,86.0,2021-06-17
6444,2778,COURSE120,Midterm,99.0,2023-04-01
6445,2417,COURSE138,Quiz,58.0,2023-06-12
6446,2012,COURSE92,Quiz,86.0,2020-11-17
6447,2748,COURSE72,Quiz,66.0,2020-08-24
6448,2789,COURSE133,Final Exam,76.0,2024-07-02
6449,2192,COURSE76,Midterm,65.0,2020-03-09
6450,2491,COURSE77,Final Exam,74.0,2021-02-22
6451,1253,COURSE131,Final Exam,67.0,2022-05-15
6452,2814,COURSE74,Final Exam,88.0,2024-01-25
6453,1622,COURSE67,Final Exam,63.0,2022-10-05
6454,1004,COURSE64,Final Exam,67.0,2020-10-03
6455,2999,COURSE74,Final Exam,60.0,2024-09-19
6456,1407,COURSE68,Midterm,82.0,2024-12-16
6457,2343,COURSE60,Assignment,76.0,2024-09-25
6458,1535,COURSE131,Midterm,82.0,2021-04-25
6459,2812,COURSE92,Quiz,92.0,2021-05-20
6460,1979,COURSE74,Midterm,82.0,2021-09-19
6461,1280,COURSE116,Midterm,97.0,2023-08-24
6462,1270,COURSE79,Final Exam,70.0,2024-01-07
6463,1610,COURSE146,Midterm,97.0,2022-10-01
6464,1890,COURSE86,Assignment,64.0,2020-08-24
6465,2643,COURSE87,Assignment,80.0,2021-09-01
6466,2512,COURSE78,Midterm,83.0,2024-03-04
6467,2761,COURSE108,Midterm,89.0,2023-03-04
6468,2583,COURSE98,Midterm,70.0,2022-12-01
6469,2149,COURSE101,Assignment,75.0,2020-07-12
6470,1602,COURSE101,Midterm,73.0,2021-06-22
6471,1834,COURSE85,Final Exam,100.0,2024-02-28
6472,1255,COURSE112,Quiz,77.0,2023-07-08
6473,2442,COURSE61,Quiz,88.0,2022-04-13
6474,2576,COURSE125,Quiz,88.0,2024-05-02
6475,1741,COURSE115,Midterm,81.0,2022-11-21
6476,1204,COURSE105,Quiz,73.0,2024-08-20
6477,1987,COURSE130,Final Exam,68.0,2022-10-20
6478,2285,COURSE122,Midterm,61.0,2022-09-08
6479,2556,COURSE136,Midterm,81.0,2021-07-30
6480,1893,COURSE123,Final Exam,71.0,2021-02-04
6481,1885,COURSE64,Quiz,87.0,2020-05-14
6482,1903,COURSE146,Midterm,76.0,2021-01-19
6483,1611,COURSE130,Quiz,87.0,2021-09-02
6484,1943,COURSE109,Final Exam,55.0,2023-07-24
6485,1884,COURSE73,Final Exam,85.0,2024-01-06
6486,1798,COURSE71,Midterm,65.0,2022-11-30
6487,2972,COURSE141,Final Exam,69.0,2024-10-29
6488,1883,COURSE107,Midterm,54.0,2022-07-04
6489,1414,COURSE120,Assignment,69.0,2023-08-04
6490,2960,COURSE100,Quiz,61.0,2020-07-26
6491,2296,COURSE89,Midterm,85.0,2024-10-24
6492,2817,COURSE75,Final Exam,91.0,2022-11-13
6493,2779,COURSE105,Midterm,91.0,2021-08-07
6494,1973,COURSE124,Final Exam,67.0,2023-09-06
6495,2866,COURSE105,Midterm,50.0,2022-11-12
6496,1719,COURSE54,Assignment,71.0,2022-09-21
6497,2984,COURSE142,Midterm,73.0,2023-08-24
6498,1819,COURSE130,Final Exam,78.0,2020-10-09
6499,1671,COURSE80,Final Exam,80.0,2023-08-03
6500,2572,COURSE150,Final Exam,63.0,2021-03-29
6501,2998,COURSE90,Assignment,64.0,2021-09-10
6502,2615,COURSE102,Midterm,97.0,2022-03-24
6503,1835,COURSE130,Assignment,57.0,2024-03-28
6504,2845,COURSE72,Midterm,78.0,2023-11-23
6505,1146,COURSE60,Midterm,77.0,2024-11-22
6506,1656,COURSE121,Quiz,88.0,2020-11-12
6507,1419,COURSE123,Quiz,57.0,2022-03-17
6508,1475,COURSE110,Midterm,99.0,2023-06-04
6509,2300,COURSE92,Quiz,80.0,2022-05-24
6510,2536,COURSE99,Midterm,73.0,2021-04-09
6511,1142,COURSE148,Quiz,82.0,2022-10-23
6512,1501,COURSE122,Midterm,85.0,2020-07-06
6513,2876,COURSE132,Quiz,86.0,2020-09-12
6514,2689,COURSE148,Assignment,80.0,2022-09-11
6515,2478,COURSE75,Assignment,84.0,2021-12-07
6516,2209,COURSE90,Quiz,80.0,2022-09-19
6517,1034,COURSE111,Final Exam,73.0,2023-11-13
6518,1646,COURSE135,Midterm,94.0,2022-07-15
6519,2344,COURSE77,Midterm,92.0,2020-03-18
6520,2326,COURSE97,Final Exam,77.0,2020-02-03
6521,2135,COURSE116,Assignment,69.0,2020-06-23
6522,2627,COURSE63,Final Exam,96.0,2023-04-16
6523,2871,COURSE94,Quiz,91.0,2021-09-16
6524,2254,COURSE94,Final Exam,43.0,2021-09-21
6525,2691,COURSE136,Final Exam,72.0,2022-10-06
6526,1369,COURSE91,Midterm,75.0,2024-04-16
6527,2636,COURSE147,Final Exam,75.0,2024-04-10
6528,1606,COURSE64,Assignment,71.0,2021-06-04
6529,2489,COURSE135,Assignment,99.0,2022-07-11
6530,2250,COURSE81,Assignment,87.0,2024-03-09
6531,1765,COURSE58,Quiz,74.0,2020-08-28
6532,2508,COURSE72,Assignment,82.0,2020-05-28
6533,2165,COURSE84,Assignment,74.0,2023-03-04
6534,2222,COURSE76,Midterm,91.0,2022-10-06
6535,2811,COURSE106,Assignment,66.0,2020-05-17
6536,1086,COURSE105,Final Exam,90.0,2021-07-28
6537,2811,COURSE69,Midterm,77.0,2021-02-18
6538,1556,COURSE129,Final Exam,80.0,2022-04-28
6539,2129,COURSE115,Midterm,68.0,2022-09-14
6540,1916,COURSE88,Quiz,75.0,2021-11-28
6541,1089,COURSE69,Assignment,83.0,2023-04-20
6542,1962,COURSE136,Midterm,70.0,2024-03-07
6543,2055,COURSE76,Assignment,63.0,2023-02-21
6544,2561,COURSE86,Quiz,84.0,2020-02-22
6545,2475,COURSE140,Final Exam,84.0,2020-12-16
6546,2149,COURSE112,Final Exam,67.0,2021-09-17
6547,2937,COURSE133,Final Exam,86.0,2023-08-31
6548,2901,COURSE123,Midterm,69.0,2020-10-28
6549,1332,COURSE95,Quiz,98.0,2022-09-28
6550,2306,COURSE69,Quiz,68.0,2021-10-01
6551,1734,COURSE141,Midterm,71.0,2024-10-04
6552,2185,COURSE55,Quiz,79.0,2022-08-23
6553,2164,COURSE75,Assignment,94.0,2024-12-14
6554,2698,COURSE92,Quiz,84.0,2021-05-09
6555,2644,COURSE120,Final Exam,72.0,2022-06-11
6556,1227,COURSE74,Assignment,68.0,2024-05-10
6557,2757,COURSE136,Assignment,80.0,2024-12-17
6558,2336,COURSE75,Assignment,80.0,2020-07-30
6559,1070,COURSE108,Final Exam,64.0,2024-08-17
6560,2628,COURSE127,Final Exam,72.0,2023-07-11
6561,1402,COURSE124,Midterm,79.0,2024-04-04
6562,2880,COURSE59,Midterm,74.0,2024-09-18
6563,1114,COURSE114,Midterm,100.0,2023-11-22
6564,1578,COURSE92,Final Exam,71.0,2020-10-30
6565,1082,COURSE111,Midterm,64.0,2021-09-27
6566,2240,COURSE96,Midterm,59.0,2020-10-02
6567,1684,COURSE78,Assignment,91.0,2022-08-02
6568,1436,COURSE79,Midterm,70.0,2023-07-20
6569,2186,COURSE129,Assignment,73.0,2023-07-31
6570,1787,COURSE92,Midterm,83.0,2023-03-13
6571,1138,COURSE97,Assignment,96.0,2022-09-17
6572,1446,COURSE115,Midterm,53.0,2024-09-10
6573,2180,COURSE132,Assignment,80.0,2023-02-25
6574,1384,COURSE101,Midterm,79.0,2023-03-16
6575,1786,COURSE120,Quiz,76.0,2023-03-06
6576,1534,COURSE84,Quiz,89.0,2021-08-26
6577,1025,COURSE113,Midterm,70.0,2023-09-25
6578,2875,COURSE141,Assignment,100.0,2020-02-18
6579,1891,COURSE63,Quiz,76.0,2024-02-25
6580,1878,COURSE84,Quiz,88.0,2022-05-15
6581,1636,COURSE131,Assignment,60.0,2024-04-05
6582,1967,COURSE81,Assignment,85.0,2021-02-15
6583,1900,COURSE115,Midterm,93.0,2024-11-20
6584,1674,COURSE91,Quiz,70.0,2020-07-20
6585,2038,COURSE83,Quiz,79.0,2021-05-17
6586,2721,COURSE54,Quiz,81.0,2022-05-16
6587,2890,COURSE64,Midterm,80.0,2022-08-05
6588,2793,COURSE138,Final Exam,79.0,2022-02-26
6589,1393,COURSE103,Quiz,76.0,2024-07-04
6590,2605,COURSE96,Quiz,77.0,2021-12-15
6591,1199,COURSE110,Midterm,75.0,2020-07-25
6592,1062,COURSE96,Assignment,72.0,2024-10-30
6593,1254,COURSE148,Assignment,65.0,2023-05-02
6594,2410,COURSE59,Quiz,73.0,2022-08-14
6595,2011,COURSE143,Quiz,58.0,2023-02-11
6596,2765,COURSE110,Assignment,85.0,2021-07-26
6597,2628,COURSE54,Assignment,64.0,2022-05-19
6598,1321,COURSE77,Quiz,85.0,2024-03-27
6599,1367,COURSE96,Assignment,95.0,2023-03-21
6600,2335,COURSE51,Midterm,85.0,2024-09-08
6601,1776,COURSE142,Assignment,87.0,2022-04-06
6602,2928,COURSE123,Midterm,87.0,2022-03-07
6603,1506,COURSE94,Midterm,100.0,2020-05-21
6604,1983,COURSE56,Final Exam,78.0,2020-09-25
6605,1062,COURSE118,Final Exam,82.0,2020-10-15
6606,2737,COURSE78,Quiz,68.0,2020-12-06
6607,2941,COURSE139,Midterm,75.0,2020-05-30
6608,1406,COURSE108,Quiz,77.0,2021-01-25
6609,1380,COURSE121,Assignment,90.0,2020-11-09
6610,2701,COURSE78,Assignment,81.0,2020-06-15
6611,1805,COURSE100,Final Exam,75.0,2024-10-21
6612,1922,COURSE130,Assignment,64.0,2022-06-11
6613,1065,COURSE61,Final Exam,66.0,2022-08-19
6614,1495,COURSE57,Assignment,75.0,2021-12-25
6615,1474,COURSE67,Final Exam,68.0,2022-04-18
6616,1375,COURSE115,Final Exam,70.0,2021-08-30
6617,1509,COURSE99,Quiz,88.0,2023-05-02
6618,1080,COURSE57,Quiz,78.0,2023-12-20
6619,1207,COURSE69,Quiz,87.0,2020-11-15
6620,1291,COURSE68,Assignment,63.0,2024-06-12
6621,1582,COURSE57,Final Exam,48.0,2023-04-28
6622,2957,COURSE146,Assignment,100.0,2020-08-14
6623,1253,COURSE108,Final Exam,69.0,2024-10-01
6624,2641,COURSE126,Midterm,76.0,2022-04-22
6625,2115,COURSE121,Midterm,64.0,2021-09-07
6626,2048,COURSE90,Quiz,83.0,2020-07-30
6627,2268,COURSE105,Final Exam,70.0,2022-03-27
6628,1090,COURSE93,Quiz,75.0,2024-12-05
6629,2412,COURSE116,Assignment,79.0,2024-10-18
6630,1874,COURSE70,Midterm,84.0,2022-01-02
6631,1205,COURSE103,Midterm,85.0,2020-04-27
6632,2675,COURSE66,Quiz,85.0,2024-09-07
6633,2480,COURSE71,Quiz,91.0,2021-03-25
6634,1601,COURSE113,Quiz,71.0,2020-12-15
6635,2043,COURSE112,Midterm,60.0,2023-09-18
6636,2031,COURSE117,Final Exam,100.0,2023-10-11
6637,2305,COURSE94,Assignment,84.0,2021-08-23
6638,1313,COURSE104,Assignment,55.0,2024-07-02
6639,1758,COURSE95,Assignment,75.0,2023-12-21
6640,2323,COURSE74,Final Exam,64.0,2024-01-31
6641,2188,COURSE102,Midterm,84.0,2022-06-27
6642,1335,COURSE88,Final Exam,95.0,2024-06-24
6643,1223,COURSE139,Assignment,85.0,2023-06-15
6644,1761,COURSE130,Midterm,73.0,2023-04-02
6645,2264,COURSE65,Final Exam,81.0,2022-05-17
6646,1104,COURSE72,Final Exam,52.0,2022-05-26
6647,1156,COURSE89,Assignment,92.0,2021-11-18
6648,2717,COURSE122,Quiz,83.0,2024-05-05
6649,1773,COURSE55,Assignment,80.0,2021-05-13
6650,1656,COURSE109,Final Exam,70.0,2020-07-18
6651,2334,COURSE101,Midterm,90.0,2023-12-02
6652,2141,COURSE149,Midterm,100.0,2024-01-04
6653,2055,COURSE93,Assignment,71.0,2022-02-11
6654,1603,COURSE76,Midterm,79.0,2023-12-19
6655,1075,COURSE148,Assignment,76.0,2023-09-29
6656,1548,COURSE144,Final Exam,76.0,2024-11-16
6657,2563,COURSE134,Final Exam,98.0,2023-02-03
6658,2229,COURSE107,Assignment,85.0,2024-03-24
6659,2441,COURSE56,Assignment,97.0,2023-05-27
6660,1787,COURSE130,Midterm,56.0,2020-09-19
6661,1828,COURSE53,Quiz,82.0,2022-01-15
6662,2024,COURSE81,Quiz,81.0,2023-01-16
6663,2999,COURSE77,Final Exam,75.0,2020-04-23
6664,2933,COURSE98,Quiz,75.0,2020-05-15
6665,2088,COURSE64,Midterm,74.0,2023-06-10
6666,2670,COURSE74,Quiz,77.0,2021-02-22
6667,1706,COURSE66,Midterm,70.0,2023-07-30
6668,1060,COURSE100,Quiz,80.0,2020-08-23
6669,1619,COURSE75,Midterm,62.0,2021-07-23
6670,2546,COURSE99,Final Exam,76.0,2024-08-20
6671,2462,COURSE76,Final Exam,76.0,2021-03-24
6672,1957,COURSE145,Assignment,83.0,2024-09-17
6673,2910,COURSE100,Final Exam,66.0,2023-09-23
6674,2261,COURSE75,Assignment,72.0,2024-02-18
6675,1263,COURSE92,Quiz,73.0,2023-08-18
6676,1135,COURSE79,Quiz,78.0,2024-07-03
6677,2952,COURSE124,Midterm,89.0,2024-03-30
6678,2688,COURSE87,Final Exam,64.0,2020-08-16
6679,2460,COURSE127,Final Exam,74.0,2022-10-25
6680,1680,COURSE121,Final Exam,73.0,2021-01-07
6681,2348,COURSE149,Assignment,68.0,2023-05-27
6682,2489,COURSE112,Quiz,95.0,2020-08-06
6683,2859,COURSE98,Assignment,76.0,2024-02-07
6684,1535,COURSE129,Assignment,77.0,2021-04-21
6685,2874,COURSE82,Quiz,72.0,2020-07-14
6686,1903,COURSE54,Midterm,95.0,2020-08-15
6687,2504,COURSE58,Assignment,89.0,2024-10-26
6688,1936,COURSE92,Midterm,100.0,2023-11-13
6689,2658,COURSE126,Final Exam,62.0,2023-09-02
6690,2326,COURSE54,Final Exam,91.0,2024-11-30
6691,2156,COURSE101,Assignment,71.0,2022-02-20
6692,2671,COURSE56,Assignment,81.0,2024-12-13
6693,2263,COURSE56,Final Exam,82.0,2024-12-13
6694,2377,COURSE119,Final Exam,81.0,2023-03-13
6695,1188,COURSE70,Assignment,63.0,2022-02-15
6696,2321,COURSE102,Quiz,73.0,2021-10-17
6697,2610,COURSE70,Midterm,54.0,2023-05-23
6698,1948,COURSE70,Quiz,88.0,2022-07-01
6699,1007,COURSE60,Quiz,75.0,2021-06-08
6700,2006,COURSE77,Assignment,77.0,2021-12-12
6701,2399,COURSE138,Assignment,69.0,2020-02-07
6702,1840,COURSE107,Quiz,72.0,2022-02-20
6703,2889,COURSE82,Final Exam,72.0,2021-08-06
6704,1043,COURSE107,Midterm,100.0,2020-08-31
6705,2711,COURSE62,Final Exam,75.0,2023-02-14
6706,2618,COURSE66,Final Exam,87.0,2020-08-14
6707,2936,COURSE129,Midterm,71.0,2024-09-08
6708,2171,COURSE54,Midterm,62.0,2022-11-02
6709,2814,COURSE127,Quiz,59.0,2021-09-14
6710,2397,COURSE57,Assignment,60.0,2020-05-14
6711,2484,COURSE102,Assignment,64.0,2024-09-20
6712,1489,COURSE142,Assignment,82.0,2021-08-23
6713,2412,COURSE106,Quiz,65.0,2023-11-01
6714,2467,COURSE140,Quiz,74.0,2024-06-15
6715,2678,COURSE92,Quiz,96.0,2024-03-03
6716,1977,COURSE66,Midterm,68.0,2021-12-20
6717,1951,COURSE134,Quiz,94.0,2023-08-12
6718,1836,COURSE146,Quiz,72.0,2021-10-19
6719,1877,COURSE96,Assignment,67.0,2021-02-18
6720,1530,COURSE106,Final Exam,90.0,2021-11-25
6721,2815,COURSE116,Final Exam,76.0,2024-08-31
6722,2463,COURSE118,Quiz,70.0,2020-07-17
6723,2116,COURSE146,Assignment,77.0,2022-02-12
6724,2746,COURSE102,Assignment,84.0,2020-05-24
6725,1490,COURSE142,Quiz,81.0,2021-04-13
6726,1046,COURSE144,Assignment,65.0,2020-09-14
6727,2218,COURSE80,Final Exam,74.0,2023-01-02
6728,2029,COURSE71,Quiz,71.0,2024-05-03
6729,2814,COURSE69,Midterm,94.0,2020-03-08
6730,2752,COURSE51,Quiz,90.0,2024-12-22
6731,2758,COURSE68,Quiz,83.0,2024-09-07
6732,1803,COURSE88,Assignment,73.0,2021-04-08
6733,2319,COURSE99,Final Exam,86.0,2021-12-21
6734,1122,COURSE145,Final Exam,100.0,2024-10-20
6735,2053,COURSE97,Assignment,81.0,2023-01-17
6736,2679,COURSE111,Assignment,91.0,2020-07-18
6737,1507,COURSE137,Assignment,78.0,2024-09-01
6738,1749,COURSE141,Assignment,97.0,2023-06-24
6739,1884,COURSE102,Final Exam,76.0,2024-01-12
6740,2080,COURSE54,Final Exam,88.0,2020-09-23
6741,1568,COURSE64,Midterm,85.0,2020-06-08
6742,2746,COURSE112,Midterm,69.0,2023-05-07
6743,1879,COURSE102,Quiz,67.0,2022-01-27
6744,2374,COURSE54,Midterm,68.0,2020-07-25
6745,2597,COURSE111,Midterm,81.0,2021-09-18
6746,2225,COURSE97,Midterm,94.0,2024-08-27
6747,2687,COURSE75,Midterm,87.0,2022-07-16
6748,2494,COURSE99,Final Exam,78.0,2024-03-16
6749,2474,COURSE102,Quiz,79.0,2021-11-17
6750,2362,COURSE74,Quiz,87.0,2022-07-23
6751,2712,COURSE82,Quiz,82.0,2021-11-20
6752,1244,COURSE98,Quiz,79.0,2021-08-17
6753,1692,COURSE130,Final Exam,69.0,2024-06-03
6754,1523,COURSE118,Quiz,64.0,2023-03-03
6755,1789,COURSE75,Assignment,70.0,2024-05-06
6756,2407,COURSE52,Final Exam,93.0,2020-04-08
6757,1875,COURSE121,Final Exam,58.0,2023-08-09
6758,1039,COURSE55,Quiz,67.0,2021-09-11
6759,2212,COURSE138,Assignment,59.0,2022-08-03
6760,2227,COURSE66,Midterm,58.0,2024-08-19
6761,1050,COURSE84,Assignment,100.0,2022-12-27
6762,1447,COURSE93,Assignment,82.0,2022-09-16
6763,2146,COURSE78,Quiz,59.0,2024-02-01
6764,1498,COURSE112,Assignment,63.0,2024-03-15
6765,2405,COURSE114,Final Exam,88.0,2024-07-19
6766,1584,COURSE69,Assignment,93.0,2020-12-30
6767,2788,COURSE138,Final Exam,63.0,2024-07-01
6768,1055,COURSE103,Midterm,77.0,2020-07-16
6769,2013,COURSE52,Final Exam,78.0,2023-11-16
6770,1167,COURSE108,Final Exam,68.0,2023-08-01
6771,1122,COURSE88,Assignment,80.0,2021-09-03
6772,1638,COURSE103,Quiz,79.0,2020-08-14
6773,2697,COURSE149,Quiz,81.0,2020-10-16
6774,2020,COURSE55,Final Exam,73.0,2021-11-29
6775,1234,COURSE79,Assignment,77.0,2023-08-17
6776,2824,COURSE71,Final Exam,58.0,2020-03-15
6777,2193,COURSE64,Assignment,88.0,2023-08-28
6778,2076,COURSE115,Final Exam,82.0,2022-08-17
6779,1107,COURSE141,Assignment,91.0,2020-12-12
6780,2861,COURSE144,Final Exam,96.0,2024-11-12
6781,2659,COURSE107,Midterm,59.0,2024-09-08
6782,2018,COURSE80,Midterm,98.0,2024-04-30
6783,2342,COURSE136,Assignment,86.0,2023-10-14
6784,2312,COURSE145,Final Exam,92.0,2020-01-01
6785,1208,COURSE54,Final Exam,83.0,2024-06-04
6786,2072,COURSE66,Quiz,94.0,2024-12-03
6787,2549,COURSE72,Assignment,83.0,2020-07-03
6788,2627,COURSE86,Assignment,65.0,2024-03-25
6789,2692,COURSE148,Assignment,76.0,2023-05-30
6790,1421,COURSE96,Assignment,77.0,2022-02-01
6791,2661,COURSE100,Assignment,79.0,2021-12-10
6792,2933,COURSE90,Assignment,65.0,2023-10-20
6793,1048,COURSE100,Midterm,67.0,2024-05-21
6794,2412,COURSE111,Final Exam,67.0,2023-09-01
6795,2365,COURSE103,Final Exam,80.0,2021-09-15
6796,1328,COURSE143,Midterm,74.0,2024-08-10
6797,1522,COURSE144,Midterm,80.0,2020-07-16
6798,2070,COURSE131,Midterm,76.0,2020-06-07
6799,2267,COURSE111,Midterm,62.0,2023-02-22
6800,2128,COURSE91,Midterm,75.0,2020-02-12
6801,2904,COURSE102,Final Exam,83.0,2023-09-14
6802,2282,COURSE102,Midterm,68.0,2024-05-27
6803,1195,COURSE91,Assignment,72.0,2023-02-06
6804,2166,COURSE102,Assignment,73.0,2022-08-09
6805,2537,COURSE97,Assignment,69.0,2020-02-22
6806,1291,COURSE72,Assignment,66.0,2024-09-25
6807,1217,COURSE135,Assignment,66.0,2021-02-11
6808,1687,COURSE109,Final Exam,75.0,2020-08-25
6809,2731,COURSE66,Midterm,57.0,2020-12-21
6810,1087,COURSE126,Quiz,76.0,2023-12-25
6811,1602,COURSE142,Assignment,87.0,2020-02-11
6812,2545,COURSE98,Quiz,59.0,2024-02-21
6813,1496,COURSE86,Final Exam,94.0,2020-07-17
6814,1231,COURSE129,Assignment,68.0,2021-03-06
6815,2959,COURSE95,Final Exam,80.0,2022-03-18
6816,2854,COURSE121,Final Exam,74.0,2020-02-27
6817,2781,COURSE91,Quiz,69.0,2020-03-08
6818,1811,COURSE69,Assignment,92.0,2024-03-28
6819,1706,COURSE150,Midterm,79.0,2024-07-05
6820,2258,COURSE145,Final Exam,89.0,2021-04-02
6821,2074,COURSE121,Assignment,100.0,2021-01-18
6822,1602,COURSE52,Assignment,86.0,2020-07-10
6823,1084,COURSE61,Quiz,85.0,2023-09-13
6824,2952,COURSE100,Quiz,96.0,2020-11-06
6825,1356,COURSE53,Quiz,64.0,2024-12-10
6826,1093,COURSE111,Midterm,87.0,2024-09-04
6827,2370,COURSE148,Final Exam,75.0,2022-06-17
6828,2941,COURSE86,Assignment,85.0,2024-11-07
6829,1487,COURSE132,Quiz,57.0,2022-04-17
6830,2967,COURSE113,Assignment,90.0,2023-04-14
6831,2293,COURSE71,Final Exam,72.0,2022-10-22
6832,1021,COURSE89,Assignment,94.0,2022-02-28
6833,1927,COURSE131,Assignment,57.0,2020-10-05
6834,1526,COURSE105,Assignment,54.0,2024-09-11
6835,1675,COURSE99,Final Exam,80.0,2021-02-01
6836,1062,COURSE108,Quiz,77.0,2020-08-25
6837,2978,COURSE57,Assignment,91.0,2023-02-21
6838,2598,COURSE150,Final Exam,79.0,2023-06-27
6839,2332,COURSE134,Quiz,78.0,2021-01-11
6840,1707,COURSE121,Assignment,75.0,2023-10-26
6841,1160,COURSE120,Quiz,70.0,2024-12-02
6842,1285,COURSE126,Quiz,68.0,2022-08-14
6843,2585,COURSE51,Midterm,94.0,2023-04-10
6844,1984,COURSE95,Assignment,86.0,2020-05-21
6845,1172,COURSE86,Quiz,54.0,2022-04-21
6846,2167,COURSE91,Quiz,77.0,2020-08-21
6847,2095,COURSE106,Midterm,92.0,2024-05-20
6848,1322,COURSE120,Midterm,87.0,2024-02-16
6849,1556,COURSE81,Midterm,71.0,2022-06-03
6850,2315,COURSE69,Midterm,100.0,2024-10-24
6851,2597,COURSE123,Assignment,63.0,2021-04-06
6852,1846,COURSE102,Midterm,84.0,2023-05-20
6853,1055,COURSE52,Final Exam,100.0,2023-04-28
6854,1215,COURSE52,Midterm,79.0,2021-03-29
6855,2852,COURSE137,Quiz,82.0,2022-02-08
6856,1036,COURSE114,Midterm,78.0,2023-03-10
6857,2563,COURSE80,Final Exam,78.0,2022-02-04
6858,1033,COURSE91,Quiz,63.0,2023-10-19
6859,2964,COURSE129,Assignment,57.0,2024-09-01
6860,1286,COURSE150,Assignment,88.0,2022-11-20
6861,1609,COURSE75,Midterm,70.0,2024-06-23
6862,2326,COURSE94,Quiz,72.0,2024-09-14
6863,2416,COURSE139,Final Exam,95.0,2021-12-03
6864,2456,COURSE147,Assignment,67.0,2020-02-23
6865,2186,COURSE58,Quiz,90.0,2020-01-14
6866,2627,COURSE148,Midterm,82.0,2021-06-16
6867,2693,COURSE140,Final Exam,84.0,2022-11-20
6868,1748,COURSE146,Quiz,88.0,2023-01-29
6869,2533,COURSE96,Assignment,76.0,2024-08-02
6870,2771,COURSE70,Assignment,70.0,2023-02-03
6871,1588,COURSE127,Midterm,98.0,2024-11-30
6872,2383,COURSE61,Midterm,55.0,2023-02-04
6873,1534,COURSE76,Midterm,73.0,2023-01-25
6874,2781,COURSE138,Final Exam,90.0,2024-05-07
6875,2383,COURSE52,Assignment,60.0,2023-10-09
6876,1487,COURSE118,Midterm,76.0,2023-02-15
6877,2710,COURSE87,Quiz,84.0,2024-04-19
6878,2444,COURSE136,Quiz,87.0,2023-03-18
6879,1461,COURSE104,Midterm,100.0,2021-07-26
6880,1028,COURSE84,Quiz,57.0,2024-09-16
6881,1169,COURSE144,Assignment,72.0,2022-08-21
6882,2033,COURSE140,Assignment,89.0,2024-10-09
6883,2602,COURSE125,Assignment,79.0,2024-03-29
6884,2825,COURSE51,Midterm,88.0,2023-07-11
6885,1806,COURSE67,Final Exam,63.0,2023-09-21
6886,1450,COURSE54,Midterm,88.0,2022-08-26
6887,1714,COURSE100,Midterm,73.0,2023-10-17
6888,2206,COURSE58,Final Exam,77.0,2023-01-17
6889,2884,COURSE101,Final Exam,84.0,2022-08-28
6890,2894,COURSE52,Assignment,92.0,2022-12-09
6891,1676,COURSE134,Quiz,97.0,2024-02-05
6892,2244,COURSE77,Midterm,84.0,2021-05-23
6893,1411,COURSE122,Quiz,55.0,2024-07-02
6894,1215,COURSE127,Quiz,82.0,2023-09-10
6895,1922,COURSE96,Quiz,61.0,2024-05-10
6896,2775,COURSE69,Quiz,68.0,2021-08-21
6897,2600,COURSE56,Final Exam,83.0,2023-11-04
6898,2373,COURSE118,Assignment,73.0,2024-02-11
6899,2533,COURSE148,Assignment,95.0,2023-05-21
6900,2884,COURSE141,Midterm,92.0,2021-12-27
6901,1278,COURSE150,Midterm,84.0,2024-01-05
6902,2595,COURSE52,Final Exam,70.0,2024-09-20
6903,1241,COURSE118,Midterm,82.0,2020-01-29
6904,2429,COURSE75,Final Exam,85.0,2023-05-08
6905,1551,COURSE74,Midterm,76.0,2020-09-18
6906,2135,COURSE144,Midterm,78.0,2023-07-13
6907,1663,COURSE95,Assignment,60.0,2022-12-01
6908,2832,COURSE89,Final Exam,89.0,2022-08-15
6909,2751,COURSE127,Quiz,50.0,2024-02-21
6910,2554,COURSE57,Midterm,61.0,2022-05-23
6911,1321,COURSE139,Quiz,78.0,2022-05-24
6912,1365,COURSE62,Assignment,61.0,2024-11-25
6913,2606,COURSE104,Assignment,77.0,2022-08-10
6914,1398,COURSE106,Midterm,78.0,2020-08-13
6915,1287,COURSE67,Final Exam,82.0,2024-04-25
6916,1177,COURSE107,Midterm,73.0,2023-05-17
6917,1803,COURSE91,Assignment,95.0,2023-09-25
6918,2126,COURSE149,Midterm,83.0,2021-11-21
6919,2730,COURSE89,Midterm,79.0,2023-01-07
6920,1594,COURSE94,Quiz,74.0,2024-06-14
6921,1961,COURSE54,Final Exam,74.0,2023-07-17
6922,1981,COURSE110,Assignment,67.0,2020-11-03
6923,1229,COURSE73,Quiz,88.0,2024-11-25
6924,1374,COURSE75,Quiz,91.0,2022-06-11
6925,2711,COURSE129,Assignment,79.0,2021-09-09
6926,2728,COURSE82,Midterm,70.0,2023-09-09
6927,2030,COURSE115,Quiz,75.0,2024-03-27
6928,2548,COURSE141,Assignment,74.0,2020-02-17
6929,1749,COURSE142,Final Exam,69.0,2020-09-29
6930,1500,COURSE51,Assignment,83.0,2024-12-16
6931,2891,COURSE126,Quiz,73.0,2022-01-20
6932,2393,COURSE131,Assignment,64.0,2020-12-15
6933,1924,COURSE104,Final Exam,74.0,2024-05-14
6934,2374,COURSE65,Midterm,88.0,2021-01-16
6935,2892,COURSE89,Final Exam,93.0,2024-08-27
6936,2076,COURSE109,Final Exam,82.0,2020-01-24
6937,2521,COURSE57,Final Exam,84.0,2021-03-17
6938,2909,COURSE129,Quiz,100.0,2023-03-31
6939,2678,COURSE129,Final Exam,97.0,2023-07-03
6940,2600,COURSE53,Midterm,74.0,2022-02-13
6941,2965,COURSE54,Final Exam,67.0,2023-08-20
6942,2956,COURSE78,Quiz,77.0,2021-04-07
6943,1034,COURSE54,Quiz,87.0,2021-08-17
6944,1249,COURSE55,Quiz,75.0,2021-06-01
6945,2908,COURSE87,Assignment,68.0,2022-10-31
6946,2172,COURSE51,Final Exam,78.0,2024-04-15
6947,2294,COURSE55,Assignment,94.0,2024-08-18
6948,2501,COURSE79,Quiz,72.0,2023-11-18
6949,1518,COURSE95,Quiz,90.0,2024-01-04
6950,2021,COURSE83,Midterm,90.0,2021-07-19
6951,2933,COURSE88,Quiz,55.0,2020-04-28
6952,1152,COURSE145,Quiz,90.0,2022-09-04
6953,2029,COURSE71,Midterm,78.0,2020-08-14
6954,1837,COURSE71,Assignment,90.0,2023-02-15
6955,1252,COURSE111,Assignment,100.0,2022-11-11
6956,1362,COURSE111,Midterm,61.0,2022-06-05
6957,2016,COURSE97,Midterm,79.0,2022-08-18
6958,2401,COURSE145,Final Exam,75.0,2023-11-11
6959,1869,COURSE130,Midterm,72.0,2021-08-25
6960,1242,COURSE116,Assignment,85.0,2021-10-16
6961,1283,COURSE127,Final Exam,75.0,2023-07-07
6962,2782,COURSE125,Midterm,76.0,2023-01-12
6963,2534,COURSE114,Final Exam,66.0,2021-02-01
6964,1241,COURSE91,Final Exam,100.0,2023-08-11
6965,2048,COURSE67,Final Exam,92.0,2020-10-17
6966,1434,COURSE125,Quiz,72.0,2023-04-15
6967,1548,COURSE104,Assignment,78.0,2022-10-29
6968,2660,COURSE97,Quiz,86.0,2020-10-27
6969,1149,COURSE142,Final Exam,80.0,2023-01-26
6970,1532,COURSE92,Midterm,82.0,2024-10-19
6971,2705,COURSE75,Midterm,83.0,2023-09-15
6972,1341,COURSE138,Final Exam,66.0,2024-01-10
6973,2445,COURSE56,Quiz,58.0,2023-04-28
6974,1717,COURSE97,Final Exam,76.0,2021-06-14
6975,1167,COURSE133,Midterm,59.0,2023-04-27
6976,2236,COURSE78,Final Exam,100.0,2024-11-01
6977,2831,COURSE97,Midterm,72.0,2024-05-28
6978,2892,COURSE93,Midterm,84.0,2022-04-02
6979,2983,COURSE84,Assignment,83.0,2023-11-29
6980,2277,COURSE150,Final Exam,66.0,2023-05-06
6981,2756,COURSE105,Quiz,69.0,2021-11-25
6982,1958,COURSE109,Final Exam,86.0,2020-02-04
6983,2359,COURSE102,Quiz,77.0,2023-12-11
6984,2054,COURSE105,Midterm,77.0,2020-07-06
6985,1260,COURSE72,Midterm,79.0,2022-11-14
6986,2231,COURSE149,Midterm,78.0,2023-09-05
6987,1936,COURSE66,Midterm,66.0,2020-10-28
6988,2598,COURSE130,Quiz,76.0,2024-05-14
6989,2604,COURSE52,Final Exam,68.0,2022-06-08
6990,1046,COURSE82,Quiz,88.0,2020-07-10
6991,2010,COURSE67,Assignment,60.0,2020-06-25
6992,2559,COURSE66,Final Exam,67.0,2020-04-22
6993,2267,COURSE61,Final Exam,81.0,2022-08-23
6994,2509,COURSE93,Quiz,64.0,2024-07-02
6995,2992,COURSE60,Assignment,68.0,2020-09-20
6996,1590,COURSE106,Quiz,100.0,2024-06-17
6997,1163,COURSE118,Assignment,78.0,2020-11-06
6998,2733,COURSE102,Quiz,63.0,2021-03-15
6999,1699,COURSE121,Quiz,74.0,2023-01-09
7000,1726,COURSE115,Final Exam,91.0,2023-01-25
7001,2993,COURSE121,Final Exam,85.0,2023-05-12
7002,2440,COURSE139,Final Exam,67.0,2024-07-25
7003,1679,COURSE106,Quiz,76.0,2022-04-16
7004,1002,COURSE90,Quiz,68.0,2020-02-08
7005,2955,COURSE77,Midterm,88.0,2021-01-14
7006,1323,COURSE112,Midterm,93.0,2024-12-11
7007,1327,COURSE127,Assignment,80.0,2021-10-01
7008,2237,COURSE91,Quiz,90.0,2020-01-23
7009,2770,COURSE102,Quiz,76.0,2022-07-24
7010,2773,COURSE61,Final Exam,84.0,2021-10-31
7011,2605,COURSE135,Midterm,81.0,2024-04-23
7012,1534,COURSE141,Assignment,81.0,2023-02-15
7013,2243,COURSE89,Midterm,59.0,2024-05-31
7014,2778,COURSE78,Final Exam,72.0,2024-05-25
7015,2866,COURSE95,Quiz,79.0,2024-05-14
7016,1652,COURSE140,Final Exam,75.0,2022-10-19
7017,1583,COURSE112,Final Exam,66.0,2021-01-20
7018,1935,COURSE57,Midterm,73.0,2022-06-10
7019,2956,COURSE118,Assignment,85.0,2024-04-23
7020,2815,COURSE132,Assignment,89.0,2021-12-07
7021,1407,COURSE60,Quiz,82.0,2020-02-15
7022,2947,COURSE57,Midterm,86.0,2021-10-06
7023,1687,COURSE141,Quiz,70.0,2020-01-07
7024,2806,COURSE112,Quiz,83.0,2022-05-21
7025,1450,COURSE120,Quiz,84.0,2022-01-10
7026,2301,COURSE115,Quiz,53.0,2024-05-15
7027,1831,COURSE123,Quiz,73.0,2020-01-17
7028,1899,COURSE53,Quiz,71.0,2024-06-04
7029,2321,COURSE122,Midterm,96.0,2022-02-10
7030,1065,COURSE63,Midterm,64.0,2020-12-20
7031,1033,COURSE139,Quiz,89.0,2022-02-12
7032,1586,COURSE53,Final Exam,64.0,2023-01-20
7033,1846,COURSE147,Midterm,62.0,2022-09-25
7034,2962,COURSE140,Midterm,60.0,2020-09-11
7035,2258,COURSE64,Final Exam,64.0,2024-02-29
7036,2399,COURSE131,Assignment,58.0,2022-05-15
7037,2691,COURSE102,Assignment,52.0,2024-07-10
7038,2777,COURSE97,Final Exam,69.0,2020-04-26
7039,2237,COURSE85,Assignment,79.0,2023-11-11
7040,1988,COURSE128,Final Exam,72.0,2024-02-14
7041,1023,COURSE69,Quiz,65.0,2022-06-05
7042,2937,COURSE56,Quiz,79.0,2024-02-02
7043,2766,COURSE139,Quiz,88.0,2022-12-17
7044,1947,COURSE123,Assignment,75.0,2022-02-12
7045,1650,COURSE146,Assignment,79.0,2020-03-03
7046,1415,COURSE63,Final Exam,84.0,2021-11-06
7047,2496,COURSE130,Quiz,85.0,2021-02-27
7048,2070,COURSE146,Final Exam,52.0,2023-02-08
7049,2670,COURSE69,Final Exam,81.0,2023-12-08
7050,1165,COURSE55,Quiz,66.0,2020-06-20
7051,2775,COURSE138,Assignment,69.0,2024-12-29
7052,1787,COURSE88,Quiz,80.0,2022-04-15
7053,2619,COURSE149,Final Exam,92.0,2024-11-26
7054,2136,COURSE53,Quiz,77.0,2024-10-22
7055,1787,COURSE115,Midterm,76.0,2021-12-10
7056,2356,COURSE134,Assignment,94.0,2024-05-12
7057,1859,COURSE74,Midterm,66.0,2021-06-20
7058,2059,COURSE76,Midterm,89.0,2024-01-11
7059,2023,COURSE144,Quiz,50.0,2024-03-03
7060,1715,COURSE83,Midterm,67.0,2021-03-27
7061,1799,COURSE96,Final Exam,85.0,2024-11-09
7062,1216,COURSE59,Final Exam,62.0,2022-12-15
7063,2907,COURSE102,Final Exam,72.0,2024-10-18
7064,1476,COURSE121,Quiz,63.0,2024-10-06
7065,2456,COURSE146,Quiz,86.0,2022-06-07
7066,1030,COURSE55,Final Exam,93.0,2021-10-16
7067,2079,COURSE118,Final Exam,65.0,2021-09-02
7068,2936,COURSE109,Midterm,66.0,2020-02-14
7069,2180,COURSE140,Quiz,69.0,2021-02-01
7070,1831,COURSE131,Assignment,100.0,2021-06-25
7071,1657,COURSE96,Midterm,75.0,2023-12-15
7072,1110,COURSE60,Assignment,82.0,2022-06-12
7073,2539,COURSE104,Quiz,83.0,2024-01-08
7074,1126,COURSE69,Quiz,79.0,2024-06-01
7075,2621,COURSE65,Midterm,90.0,2020-02-24
7076,2142,COURSE51,Quiz,84.0,2022-11-23
7077,1611,COURSE102,Final Exam,67.0,2020-06-20
7078,2421,COURSE63,Quiz,73.0,2024-03-17
7079,1024,COURSE85,Assignment,80.0,2024-10-22
7080,1479,COURSE54,Quiz,75.0,2023-04-08
7081,1088,COURSE148,Assignment,78.0,2022-11-06
7082,2834,COURSE97,Final Exam,80.0,2020-08-18
7083,1769,COURSE149,Assignment,100.0,2024-03-18
7084,2446,COURSE85,Quiz,87.0,2022-01-07
7085,2038,COURSE114,Final Exam,73.0,2022-01-05
7086,1672,COURSE69,Quiz,71.0,2023-03-13
7087,1254,COURSE87,Midterm,70.0,2024-01-11
7088,2923,COURSE62,Quiz,75.0,2023-04-27
7089,1046,COURSE84,Assignment,75.0,2023-09-14
7090,1846,COURSE137,Assignment,75.0,2021-07-16
7091,2209,COURSE86,Final Exam,73.0,2023-11-26
7092,2028,COURSE69,Quiz,70.0,2023-06-03
7093,1402,COURSE101,Quiz,92.0,2024-10-15
7094,1036,COURSE127,Midterm,49.0,2022-12-16
7095,1778,COURSE121,Quiz,70.0,2022-12-31
7096,1317,COURSE68,Midterm,92.0,2023-04-11
7097,1013,COURSE115,Midterm,67.0,2022-06-20
7098,1913,COURSE67,Assignment,76.0,2021-06-18
7099,1615,COURSE89,Quiz,100.0,2021-03-03
7100,2826,COURSE102,Final Exam,88.0,2024-02-03
7101,2631,COURSE68,Quiz,72.0,2022-07-14
7102,1307,COURSE113,Final Exam,93.0,2021-01-08
7103,2894,COURSE93,Midterm,79.0,2022-06-10
7104,2523,COURSE71,Quiz,73.0,2020-02-15
7105,2774,COURSE53,Quiz,64.0,2023-09-08
7106,2112,COURSE79,Assignment,90.0,2020-04-29
7107,1275,COURSE62,Assignment,84.0,2024-06-04
7108,1943,COURSE76,Assignment,88.0,2021-05-20
7109,2678,COURSE114,Quiz,82.0,2022-08-31
7110,1298,COURSE97,Assignment,89.0,2021-04-21
7111,1479,COURSE56,Quiz,68.0,2022-01-09
7112,2343,COURSE143,Final Exam,71.0,2022-06-21
7113,2916,COURSE100,Quiz,86.0,2024-02-18
7114,2900,COURSE135,Assignment,100.0,2024-07-17
7115,2220,COURSE78,Midterm,65.0,2023-09-23
7116,2627,COURSE98,Midterm,83.0,2023-09-02
7117,1507,COURSE138,Midterm,90.0,2022-10-08
7118,2933,COURSE96,Final Exam,87.0,2022-08-17
7119,1172,COURSE85,Quiz,78.0,2023-07-21
7120,2490,COURSE130,Quiz,96.0,2022-09-02
7121,2313,COURSE134,Final Exam,63.0,2023-08-01
7122,1840,COURSE120,Assignment,72.0,2021-09-15
7123,1567,COURSE100,Midterm,77.0,2023-03-31
7124,1552,COURSE145,Midterm,97.0,2022-09-25
7125,1903,COURSE113,Assignment,96.0,2021-03-09
7126,1236,COURSE52,Assignment,66.0,2020-09-16
7127,1765,COURSE53,Quiz,74.0,2023-06-21
7128,1282,COURSE75,Midterm,67.0,2024-01-17
7129,2350,COURSE129,Final Exam,92.0,2021-10-08
7130,2155,COURSE76,Final Exam,88.0,2024-07-01
7131,2238,COURSE134,Midterm,91.0,2023-09-03
7132,2284,COURSE69,Assignment,76.0,2024-05-30
7133,1911,COURSE86,Quiz,75.0,2021-06-24
7134,2665,COURSE105,Final Exam,76.0,2023-04-14
7135,1328,COURSE147,Midterm,90.0,2023-07-13
7136,1814,COURSE98,Quiz,89.0,2021-08-23
7137,1082,COURSE104,Assignment,74.0,2021-01-04
7138,2575,COURSE104,Quiz,75.0,2020-03-18
7139,2041,COURSE143,Midterm,86.0,2024-12-21
7140,1496,COURSE78,Midterm,81.0,2021-07-03
7141,1768,COURSE147,Midterm,63.0,2022-07-24
7142,1198,COURSE62,Midterm,60.0,2024-11-17
7143,1401,COURSE148,Final Exam,74.0,2020-01-04
7144,2304,COURSE119,Midterm,93.0,2023-07-23
7145,1979,COURSE83,Final Exam,63.0,2023-09-19
7146,2784,COURSE119,Final Exam,88.0,2023-07-22
7147,1566,COURSE82,Assignment,75.0,2023-05-31
7148,1062,COURSE55,Quiz,59.0,2023-05-10
7149,2936,COURSE121,Midterm,78.0,2024-07-10
7150,2295,COURSE135,Assignment,53.0,2024-04-14
7151,1292,COURSE123,Assignment,85.0,2024-08-19
7152,2087,COURSE98,Assignment,93.0,2023-07-03
7153,1887,COURSE81,Quiz,70.0,2021-09-16
7154,2686,COURSE69,Assignment,82.0,2020-10-14
7155,2473,COURSE103,Midterm,75.0,2024-11-12
7156,2898,COURSE94,Final Exam,57.0,2020-02-23
7157,1599,COURSE59,Quiz,86.0,2020-09-27
7158,1594,COURSE145,Assignment,97.0,2020-01-23
7159,1159,COURSE119,Quiz,87.0,2024-09-16
7160,2114,COURSE143,Final Exam,81.0,2023-06-23
7161,1050,COURSE82,Final Exam,100.0,2023-10-29
7162,2562,COURSE76,Midterm,63.0,2020-12-01
7163,1352,COURSE127,Assignment,76.0,2020-05-25
7164,1537,COURSE59,Final Exam,81.0,2023-03-29
7165,2946,COURSE55,Assignment,72.0,2022-07-14
7166,2953,COURSE135,Assignment,75.0,2021-08-02
7167,2837,COURSE102,Final Exam,87.0,2024-06-19
7168,2829,COURSE146,Assignment,87.0,2024-01-17
7169,2483,COURSE63,Assignment,70.0,2021-03-20
7170,2615,COURSE76,Midterm,88.0,2020-11-14
7171,2846,COURSE143,Final Exam,75.0,2021-03-04
7172,2788,COURSE105,Midterm,100.0,2022-11-01
7173,1507,COURSE99,Assignment,76.0,2024-02-18
7174,2078,COURSE64,Midterm,60.0,2022-06-21
7175,1215,COURSE120,Quiz,84.0,2021-06-19
7176,1095,COURSE82,Midterm,90.0,2021-01-03
7177,2837,COURSE111,Quiz,74.0,2023-07-16
7178,1813,COURSE123,Assignment,75.0,2024-01-09
7179,1196,COURSE117,Assignment,91.0,2020-03-03
7180,2239,COURSE80,Final Exam,66.0,2024-11-29
7181,1082,COURSE116,Assignment,80.0,2021-12-06
7182,2303,COURSE107,Assignment,84.0,2021-03-26
7183,1852,COURSE121,Midterm,73.0,2022-06-15
7184,1986,COURSE108,Quiz,80.0,2022-07-09
7185,1286,COURSE53,Final Exam,91.0,2022-11-24
7186,1367,COURSE60,Final Exam,70.0,2022-10-20
7187,2520,COURSE72,Assignment,84.0,2022-10-23
7188,1429,COURSE118,Midterm,100.0,2020-07-17
7189,2497,COURSE54,Assignment,88.0,2024-03-27
7190,2152,COURSE91,Quiz,86.0,2021-09-20
7191,1170,COURSE93,Quiz,62.0,2023-05-21
7192,1006,COURSE92,Final Exam,69.0,2022-05-11
7193,1502,COURSE129,Midterm,83.0,2024-03-29
7194,1278,COURSE91,Final Exam,69.0,2022-02-01
7195,1939,COURSE101,Assignment,80.0,2022-09-19
7196,2880,COURSE96,Assignment,100.0,2022-10-15
7197,2087,COURSE64,Quiz,82.0,2020-10-18
7198,2001,COURSE92,Final Exam,65.0,2021-05-17
7199,1807,COURSE87,Final Exam,75.0,2024-03-05
7200,1874,COURSE125,Final Exam,63.0,2021-05-08
7201,1041,COURSE80,Assignment,82.0,2022-07-21
7202,2937,COURSE61,Quiz,66.0,2021-01-24
7203,1650,COURSE120,Assignment,84.0,2024-07-04
7204,2678,COURSE132,Assignment,83.0,2020-01-05
7205,2665,COURSE51,Midterm,74.0,2022-08-19
7206,1152,COURSE79,Assignment,59.0,2021-06-09
7207,2788,COURSE106,Assignment,70.0,2022-03-25
7208,2674,COURSE56,Final Exam,92.0,2022-06-27
7209,2968,COURSE135,Final Exam,62.0,2021-11-10
7210,2808,COURSE53,Quiz,93.0,2022-12-23
7211,1082,COURSE63,Quiz,81.0,2024-09-11
7212,1479,COURSE99,Midterm,87.0,2021-06-25
7213,1304,COURSE55,Midterm,90.0,2024-06-08
7214,2117,COURSE89,Midterm,90.0,2022-03-28
7215,1199,COURSE95,Midterm,100.0,2023-09-21
7216,1812,COURSE107,Assignment,81.0,2022-12-14
7217,2285,COURSE145,Quiz,66.0,2024-09-02
7218,2948,COURSE146,Quiz,66.0,2020-01-26
7219,1677,COURSE101,Assignment,75.0,2021-02-25
7220,1241,COURSE63,Midterm,88.0,2024-11-05
7221,1070,COURSE81,Quiz,54.0,2020-08-01
7222,1760,COURSE145,Midterm,69.0,2024-03-14
7223,2235,COURSE79,Assignment,67.0,2020-09-03
7224,1925,COURSE81,Assignment,60.0,2021-07-03
7225,1051,COURSE95,Assignment,94.0,2022-04-15
7226,2934,COURSE72,Quiz,56.0,2022-01-02
7227,1194,COURSE98,Final Exam,68.0,2023-07-23
7228,2766,COURSE83,Final Exam,76.0,2023-10-04
7229,1651,COURSE90,Midterm,72.0,2023-12-14
7230,1762,COURSE148,Final Exam,81.0,2023-07-14
7231,1946,COURSE134,Midterm,73.0,2023-01-03
7232,1728,COURSE127,Final Exam,87.0,2020-12-02
7233,1806,COURSE145,Assignment,91.0,2020-04-26
7234,1282,COURSE76,Assignment,79.0,2024-10-15
7235,1206,COURSE105,Assignment,79.0,2024-03-28
7236,1422,COURSE140,Midterm,94.0,2024-12-12
7237,1285,COURSE78,Assignment,71.0,2023-06-06
7238,2317,COURSE117,Quiz,82.0,2022-03-23
7239,1432,COURSE136,Quiz,91.0,2024-12-01
7240,2330,COURSE57,Midterm,76.0,2020-03-26
7241,2535,COURSE143,Quiz,89.0,2023-07-30
7242,1383,COURSE149,Quiz,100.0,2020-11-26
7243,1283,COURSE87,Assignment,92.0,2020-04-10
7244,2112,COURSE62,Quiz,78.0,2023-11-15
7245,2281,COURSE98,Quiz,87.0,2022-04-23
7246,2407,COURSE72,Midterm,92.0,2023-03-14
7247,2420,COURSE122,Final Exam,64.0,2020-01-14
7248,2866,COURSE52,Assignment,78.0,2022-07-15
7249,1321,COURSE121,Assignment,88.0,2023-12-07
7250,1871,COURSE112,Quiz,81.0,2021-09-25
7251,1879,COURSE53,Midterm,94.0,2024-09-04
7252,1923,COURSE52,Quiz,84.0,2023-08-20
7253,1055,COURSE70,Assignment,78.0,2024-10-14
7254,1437,COURSE74,Midterm,85.0,2024-07-13
7255,1129,COURSE81,Assignment,81.0,2024-01-01
7256,1225,COURSE102,Assignment,54.0,2023-02-14
7257,2959,COURSE127,Final Exam,80.0,2020-01-23
7258,2553,COURSE61,Final Exam,52.0,2022-09-15
7259,2059,COURSE116,Quiz,74.0,2020-04-17
7260,1813,COURSE59,Quiz,67.0,2020-07-20
7261,1451,COURSE71,Assignment,69.0,2023-09-18
7262,1111,COURSE148,Quiz,93.0,2023-08-07
7263,1319,COURSE145,Final Exam,46.0,2021-04-08
7264,2887,COURSE119,Final Exam,89.0,2024-08-28
7265,2161,COURSE149,Quiz,69.0,2020-07-23
7266,1783,COURSE64,Final Exam,79.0,2024-08-20
7267,1495,COURSE100,Assignment,76.0,2022-03-21
7268,1022,COURSE136,Midterm,73.0,2024-07-10
7269,2747,COURSE136,Midterm,82.0,2020-02-26
7270,1662,COURSE99,Quiz,70.0,2023-01-02
7271,1055,COURSE114,Midterm,96.0,2021-11-01
7272,2646,COURSE109,Assignment,62.0,2023-08-30
7273,2736,COURSE132,Assignment,78.0,2022-07-23
7274,1938,COURSE58,Midterm,64.0,2020-11-16
7275,2470,COURSE56,Assignment,86.0,2024-10-06
7276,2711,COURSE131,Quiz,78.0,2024-11-21
7277,2642,COURSE144,Quiz,76.0,2022-07-20
7278,2160,COURSE102,Assignment,62.0,2021-10-01
7279,2410,COURSE108,Assignment,90.0,2023-02-14
7280,2408,COURSE120,Assignment,83.0,2021-02-21
7281,1470,COURSE65,Final Exam,76.0,2021-02-26
7282,2104,COURSE107,Quiz,68.0,2022-02-25
7283,1808,COURSE116,Midterm,80.0,2020-09-17
7284,2384,COURSE140,Midterm,67.0,2024-03-26
7285,1234,COURSE125,Assignment,75.0,2024-09-26
7286,2710,COURSE71,Assignment,100.0,2024-10-25
7287,2244,COURSE94,Assignment,83.0,2021-08-13
7288,1403,COURSE85,Assignment,74.0,2024-06-01
7289,1878,COURSE86,Final Exam,85.0,2023-09-18
7290,2700,COURSE122,Midterm,73.0,2021-04-13
7291,2504,COURSE127,Midterm,67.0,2024-03-29
7292,1621,COURSE132,Assignment,75.0,2020-06-12
7293,2851,COURSE111,Assignment,86.0,2023-08-20
7294,2942,COURSE105,Midterm,78.0,2023-05-16
7295,2166,COURSE106,Assignment,93.0,2024-12-08
7296,2776,COURSE104,Final Exam,79.0,2022-01-06
7297,1153,COURSE64,Final Exam,79.0,2024-05-24
7298,2101,COURSE96,Midterm,100.0,2023-01-26
7299,1165,COURSE127,Assignment,83.0,2020-08-19
7300,2365,COURSE111,Assignment,97.0,2021-10-23
7301,2632,COURSE53,Assignment,89.0,2024-08-16
7302,1933,COURSE141,Assignment,76.0,2020-09-03
7303,2332,COURSE62,Final Exam,71.0,2021-03-24
7304,2933,COURSE65,Final Exam,79.0,2020-10-26
7305,2861,COURSE147,Assignment,74.0,2023-07-28
7306,1570,COURSE100,Midterm,62.0,2023-06-30
7307,2298,COURSE68,Final Exam,76.0,2022-08-18
7308,2210,COURSE143,Final Exam,73.0,2020-08-28
7309,2776,COURSE87,Assignment,74.0,2024-06-01
7310,1248,COURSE108,Assignment,70.0,2023-08-09
7311,1943,COURSE142,Assignment,74.0,2023-03-27
7312,2982,COURSE122,Quiz,80.0,2024-10-03
7313,1853,COURSE127,Midterm,75.0,2024-05-04
7314,1189,COURSE108,Assignment,68.0,2022-04-29
7315,1397,COURSE84,Quiz,69.0,2024-08-27
7316,1509,COURSE141,Assignment,67.0,2020-12-23
7317,1741,COURSE91,Final Exam,86.0,2023-10-21
7318,1183,COURSE137,Midterm,85.0,2023-08-15
7319,2018,COURSE137,Quiz,98.0,2021-11-27
7320,2458,COURSE110,Quiz,83.0,2020-08-26
7321,1068,COURSE85,Assignment,66.0,2024-02-04
7322,2474,COURSE120,Midterm,91.0,2024-10-14
7323,2802,COURSE133,Midterm,70.0,2023-12-21
7324,1994,COURSE56,Quiz,97.0,2020-04-14
7325,2811,COURSE71,Final Exam,89.0,2021-04-23
7326,2944,COURSE57,Quiz,65.0,2022-10-24
7327,1344,COURSE101,Assignment,81.0,2023-07-07
7328,1624,COURSE128,Quiz,100.0,2024-07-31
7329,1899,COURSE123,Final Exam,72.0,2021-07-01
7330,1891,COURSE83,Final Exam,76.0,2024-12-12
7331,2344,COURSE122,Final Exam,69.0,2021-04-09
7332,1119,COURSE119,Assignment,74.0,2020-07-16
7333,2505,COURSE69,Midterm,77.0,2024-12-11
7334,2230,COURSE61,Assignment,63.0,2022-03-05
7335,1111,COURSE99,Final Exam,74.0,2024-04-11
7336,1955,COURSE70,Midterm,71.0,2022-02-12
7337,1115,COURSE90,Assignment,79.0,2023-01-09
7338,2686,COURSE78,Final Exam,97.0,2020-01-11
7339,2615,COURSE64,Final Exam,87.0,2023-02-18
7340,1102,COURSE74,Quiz,94.0,2021-03-18
7341,1793,COURSE86,Midterm,100.0,2022-09-14
7342,2205,COURSE60,Assignment,88.0,2023-01-20
7343,2654,COURSE93,Midterm,87.0,2020-03-07
7344,1290,COURSE62,Final Exam,70.0,2023-06-24
7345,2569,COURSE96,Assignment,92.0,2022-06-19
7346,2071,COURSE60,Quiz,80.0,2023-01-04
7347,1932,COURSE119,Final Exam,71.0,2021-04-24
7348,1258,COURSE141,Final Exam,69.0,2020-11-01
7349,2309,COURSE96,Quiz,89.0,2021-01-11
7350,2473,COURSE123,Assignment,79.0,2024-01-25
7351,2123,COURSE65,Midterm,94.0,2022-12-04
7352,1917,COURSE57,Quiz,84.0,2020-05-18
7353,2110,COURSE99,Quiz,84.0,2024-06-02
7354,2490,COURSE135,Final Exam,88.0,2023-07-25
7355,1755,COURSE95,Assignment,92.0,2020-01-16
7356,2578,COURSE125,Assignment,75.0,2024-10-01
7357,2599,COURSE94,Assignment,86.0,2022-01-09
7358,1623,COURSE127,Assignment,96.0,2020-09-20
7359,2170,COURSE112,Final Exam,79.0,2020-08-27
7360,1043,COURSE76,Quiz,76.0,2020-09-16
7361,1104,COURSE83,Midterm,82.0,2022-11-17
7362,1132,COURSE69,Assignment,65.0,2022-07-14
7363,1068,COURSE135,Assignment,79.0,2020-08-29
7364,2641,COURSE72,Midterm,70.0,2021-01-24
7365,1406,COURSE142,Final Exam,91.0,2020-08-01
7366,1369,COURSE60,Assignment,72.0,2020-08-20
7367,1806,COURSE139,Midterm,87.0,2023-12-17
7368,2743,COURSE57,Assignment,73.0,2020-08-23
7369,1766,COURSE109,Midterm,83.0,2022-01-16
7370,2285,COURSE79,Midterm,76.0,2021-07-21
7371,2708,COURSE68,Assignment,89.0,2022-12-14
7372,2570,COURSE150,Midterm,63.0,2023-07-17
7373,1251,COURSE71,Assignment,97.0,2024-03-05
7374,2829,COURSE113,Quiz,64.0,2020-04-01
7375,2102,COURSE116,Quiz,80.0,2020-07-10
7376,2140,COURSE145,Midterm,76.0,2022-02-16
7377,2518,COURSE100,Midterm,69.0,2024-12-12
7378,1499,COURSE136,Final Exam,84.0,2022-11-12
7379,2164,COURSE83,Final Exam,87.0,2020-08-24
7380,2629,COURSE58,Final Exam,83.0,2024-05-25
7381,1062,COURSE119,Final Exam,90.0,2022-09-15
7382,1263,COURSE107,Final Exam,90.0,2020-05-30
7383,1088,COURSE115,Final Exam,77.0,2024-09-22
7384,1130,COURSE103,Midterm,65.0,2023-08-20
7385,1396,COURSE95,Final Exam,88.0,2023-06-12
7386,2370,COURSE100,Final Exam,82.0,2022-10-30
7387,2060,COURSE59,Assignment,86.0,2020-01-22
7388,1554,COURSE111,Midterm,73.0,2022-12-15
7389,1016,COURSE65,Assignment,73.0,2022-06-16
7390,1859,COURSE123,Assignment,90.0,2021-08-04
7391,1571,COURSE106,Midterm,65.0,2021-10-26
7392,2033,COURSE139,Assignment,87.0,2022-09-12
7393,1359,COURSE116,Midterm,82.0,2023-07-06
7394,1880,COURSE105,Assignment,84.0,2020-10-02
7395,1597,COURSE137,Quiz,87.0,2023-07-17
7396,2377,COURSE84,Midterm,90.0,2021-06-23
7397,2251,COURSE135,Midterm,75.0,2022-06-08
7398,1233,COURSE101,Final Exam,64.0,2022-11-23
7399,1358,COURSE109,Final Exam,76.0,2020-10-16
7400,1629,COURSE54,Midterm,100.0,2024-10-09
7401,1913,COURSE52,Midterm,82.0,2020-12-06
7402,1050,COURSE55,Final Exam,96.0,2022-03-22
7403,1214,COURSE64,Quiz,91.0,2020-05-05
7404,2791,COURSE51,Final Exam,59.0,2022-03-25
7405,1262,COURSE77,Assignment,83.0,2021-09-15
7406,1135,COURSE130,Quiz,92.0,2023-10-12
7407,1917,COURSE95,Midterm,86.0,2020-02-04
7408,1938,COURSE72,Midterm,84.0,2022-01-01
7409,1187,COURSE122,Midterm,75.0,2023-05-03
7410,1305,COURSE148,Final Exam,63.0,2020-11-14
7411,1186,COURSE112,Midterm,79.0,2020-11-17
7412,2482,COURSE91,Final Exam,77.0,2023-04-14
7413,1150,COURSE104,Assignment,78.0,2021-03-05
7414,1854,COURSE86,Final Exam,87.0,2023-09-14
7415,1098,COURSE124,Quiz,81.0,2020-12-22
7416,2655,COURSE142,Assignment,79.0,2021-01-28
7417,2713,COURSE109,Assignment,74.0,2024-10-12
7418,1131,COURSE142,Quiz,71.0,2021-03-29
7419,1342,COURSE61,Final Exam,70.0,2024-12-14
7420,2947,COURSE129,Final Exam,66.0,2021-06-02
7421,2799,COURSE66,Quiz,83.0,2024-08-02
7422,2034,COURSE149,Midterm,78.0,2021-02-25
7423,2033,COURSE99,Midterm,98.0,2023-10-10
7424,1714,COURSE76,Quiz,86.0,2022-07-15
7425,2235,COURSE75,Midterm,91.0,2023-10-23
7426,2780,COURSE145,Midterm,67.0,2024-01-11
7427,1331,COURSE135,Assignment,90.0,2022-11-17
7428,2385,COURSE143,Midterm,74.0,2021-01-22
7429,1313,COURSE57,Quiz,72.0,2020-03-16
7430,2354,COURSE51,Quiz,81.0,2020-12-04
7431,2537,COURSE67,Final Exam,73.0,2023-07-02
7432,2252,COURSE101,Final Exam,75.0,2022-07-20
7433,2098,COURSE62,Midterm,84.0,2023-11-29
7434,1126,COURSE110,Assignment,57.0,2023-09-30
7435,1610,COURSE73,Quiz,96.0,2022-03-30
7436,1640,COURSE83,Quiz,68.0,2021-06-26
7437,2682,COURSE65,Assignment,76.0,2020-03-10
7438,1185,COURSE67,Quiz,62.0,2022-07-10
7439,1171,COURSE57,Midterm,81.0,2024-08-18
7440,2323,COURSE104,Final Exam,85.0,2020-11-03
7441,2555,COURSE76,Quiz,75.0,2021-04-17
7442,1086,COURSE60,Final Exam,90.0,2023-02-26
7443,1491,COURSE62,Quiz,58.0,2021-11-22
7444,2099,COURSE93,Quiz,77.0,2023-06-03
7445,2521,COURSE63,Quiz,99.0,2022-11-12
7446,1623,COURSE118,Midterm,81.0,2021-03-25
7447,2448,COURSE149,Midterm,78.0,2022-08-01
7448,2624,COURSE91,Midterm,76.0,2023-11-27
7449,2522,COURSE58,Assignment,62.0,2023-02-01
7450,1821,COURSE132,Midterm,88.0,2023-05-01
7451,1154,COURSE57,Final Exam,91.0,2023-10-10
7452,1951,COURSE101,Assignment,100.0,2024-09-16
7453,2159,COURSE127,Quiz,98.0,2022-12-29
7454,2657,COURSE94,Midterm,91.0,2020-03-08
7455,2269,COURSE109,Quiz,61.0,2022-02-16
7456,1050,COURSE74,Assignment,100.0,2020-11-18
7457,2828,COURSE93,Midterm,62.0,2021-07-15
7458,1428,COURSE94,Quiz,79.0,2024-03-06
7459,1170,COURSE129,Midterm,65.0,2022-06-19
7460,1725,COURSE127,Quiz,68.0,2021-05-12
7461,2847,COURSE139,Quiz,100.0,2023-07-03
7462,1813,COURSE109,Assignment,68.0,2022-07-04
7463,2899,COURSE52,Final Exam,85.0,2024-05-19
7464,1588,COURSE62,Final Exam,92.0,2023-10-14
7465,2265,COURSE119,Quiz,87.0,2020-03-08
7466,2482,COURSE118,Quiz,87.0,2020-04-18
7467,2302,COURSE63,Quiz,74.0,2022-07-23
7468,2169,COURSE103,Assignment,72.0,2021-08-11
7469,1257,COURSE97,Quiz,75.0,2023-03-29
7470,1778,COURSE111,Final Exam,78.0,2020-04-21
7471,1391,COURSE116,Midterm,90.0,2020-01-14
7472,2224,COURSE65,Assignment,100.0,2024-02-14
7473,1174,COURSE77,Final Exam,87.0,2021-08-20
7474,1378,COURSE82,Quiz,62.0,2020-06-03
7475,2579,COURSE92,Midterm,69.0,2021-11-27
7476,1576,COURSE136,Quiz,94.0,2020-04-25
7477,1012,COURSE57,Quiz,74.0,2024-08-15
7478,1807,COURSE60,Final Exam,81.0,2024-07-21
7479,1641,COURSE91,Quiz,67.0,2022-08-20
7480,2150,COURSE116,Midterm,84.0,2024-07-04
7481,2647,COURSE58,Assignment,73.0,2021-02-05
7482,1064,COURSE82,Midterm,75.0,2021-03-25
7483,1522,COURSE149,Assignment,92.0,2022-10-28
7484,1112,COURSE117,Midterm,94.0,2024-08-17
7485,1569,COURSE93,Final Exam,77.0,2024-03-13
7486,1584,COURSE131,Assignment,72.0,2024-01-23
7487,1551,COURSE67,Final Exam,86.0,2022-02-27
7488,1108,COURSE56,Assignment,92.0,2020-02-12
7489,2710,COURSE125,Assignment,69.0,2020-10-05
7490,1972,COURSE76,Final Exam,83.0,2023-02-11
7491,1885,COURSE105,Final Exam,94.0,2021-02-01
7492,2638,COURSE97,Midterm,100.0,2024-07-05
7493,1796,COURSE76,Final Exam,77.0,2020-12-10
7494,1119,COURSE61,Final Exam,73.0,2023-12-21
7495,1808,COURSE111,Midterm,71.0,2021-02-26
7496,2437,COURSE132,Final Exam,88.0,2023-10-09
7497,1147,COURSE91,Final Exam,88.0,2024-02-22
7498,2344,COURSE96,Assignment,87.0,2023-01-04
7499,1471,COURSE68,Midterm,69.0,2024-01-17
7500,1078,COURSE129,Assignment,83.0,2024-06-03
7501,2018,COURSE62,Assignment,85.0,2023-11-15
7502,1832,COURSE52,Midterm,79.0,2022-05-17
7503,1024,COURSE65,Assignment,77.0,2023-04-02
7504,1879,COURSE58,Quiz,100.0,2021-07-20
7505,2755,COURSE51,Midterm,74.0,2023-11-05
7506,1383,COURSE58,Midterm,73.0,2024-04-04
7507,2158,COURSE150,Quiz,85.0,2024-03-27
7508,2938,COURSE149,Quiz,84.0,2023-08-03
7509,2286,COURSE64,Midterm,79.0,2022-07-11
7510,1445,COURSE105,Final Exam,72.0,2020-08-23
7511,1904,COURSE73,Midterm,89.0,2022-08-25
7512,1420,COURSE66,Assignment,83.0,2022-07-16
7513,2082,COURSE141,Assignment,74.0,2020-06-02
7514,2792,COURSE117,Midterm,81.0,2023-01-22
7515,2119,COURSE61,Quiz,75.0,2021-12-16
7516,2832,COURSE63,Final Exam,61.0,2023-04-17
7517,1414,COURSE83,Assignment,62.0,2022-09-28
7518,2898,COURSE150,Midterm,86.0,2024-08-06
7519,2616,COURSE147,Midterm,80.0,2020-12-21
7520,1879,COURSE59,Assignment,62.0,2024-02-15
7521,1709,COURSE142,Quiz,75.0,2023-08-01
7522,1560,COURSE69,Midterm,84.0,2020-06-02
7523,2807,COURSE98,Midterm,73.0,2023-09-23
7524,1543,COURSE67,Assignment,92.0,2021-08-02
7525,2168,COURSE105,Final Exam,81.0,2021-12-03
7526,1189,COURSE79,Quiz,95.0,2020-08-04
7527,2046,COURSE132,Midterm,74.0,2022-10-18
7528,2926,COURSE138,Assignment,72.0,2022-10-08
7529,1409,COURSE91,Assignment,94.0,2020-03-09
7530,2628,COURSE138,Assignment,68.0,2024-02-05
7531,1890,COURSE129,Final Exam,90.0,2022-08-10
7532,2458,COURSE132,Assignment,67.0,2023-12-14
7533,1483,COURSE93,Assignment,86.0,2021-02-08
7534,2339,COURSE150,Quiz,60.0,2023-01-21
7535,1987,COURSE117,Quiz,73.0,2024-10-02
7536,2228,COURSE109,Assignment,82.0,2024-02-25
7537,2190,COURSE86,Final Exam,86.0,2022-06-22
7538,2952,COURSE111,Final Exam,74.0,2020-07-19
7539,2034,COURSE66,Final Exam,82.0,2022-10-19
7540,1556,COURSE57,Assignment,85.0,2020-10-12
7541,2980,COURSE72,Final Exam,71.0,2024-03-13
7542,1401,COURSE88,Assignment,74.0,2020-09-14
7543,1533,COURSE145,Midterm,89.0,2020-08-10
7544,2924,COURSE103,Quiz,82.0,2023-06-04
7545,2752,COURSE62,Assignment,79.0,2020-06-17
7546,1774,COURSE73,Midterm,61.0,2022-01-06
7547,2328,COURSE70,Quiz,75.0,2023-07-02
7548,1087,COURSE127,Final Exam,44.0,2021-08-30
7549,1774,COURSE78,Midterm,94.0,2020-02-27
7550,2720,COURSE145,Midterm,87.0,2022-10-02
7551,2711,COURSE89,Quiz,66.0,2020-07-06
7552,2087,COURSE67,Assignment,57.0,2023-10-22
7553,1814,COURSE75,Midterm,74.0,2021-06-21
7554,2153,COURSE98,Quiz,81.0,2024-10-02
7555,1971,COURSE131,Final Exam,80.0,2020-07-27
7556,1708,COURSE69,Quiz,75.0,2021-03-09
7557,2962,COURSE115,Final Exam,60.0,2023-11-26
7558,2724,COURSE124,Assignment,84.0,2024-08-23
7559,2592,COURSE87,Quiz,70.0,2020-09-06
7560,2715,COURSE142,Final Exam,100.0,2024-08-14
7561,1231,COURSE80,Final Exam,77.0,2020-12-31
7562,1176,COURSE108,Quiz,88.0,2023-04-06
7563,2560,COURSE93,Final Exam,66.0,2022-09-26
7564,1525,COURSE91,Quiz,87.0,2023-11-14
7565,2977,COURSE127,Assignment,77.0,2021-05-06
7566,2889,COURSE111,Assignment,84.0,2023-05-02
7567,2602,COURSE129,Quiz,83.0,2020-09-19
7568,2869,COURSE68,Final Exam,81.0,2022-09-09
7569,2204,COURSE111,Final Exam,90.0,2021-02-25
7570,2321,COURSE107,Assignment,66.0,2024-05-14
7571,2144,COURSE54,Quiz,59.0,2020-09-23
7572,1878,COURSE114,Assignment,78.0,2022-02-13
7573,1562,COURSE132,Final Exam,79.0,2024-07-21
7574,2806,COURSE139,Quiz,85.0,2023-07-04
7575,1807,COURSE93,Final Exam,85.0,2020-06-17
7576,2543,COURSE139,Final Exam,59.0,2022-11-07
7577,2544,COURSE99,Quiz,81.0,2023-07-26
7578,1071,COURSE53,Midterm,96.0,2022-06-12
7579,1413,COURSE122,Quiz,77.0,2020-05-12
7580,1241,COURSE81,Final Exam,72.0,2023-10-12
7581,1476,COURSE150,Midterm,74.0,2022-04-26
7582,1444,COURSE147,Quiz,84.0,2023-02-12
7583,1089,COURSE138,Final Exam,83.0,2024-03-20
7584,2515,COURSE123,Midterm,79.0,2021-04-12
7585,2078,COURSE116,Quiz,77.0,2023-02-20
7586,1238,COURSE115,Assignment,78.0,2021-10-23
7587,1623,COURSE148,Final Exam,80.0,2020-11-26
7588,2392,COURSE96,Assignment,79.0,2023-02-16
7589,1924,COURSE119,Midterm,93.0,2024-11-01
7590,2546,COURSE142,Midterm,76.0,2024-07-02
7591,1485,COURSE135,Final Exam,89.0,2023-09-04
7592,1745,COURSE150,Final Exam,69.0,2020-10-27
7593,1975,COURSE120,Midterm,82.0,2023-06-11
7594,2899,COURSE60,Quiz,73.0,2022-05-15
7595,1721,COURSE149,Quiz,71.0,2020-06-14
7596,2277,COURSE115,Assignment,64.0,2023-06-10
7597,2280,COURSE103,Final Exam,61.0,2023-03-02
7598,1900,COURSE117,Midterm,81.0,2022-05-14
7599,2315,COURSE144,Final Exam,75.0,2024-04-24
7600,2788,COURSE150,Final Exam,89.0,2023-01-04
7601,2168,COURSE140,Quiz,70.0,2022-11-29
7602,1604,COURSE101,Assignment,93.0,2023-03-08
7603,2966,COURSE71,Midterm,85.0,2021-02-12
7604,1112,COURSE148,Assignment,100.0,2023-11-29
7605,2899,COURSE57,Quiz,84.0,2021-03-23
7606,2436,COURSE68,Quiz,77.0,2020-11-08
7607,1041,COURSE141,Quiz,72.0,2020-04-14
7608,1708,COURSE128,Final Exam,63.0,2024-01-13
7609,1421,COURSE99,Quiz,66.0,2021-01-27
7610,1934,COURSE99,Quiz,84.0,2020-02-19
7611,2841,COURSE104,Assignment,85.0,2022-12-15
7612,2094,COURSE79,Quiz,86.0,2022-08-03
7613,1714,COURSE111,Midterm,100.0,2022-10-20
7614,2670,COURSE145,Final Exam,66.0,2024-11-06
7615,2300,COURSE83,Assignment,80.0,2024-04-18
7616,2974,COURSE52,Assignment,69.0,2024-03-04
7617,2916,COURSE147,Assignment,82.0,2022-05-15
7618,2362,COURSE65,Midterm,82.0,2023-05-10
7619,2734,COURSE143,Quiz,83.0,2022-07-15
7620,1205,COURSE72,Assignment,69.0,2024-07-18
7621,2691,COURSE90,Assignment,91.0,2023-05-27
7622,2979,COURSE75,Final Exam,86.0,2023-03-06
7623,1281,COURSE143,Assignment,54.0,2024-10-12
7624,2996,COURSE62,Final Exam,96.0,2024-06-20
7625,1566,COURSE65,Midterm,73.0,2024-11-13
7626,1375,COURSE116,Quiz,97.0,2023-09-29
7627,1610,COURSE115,Final Exam,71.0,2021-11-16
7628,2480,COURSE125,Midterm,98.0,2022-03-05
7629,1143,COURSE126,Quiz,84.0,2022-10-15
7630,1883,COURSE143,Assignment,70.0,2024-07-16
7631,1419,COURSE51,Assignment,59.0,2023-05-03
7632,2407,COURSE92,Midterm,85.0,2023-08-16
7633,1809,COURSE71,Quiz,57.0,2021-09-12
7634,2377,COURSE145,Midterm,73.0,2021-04-25
7635,1615,COURSE116,Midterm,89.0,2023-12-21
7636,2450,COURSE94,Quiz,76.0,2020-12-26
7637,1123,COURSE93,Midterm,68.0,2022-02-22
7638,1873,COURSE136,Midterm,90.0,2023-05-16
7639,2070,COURSE92,Assignment,72.0,2023-11-11
7640,2848,COURSE114,Assignment,87.0,2020-02-27
7641,1723,COURSE117,Midterm,82.0,2021-11-28
7642,2103,COURSE70,Assignment,88.0,2022-05-18
7643,2430,COURSE100,Assignment,87.0,2020-09-14
7644,2142,COURSE52,Assignment,84.0,2020-09-15
7645,1198,COURSE62,Quiz,92.0,2023-07-28
7646,1593,COURSE110,Quiz,77.0,2024-05-14
7647,1744,COURSE120,Midterm,100.0,2020-02-29
7648,2589,COURSE52,Assignment,90.0,2022-02-06
7649,1060,COURSE82,Midterm,82.0,2024-10-05
7650,1266,COURSE66,Assignment,84.0,2021-09-29
7651,1169,COURSE113,Final Exam,57.0,2023-03-11
7652,2978,COURSE67,Quiz,83.0,2024-02-11
7653,1474,COURSE88,Quiz,54.0,2021-07-27
7654,1725,COURSE110,Assignment,87.0,2023-05-13
7655,1777,COURSE81,Final Exam,92.0,2024-04-15
7656,1487,COURSE52,Midterm,72.0,2021-01-25
7657,2596,COURSE117,Assignment,83.0,2024-08-27
7658,2904,COURSE95,Midterm,95.0,2023-10-29
7659,1793,COURSE110,Final Exam,100.0,2021-11-06
7660,2093,COURSE71,Midterm,47.0,2020-04-18
7661,2005,COURSE139,Assignment,89.0,2023-09-01
7662,1045,COURSE100,Quiz,81.0,2021-03-25
7663,2963,COURSE103,Quiz,78.0,2022-05-04
7664,2461,COURSE91,Assignment,88.0,2021-03-06
7665,1472,COURSE78,Assignment,80.0,2020-03-31
7666,1068,COURSE67,Final Exam,67.0,2024-10-07
7667,1280,COURSE65,Final Exam,96.0,2022-05-19
7668,1806,COURSE91,Quiz,88.0,2021-01-29
7669,1531,COURSE146,Assignment,84.0,2020-09-26
7670,1187,COURSE111,Quiz,81.0,2020-10-17
7671,2186,COURSE95,Quiz,85.0,2022-09-12
7672,2842,COURSE97,Assignment,91.0,2022-02-10
7673,2220,COURSE84,Assignment,77.0,2021-04-06
7674,1654,COURSE108,Final Exam,70.0,2023-01-26
7675,2054,COURSE142,Assignment,74.0,2021-03-25
7676,1550,COURSE63,Assignment,73.0,2021-11-04
7677,1368,COURSE112,Final Exam,100.0,2024-11-10
7678,2361,COURSE53,Assignment,89.0,2020-09-02
7679,2451,COURSE77,Quiz,75.0,2021-02-23
7680,1346,COURSE77,Midterm,75.0,2020-02-06
7681,1945,COURSE130,Quiz,91.0,2024-03-06
7682,1864,COURSE54,Quiz,58.0,2020-06-07
7683,2160,COURSE150,Quiz,77.0,2021-06-23
7684,1730,COURSE104,Midterm,71.0,2023-04-23
7685,1200,COURSE144,Assignment,72.0,2020-05-20
7686,1434,COURSE134,Quiz,100.0,2020-01-12
7687,1953,COURSE105,Assignment,81.0,2021-08-30
7688,2353,COURSE64,Quiz,96.0,2024-12-08
7689,2318,COURSE63,Midterm,85.0,2021-07-07
7690,1095,COURSE119,Quiz,67.0,2023-05-12
7691,1269,COURSE58,Assignment,79.0,2021-09-10
7692,1210,COURSE90,Quiz,87.0,2022-12-13
7693,2209,COURSE72,Assignment,79.0,2020-06-09
7694,1959,COURSE111,Final Exam,79.0,2020-09-30
7695,1187,COURSE54,Quiz,77.0,2022-06-27
7696,1657,COURSE93,Quiz,65.0,2024-02-10
7697,1709,COURSE79,Quiz,90.0,2020-02-21
7698,2482,COURSE84,Midterm,65.0,2022-04-15
7699,1286,COURSE59,Quiz,71.0,2022-09-15
7700,2554,COURSE115,Assignment,78.0,2021-07-27
7701,2489,COURSE105,Final Exam,86.0,2024-05-07
7702,2059,COURSE117,Midterm,100.0,2023-10-10
7703,1927,COURSE85,Assignment,72.0,2023-05-05
7704,2209,COURSE141,Final Exam,80.0,2021-09-05
7705,2506,COURSE86,Midterm,88.0,2021-08-23
7706,1504,COURSE99,Assignment,88.0,2024-03-17
7707,1359,COURSE133,Assignment,66.0,2024-01-05
7708,1056,COURSE61,Assignment,96.0,2023-10-10
7709,2845,COURSE60,Assignment,69.0,2023-01-21
7710,2872,COURSE141,Quiz,73.0,2020-10-08
7711,2815,COURSE96,Quiz,84.0,2020-08-02
7712,2109,COURSE75,Final Exam,83.0,2021-01-25
7713,2649,COURSE118,Midterm,76.0,2020-10-09
7714,1707,COURSE96,Assignment,73.0,2024-07-06
7715,2582,COURSE63,Assignment,80.0,2024-11-28
7716,2129,COURSE82,Final Exam,75.0,2024-07-16
7717,1535,COURSE72,Assignment,90.0,2022-09-07
7718,2145,COURSE73,Assignment,73.0,2020-04-21
7719,2222,COURSE132,Midterm,72.0,2021-10-03
7720,2906,COURSE77,Quiz,84.0,2020-05-29
7721,2477,COURSE93,Quiz,77.0,2022-09-23
7722,1354,COURSE136,Assignment,99.0,2024-03-02
7723,1536,COURSE125,Midterm,91.0,2020-08-06
7724,2672,COURSE64,Quiz,75.0,2020-06-04
7725,1660,COURSE149,Midterm,98.0,2021-02-06
7726,1919,COURSE143,Assignment,58.0,2020-09-19
7727,2945,COURSE141,Midterm,80.0,2024-03-27
7728,1448,COURSE60,Quiz,83.0,2021-02-24
7729,2788,COURSE91,Final Exam,72.0,2023-05-06
7730,1177,COURSE132,Assignment,81.0,2020-07-27
7731,1803,COURSE62,Quiz,65.0,2022-11-14
7732,2523,COURSE117,Quiz,52.0,2020-07-14
7733,1060,COURSE71,Midterm,87.0,2021-04-11
7734,1986,COURSE62,Midterm,72.0,2020-03-20
7735,2802,COURSE118,Quiz,88.0,2023-04-14
7736,1880,COURSE109,Final Exam,79.0,2023-02-20
7737,1739,COURSE82,Assignment,95.0,2023-11-04
7738,1305,COURSE92,Quiz,80.0,2024-07-07
7739,1659,COURSE68,Midterm,100.0,2024-08-21
7740,1405,COURSE96,Quiz,64.0,2021-03-06
7741,1493,COURSE149,Assignment,82.0,2022-04-21
7742,2515,COURSE134,Final Exam,98.0,2021-06-16
7743,1426,COURSE106,Final Exam,87.0,2021-04-18
7744,1755,COURSE146,Assignment,100.0,2020-11-08
7745,1634,COURSE92,Assignment,61.0,2022-01-12
7746,2111,COURSE66,Quiz,92.0,2022-08-24
7747,2442,COURSE99,Assignment,50.0,2022-02-03
7748,1852,COURSE53,Final Exam,80.0,2022-09-22
7749,2863,COURSE98,Quiz,73.0,2023-07-29
7750,1980,COURSE116,Quiz,85.0,2021-03-13
7751,1068,COURSE72,Assignment,72.0,2023-07-05
7752,1268,COURSE68,Final Exam,81.0,2022-07-15
7753,2282,COURSE92,Assignment,76.0,2022-01-15
7754,2945,COURSE118,Assignment,90.0,2021-02-13
7755,2931,COURSE130,Final Exam,100.0,2021-03-23
7756,1146,COURSE54,Midterm,82.0,2022-03-30
7757,1224,COURSE64,Final Exam,60.0,2020-01-12
7758,1758,COURSE139,Quiz,69.0,2020-09-21
7759,1666,COURSE53,Final Exam,66.0,2024-06-23
7760,1846,COURSE92,Final Exam,72.0,2022-06-25
7761,2707,COURSE134,Assignment,85.0,2020-05-18
7762,2115,COURSE120,Midterm,83.0,2022-06-25
7763,2006,COURSE97,Midterm,79.0,2022-02-01
7764,2320,COURSE103,Final Exam,71.0,2020-11-16
7765,1332,COURSE81,Final Exam,83.0,2023-02-26
7766,2984,COURSE59,Midterm,78.0,2024-11-29
7767,1784,COURSE133,Midterm,93.0,2022-08-25
7768,1366,COURSE63,Quiz,83.0,2024-03-21
7769,2701,COURSE145,Final Exam,74.0,2023-09-27
7770,2798,COURSE52,Quiz,84.0,2022-11-27
7771,2011,COURSE77,Quiz,75.0,2020-12-10
7772,2138,COURSE135,Assignment,86.0,2020-03-13
7773,1697,COURSE91,Midterm,95.0,2021-02-22
7774,2338,COURSE104,Assignment,63.0,2021-04-20
7775,1952,COURSE89,Final Exam,73.0,2023-09-14
7776,2463,COURSE80,Midterm,67.0,2021-04-05
7777,1367,COURSE112,Midterm,73.0,2022-03-03
7778,2306,COURSE101,Quiz,87.0,2023-07-28
7779,1410,COURSE63,Assignment,86.0,2021-06-06
7780,1283,COURSE73,Midterm,80.0,2020-02-18
7781,1576,COURSE58,Quiz,69.0,2021-01-16
7782,2588,COURSE61,Midterm,76.0,2021-08-11
7783,1178,COURSE80,Final Exam,95.0,2020-09-15
7784,1440,COURSE100,Quiz,78.0,2023-04-14
7785,1365,COURSE125,Midterm,75.0,2022-11-22
7786,1574,COURSE143,Assignment,59.0,2024-09-16
7787,2992,COURSE83,Final Exam,86.0,2021-05-22
7788,1190,COURSE92,Final Exam,70.0,2022-09-25
7789,1886,COURSE63,Quiz,100.0,2024-01-31
7790,1288,COURSE114,Assignment,59.0,2021-11-27
7791,2322,COURSE97,Final Exam,100.0,2023-12-02
7792,1390,COURSE78,Assignment,77.0,2023-12-17
7793,2410,COURSE77,Quiz,93.0,2024-07-30
7794,2928,COURSE112,Quiz,82.0,2024-03-06
7795,1236,COURSE138,Quiz,88.0,2024-07-05
7796,2483,COURSE93,Final Exam,76.0,2023-06-17
7797,1837,COURSE137,Assignment,90.0,2022-05-15
7798,2065,COURSE112,Final Exam,86.0,2021-02-04
7799,2871,COURSE66,Assignment,91.0,2024-03-25
7800,1093,COURSE130,Final Exam,91.0,2021-08-04
7801,2241,COURSE130,Final Exam,76.0,2022-11-19
7802,2925,COURSE114,Quiz,66.0,2023-01-11
7803,1035,COURSE51,Midterm,75.0,2023-12-29
7804,1311,COURSE73,Midterm,78.0,2021-06-30
7805,2311,COURSE106,Assignment,67.0,2020-01-28
7806,2682,COURSE65,Final Exam,79.0,2020-09-18
7807,1220,COURSE104,Final Exam,73.0,2023-07-08
7808,1337,COURSE116,Quiz,80.0,2022-09-04
7809,2550,COURSE126,Quiz,79.0,2023-04-18
7810,2038,COURSE104,Final Exam,87.0,2023-04-04
7811,2367,COURSE66,Assignment,62.0,2023-04-13
7812,2309,COURSE92,Quiz,88.0,2021-08-29
7813,1914,COURSE98,Quiz,75.0,2021-10-01
7814,1171,COURSE106,Midterm,80.0,2021-01-24
7815,1763,COURSE122,Quiz,71.0,2023-10-07
7816,2835,COURSE86,Midterm,86.0,2020-01-11
7817,2860,COURSE67,Assignment,55.0,2023-02-28
7818,1290,COURSE109,Final Exam,62.0,2023-03-04
7819,1494,COURSE87,Assignment,75.0,2021-03-23
7820,1123,COURSE110,Quiz,85.0,2023-08-02
7821,2324,COURSE123,Final Exam,79.0,2020-10-15
7822,1149,COURSE85,Assignment,82.0,2023-06-22
7823,2040,COURSE117,Assignment,92.0,2021-05-29
7824,1154,COURSE98,Midterm,72.0,2021-08-07
7825,2427,COURSE106,Final Exam,70.0,2022-05-02
7826,1775,COURSE148,Quiz,75.0,2021-03-09
7827,1651,COURSE91,Final Exam,88.0,2020-08-25
7828,2249,COURSE71,Final Exam,85.0,2024-04-18
7829,1459,COURSE147,Final Exam,72.0,2023-06-29
7830,2581,COURSE116,Final Exam,82.0,2020-01-15
7831,1619,COURSE143,Midterm,62.0,2024-01-15
7832,1188,COURSE86,Assignment,80.0,2021-12-06
7833,1412,COURSE131,Midterm,61.0,2024-09-28
7834,1167,COURSE56,Quiz,76.0,2024-11-12
7835,2432,COURSE124,Assignment,59.0,2023-09-10
7836,1113,COURSE109,Midterm,100.0,2020-03-02
7837,1082,COURSE91,Assignment,87.0,2022-08-19
7838,1304,COURSE74,Quiz,81.0,2021-01-28
7839,1044,COURSE101,Quiz,90.0,2021-08-16
7840,2556,COURSE130,Assignment,71.0,2024-10-16
7841,1425,COURSE140,Midterm,68.0,2024-10-18
7842,1041,COURSE141,Final Exam,67.0,2021-06-26
7843,2625,COURSE133,Assignment,74.0,2023-07-26
7844,2337,COURSE57,Assignment,88.0,2023-07-14
7845,2739,COURSE144,Midterm,72.0,2021-10-15
7846,2536,COURSE83,Midterm,68.0,2024-07-18
7847,1530,COURSE127,Final Exam,74.0,2022-10-04
7848,2109,COURSE109,Final Exam,83.0,2022-02-01
7849,1213,COURSE127,Midterm,83.0,2023-09-11
7850,1962,COURSE52,Final Exam,91.0,2022-09-29
7851,1437,COURSE149,Assignment,85.0,2020-09-14
7852,2124,COURSE131,Midterm,75.0,2023-04-22
7853,2253,COURSE132,Final Exam,86.0,2024-06-15
7854,1865,COURSE92,Midterm,68.0,2023-07-27
7855,1943,COURSE117,Final Exam,72.0,2023-06-24
7856,2108,COURSE118,Assignment,75.0,2024-08-10
7857,1852,COURSE62,Assignment,98.0,2024-11-24
7858,1778,COURSE135,Assignment,77.0,2021-03-01
7859,2445,COURSE86,Quiz,94.0,2021-01-20
7860,2346,COURSE75,Final Exam,79.0,2021-10-23
7861,2548,COURSE71,Assignment,95.0,2024-05-09
7862,1676,COURSE138,Quiz,86.0,2020-01-22
7863,1824,COURSE76,Midterm,64.0,2020-08-27
7864,1740,COURSE95,Assignment,78.0,2023-07-01
7865,1768,COURSE57,Midterm,73.0,2024-11-29
7866,2964,COURSE101,Assignment,86.0,2024-04-06
7867,2592,COURSE145,Midterm,88.0,2024-02-17
7868,2178,COURSE112,Final Exam,79.0,2020-12-17
7869,1244,COURSE143,Assignment,69.0,2024-12-26
7870,2946,COURSE75,Midterm,80.0,2023-11-01
7871,1299,COURSE63,Midterm,87.0,2021-12-26
7872,1726,COURSE123,Assignment,89.0,2023-07-19
7873,2665,COURSE87,Midterm,74.0,2024-03-13
7874,1959,COURSE63,Final Exam,82.0,2020-01-07
7875,1633,COURSE101,Assignment,86.0,2020-02-10
7876,1538,COURSE78,Quiz,54.0,2021-04-17
7877,1151,COURSE137,Assignment,73.0,2023-10-01
7878,1579,COURSE106,Midterm,80.0,2023-12-07
7879,2849,COURSE94,Final Exam,100.0,2020-02-03
7880,2751,COURSE72,Final Exam,86.0,2020-01-15
7881,1043,COURSE76,Assignment,76.0,2022-09-27
7882,2258,COURSE67,Quiz,86.0,2023-03-30
7883,2995,COURSE70,Quiz,79.0,2024-11-23
7884,2502,COURSE148,Final Exam,67.0,2020-04-28
7885,2605,COURSE95,Assignment,90.0,2020-01-03
7886,2345,COURSE59,Assignment,79.0,2021-10-01
7887,2298,COURSE124,Final Exam,97.0,2023-07-19
7888,1820,COURSE119,Final Exam,84.0,2024-06-01
7889,2183,COURSE91,Assignment,66.0,2021-04-01
7890,1073,COURSE56,Assignment,87.0,2023-06-17
7891,2261,COURSE100,Final Exam,80.0,2023-10-20
7892,2136,COURSE108,Midterm,83.0,2023-09-18
7893,1252,COURSE128,Quiz,91.0,2021-07-22
7894,1083,COURSE143,Midterm,84.0,2021-10-11
7895,1334,COURSE138,Quiz,78.0,2021-02-02
7896,1129,COURSE121,Final Exam,86.0,2023-02-23
7897,2659,COURSE72,Final Exam,70.0,2023-12-12
7898,2277,COURSE141,Quiz,85.0,2021-05-24
7899,2631,COURSE68,Assignment,69.0,2023-07-20
7900,1902,COURSE53,Midterm,73.0,2023-12-05
7901,2683,COURSE112,Midterm,100.0,2023-03-29
7902,1375,COURSE145,Assignment,80.0,2022-12-03
7903,2912,COURSE97,Quiz,90.0,2021-04-13
7904,2697,COURSE95,Midterm,88.0,2020-11-01
7905,2183,COURSE138,Final Exam,72.0,2021-10-07
7906,2079,COURSE105,Midterm,80.0,2021-02-22
7907,1442,COURSE78,Quiz,73.0,2024-10-14
7908,2802,COURSE103,Quiz,80.0,2022-11-27
7909,1304,COURSE107,Final Exam,74.0,2021-02-22
7910,2327,COURSE63,Quiz,46.0,2023-09-28
7911,2159,COURSE132,Quiz,76.0,2024-04-10
7912,1865,COURSE80,Assignment,78.0,2023-01-10
7913,2776,COURSE72,Final Exam,76.0,2023-03-23
7914,2752,COURSE83,Assignment,100.0,2022-07-21
7915,2198,COURSE96,Final Exam,86.0,2024-12-25
7916,1980,COURSE70,Midterm,60.0,2020-05-28
7917,2429,COURSE139,Assignment,79.0,2022-06-04
7918,2487,COURSE66,Quiz,67.0,2023-03-14
7919,1064,COURSE125,Final Exam,88.0,2021-12-13
7920,1475,COURSE68,Midterm,75.0,2024-04-27
7921,1780,COURSE110,Midterm,82.0,2020-12-29
7922,2435,COURSE65,Quiz,85.0,2022-11-23
7923,1567,COURSE147,Final Exam,92.0,2022-11-24
7924,1144,COURSE64,Midterm,77.0,2023-06-01
7925,2455,COURSE80,Quiz,89.0,2023-02-05
7926,1874,COURSE111,Quiz,46.0,2021-08-20
7927,2640,COURSE136,Midterm,96.0,2021-11-03
7928,2968,COURSE90,Assignment,66.0,2022-08-28
7929,1990,COURSE56,Assignment,72.0,2020-02-27
7930,2594,COURSE120,Final Exam,97.0,2022-01-11
7931,1874,COURSE57,Final Exam,82.0,2024-05-16
7932,2408,COURSE67,Midterm,81.0,2024-05-12
7933,2240,COURSE145,Final Exam,93.0,2024-09-03
7934,1995,COURSE65,Quiz,64.0,2021-03-15
7935,2003,COURSE143,Assignment,61.0,2021-10-10
7936,2877,COURSE113,Final Exam,68.0,2021-09-02
7937,2059,COURSE55,Final Exam,85.0,2020-01-18
7938,2348,COURSE137,Assignment,77.0,2021-05-28
7939,2489,COURSE147,Quiz,62.0,2020-11-14
7940,2576,COURSE142,Quiz,84.0,2020-03-06
7941,1059,COURSE73,Assignment,60.0,2022-07-05
7942,2324,COURSE112,Assignment,76.0,2020-03-01
7943,1364,COURSE87,Quiz,84.0,2024-06-06
7944,2173,COURSE147,Assignment,75.0,2023-02-05
7945,2922,COURSE138,Quiz,65.0,2020-02-02
7946,1109,COURSE122,Midterm,82.0,2022-02-17
7947,2454,COURSE72,Final Exam,68.0,2022-04-01
7948,1095,COURSE107,Final Exam,69.0,2022-09-11
7949,2748,COURSE99,Midterm,56.0,2021-09-18
7950,1853,COURSE116,Midterm,92.0,2020-07-27
7951,1857,COURSE61,Quiz,100.0,2021-01-03
7952,2373,COURSE57,Assignment,75.0,2023-05-18
7953,2141,COURSE124,Midterm,76.0,2023-11-10
7954,1927,COURSE54,Midterm,71.0,2022-07-02
7955,1406,COURSE134,Quiz,91.0,2023-10-06
7956,2036,COURSE131,Final Exam,92.0,2020-10-01
7957,2407,COURSE89,Final Exam,91.0,2023-02-17
7958,2864,COURSE58,Final Exam,77.0,2023-11-26
7959,1340,COURSE83,Midterm,62.0,2024-07-11
7960,1278,COURSE150,Midterm,73.0,2024-01-09
7961,2458,COURSE80,Final Exam,92.0,2023-05-11
7962,1504,COURSE145,Quiz,75.0,2024-12-11
7963,1950,COURSE107,Assignment,57.0,2020-07-08
7964,2050,COURSE129,Assignment,92.0,2021-09-22
7965,2027,COURSE58,Midterm,61.0,2021-04-27
7966,1778,COURSE119,Assignment,70.0,2022-11-06
7967,2838,COURSE110,Final Exam,72.0,2022-04-01
7968,1258,COURSE87,Quiz,83.0,2023-04-28
7969,1936,COURSE57,Final Exam,58.0,2021-05-04
7970,2160,COURSE83,Assignment,86.0,2021-06-19
7971,1171,COURSE60,Midterm,59.0,2023-05-17
7972,2688,COURSE141,Quiz,81.0,2022-09-25
7973,2475,COURSE139,Assignment,63.0,2024-08-04
7974,2070,COURSE130,Assignment,71.0,2023-07-09
7975,2341,COURSE89,Quiz,74.0,2024-02-14
7976,1220,COURSE54,Midterm,64.0,2020-07-23
7977,2043,COURSE73,Midterm,79.0,2023-10-04
7978,1928,COURSE54,Midterm,89.0,2020-10-04
7979,1637,COURSE67,Assignment,92.0,2020-02-18
7980,1321,COURSE117,Final Exam,81.0,2021-06-10
7981,2387,COURSE126,Assignment,76.0,2022-11-22
7982,1203,COURSE78,Final Exam,100.0,2023-04-04
7983,2915,COURSE128,Assignment,47.0,2022-02-01
7984,1599,COURSE99,Assignment,72.0,2020-04-28
7985,1067,COURSE128,Final Exam,72.0,2020-07-01
7986,2560,COURSE143,Final Exam,96.0,2022-09-02
7987,2000,COURSE53,Final Exam,85.0,2020-09-08
7988,1327,COURSE71,Quiz,76.0,2020-01-16
7989,2778,COURSE146,Midterm,84.0,2024-02-23
7990,2686,COURSE82,Assignment,79.0,2020-03-18
7991,2115,COURSE115,Midterm,65.0,2024-12-13
7992,2772,COURSE137,Quiz,86.0,2022-11-04
7993,2388,COURSE76,Final Exam,70.0,2024-05-21
7994,2017,COURSE102,Final Exam,89.0,2024-03-22
7995,2301,COURSE83,Midterm,84.0,2020-02-19
7996,1553,COURSE90,Assignment,78.0,2023-03-23
7997,2807,COURSE111,Midterm,66.0,2022-06-14
7998,1368,COURSE67,Quiz,71.0,2022-01-02
7999,1874,COURSE90,Final Exam,75.0,2022-12-31
8000,2075,COURSE64,Final Exam,74.0,2022-10-12
8001,2661,COURSE143,Midterm,65.0,2020-06-07
8002,2483,COURSE77,Quiz,82.0,2023-08-12
8003,2498,COURSE141,Final Exam,68.0,2021-03-20
8004,2496,COURSE111,Quiz,70.0,2023-03-19
8005,1197,COURSE113,Assignment,80.0,2021-10-29
8006,2795,COURSE59,Final Exam,74.0,2022-02-23
8007,1152,COURSE141,Final Exam,67.0,2024-07-09
8008,1625,COURSE75,Assignment,78.0,2024-11-19
8009,1698,COURSE77,Quiz,84.0,2022-11-22
8010,2509,COURSE58,Final Exam,91.0,2022-05-15
8011,1520,COURSE77,Quiz,73.0,2021-09-18
8012,2394,COURSE143,Quiz,97.0,2023-03-10
8013,2117,COURSE94,Quiz,78.0,2024-07-19
8014,2914,COURSE148,Assignment,76.0,2024-09-09
8015,1969,COURSE84,Final Exam,77.0,2020-08-13
8016,2603,COURSE64,Final Exam,62.0,2024-02-02
8017,2158,COURSE64,Midterm,81.0,2022-02-09
8018,2385,COURSE64,Final Exam,93.0,2020-02-25
8019,1444,COURSE74,Quiz,57.0,2022-10-19
8020,2964,COURSE83,Assignment,81.0,2021-06-25
8021,2146,COURSE141,Quiz,99.0,2024-04-11
8022,1632,COURSE115,Quiz,79.0,2020-09-04
8023,1933,COURSE99,Assignment,85.0,2024-05-17
8024,1275,COURSE111,Final Exam,72.0,2021-06-09
8025,1866,COURSE55,Assignment,100.0,2020-08-27
8026,2354,COURSE126,Quiz,72.0,2023-06-04
8027,1773,COURSE110,Midterm,88.0,2022-05-19
8028,1123,COURSE93,Assignment,76.0,2024-02-20
8029,2690,COURSE91,Assignment,82.0,2021-05-10
8030,1754,COURSE138,Quiz,84.0,2022-09-08
8031,1412,COURSE51,Quiz,66.0,2024-03-14
8032,2184,COURSE75,Final Exam,74.0,2023-03-06
8033,1394,COURSE119,Midterm,87.0,2021-06-21
8034,2929,COURSE130,Quiz,100.0,2020-03-15
8035,1285,COURSE77,Final Exam,77.0,2023-05-15
8036,2142,COURSE145,Quiz,68.0,2021-07-29
8037,2036,COURSE83,Midterm,86.0,2021-01-23
8038,2950,COURSE92,Final Exam,91.0,2022-06-29
8039,1603,COURSE80,Midterm,73.0,2020-01-10
8040,2790,COURSE108,Quiz,83.0,2020-05-12
8041,1417,COURSE73,Quiz,66.0,2021-03-12
8042,2153,COURSE77,Assignment,63.0,2021-09-18
8043,2266,COURSE143,Quiz,69.0,2024-11-13
8044,1600,COURSE128,Midterm,83.0,2020-05-07
8045,2613,COURSE85,Midterm,68.0,2020-03-02
8046,1504,COURSE145,Quiz,73.0,2023-01-04
8047,2345,COURSE123,Quiz,88.0,2024-01-27
8048,2459,COURSE82,Final Exam,74.0,2024-02-16
8049,2653,COURSE109,Quiz,56.0,2021-02-05
8050,2070,COURSE53,Quiz,82.0,2020-10-06
8051,2596,COURSE63,Midterm,89.0,2024-10-27
8052,1485,COURSE114,Midterm,84.0,2023-09-17
8053,1681,COURSE71,Midterm,62.0,2024-01-12
8054,1187,COURSE131,Quiz,61.0,2020-05-24
8055,1513,COURSE124,Assignment,81.0,2021-11-18
8056,2190,COURSE145,Quiz,64.0,2024-01-17
8057,1197,COURSE83,Final Exam,98.0,2023-03-24
8058,2860,COURSE106,Final Exam,95.0,2023-04-06
8059,2532,COURSE119,Midterm,78.0,2020-04-14
8060,1762,COURSE105,Assignment,70.0,2020-12-20
8061,2534,COURSE60,Assignment,86.0,2022-01-15
8062,2988,COURSE137,Midterm,88.0,2023-07-29
8063,2496,COURSE119,Assignment,98.0,2024-08-12
8064,2182,COURSE62,Final Exam,74.0,2023-01-29
8065,1897,COURSE110,Midterm,51.0,2023-04-28
8066,2311,COURSE67,Assignment,72.0,2021-09-14
8067,1033,COURSE150,Quiz,89.0,2022-06-17
8068,2090,COURSE94,Assignment,67.0,2021-11-09
8069,2781,COURSE129,Midterm,79.0,2022-07-03
8070,2406,COURSE145,Final Exam,81.0,2021-09-13
8071,1777,COURSE63,Final Exam,72.0,2021-11-22
8072,2349,COURSE76,Quiz,60.0,2024-03-27
8073,2770,COURSE103,Assignment,95.0,2021-01-29
8074,1270,COURSE57,Quiz,91.0,2020-10-01
8075,1863,COURSE82,Final Exam,76.0,2022-10-12
8076,1318,COURSE84,Assignment,81.0,2021-09-11
8077,2874,COURSE79,Quiz,84.0,2022-02-16
8078,1838,COURSE124,Assignment,76.0,2020-03-24
8079,1038,COURSE110,Midterm,81.0,2021-08-17
8080,2567,COURSE142,Final Exam,91.0,2023-01-31
8081,2035,COURSE126,Quiz,81.0,2022-10-06
8082,2138,COURSE54,Quiz,88.0,2020-01-29
8083,1488,COURSE134,Midterm,46.0,2022-06-20
8084,1304,COURSE90,Assignment,73.0,2024-11-10
8085,2604,COURSE88,Final Exam,98.0,2021-09-02
8086,1259,COURSE85,Midterm,64.0,2021-09-20
8087,1098,COURSE95,Quiz,78.0,2023-01-28
8088,1379,COURSE119,Assignment,68.0,2023-07-17
8089,1292,COURSE144,Assignment,100.0,2020-11-15
8090,2288,COURSE141,Midterm,78.0,2021-05-17
8091,2454,COURSE69,Assignment,83.0,2020-03-23
8092,1432,COURSE135,Quiz,80.0,2022-05-10
8093,2843,COURSE97,Assignment,82.0,2020-10-03
8094,2011,COURSE132,Assignment,69.0,2021-05-04
8095,1556,COURSE78,Assignment,66.0,2023-01-30
8096,2337,COURSE134,Assignment,77.0,2020-09-05
8097,2954,COURSE131,Midterm,73.0,2023-02-22
8098,1820,COURSE122,Quiz,61.0,2024-10-14
8099,2834,COURSE104,Assignment,73.0,2023-03-29
8100,2226,COURSE82,Midterm,86.0,2021-11-27
8101,2216,COURSE131,Quiz,87.0,2022-09-30
8102,1182,COURSE112,Midterm,68.0,2021-07-13
8103,2729,COURSE58,Final Exam,69.0,2020-01-25
8104,1834,COURSE77,Midterm,82.0,2020-10-30
8105,2912,COURSE118,Midterm,77.0,2023-01-28
8106,2922,COURSE149,Assignment,64.0,2024-12-19
8107,1917,COURSE58,Midterm,68.0,2024-11-14
8108,2851,COURSE79,Quiz,82.0,2023-06-15
8109,2130,COURSE62,Assignment,84.0,2021-07-18
8110,1726,COURSE62,Midterm,76.0,2021-10-02
8111,2605,COURSE55,Final Exam,92.0,2024-02-23
8112,2887,COURSE76,Assignment,86.0,2021-11-27
8113,1031,COURSE117,Midterm,89.0,2020-01-16
8114,1914,COURSE54,Assignment,95.0,2024-07-16
8115,2071,COURSE66,Final Exam,81.0,2024-02-25
8116,2008,COURSE106,Final Exam,59.0,2023-06-07
8117,1071,COURSE142,Final Exam,51.0,2023-08-29
8118,2490,COURSE84,Quiz,80.0,2024-11-25
8119,1664,COURSE143,Assignment,62.0,2023-11-06
8120,1139,COURSE77,Midterm,73.0,2021-09-15
8121,2714,COURSE134,Final Exam,81.0,2023-02-05
8122,1037,COURSE75,Quiz,82.0,2020-06-01
8123,1354,COURSE74,Final Exam,81.0,2023-05-23
8124,2067,COURSE103,Assignment,84.0,2023-02-01
8125,2792,COURSE82,Quiz,65.0,2023-11-13
8126,2569,COURSE56,Quiz,84.0,2020-09-29
8127,1736,COURSE119,Assignment,85.0,2021-08-11
8128,2902,COURSE91,Quiz,77.0,2020-06-21
8129,2284,COURSE100,Midterm,99.0,2024-10-19
8130,1394,COURSE147,Final Exam,87.0,2023-04-06
8131,2274,COURSE130,Midterm,66.0,2020-01-06
8132,1662,COURSE147,Midterm,86.0,2022-02-12
8133,2800,COURSE79,Final Exam,82.0,2024-04-15
8134,1625,COURSE107,Assignment,66.0,2021-09-08
8135,2953,COURSE104,Quiz,84.0,2024-07-20
8136,2385,COURSE128,Final Exam,77.0,2021-07-18
8137,2467,COURSE60,Quiz,77.0,2022-04-03
8138,2855,COURSE64,Midterm,95.0,2022-10-18
8139,2617,COURSE82,Assignment,73.0,2022-07-28
8140,1710,COURSE106,Midterm,76.0,2024-07-13
8141,1212,COURSE126,Midterm,68.0,2022-05-17
8142,2135,COURSE77,Quiz,66.0,2023-05-22
8143,2697,COURSE102,Midterm,95.0,2021-11-29
8144,2650,COURSE86,Midterm,78.0,2022-11-13
8145,2981,COURSE80,Final Exam,99.0,2021-02-14
8146,1102,COURSE105,Assignment,73.0,2022-02-25
8147,2742,COURSE141,Assignment,73.0,2024-03-10
8148,2803,COURSE111,Quiz,68.0,2021-09-18
8149,2348,COURSE117,Final Exam,56.0,2024-06-27
8150,1026,COURSE131,Assignment,61.0,2020-01-14
8151,1504,COURSE74,Midterm,80.0,2023-07-15
8152,2191,COURSE118,Assignment,80.0,2022-05-06
8153,2631,COURSE124,Quiz,93.0,2023-03-07
8154,2799,COURSE109,Assignment,91.0,2023-06-26
8155,1851,COURSE147,Final Exam,65.0,2021-06-01
8156,1085,COURSE146,Assignment,82.0,2022-02-09
8157,2264,COURSE79,Final Exam,79.0,2021-12-23
8158,2080,COURSE139,Final Exam,87.0,2023-08-10
8159,1171,COURSE144,Quiz,91.0,2024-09-27
8160,2610,COURSE108,Midterm,90.0,2023-01-23
8161,2155,COURSE56,Assignment,84.0,2020-01-20
8162,2665,COURSE141,Midterm,46.0,2024-03-06
8163,1187,COURSE140,Final Exam,74.0,2022-05-04
8164,1117,COURSE109,Final Exam,75.0,2020-08-14
8165,2716,COURSE56,Midterm,73.0,2024-02-21
8166,1508,COURSE125,Quiz,87.0,2023-10-11
8167,1513,COURSE71,Assignment,76.0,2023-02-05
8168,2158,COURSE142,Midterm,74.0,2023-12-12
8169,1113,COURSE143,Midterm,95.0,2021-06-18
8170,2689,COURSE141,Final Exam,92.0,2024-04-02
8171,1719,COURSE89,Midterm,90.0,2023-09-23
8172,2896,COURSE122,Quiz,92.0,2022-08-18
8173,2351,COURSE145,Quiz,98.0,2020-11-21
8174,1368,COURSE115,Final Exam,92.0,2022-04-07
8175,2358,COURSE94,Quiz,73.0,2023-09-25
8176,2290,COURSE97,Final Exam,63.0,2023-06-14
8177,2021,COURSE58,Final Exam,81.0,2020-01-25
8178,1687,COURSE114,Quiz,77.0,2024-04-08
8179,1283,COURSE115,Midterm,45.0,2021-02-02
8180,1266,COURSE81,Midterm,87.0,2020-01-19
8181,1856,COURSE123,Quiz,65.0,2023-08-26
8182,1766,COURSE109,Quiz,71.0,2024-06-02
8183,1882,COURSE140,Assignment,82.0,2024-06-15
8184,1765,COURSE142,Quiz,79.0,2022-07-22
8185,1745,COURSE99,Final Exam,84.0,2020-06-19
8186,2108,COURSE136,Final Exam,84.0,2024-07-05
8187,1013,COURSE148,Quiz,63.0,2021-07-25
8188,2929,COURSE117,Midterm,80.0,2024-11-30
8189,1841,COURSE111,Midterm,81.0,2022-04-12
8190,2908,COURSE90,Assignment,83.0,2022-02-04
8191,1093,COURSE137,Assignment,76.0,2020-11-10
8192,2855,COURSE115,Quiz,74.0,2022-01-12
8193,1713,COURSE96,Midterm,78.0,2021-04-28
8194,2714,COURSE106,Assignment,64.0,2020-07-19
8195,2674,COURSE54,Midterm,89.0,2022-01-05
8196,2315,COURSE52,Midterm,79.0,2022-02-15
8197,2667,COURSE128,Midterm,98.0,2020-03-18
8198,1157,COURSE55,Final Exam,78.0,2020-01-03
8199,2617,COURSE95,Assignment,97.0,2024-09-01
8200,1819,COURSE143,Quiz,63.0,2021-09-11
8201,2538,COURSE74,Assignment,61.0,2024-07-07
8202,2958,COURSE121,Final Exam,79.0,2020-11-28
8203,1224,COURSE125,Assignment,79.0,2022-01-16
8204,2052,COURSE148,Midterm,79.0,2023-02-11
8205,1997,COURSE95,Midterm,73.0,2024-03-21
8206,1662,COURSE87,Quiz,78.0,2020-02-12
8207,2690,COURSE112,Final Exam,81.0,2022-07-28
8208,1943,COURSE58,Quiz,93.0,2020-04-27
8209,2586,COURSE57,Final Exam,73.0,2024-12-27
8210,2680,COURSE76,Midterm,75.0,2023-07-17
8211,2825,COURSE58,Assignment,88.0,2023-09-30
8212,2993,COURSE146,Assignment,81.0,2020-02-01
8213,2859,COURSE110,Assignment,86.0,2023-05-14
8214,1450,COURSE110,Quiz,73.0,2023-04-01
8215,2438,COURSE143,Midterm,70.0,2024-10-17
8216,1724,COURSE93,Assignment,71.0,2021-01-13
8217,1933,COURSE144,Assignment,71.0,2023-07-15
8218,1745,COURSE126,Final Exam,55.0,2023-01-13
8219,1828,COURSE110,Quiz,86.0,2023-11-16
8220,2502,COURSE74,Quiz,62.0,2020-11-11
8221,1594,COURSE60,Midterm,88.0,2022-08-02
8222,1530,COURSE86,Midterm,83.0,2021-01-22
8223,1984,COURSE130,Quiz,79.0,2023-07-23
8224,1469,COURSE106,Assignment,75.0,2022-08-24
8225,1709,COURSE72,Final Exam,61.0,2023-11-26
8226,2692,COURSE89,Midterm,67.0,2022-02-15
8227,1025,COURSE75,Quiz,72.0,2020-03-17
8228,2359,COURSE117,Assignment,100.0,2024-02-17
8229,1122,COURSE110,Final Exam,92.0,2021-01-21
8230,2407,COURSE84,Assignment,100.0,2024-07-16
8231,2738,COURSE77,Assignment,78.0,2024-01-06
8232,2156,COURSE73,Final Exam,74.0,2023-06-17
8233,2344,COURSE129,Quiz,93.0,2022-07-14
8234,1417,COURSE98,Final Exam,75.0,2020-06-15
8235,2889,COURSE125,Midterm,83.0,2020-06-30
8236,2938,COURSE51,Quiz,77.0,2021-06-09
8237,2781,COURSE73,Quiz,95.0,2021-10-27
8238,2734,COURSE143,Quiz,89.0,2020-03-25
8239,2316,COURSE105,Quiz,63.0,2023-08-11
8240,1917,COURSE63,Midterm,69.0,2022-04-24
8241,1993,COURSE124,Assignment,65.0,2022-08-25
8242,2704,COURSE79,Final Exam,75.0,2021-11-15
8243,2390,COURSE71,Final Exam,80.0,2020-11-20
8244,2572,COURSE119,Midterm,58.0,2022-09-12
8245,1771,COURSE106,Final Exam,97.0,2020-09-09
8246,1069,COURSE139,Midterm,88.0,2021-05-22
8247,2331,COURSE96,Final Exam,92.0,2023-05-10
8248,1682,COURSE125,Assignment,73.0,2023-12-13
8249,1097,COURSE103,Midterm,48.0,2024-11-24
8250,2247,COURSE85,Midterm,59.0,2024-10-21
8251,2080,COURSE108,Midterm,81.0,2023-01-12
8252,2440,COURSE73,Quiz,74.0,2020-01-10
8253,2711,COURSE86,Final Exam,76.0,2024-03-16
8254,2124,COURSE56,Final Exam,88.0,2023-04-13
8255,2998,COURSE137,Assignment,63.0,2023-02-23
8256,1857,COURSE125,Midterm,96.0,2024-11-21
8257,2036,COURSE63,Midterm,65.0,2021-02-28
8258,1825,COURSE83,Midterm,81.0,2020-02-10
8259,1402,COURSE125,Midterm,99.0,2022-09-21
8260,1106,COURSE99,Quiz,100.0,2021-05-07
8261,1975,COURSE118,Midterm,84.0,2020-11-15
8262,1385,COURSE103,Quiz,75.0,2023-05-02
8263,1303,COURSE141,Assignment,90.0,2023-04-21
8264,2176,COURSE127,Assignment,72.0,2021-09-21
8265,1520,COURSE91,Midterm,78.0,2020-01-20
8266,2309,COURSE88,Final Exam,80.0,2021-09-14
8267,1498,COURSE127,Midterm,77.0,2021-11-24
8268,1780,COURSE74,Midterm,77.0,2020-04-29
8269,1378,COURSE117,Assignment,86.0,2024-10-14
8270,2714,COURSE138,Final Exam,100.0,2020-09-07
8271,2969,COURSE60,Final Exam,91.0,2023-07-12
8272,2359,COURSE102,Midterm,100.0,2024-06-18
8273,1943,COURSE129,Quiz,89.0,2023-03-06
8274,2300,COURSE96,Midterm,95.0,2024-01-02
8275,1400,COURSE114,Assignment,68.0,2021-12-07
8276,2386,COURSE93,Assignment,100.0,2022-11-02
8277,1314,COURSE74,Midterm,85.0,2024-11-27
8278,1883,COURSE104,Assignment,84.0,2023-09-26
8279,2599,COURSE86,Final Exam,66.0,2021-10-04
8280,1429,COURSE97,Quiz,84.0,2023-05-16
8281,1489,COURSE66,Final Exam,64.0,2020-09-18
8282,1432,COURSE115,Final Exam,96.0,2021-05-21
8283,2139,COURSE73,Quiz,74.0,2024-11-22
8284,1224,COURSE113,Final Exam,77.0,2023-08-22
8285,1860,COURSE142,Quiz,100.0,2021-12-17
8286,2641,COURSE125,Final Exam,86.0,2024-08-10
8287,2948,COURSE51,Midterm,78.0,2020-09-12
8288,1701,COURSE137,Quiz,72.0,2021-02-21
8289,2576,COURSE60,Assignment,82.0,2022-07-19
8290,1863,COURSE130,Final Exam,42.0,2024-05-05
8291,2703,COURSE71,Quiz,73.0,2022-09-22
8292,1103,COURSE116,Final Exam,62.0,2024-08-09
8293,1179,COURSE63,Quiz,67.0,2020-03-07
8294,2549,COURSE66,Final Exam,93.0,2023-07-14
8295,2246,COURSE88,Final Exam,78.0,2022-07-20
8296,2070,COURSE69,Assignment,94.0,2024-03-16
8297,1450,COURSE88,Final Exam,88.0,2020-06-12
8298,2809,COURSE91,Final Exam,76.0,2023-09-01
8299,1654,COURSE107,Quiz,100.0,2021-04-23
8300,1331,COURSE124,Midterm,80.0,2021-04-21
8301,1827,COURSE74,Quiz,75.0,2022-10-31
8302,1736,COURSE105,Assignment,85.0,2024-03-28
8303,1516,COURSE79,Assignment,75.0,2023-01-12
8304,2174,COURSE69,Assignment,88.0,2023-05-02
8305,2148,COURSE108,Final Exam,99.0,2021-07-25
8306,2010,COURSE58,Midterm,72.0,2021-12-25
8307,1728,COURSE150,Quiz,84.0,2021-03-13
8308,2669,COURSE73,Midterm,84.0,2023-02-14
8309,2269,COURSE87,Quiz,83.0,2022-12-14
8310,1117,COURSE108,Final Exam,86.0,2020-04-28
8311,1637,COURSE72,Midterm,76.0,2020-07-13
8312,1249,COURSE123,Midterm,60.0,2024-08-10
8313,2336,COURSE104,Assignment,81.0,2021-03-24
8314,2116,COURSE133,Assignment,82.0,2021-12-18
8315,1180,COURSE133,Quiz,84.0,2024-06-27
8316,1939,COURSE137,Quiz,69.0,2023-08-14
8317,1496,COURSE75,Assignment,84.0,2021-11-27
8318,1827,COURSE75,Final Exam,68.0,2020-07-23
8319,2199,COURSE108,Midterm,69.0,2023-05-23
8320,1793,COURSE73,Quiz,92.0,2024-02-20
8321,1696,COURSE95,Final Exam,75.0,2021-03-17
8322,1632,COURSE135,Quiz,77.0,2020-04-12
8323,2405,COURSE51,Final Exam,85.0,2020-03-24
8324,2831,COURSE107,Quiz,85.0,2022-12-29
8325,1634,COURSE68,Final Exam,66.0,2020-04-18
8326,1428,COURSE90,Assignment,94.0,2024-12-31
8327,2087,COURSE70,Quiz,80.0,2024-08-09
8328,1631,COURSE143,Midterm,72.0,2020-08-09
8329,2864,COURSE94,Assignment,54.0,2024-01-16
8330,1575,COURSE139,Final Exam,77.0,2022-04-20
8331,2454,COURSE139,Quiz,78.0,2024-02-07
8332,1270,COURSE90,Assignment,85.0,2020-07-18
8333,2740,COURSE71,Midterm,79.0,2022-07-06
8334,1963,COURSE117,Quiz,73.0,2020-02-02
8335,2036,COURSE75,Quiz,92.0,2020-01-07
8336,1299,COURSE90,Final Exam,84.0,2024-07-18
8337,1320,COURSE66,Final Exam,71.0,2021-12-16
8338,2862,COURSE108,Final Exam,68.0,2020-08-13
8339,1152,COURSE146,Final Exam,82.0,2024-12-27
8340,1957,COURSE134,Midterm,68.0,2022-07-02
8341,2130,COURSE142,Assignment,97.0,2024-08-16
8342,1365,COURSE59,Final Exam,86.0,2023-06-27
8343,1042,COURSE67,Assignment,99.0,2020-06-08
8344,2914,COURSE115,Quiz,98.0,2023-07-05
8345,1850,COURSE84,Quiz,62.0,2022-02-09
8346,1250,COURSE120,Assignment,80.0,2022-09-20
8347,1732,COURSE98,Midterm,94.0,2023-08-06
8348,1570,COURSE108,Assignment,63.0,2022-02-11
8349,1673,COURSE82,Quiz,81.0,2022-02-22
8350,1392,COURSE147,Assignment,90.0,2024-09-30
8351,1306,COURSE142,Quiz,63.0,2022-10-01
8352,1402,COURSE142,Assignment,93.0,2024-04-21
8353,2984,COURSE115,Quiz,79.0,2021-08-30
8354,2970,COURSE74,Midterm,81.0,2023-01-25
8355,1456,COURSE57,Assignment,88.0,2023-09-25
8356,1144,COURSE56,Assignment,65.0,2022-02-19
8357,2051,COURSE65,Quiz,65.0,2023-03-18
8358,2279,COURSE101,Final Exam,55.0,2023-11-14
8359,1629,COURSE119,Quiz,100.0,2020-01-26
8360,2439,COURSE149,Quiz,100.0,2020-04-23
8361,1067,COURSE107,Quiz,89.0,2024-05-14
8362,1157,COURSE123,Midterm,89.0,2020-09-25
8363,1794,COURSE115,Midterm,91.0,2021-08-01
8364,2975,COURSE130,Final Exam,65.0,2021-05-23
8365,2761,COURSE55,Midterm,74.0,2023-09-17
8366,2007,COURSE81,Assignment,58.0,2021-07-15
8367,1531,COURSE88,Final Exam,84.0,2024-03-17
8368,1059,COURSE100,Final Exam,70.0,2021-09-26
8369,2682,COURSE127,Final Exam,78.0,2020-08-08
8370,2501,COURSE96,Final Exam,78.0,2024-07-14
8371,2085,COURSE149,Midterm,62.0,2020-08-01
8372,1690,COURSE147,Midterm,79.0,2023-04-01
8373,2879,COURSE123,Midterm,71.0,2023-07-20
8374,1843,COURSE54,Final Exam,87.0,2020-10-28
8375,1380,COURSE54,Assignment,74.0,2020-03-18
8376,2666,COURSE77,Quiz,73.0,2024-01-12
8377,1983,COURSE72,Quiz,85.0,2023-07-04
8378,1844,COURSE79,Midterm,100.0,2024-08-05
8379,2850,COURSE77,Quiz,91.0,2021-10-02
8380,1237,COURSE102,Midterm,78.0,2022-01-19
8381,2047,COURSE69,Final Exam,58.0,2024-07-17
8382,2612,COURSE123,Assignment,79.0,2023-09-01
8383,2040,COURSE115,Assignment,97.0,2022-10-30
8384,2405,COURSE100,Final Exam,74.0,2024-07-25
8385,1230,COURSE114,Midterm,85.0,2022-02-20
8386,2953,COURSE137,Midterm,74.0,2021-02-02
8387,1262,COURSE115,Midterm,100.0,2022-07-15
8388,1772,COURSE111,Assignment,73.0,2024-11-15
8389,1081,COURSE133,Quiz,75.0,2020-09-11
8390,1497,COURSE119,Final Exam,95.0,2024-07-14
8391,2812,COURSE106,Midterm,66.0,2021-11-22
8392,2835,COURSE108,Quiz,75.0,2023-09-16
8393,2305,COURSE74,Midterm,78.0,2024-07-17
8394,1180,COURSE124,Midterm,91.0,2023-07-16
8395,1137,COURSE144,Assignment,80.0,2023-08-18
8396,1473,COURSE119,Final Exam,78.0,2022-08-26
8397,1475,COURSE68,Quiz,90.0,2022-12-25
8398,2962,COURSE122,Assignment,85.0,2020-02-22
8399,1819,COURSE134,Quiz,78.0,2022-04-24
8400,2098,COURSE87,Quiz,89.0,2023-01-03
8401,2401,COURSE131,Quiz,76.0,2022-06-16
8402,1404,COURSE142,Quiz,69.0,2023-10-16
8403,1329,COURSE57,Midterm,81.0,2022-08-23
8404,1870,COURSE136,Final Exam,64.0,2023-03-18
8405,1786,COURSE129,Quiz,93.0,2023-05-25
8406,1671,COURSE134,Midterm,77.0,2022-08-18
8407,2732,COURSE148,Final Exam,96.0,2020-09-19
8408,2725,COURSE94,Assignment,80.0,2020-02-23
8409,2487,COURSE82,Final Exam,100.0,2020-11-15
8410,1081,COURSE55,Midterm,83.0,2022-09-29
8411,1418,COURSE87,Midterm,73.0,2024-08-11
8412,2118,COURSE142,Assignment,79.0,2020-07-10
8413,1834,COURSE119,Final Exam,71.0,2024-08-17
8414,1638,COURSE65,Quiz,90.0,2023-05-26
8415,2399,COURSE96,Quiz,99.0,2020-07-13
8416,2726,COURSE79,Assignment,60.0,2022-01-16
8417,1396,COURSE80,Quiz,91.0,2023-02-19
8418,2111,COURSE75,Final Exam,94.0,2023-11-26
8419,1652,COURSE139,Midterm,66.0,2020-06-21
8420,2089,COURSE114,Midterm,74.0,2024-02-18
8421,1588,COURSE115,Final Exam,78.0,2022-09-15
8422,1337,COURSE74,Final Exam,88.0,2023-07-03
8423,1390,COURSE132,Quiz,79.0,2022-09-14
8424,2158,COURSE136,Midterm,73.0,2021-08-15
8425,1243,COURSE141,Quiz,74.0,2024-12-02
8426,2740,COURSE93,Assignment,89.0,2023-01-13
8427,1643,COURSE81,Final Exam,92.0,2020-11-04
8428,1966,COURSE124,Final Exam,70.0,2022-05-14
8429,1529,COURSE136,Midterm,100.0,2024-08-17
8430,2760,COURSE136,Final Exam,88.0,2020-10-17
8431,1271,COURSE126,Midterm,70.0,2023-05-08
8432,1244,COURSE58,Quiz,73.0,2022-02-03
8433,2079,COURSE54,Quiz,69.0,2024-03-15
8434,1938,COURSE146,Assignment,86.0,2020-04-09
8435,2930,COURSE88,Quiz,76.0,2023-03-03
8436,2857,COURSE84,Assignment,80.0,2022-04-23
8437,1542,COURSE109,Assignment,93.0,2021-01-14
8438,1075,COURSE139,Final Exam,79.0,2023-07-02
8439,1704,COURSE102,Midterm,89.0,2021-05-26
8440,2560,COURSE52,Midterm,69.0,2024-01-18
8441,1553,COURSE82,Final Exam,67.0,2020-09-20
8442,2256,COURSE100,Midterm,69.0,2024-08-13
8443,1036,COURSE106,Assignment,75.0,2022-07-06
8444,1126,COURSE112,Quiz,92.0,2021-05-03
8445,2485,COURSE121,Final Exam,85.0,2021-09-01
8446,2883,COURSE97,Final Exam,88.0,2020-02-20
8447,1694,COURSE148,Assignment,87.0,2021-11-29
8448,2214,COURSE119,Midterm,86.0,2023-08-24
8449,1968,COURSE112,Midterm,64.0,2024-11-12
8450,2795,COURSE94,Quiz,75.0,2022-09-18
8451,1699,COURSE73,Final Exam,56.0,2024-06-17
8452,2254,COURSE53,Final Exam,70.0,2023-10-28
8453,2101,COURSE136,Final Exam,85.0,2021-07-03
8454,1187,COURSE123,Midterm,64.0,2020-01-03
8455,1209,COURSE88,Midterm,83.0,2021-10-16
8456,1387,COURSE62,Quiz,97.0,2020-09-11
8457,2008,COURSE106,Midterm,73.0,2023-04-28
8458,1525,COURSE90,Assignment,87.0,2024-07-17
8459,1802,COURSE141,Midterm,76.0,2023-10-17
8460,2991,COURSE56,Midterm,87.0,2020-05-10
8461,1619,COURSE52,Final Exam,82.0,2024-03-21
8462,1324,COURSE56,Midterm,58.0,2023-03-24
8463,2485,COURSE91,Quiz,87.0,2020-02-01
8464,2611,COURSE134,Quiz,64.0,2023-07-02
8465,2943,COURSE94,Assignment,72.0,2024-01-30
8466,1437,COURSE68,Quiz,82.0,2021-09-06
8467,2032,COURSE113,Final Exam,90.0,2022-06-01
8468,2396,COURSE136,Quiz,69.0,2020-01-26
8469,2257,COURSE71,Quiz,68.0,2020-09-15
8470,2163,COURSE144,Quiz,54.0,2021-02-01
8471,1283,COURSE129,Assignment,88.0,2020-07-26
8472,2600,COURSE61,Quiz,85.0,2022-11-22
8473,2311,COURSE73,Quiz,86.0,2021-02-23
8474,2688,COURSE89,Assignment,79.0,2024-03-15
8475,2938,COURSE117,Assignment,80.0,2024-05-28
8476,1796,COURSE113,Midterm,82.0,2022-02-01
8477,1474,COURSE109,Quiz,84.0,2020-01-21
8478,1364,COURSE137,Midterm,92.0,2021-05-19
8479,1669,COURSE117,Quiz,74.0,2023-11-28
8480,1906,COURSE58,Final Exam,78.0,2024-04-25
8481,2791,COURSE85,Assignment,100.0,2021-10-11
8482,2364,COURSE95,Assignment,68.0,2022-11-03
8483,2779,COURSE100,Assignment,66.0,2023-04-01
8484,2913,COURSE73,Midterm,70.0,2020-06-21
8485,1041,COURSE68,Quiz,64.0,2021-08-15
8486,1111,COURSE75,Quiz,70.0,2021-11-16
8487,1315,COURSE53,Final Exam,79.0,2021-10-18
8488,1485,COURSE80,Midterm,63.0,2023-10-27
8489,2347,COURSE95,Quiz,83.0,2023-06-03
8490,2656,COURSE140,Assignment,86.0,2020-05-29
8491,1972,COURSE81,Assignment,59.0,2021-02-10
8492,1421,COURSE52,Quiz,100.0,2021-05-14
8493,1813,COURSE90,Midterm,65.0,2021-03-29
8494,1239,COURSE83,Midterm,63.0,2024-06-01
8495,2397,COURSE135,Final Exam,69.0,2022-03-08
8496,2495,COURSE80,Quiz,72.0,2021-01-16
8497,2296,COURSE106,Quiz,70.0,2024-07-10
8498,1717,COURSE56,Final Exam,81.0,2021-07-18
8499,1823,COURSE106,Quiz,79.0,2023-05-25
8500,2159,COURSE94,Final Exam,62.0,2022-02-01
8501,2532,COURSE118,Quiz,63.0,2023-02-06
8502,1943,COURSE58,Midterm,81.0,2021-02-24
8503,1478,COURSE122,Quiz,70.0,2021-05-13
8504,2776,COURSE84,Final Exam,78.0,2021-12-17
8505,2484,COURSE91,Assignment,69.0,2021-02-03
8506,2091,COURSE123,Quiz,71.0,2024-02-21
8507,1330,COURSE84,Assignment,81.0,2021-11-12
8508,2608,COURSE62,Quiz,69.0,2023-12-14
8509,1185,COURSE85,Final Exam,73.0,2022-07-31
8510,1320,COURSE63,Quiz,95.0,2023-08-24
8511,2139,COURSE100,Midterm,100.0,2020-01-08
8512,2706,COURSE58,Final Exam,78.0,2021-07-03
8513,2158,COURSE62,Quiz,85.0,2022-06-27
8514,2537,COURSE147,Midterm,86.0,2020-02-07
8515,1458,COURSE80,Quiz,68.0,2023-02-11
8516,2784,COURSE79,Final Exam,72.0,2023-07-23
8517,2734,COURSE72,Quiz,92.0,2022-04-23
8518,2641,COURSE125,Quiz,75.0,2021-02-24
8519,1490,COURSE58,Quiz,82.0,2021-12-27
8520,1687,COURSE82,Midterm,63.0,2023-09-13
8521,1353,COURSE93,Final Exam,79.0,2020-10-15
8522,1709,COURSE112,Quiz,90.0,2021-02-02
8523,2852,COURSE52,Quiz,79.0,2024-02-18
8524,1663,COURSE136,Midterm,70.0,2020-03-06
8525,2241,COURSE53,Final Exam,63.0,2024-05-10
8526,2217,COURSE59,Assignment,83.0,2024-04-19
8527,1104,COURSE115,Midterm,83.0,2022-12-10
8528,2411,COURSE67,Final Exam,92.0,2020-08-10
8529,2055,COURSE53,Assignment,75.0,2024-12-03
8530,1965,COURSE73,Assignment,76.0,2022-11-28
8531,1346,COURSE74,Assignment,85.0,2023-10-29
8532,2154,COURSE123,Final Exam,73.0,2024-10-25
8533,2562,COURSE110,Midterm,100.0,2021-08-26
8534,1010,COURSE73,Assignment,88.0,2022-09-28
8535,2635,COURSE111,Assignment,71.0,2021-09-27
8536,1091,COURSE83,Quiz,55.0,2024-11-01
8537,1704,COURSE83,Final Exam,70.0,2021-05-07
8538,2902,COURSE125,Quiz,70.0,2023-03-27
8539,1801,COURSE108,Final Exam,81.0,2023-06-10
8540,2030,COURSE101,Final Exam,66.0,2020-11-15
8541,2132,COURSE108,Final Exam,78.0,2023-01-21
8542,1736,COURSE110,Final Exam,72.0,2020-09-23
8543,2713,COURSE106,Assignment,86.0,2021-07-15
8544,1405,COURSE114,Midterm,63.0,2023-05-18
8545,2001,COURSE116,Assignment,69.0,2021-05-22
8546,1591,COURSE121,Midterm,55.0,2024-05-08
8547,1599,COURSE66,Assignment,81.0,2024-03-24
8548,1127,COURSE126,Final Exam,57.0,2021-09-14
8549,2737,COURSE90,Final Exam,80.0,2024-04-21
8550,1391,COURSE87,Assignment,70.0,2022-01-02
8551,2258,COURSE57,Midterm,90.0,2022-07-21
8552,2630,COURSE144,Quiz,70.0,2020-10-22
8553,2572,COURSE99,Assignment,87.0,2024-03-21
8554,2591,COURSE137,Final Exam,73.0,2022-03-18
8555,2488,COURSE132,Midterm,98.0,2024-05-13
8556,2714,COURSE126,Assignment,79.0,2021-04-19
8557,2325,COURSE117,Quiz,65.0,2020-12-12
8558,1678,COURSE77,Quiz,79.0,2024-03-09
8559,2286,COURSE132,Assignment,62.0,2023-11-09
8560,2843,COURSE65,Final Exam,57.0,2024-07-01
8561,1117,COURSE91,Final Exam,75.0,2023-11-15
8562,2060,COURSE88,Assignment,68.0,2023-08-17
8563,1689,COURSE101,Final Exam,78.0,2024-10-22
8564,2496,COURSE124,Midterm,73.0,2020-02-17
8565,2178,COURSE87,Assignment,74.0,2020-11-01
8566,1006,COURSE116,Midterm,74.0,2022-02-17
8567,1205,COURSE61,Final Exam,99.0,2020-08-30
8568,2141,COURSE67,Midterm,66.0,2024-01-14
8569,1921,COURSE122,Quiz,71.0,2023-11-27
8570,2619,COURSE52,Quiz,92.0,2020-11-15
8571,2223,COURSE143,Assignment,72.0,2022-03-17
8572,2758,COURSE93,Quiz,100.0,2021-02-17
8573,2308,COURSE52,Final Exam,80.0,2024-05-13
8574,1070,COURSE150,Assignment,86.0,2022-04-21
8575,1261,COURSE67,Midterm,81.0,2023-02-12
8576,2457,COURSE128,Midterm,79.0,2022-11-14
8577,1169,COURSE140,Midterm,80.0,2023-02-16
8578,2002,COURSE103,Assignment,53.0,2021-05-24
8579,2019,COURSE76,Final Exam,98.0,2024-11-19
8580,2983,COURSE51,Final Exam,71.0,2024-10-25
8581,1817,COURSE143,Quiz,54.0,2022-07-26
8582,1330,COURSE107,Assignment,73.0,2024-04-09
8583,1412,COURSE90,Quiz,83.0,2024-08-11
8584,1367,COURSE97,Quiz,89.0,2020-08-25
8585,2817,COURSE132,Midterm,100.0,2022-01-08
8586,2201,COURSE115,Quiz,60.0,2023-08-04
8587,1470,COURSE78,Assignment,91.0,2020-08-26
8588,1335,COURSE94,Midterm,97.0,2021-11-25
8589,2175,COURSE141,Assignment,76.0,2024-07-24
8590,2179,COURSE90,Assignment,73.0,2021-05-05
8591,2634,COURSE142,Assignment,75.0,2024-09-16
8592,1180,COURSE72,Midterm,71.0,2021-09-07
8593,2009,COURSE68,Quiz,70.0,2023-01-23
8594,1978,COURSE145,Assignment,68.0,2022-05-13
8595,1136,COURSE103,Midterm,75.0,2022-02-02
8596,1790,COURSE131,Quiz,69.0,2020-02-19
8597,2406,COURSE135,Assignment,73.0,2024-12-05
8598,2480,COURSE96,Assignment,84.0,2024-11-18
8599,1310,COURSE79,Final Exam,85.0,2023-06-28
8600,2806,COURSE122,Quiz,82.0,2021-06-08
8601,2501,COURSE58,Assignment,81.0,2021-11-12
8602,1989,COURSE106,Midterm,71.0,2021-04-01
8603,1626,COURSE84,Midterm,81.0,2022-08-23
8604,2493,COURSE121,Assignment,81.0,2024-02-23
8605,1413,COURSE64,Midterm,76.0,2024-04-04
8606,2458,COURSE148,Assignment,94.0,2022-04-01
8607,2280,COURSE130,Final Exam,85.0,2024-03-24
8608,2449,COURSE119,Final Exam,79.0,2022-08-14
8609,2479,COURSE85,Midterm,86.0,2022-07-23
8610,1182,COURSE79,Assignment,72.0,2022-10-12
8611,2976,COURSE125,Midterm,67.0,2021-08-31
8612,2997,COURSE87,Midterm,74.0,2021-11-09
8613,1167,COURSE80,Quiz,76.0,2021-05-27
8614,1976,COURSE116,Midterm,82.0,2020-06-10
8615,2794,COURSE100,Assignment,70.0,2023-12-04
8616,1110,COURSE113,Quiz,69.0,2022-12-19
8617,1953,COURSE67,Final Exam,82.0,2022-12-25
8618,1269,COURSE104,Quiz,87.0,2020-08-02
8619,2664,COURSE90,Midterm,91.0,2024-06-12
8620,1360,COURSE72,Quiz,68.0,2020-01-17
8621,1719,COURSE59,Assignment,99.0,2022-07-12
8622,2266,COURSE100,Assignment,75.0,2022-07-06
8623,1540,COURSE65,Quiz,82.0,2020-08-14
8624,1767,COURSE85,Final Exam,70.0,2023-02-15
8625,1837,COURSE112,Midterm,66.0,2022-02-01
8626,1183,COURSE129,Midterm,78.0,2024-02-24
8627,1751,COURSE103,Final Exam,83.0,2024-06-29
8628,2052,COURSE80,Midterm,76.0,2024-04-23
8629,1980,COURSE63,Assignment,62.0,2021-11-20
8630,1402,COURSE76,Assignment,60.0,2022-11-04
8631,1402,COURSE119,Assignment,76.0,2021-12-30
8632,2824,COURSE61,Midterm,63.0,2024-11-10
8633,2993,COURSE104,Midterm,78.0,2021-01-31
8634,2947,COURSE120,Final Exam,77.0,2023-07-27
8635,2333,COURSE93,Final Exam,72.0,2022-11-03
8636,1745,COURSE135,Final Exam,83.0,2022-08-24
8637,2959,COURSE55,Quiz,76.0,2024-04-21
8638,2883,COURSE55,Final Exam,82.0,2020-10-08
8639,2355,COURSE60,Midterm,67.0,2022-12-22
8640,2180,COURSE70,Quiz,54.0,2024-01-29
8641,2234,COURSE99,Quiz,88.0,2024-08-21
8642,2544,COURSE96,Final Exam,74.0,2022-03-22
8643,2756,COURSE70,Assignment,68.0,2021-04-11
8644,2016,COURSE140,Assignment,85.0,2020-12-15
8645,1233,COURSE133,Final Exam,89.0,2022-12-13
8646,1922,COURSE133,Midterm,100.0,2024-04-23
8647,1384,COURSE83,Final Exam,83.0,2022-07-20
8648,2626,COURSE86,Final Exam,75.0,2022-01-18
8649,1669,COURSE122,Midterm,76.0,2024-02-25
8650,1465,COURSE104,Final Exam,89.0,2022-04-02
8651,1198,COURSE133,Assignment,89.0,2020-02-04
8652,1048,COURSE89,Final Exam,79.0,2020-04-19
8653,2216,COURSE91,Assignment,75.0,2021-06-21
8654,2912,COURSE140,Assignment,93.0,2020-07-21
8655,1295,COURSE144,Final Exam,74.0,2024-10-19
8656,1125,COURSE148,Assignment,85.0,2024-04-08
8657,2684,COURSE81,Midterm,67.0,2024-03-16
8658,1872,COURSE134,Assignment,49.0,2022-10-20
8659,1745,COURSE109,Quiz,87.0,2023-10-15
8660,1014,COURSE53,Midterm,82.0,2023-04-13
8661,2830,COURSE143,Quiz,87.0,2024-10-25
8662,1529,COURSE98,Midterm,68.0,2024-09-02
8663,1417,COURSE146,Quiz,77.0,2022-09-23
8664,2458,COURSE138,Midterm,81.0,2020-12-16
8665,1448,COURSE149,Assignment,100.0,2024-09-04
8666,2993,COURSE112,Quiz,82.0,2021-03-16
8667,2978,COURSE108,Midterm,97.0,2021-11-19
8668,2562,COURSE86,Final Exam,82.0,2022-02-17
8669,2626,COURSE86,Midterm,57.0,2021-10-23
8670,1093,COURSE92,Quiz,80.0,2024-09-23
8671,2162,COURSE133,Midterm,98.0,2022-02-01
8672,1302,COURSE130,Final Exam,85.0,2022-11-23
8673,1197,COURSE97,Midterm,62.0,2023-01-06
8674,1718,COURSE62,Midterm,70.0,2022-09-17
8675,1955,COURSE88,Midterm,75.0,2022-03-15
8676,2139,COURSE69,Quiz,80.0,2020-01-21
8677,1209,COURSE105,Midterm,79.0,2021-01-27
8678,2842,COURSE148,Midterm,67.0,2020-05-16
8679,2899,COURSE140,Quiz,93.0,2024-07-21
8680,1637,COURSE142,Quiz,82.0,2024-12-03
8681,1539,COURSE150,Final Exam,80.0,2023-02-28
8682,2075,COURSE69,Quiz,57.0,2020-10-27
8683,2736,COURSE134,Quiz,86.0,2020-10-17
8684,1005,COURSE147,Assignment,73.0,2023-07-21
8685,1368,COURSE130,Assignment,62.0,2024-01-17
8686,2438,COURSE130,Quiz,72.0,2020-12-06
8687,1647,COURSE73,Midterm,78.0,2022-04-14
8688,2341,COURSE68,Assignment,72.0,2020-10-25
8689,2394,COURSE82,Quiz,100.0,2020-04-08
8690,1760,COURSE63,Final Exam,100.0,2021-01-20
8691,1318,COURSE103,Final Exam,86.0,2020-08-16
8692,2301,COURSE117,Final Exam,88.0,2021-04-14
8693,1379,COURSE126,Assignment,71.0,2024-01-14
8694,2361,COURSE64,Assignment,77.0,2022-07-06
8695,1406,COURSE125,Quiz,82.0,2020-08-22
8696,2726,COURSE89,Midterm,87.0,2023-03-11
8697,1527,COURSE89,Midterm,90.0,2022-02-23
8698,2799,COURSE56,Midterm,72.0,2022-10-12
8699,2398,COURSE127,Assignment,84.0,2023-08-14
8700,2824,COURSE70,Assignment,56.0,2020-08-22
8701,1012,COURSE52,Quiz,69.0,2021-02-05
8702,1162,COURSE125,Quiz,67.0,2021-11-10
8703,1374,COURSE72,Final Exam,98.0,2023-02-12
8704,2021,COURSE130,Quiz,79.0,2020-07-27
8705,2178,COURSE150,Quiz,81.0,2020-12-15
8706,1292,COURSE106,Assignment,69.0,2024-07-29
8707,1824,COURSE63,Midterm,83.0,2020-09-29
8708,1897,COURSE53,Midterm,79.0,2023-03-17
8709,1261,COURSE70,Quiz,77.0,2024-02-20
8710,1875,COURSE54,Quiz,78.0,2023-05-24
8711,2062,COURSE55,Final Exam,81.0,2021-04-30
8712,1675,COURSE117,Assignment,100.0,2023-08-03
8713,2038,COURSE136,Assignment,71.0,2023-01-18
8714,2836,COURSE68,Assignment,90.0,2024-08-19
8715,1206,COURSE117,Assignment,69.0,2020-06-04
8716,1897,COURSE63,Quiz,43.0,2024-03-15
8717,2719,COURSE101,Final Exam,62.0,2022-01-20
8718,1410,COURSE134,Final Exam,85.0,2020-05-28
8719,2000,COURSE72,Final Exam,100.0,2024-07-13
8720,1064,COURSE135,Assignment,75.0,2020-11-13
8721,1377,COURSE74,Quiz,70.0,2023-02-12
8722,1486,COURSE124,Final Exam,82.0,2021-09-14
8723,2908,COURSE120,Assignment,68.0,2024-01-04
8724,2815,COURSE126,Final Exam,76.0,2020-07-03
8725,2156,COURSE141,Assignment,75.0,2022-07-02
8726,2618,COURSE54,Final Exam,60.0,2023-04-19
8727,2281,COURSE68,Midterm,82.0,2023-03-04
8728,1901,COURSE149,Midterm,73.0,2021-09-15
8729,2903,COURSE78,Quiz,100.0,2023-07-02
8730,2071,COURSE93,Final Exam,77.0,2023-10-29
8731,1871,COURSE130,Quiz,98.0,2022-08-14
8732,2424,COURSE119,Quiz,79.0,2020-02-01
8733,1434,COURSE117,Final Exam,83.0,2024-03-18
8734,2108,COURSE63,Midterm,65.0,2022-09-25
8735,2393,COURSE63,Quiz,75.0,2021-11-01
8736,1287,COURSE95,Quiz,80.0,2020-11-28
8737,1264,COURSE80,Quiz,96.0,2021-10-18
8738,1420,COURSE57,Midterm,72.0,2024-07-23
8739,2245,COURSE77,Final Exam,49.0,2024-11-29
8740,2664,COURSE95,Assignment,80.0,2021-09-26
8741,1649,COURSE77,Final Exam,60.0,2023-12-23
8742,1734,COURSE57,Quiz,70.0,2024-02-15
8743,1080,COURSE106,Assignment,75.0,2024-07-15
8744,1131,COURSE63,Assignment,73.0,2024-09-26
8745,1286,COURSE128,Final Exam,77.0,2024-09-25
8746,2050,COURSE122,Midterm,73.0,2024-03-07
8747,2629,COURSE66,Quiz,76.0,2021-09-17
8748,2252,COURSE78,Assignment,95.0,2020-01-06
8749,2257,COURSE131,Final Exam,50.0,2022-11-19
8750,2091,COURSE147,Assignment,77.0,2020-12-01
8751,1184,COURSE70,Assignment,91.0,2020-09-10
8752,2730,COURSE116,Quiz,97.0,2021-01-30
8753,1151,COURSE80,Midterm,44.0,2023-07-06
8754,1520,COURSE64,Assignment,91.0,2024-09-20
8755,1981,COURSE143,Assignment,93.0,2020-06-06
8756,2130,COURSE96,Assignment,80.0,2024-07-21
8757,1631,COURSE68,Midterm,73.0,2022-10-19
8758,1136,COURSE87,Quiz,97.0,2022-03-18
8759,2645,COURSE143,Midterm,70.0,2023-09-29
8760,2243,COURSE130,Assignment,73.0,2024-05-13
8761,1920,COURSE116,Quiz,83.0,2021-01-30
8762,2619,COURSE117,Quiz,67.0,2024-07-13
8763,2855,COURSE99,Midterm,74.0,2020-05-25
8764,2227,COURSE78,Final Exam,89.0,2021-03-28
8765,2032,COURSE102,Midterm,74.0,2021-11-10
8766,1389,COURSE67,Assignment,72.0,2024-01-23
8767,2617,COURSE95,Assignment,83.0,2020-02-17
8768,2594,COURSE114,Quiz,75.0,2020-02-16
8769,2625,COURSE129,Quiz,61.0,2020-08-19
8770,2803,COURSE132,Final Exam,72.0,2022-06-14
8771,2185,COURSE118,Quiz,76.0,2020-05-27
8772,1532,COURSE128,Assignment,88.0,2023-12-13
8773,1211,COURSE85,Assignment,63.0,2021-09-21
8774,2355,COURSE135,Quiz,86.0,2022-08-23
8775,1962,COURSE53,Quiz,66.0,2020-02-14
8776,2040,COURSE126,Quiz,84.0,2022-12-27
8777,1525,COURSE71,Assignment,76.0,2024-02-12
8778,2383,COURSE76,Final Exam,74.0,2024-06-18
8779,1697,COURSE108,Midterm,74.0,2020-12-23
8780,2341,COURSE97,Final Exam,72.0,2022-02-16
8781,1781,COURSE95,Quiz,82.0,2024-05-13
8782,1086,COURSE146,Quiz,73.0,2024-01-08
8783,2639,COURSE146,Quiz,89.0,2020-06-17
8784,2589,COURSE92,Midterm,82.0,2024-02-26
8785,2122,COURSE148,Midterm,59.0,2022-01-26
8786,1933,COURSE150,Assignment,93.0,2022-12-06
8787,2509,COURSE73,Assignment,79.0,2024-07-03
8788,1218,COURSE108,Midterm,70.0,2022-12-18
8789,1076,COURSE122,Final Exam,81.0,2022-05-16
8790,1477,COURSE74,Midterm,80.0,2020-04-23
8791,1003,COURSE90,Quiz,79.0,2023-01-04
8792,1185,COURSE77,Final Exam,100.0,2022-03-18
8793,1062,COURSE102,Quiz,92.0,2024-12-21
8794,2940,COURSE119,Quiz,82.0,2022-06-19
8795,2440,COURSE56,Assignment,73.0,2020-02-02
8796,2985,COURSE114,Midterm,100.0,2024-11-01
8797,2182,COURSE121,Assignment,64.0,2023-09-11
8798,2860,COURSE69,Quiz,78.0,2020-04-17
8799,2303,COURSE76,Quiz,96.0,2021-05-22
8800,2023,COURSE58,Quiz,100.0,2024-11-20
8801,2376,COURSE111,Assignment,85.0,2023-09-21
8802,1853,COURSE54,Final Exam,92.0,2023-09-21
8803,1214,COURSE67,Assignment,95.0,2022-01-01
8804,1647,COURSE122,Final Exam,58.0,2024-06-13
8805,1254,COURSE53,Assignment,79.0,2023-07-17
8806,2248,COURSE78,Midterm,94.0,2021-11-05
8807,2224,COURSE131,Assignment,75.0,2021-08-21
8808,2325,COURSE136,Assignment,76.0,2021-05-30
8809,1769,COURSE95,Final Exam,100.0,2022-11-10
8810,2076,COURSE141,Quiz,94.0,2021-11-04
8811,1098,COURSE104,Quiz,66.0,2021-09-28
8812,2416,COURSE71,Quiz,84.0,2023-05-05
8813,1022,COURSE104,Quiz,89.0,2024-03-16
8814,2920,COURSE83,Midterm,78.0,2021-03-11
8815,1941,COURSE108,Final Exam,64.0,2024-02-29
8816,1448,COURSE141,Assignment,80.0,2020-02-12
8817,2023,COURSE113,Quiz,83.0,2020-07-31
8818,1676,COURSE149,Midterm,84.0,2022-07-10
8819,1450,COURSE133,Assignment,64.0,2020-01-28
8820,1244,COURSE59,Quiz,64.0,2022-10-09
8821,1563,COURSE139,Quiz,70.0,2020-01-27
8822,2398,COURSE128,Final Exam,74.0,2024-02-05
8823,2269,COURSE87,Quiz,91.0,2021-02-20
8824,2710,COURSE112,Final Exam,81.0,2024-08-15
8825,1318,COURSE93,Assignment,74.0,2024-09-29
8826,2681,COURSE117,Midterm,83.0,2023-02-09
8827,2321,COURSE122,Quiz,77.0,2024-02-16
8828,1385,COURSE78,Final Exam,83.0,2022-09-09
8829,1308,COURSE94,Assignment,68.0,2020-03-27
8830,2820,COURSE116,Quiz,89.0,2020-09-16
8831,1321,COURSE98,Final Exam,64.0,2021-09-06
8832,2603,COURSE105,Final Exam,81.0,2021-10-14
8833,1386,COURSE128,Assignment,73.0,2024-09-06
8834,1933,COURSE108,Final Exam,92.0,2021-01-05
8835,2494,COURSE88,Quiz,100.0,2024-03-01
8836,1419,COURSE111,Assignment,92.0,2024-10-15
8837,2498,COURSE61,Midterm,70.0,2022-10-16
8838,1693,COURSE53,Final Exam,95.0,2022-11-17
8839,1012,COURSE59,Midterm,77.0,2022-02-01
8840,1095,COURSE111,Assignment,58.0,2021-08-25
8841,1024,COURSE68,Final Exam,100.0,2022-03-31
8842,2340,COURSE72,Midterm,92.0,2021-10-19
8843,1053,COURSE146,Assignment,72.0,2024-09-06
8844,2950,COURSE101,Quiz,72.0,2022-02-01
8845,2474,COURSE81,Quiz,89.0,2023-10-13
8846,2843,COURSE71,Assignment,84.0,2024-10-29
8847,2848,COURSE81,Assignment,63.0,2023-10-30
8848,1707,COURSE60,Assignment,81.0,2022-01-28
8849,1818,COURSE99,Midterm,79.0,2022-12-01
8850,2511,COURSE133,Final Exam,75.0,2023-03-24
8851,1247,COURSE118,Assignment,85.0,2023-04-21
8852,2245,COURSE55,Final Exam,83.0,2023-06-21
8853,2386,COURSE115,Assignment,91.0,2021-10-02
8854,2614,COURSE94,Assignment,78.0,2024-11-26
8855,1772,COURSE61,Assignment,53.0,2022-03-22
8856,2507,COURSE83,Quiz,55.0,2023-11-24
8857,2179,COURSE147,Final Exam,76.0,2024-06-21
8858,1180,COURSE123,Midterm,88.0,2023-08-01
8859,2893,COURSE65,Assignment,67.0,2023-12-01
8860,1560,COURSE100,Midterm,84.0,2022-11-03
8861,1317,COURSE87,Final Exam,84.0,2023-10-23
8862,1082,COURSE94,Final Exam,80.0,2024-08-07
8863,1267,COURSE112,Assignment,87.0,2020-09-18
8864,1980,COURSE135,Assignment,79.0,2022-05-04
8865,1712,COURSE90,Assignment,58.0,2023-11-25
8866,1313,COURSE148,Quiz,58.0,2021-06-11
8867,2739,COURSE110,Quiz,59.0,2023-08-24
8868,2824,COURSE56,Midterm,75.0,2023-03-19
8869,1589,COURSE117,Midterm,84.0,2024-06-01
8870,2502,COURSE134,Final Exam,84.0,2022-07-07
8871,2389,COURSE141,Assignment,72.0,2024-02-02
8872,2613,COURSE87,Final Exam,73.0,2023-04-22
8873,2114,COURSE124,Quiz,64.0,2024-09-28
8874,1061,COURSE118,Midterm,77.0,2024-09-22
8875,2243,COURSE87,Final Exam,79.0,2022-12-21
8876,1716,COURSE68,Quiz,68.0,2024-06-04
8877,2692,COURSE94,Assignment,100.0,2020-07-25
8878,2675,COURSE69,Midterm,72.0,2020-11-04
8879,2276,COURSE105,Final Exam,74.0,2020-03-21
8880,1826,COURSE106,Midterm,69.0,2023-04-25
8881,1546,COURSE77,Quiz,71.0,2020-07-15
8882,1401,COURSE68,Quiz,61.0,2022-06-26
8883,2606,COURSE53,Quiz,91.0,2023-03-27
8884,2803,COURSE109,Assignment,76.0,2022-08-06
8885,2627,COURSE61,Final Exam,78.0,2023-08-27
8886,2450,COURSE121,Final Exam,78.0,2021-07-12
8887,2334,COURSE137,Final Exam,66.0,2024-07-18
8888,2295,COURSE95,Midterm,71.0,2023-07-06
8889,2866,COURSE118,Quiz,70.0,2024-07-19
8890,1079,COURSE115,Final Exam,76.0,2024-10-20
8891,1347,COURSE132,Assignment,73.0,2021-09-15
8892,1419,COURSE126,Quiz,75.0,2022-05-28
8893,1697,COURSE65,Assignment,87.0,2021-03-13
8894,1560,COURSE87,Midterm,92.0,2020-08-15
8895,1328,COURSE91,Final Exam,82.0,2024-07-18
8896,1062,COURSE79,Assignment,54.0,2023-09-13
8897,1723,COURSE138,Assignment,73.0,2023-11-16
8898,2615,COURSE100,Final Exam,90.0,2020-12-21
8899,2174,COURSE96,Quiz,56.0,2024-03-10
8900,2026,COURSE111,Midterm,100.0,2020-01-06
8901,2090,COURSE55,Final Exam,98.0,2023-08-27
8902,2802,COURSE131,Quiz,58.0,2020-10-14
8903,2932,COURSE76,Assignment,67.0,2023-08-02
8904,2618,COURSE124,Final Exam,87.0,2021-10-21
8905,1727,COURSE132,Quiz,62.0,2021-02-21
8906,2491,COURSE137,Final Exam,90.0,2023-06-16
8907,1096,COURSE108,Quiz,69.0,2021-09-20
8908,1396,COURSE58,Final Exam,74.0,2020-06-26
8909,1875,COURSE129,Midterm,80.0,2021-12-16
8910,2432,COURSE122,Assignment,84.0,2020-03-19
8911,1139,COURSE149,Assignment,80.0,2022-09-09
8912,1110,COURSE63,Final Exam,74.0,2020-05-19
8913,2895,COURSE126,Assignment,79.0,2023-11-16
8914,2830,COURSE112,Quiz,66.0,2023-02-28
8915,1899,COURSE85,Final Exam,61.0,2024-04-28
8916,2861,COURSE149,Final Exam,96.0,2023-06-23
8917,1571,COURSE75,Assignment,80.0,2023-09-14
8918,1364,COURSE133,Midterm,72.0,2022-01-29
8919,2954,COURSE76,Midterm,72.0,2020-04-11
8920,2575,COURSE83,Assignment,71.0,2021-11-06
8921,1456,COURSE102,Quiz,69.0,2023-11-01
8922,2966,COURSE51,Assignment,87.0,2021-07-16
8923,2251,COURSE113,Midterm,77.0,2021-11-01
8924,1354,COURSE66,Assignment,67.0,2023-10-15
8925,1682,COURSE92,Midterm,69.0,2020-10-26
8926,1965,COURSE141,Assignment,75.0,2023-12-20
8927,2651,COURSE122,Assignment,70.0,2020-08-09
8928,1628,COURSE108,Assignment,91.0,2023-10-13
8929,1036,COURSE115,Final Exam,73.0,2021-12-14
8930,2936,COURSE98,Midterm,57.0,2023-02-27
8931,1658,COURSE94,Midterm,85.0,2023-12-12
8932,1675,COURSE58,Quiz,68.0,2023-02-07
8933,1118,COURSE102,Quiz,69.0,2021-10-12
8934,1245,COURSE97,Quiz,78.0,2024-01-13
8935,2425,COURSE98,Midterm,96.0,2021-11-07
8936,2339,COURSE126,Assignment,92.0,2024-06-23
8937,2795,COURSE136,Final Exam,89.0,2024-03-23
8938,1666,COURSE53,Final Exam,60.0,2024-07-14
8939,2036,COURSE83,Quiz,81.0,2022-08-24
8940,1863,COURSE101,Final Exam,89.0,2023-11-22
8941,2632,COURSE123,Final Exam,85.0,2024-02-07
8942,1267,COURSE144,Final Exam,89.0,2020-06-26
8943,2764,COURSE127,Quiz,67.0,2023-05-12
8944,2880,COURSE52,Assignment,68.0,2023-03-17
8945,2867,COURSE80,Midterm,79.0,2023-09-07
8946,2486,COURSE59,Assignment,87.0,2023-07-01
8947,1277,COURSE116,Final Exam,94.0,2021-11-07
8948,2648,COURSE94,Final Exam,59.0,2024-04-26
8949,2525,COURSE55,Midterm,55.0,2024-09-15
8950,1748,COURSE123,Midterm,66.0,2020-01-12
8951,2945,COURSE115,Midterm,91.0,2023-06-02
8952,2526,COURSE125,Final Exam,89.0,2023-09-19
8953,1451,COURSE117,Midterm,81.0,2022-04-09
8954,1984,COURSE149,Final Exam,58.0,2021-03-11
8955,1333,COURSE72,Quiz,86.0,2023-10-22
8956,2340,COURSE60,Final Exam,86.0,2021-01-09
8957,1210,COURSE113,Quiz,59.0,2020-06-13
8958,2033,COURSE131,Assignment,63.0,2024-04-10
8959,2801,COURSE72,Midterm,71.0,2023-07-02
8960,1954,COURSE135,Quiz,62.0,2023-06-04
8961,1845,COURSE99,Quiz,74.0,2022-09-21
8962,2779,COURSE85,Midterm,74.0,2020-05-23
8963,1487,COURSE132,Midterm,92.0,2020-09-18
8964,2684,COURSE59,Quiz,90.0,2024-11-01
8965,1037,COURSE119,Final Exam,68.0,2023-07-05
8966,2295,COURSE70,Quiz,86.0,2023-02-11
8967,1523,COURSE150,Assignment,94.0,2020-09-09
8968,2135,COURSE109,Midterm,82.0,2023-09-11
8969,1253,COURSE116,Assignment,69.0,2024-10-03
8970,2517,COURSE130,Quiz,75.0,2020-07-18
8971,1354,COURSE54,Midterm,69.0,2024-02-11
8972,2275,COURSE90,Assignment,83.0,2023-01-01
8973,2892,COURSE106,Final Exam,80.0,2023-01-06
8974,1511,COURSE150,Quiz,77.0,2021-12-22
8975,2392,COURSE146,Quiz,79.0,2022-09-21
8976,2239,COURSE141,Final Exam,82.0,2022-07-03
8977,1876,COURSE52,Final Exam,85.0,2021-01-16
8978,2535,COURSE147,Quiz,85.0,2024-03-11
8979,2052,COURSE134,Quiz,95.0,2021-07-10
8980,2470,COURSE85,Quiz,76.0,2020-07-14
8981,1162,COURSE142,Midterm,80.0,2022-01-21
8982,1669,COURSE78,Quiz,58.0,2020-08-25
8983,2314,COURSE65,Quiz,73.0,2023-06-06
8984,1975,COURSE103,Final Exam,72.0,2020-02-14
8985,2949,COURSE76,Assignment,89.0,2024-09-19
8986,1924,COURSE96,Quiz,61.0,2024-09-03
8987,1039,COURSE70,Assignment,97.0,2023-09-28
8988,1096,COURSE77,Quiz,66.0,2020-07-06
8989,2349,COURSE88,Assignment,84.0,2023-10-24
8990,1637,COURSE95,Quiz,95.0,2023-10-03
8991,2000,COURSE127,Final Exam,80.0,2023-08-12
8992,1004,COURSE80,Final Exam,77.0,2023-04-25
8993,1179,COURSE119,Quiz,91.0,2023-03-30
8994,1075,COURSE61,Quiz,83.0,2023-07-12
8995,1773,COURSE70,Assignment,71.0,2022-04-18
8996,1524,COURSE112,Midterm,86.0,2021-08-06
8997,2395,COURSE136,Final Exam,76.0,2022-05-01
8998,2337,COURSE54,Midterm,81.0,2024-02-04
8999,1729,COURSE88,Assignment,83.0,2021-11-14
9000,2264,COURSE91,Assignment,65.0,2021-05-04
9001,1328,COURSE104,Midterm,88.0,2023-11-29
9002,1224,COURSE79,Quiz,74.0,2022-11-17
9003,2582,COURSE84,Midterm,86.0,2020-05-12
9004,2029,COURSE58,Final Exam,68.0,2020-11-09
9005,2990,COURSE112,Final Exam,91.0,2024-06-01
9006,2246,COURSE90,Midterm,69.0,2021-11-02
9007,2967,COURSE134,Final Exam,85.0,2020-03-04
9008,2390,COURSE54,Quiz,67.0,2023-02-18
9009,1071,COURSE51,Final Exam,89.0,2024-10-03
9010,2353,COURSE57,Midterm,68.0,2023-12-23
9011,2027,COURSE93,Final Exam,79.0,2022-12-20
9012,2031,COURSE123,Final Exam,67.0,2021-04-27
9013,1990,COURSE97,Final Exam,65.0,2024-06-13
9014,2441,COURSE110,Midterm,68.0,2024-04-27
9015,2672,COURSE97,Assignment,74.0,2022-03-27
9016,2491,COURSE146,Quiz,84.0,2022-08-06
9017,2964,COURSE58,Quiz,77.0,2020-01-03
9018,2588,COURSE52,Final Exam,72.0,2020-10-15
9019,2714,COURSE94,Final Exam,61.0,2022-05-19
9020,2558,COURSE70,Assignment,60.0,2020-08-27
9021,2035,COURSE92,Final Exam,78.0,2022-10-24
9022,1111,COURSE120,Final Exam,100.0,2023-05-09
9023,2002,COURSE100,Final Exam,76.0,2022-09-18
9024,2991,COURSE94,Midterm,77.0,2022-01-27
9025,1487,COURSE98,Final Exam,95.0,2024-07-29
9026,1074,COURSE68,Assignment,78.0,2024-01-10
9027,2190,COURSE115,Assignment,86.0,2023-08-28
9028,2822,COURSE63,Midterm,100.0,2024-08-21
9029,2835,COURSE77,Assignment,67.0,2024-02-10
9030,2499,COURSE56,Midterm,67.0,2020-09-15
9031,1310,COURSE91,Midterm,81.0,2022-08-28
9032,1540,COURSE64,Quiz,81.0,2021-05-22
9033,2615,COURSE59,Quiz,98.0,2022-04-21
9034,2237,COURSE63,Assignment,76.0,2021-12-15
9035,2118,COURSE79,Quiz,69.0,2020-08-03
9036,1481,COURSE128,Assignment,65.0,2024-01-29
9037,1189,COURSE121,Quiz,96.0,2022-06-06
9038,2402,COURSE136,Final Exam,81.0,2021-10-14
9039,1232,COURSE99,Final Exam,76.0,2024-01-27
9040,2699,COURSE130,Final Exam,77.0,2021-05-12
9041,2065,COURSE139,Assignment,70.0,2024-07-04
9042,2459,COURSE62,Final Exam,54.0,2021-10-27
9043,2304,COURSE112,Assignment,81.0,2023-10-21
9044,1783,COURSE75,Midterm,93.0,2020-05-30
9045,1598,COURSE76,Assignment,85.0,2020-04-01
9046,1523,COURSE69,Assignment,100.0,2023-02-19
9047,2273,COURSE55,Quiz,78.0,2022-09-17
9048,2222,COURSE62,Final Exam,90.0,2021-01-10
9049,1621,COURSE148,Quiz,85.0,2023-02-26
9050,1533,COURSE53,Midterm,70.0,2021-02-04
9051,2914,COURSE106,Midterm,86.0,2020-08-30
9052,2180,COURSE143,Midterm,76.0,2023-03-22
9053,2578,COURSE88,Assignment,100.0,2022-11-15
9054,1791,COURSE117,Final Exam,69.0,2022-04-27
9055,1653,COURSE134,Quiz,73.0,2024-02-17
9056,1326,COURSE120,Final Exam,79.0,2024-03-20
9057,2189,COURSE74,Midterm,51.0,2023-08-27
9058,1701,COURSE97,Assignment,95.0,2021-10-06
9059,1959,COURSE126,Final Exam,61.0,2023-10-10
9060,1029,COURSE141,Quiz,79.0,2021-11-17
9061,1286,COURSE81,Midterm,100.0,2023-04-09
9062,1914,COURSE113,Midterm,80.0,2024-04-05
9063,2430,COURSE94,Midterm,81.0,2022-11-29
9064,2874,COURSE114,Final Exam,83.0,2022-06-23
9065,2973,COURSE84,Assignment,87.0,2023-03-21
9066,1938,COURSE132,Quiz,90.0,2022-02-10
9067,1883,COURSE142,Quiz,82.0,2020-10-23
9068,1652,COURSE79,Assignment,74.0,2020-06-23
9069,1890,COURSE133,Assignment,66.0,2022-05-11
9070,1283,COURSE56,Final Exam,64.0,2024-08-13
9071,1978,COURSE61,Final Exam,61.0,2020-02-23
9072,1907,COURSE150,Quiz,71.0,2020-09-12
9073,1420,COURSE120,Quiz,63.0,2020-07-05
9074,1719,COURSE120,Midterm,68.0,2020-05-23
9075,2406,COURSE51,Assignment,74.0,2021-08-14
9076,1858,COURSE119,Final Exam,69.0,2022-01-18
9077,1763,COURSE59,Quiz,78.0,2022-07-08
9078,2245,COURSE97,Assignment,81.0,2024-12-02
9079,1375,COURSE89,Midterm,88.0,2023-12-15
9080,1917,COURSE111,Assignment,73.0,2022-07-28
9081,1310,COURSE53,Final Exam,85.0,2021-03-07
9082,2836,COURSE125,Quiz,66.0,2020-11-27
9083,2856,COURSE101,Assignment,77.0,2024-07-11
9084,2409,COURSE95,Midterm,64.0,2020-10-19
9085,2453,COURSE141,Midterm,63.0,2020-05-15
9086,1023,COURSE51,Assignment,88.0,2023-07-08
9087,1966,COURSE97,Assignment,100.0,2022-02-18
9088,2517,COURSE135,Assignment,78.0,2023-12-19
9089,2361,COURSE112,Midterm,87.0,2024-08-26
9090,1656,COURSE146,Midterm,86.0,2024-12-15
9091,1726,COURSE150,Quiz,83.0,2020-02-04
9092,1194,COURSE104,Midterm,85.0,2021-02-25
9093,1105,COURSE59,Quiz,74.0,2023-07-07
9094,2341,COURSE57,Assignment,73.0,2021-08-20
9095,1344,COURSE53,Assignment,91.0,2021-07-30
9096,2441,COURSE66,Midterm,80.0,2023-05-17
9097,1876,COURSE61,Midterm,99.0,2023-07-11
9098,2505,COURSE150,Quiz,73.0,2020-12-16
9099,1505,COURSE55,Assignment,76.0,2021-11-20
9100,1051,COURSE75,Final Exam,65.0,2021-11-26
9101,1032,COURSE148,Midterm,62.0,2023-07-16
9102,2745,COURSE102,Final Exam,92.0,2020-11-05
9103,1843,COURSE115,Assignment,82.0,2024-11-29
9104,1278,COURSE84,Final Exam,94.0,2023-05-18
9105,1167,COURSE107,Quiz,69.0,2024-05-21
9106,1259,COURSE146,Quiz,73.0,2024-08-01
9107,2138,COURSE133,Midterm,72.0,2022-02-04
9108,2153,COURSE70,Midterm,89.0,2023-06-20
9109,1495,COURSE96,Final Exam,76.0,2024-06-04
9110,1249,COURSE130,Assignment,75.0,2024-03-26
9111,1716,COURSE136,Midterm,68.0,2023-06-05
9112,2871,COURSE62,Midterm,81.0,2020-09-02
9113,2927,COURSE77,Midterm,86.0,2022-02-25
9114,2858,COURSE85,Assignment,82.0,2023-10-01
9115,2216,COURSE63,Quiz,94.0,2023-12-03
9116,1299,COURSE92,Assignment,72.0,2023-12-23
9117,2145,COURSE107,Final Exam,65.0,2020-10-16
9118,1184,COURSE84,Quiz,84.0,2021-03-02
9119,1839,COURSE108,Midterm,80.0,2020-05-16
9120,2144,COURSE127,Midterm,82.0,2024-03-08
9121,1173,COURSE85,Quiz,77.0,2022-07-12
9122,2154,COURSE106,Midterm,70.0,2024-01-26
9123,2365,COURSE130,Quiz,75.0,2022-07-20
9124,1506,COURSE94,Assignment,70.0,2020-02-05
9125,1385,COURSE97,Quiz,76.0,2024-11-02
9126,2654,COURSE137,Midterm,50.0,2024-01-06
9127,1722,COURSE94,Assignment,95.0,2024-03-06
9128,2133,COURSE60,Quiz,83.0,2020-12-14
9129,1761,COURSE70,Quiz,79.0,2023-02-28
9130,1557,COURSE62,Midterm,82.0,2024-10-24
9131,2921,COURSE88,Midterm,84.0,2020-11-13
9132,2029,COURSE127,Assignment,85.0,2022-11-11
9133,1387,COURSE105,Final Exam,70.0,2023-12-08
9134,1121,COURSE147,Final Exam,83.0,2021-09-23
9135,1342,COURSE131,Final Exam,79.0,2022-12-05
9136,1277,COURSE65,Assignment,85.0,2020-08-24
9137,1097,COURSE103,Assignment,80.0,2021-06-25
9138,2316,COURSE71,Quiz,75.0,2024-06-01
9139,1140,COURSE125,Quiz,81.0,2024-07-01
9140,1860,COURSE69,Quiz,79.0,2022-09-14
9141,1906,COURSE83,Final Exam,74.0,2020-09-28
9142,1674,COURSE64,Quiz,81.0,2023-11-10
9143,2212,COURSE118,Quiz,71.0,2023-06-20
9144,2423,COURSE126,Final Exam,89.0,2020-08-02
9145,1188,COURSE76,Midterm,84.0,2021-09-09
9146,2322,COURSE69,Midterm,61.0,2023-09-29
9147,1572,COURSE87,Midterm,69.0,2022-06-29
9148,1682,COURSE128,Midterm,85.0,2020-05-13
9149,1062,COURSE144,Final Exam,69.0,2023-01-04
9150,2279,COURSE105,Quiz,84.0,2023-07-26
9151,1922,COURSE134,Quiz,100.0,2024-02-02
9152,1869,COURSE65,Assignment,67.0,2024-12-10
9153,2382,COURSE90,Assignment,83.0,2022-09-26
9154,1507,COURSE136,Assignment,64.0,2023-01-25
9155,2132,COURSE94,Quiz,95.0,2023-11-11
9156,2061,COURSE90,Final Exam,69.0,2021-10-09
9157,2300,COURSE61,Final Exam,88.0,2023-09-29
9158,2928,COURSE54,Final Exam,76.0,2023-06-20
9159,2524,COURSE119,Final Exam,95.0,2020-09-21
9160,1178,COURSE128,Final Exam,93.0,2024-05-28
9161,2103,COURSE99,Assignment,96.0,2020-04-03
9162,2281,COURSE97,Midterm,77.0,2023-07-06
9163,1998,COURSE144,Midterm,100.0,2020-06-25
9164,1991,COURSE91,Final Exam,80.0,2020-02-16
9165,2573,COURSE124,Assignment,68.0,2023-06-19
9166,1572,COURSE88,Final Exam,82.0,2020-12-17
9167,1714,COURSE129,Final Exam,62.0,2021-07-13
9168,2851,COURSE117,Final Exam,74.0,2022-11-09
9169,1975,COURSE102,Final Exam,93.0,2023-07-23
9170,1691,COURSE150,Final Exam,78.0,2020-01-25
9171,1317,COURSE146,Quiz,59.0,2020-12-15
9172,1035,COURSE136,Midterm,77.0,2022-09-23
9173,2793,COURSE122,Final Exam,79.0,2024-02-11
9174,2946,COURSE96,Quiz,78.0,2022-07-21
9175,1384,COURSE128,Midterm,75.0,2024-04-16
9176,2182,COURSE64,Quiz,77.0,2022-01-28
9177,1617,COURSE76,Assignment,82.0,2020-03-21
9178,1121,COURSE84,Midterm,79.0,2023-01-01
9179,1296,COURSE80,Midterm,65.0,2023-11-01
9180,2560,COURSE51,Quiz,100.0,2024-04-13
9181,1794,COURSE106,Quiz,77.0,2020-04-23
9182,2983,COURSE118,Midterm,63.0,2024-07-07
9183,1293,COURSE76,Quiz,71.0,2020-10-20
9184,2577,COURSE81,Quiz,97.0,2022-11-28
9185,1956,COURSE149,Final Exam,69.0,2022-05-12
9186,2355,COURSE56,Quiz,97.0,2020-09-28
9187,1300,COURSE116,Assignment,82.0,2024-12-27
9188,1090,COURSE65,Quiz,66.0,2021-02-23
9189,2538,COURSE130,Assignment,96.0,2020-08-31
9190,1660,COURSE89,Assignment,82.0,2023-09-01
9191,1455,COURSE62,Final Exam,92.0,2021-02-06
9192,2710,COURSE56,Midterm,63.0,2021-05-03
9193,2301,COURSE97,Assignment,62.0,2022-06-27
9194,2138,COURSE113,Assignment,70.0,2022-04-14
9195,2146,COURSE110,Assignment,88.0,2021-06-02
9196,2035,COURSE52,Assignment,81.0,2024-04-18
9197,2120,COURSE69,Assignment,60.0,2021-05-28
9198,2225,COURSE79,Quiz,91.0,2022-04-24
9199,2368,COURSE134,Midterm,84.0,2023-04-16
9200,1798,COURSE108,Quiz,88.0,2022-08-06
9201,2547,COURSE117,Assignment,69.0,2022-09-18
9202,1109,COURSE122,Quiz,100.0,2020-10-09
9203,1448,COURSE113,Quiz,73.0,2021-12-03
9204,2131,COURSE73,Final Exam,85.0,2024-12-03
9205,2433,COURSE74,Quiz,72.0,2024-06-25
9206,2063,COURSE87,Final Exam,63.0,2020-08-28
9207,1058,COURSE61,Midterm,87.0,2023-12-27
9208,2361,COURSE131,Midterm,80.0,2024-03-15
9209,2296,COURSE131,Quiz,97.0,2023-11-06
9210,2143,COURSE107,Midterm,77.0,2023-12-07
9211,1776,COURSE143,Final Exam,72.0,2021-08-16
9212,2866,COURSE148,Quiz,74.0,2022-03-30
9213,2608,COURSE76,Midterm,67.0,2023-10-31
9214,2144,COURSE52,Midterm,100.0,2021-07-12
9215,1568,COURSE124,Quiz,68.0,2024-10-06
9216,2166,COURSE79,Assignment,63.0,2021-08-06
9217,1313,COURSE117,Assignment,84.0,2023-06-13
9218,1883,COURSE75,Final Exam,89.0,2023-08-05
9219,2796,COURSE116,Quiz,70.0,2023-03-29
9220,1335,COURSE53,Assignment,69.0,2020-11-17
9221,1641,COURSE66,Final Exam,94.0,2023-10-09
9222,2847,COURSE80,Assignment,88.0,2023-07-01
9223,1913,COURSE58,Midterm,98.0,2024-09-17
9224,1009,COURSE140,Final Exam,73.0,2020-08-21
9225,1641,COURSE72,Midterm,98.0,2023-07-27
9226,2845,COURSE142,Final Exam,71.0,2023-11-20
9227,1601,COURSE114,Midterm,80.0,2023-09-04
9228,1820,COURSE55,Midterm,79.0,2020-11-27
9229,1504,COURSE147,Quiz,79.0,2024-09-03
9230,2870,COURSE114,Quiz,81.0,2023-07-11
9231,2144,COURSE63,Assignment,74.0,2023-03-06
9232,1445,COURSE131,Midterm,80.0,2022-01-10
9233,1776,COURSE113,Assignment,93.0,2024-12-01
9234,1302,COURSE51,Quiz,84.0,2023-07-12
9235,2682,COURSE107,Final Exam,77.0,2023-01-09
9236,1736,COURSE111,Midterm,78.0,2023-12-13
9237,2029,COURSE57,Final Exam,60.0,2021-06-22
9238,2834,COURSE142,Midterm,59.0,2021-11-09
9239,2049,COURSE54,Assignment,65.0,2024-05-30
9240,2525,COURSE116,Quiz,81.0,2021-03-02
9241,2411,COURSE106,Quiz,69.0,2022-12-16
9242,1586,COURSE101,Midterm,80.0,2022-01-29
9243,1501,COURSE97,Quiz,79.0,2022-10-05
9244,1019,COURSE82,Midterm,71.0,2022-05-09
9245,1142,COURSE146,Quiz,76.0,2020-07-25
9246,2335,COURSE103,Quiz,77.0,2022-08-05
9247,2439,COURSE116,Assignment,100.0,2021-09-11
9248,2115,COURSE68,Final Exam,96.0,2024-12-10
9249,2106,COURSE116,Final Exam,75.0,2022-05-19
9250,2504,COURSE140,Midterm,58.0,2023-01-08
9251,2815,COURSE149,Midterm,83.0,2021-09-05
9252,2165,COURSE99,Assignment,100.0,2022-09-14
9253,1765,COURSE101,Quiz,79.0,2021-10-22
9254,2174,COURSE125,Quiz,96.0,2021-03-17
9255,1522,COURSE61,Final Exam,59.0,2021-05-20
9256,1808,COURSE95,Assignment,75.0,2021-01-27
9257,2023,COURSE82,Assignment,69.0,2024-08-29
9258,1194,COURSE127,Quiz,79.0,2023-05-22
9259,2751,COURSE123,Final Exam,89.0,2021-08-09
9260,2981,COURSE107,Midterm,100.0,2023-12-05
9261,2126,COURSE62,Final Exam,88.0,2024-09-30
9262,1573,COURSE135,Assignment,94.0,2024-07-19
9263,2317,COURSE128,Midterm,83.0,2024-02-10
9264,2398,COURSE130,Midterm,84.0,2020-06-27
9265,1787,COURSE119,Final Exam,69.0,2021-07-21
9266,1010,COURSE130,Final Exam,77.0,2021-03-11
9267,1268,COURSE76,Final Exam,72.0,2020-09-08
9268,1962,COURSE56,Quiz,72.0,2023-11-20
9269,1899,COURSE69,Midterm,92.0,2023-07-23
9270,1344,COURSE103,Quiz,90.0,2021-11-01
9271,2432,COURSE74,Assignment,72.0,2022-10-25
9272,1909,COURSE68,Assignment,78.0,2024-09-27
9273,1407,COURSE114,Quiz,74.0,2022-03-27
9274,1754,COURSE64,Quiz,92.0,2022-04-07
9275,2004,COURSE115,Midterm,73.0,2021-10-21
9276,2534,COURSE81,Assignment,68.0,2024-03-26
9277,2176,COURSE147,Assignment,67.0,2021-07-09
9278,1126,COURSE60,Final Exam,91.0,2023-08-29
9279,2503,COURSE141,Midterm,100.0,2024-09-02
9280,1064,COURSE147,Quiz,66.0,2022-05-09
9281,2596,COURSE53,Quiz,78.0,2023-01-02
9282,1419,COURSE85,Assignment,88.0,2024-04-24
9283,1947,COURSE107,Final Exam,82.0,2020-12-20
9284,1304,COURSE97,Midterm,53.0,2021-06-03
9285,1772,COURSE74,Quiz,77.0,2023-01-29
9286,2972,COURSE86,Final Exam,98.0,2023-03-31
9287,2828,COURSE113,Quiz,65.0,2020-11-07
9288,1293,COURSE92,Quiz,100.0,2021-01-14
9289,1430,COURSE56,Assignment,66.0,2021-07-27
9290,2179,COURSE91,Assignment,85.0,2020-06-19
9291,1773,COURSE105,Final Exam,70.0,2023-01-23
9292,1574,COURSE130,Final Exam,100.0,2022-01-18
9293,1732,COURSE141,Final Exam,92.0,2022-10-15
9294,2541,COURSE91,Assignment,79.0,2020-01-16
9295,1506,COURSE92,Quiz,78.0,2022-11-01
9296,2137,COURSE63,Final Exam,78.0,2022-11-23
9297,1260,COURSE131,Final Exam,81.0,2021-10-02
9298,1080,COURSE109,Final Exam,59.0,2024-02-17
9299,2867,COURSE70,Quiz,58.0,2021-10-10
9300,1540,COURSE51,Midterm,84.0,2020-02-23
9301,1728,COURSE92,Assignment,69.0,2023-10-03
9302,1469,COURSE125,Assignment,71.0,2020-11-06
9303,1439,COURSE125,Final Exam,79.0,2024-10-30
9304,2399,COURSE124,Midterm,94.0,2024-10-16
9305,1254,COURSE123,Midterm,84.0,2021-02-27
9306,2091,COURSE84,Final Exam,73.0,2023-11-14
9307,2943,COURSE101,Quiz,57.0,2024-02-08
9308,1344,COURSE115,Final Exam,94.0,2024-09-27
9309,1289,COURSE146,Final Exam,76.0,2022-11-21
9310,2426,COURSE99,Final Exam,78.0,2024-11-02
9311,2937,COURSE76,Quiz,76.0,2023-11-16
9312,2190,COURSE98,Assignment,90.0,2021-01-15
9313,2073,COURSE81,Assignment,100.0,2020-02-08
9314,2971,COURSE123,Quiz,78.0,2024-07-28
9315,2654,COURSE57,Midterm,95.0,2021-06-05
9316,1191,COURSE96,Quiz,74.0,2022-08-28
9317,2477,COURSE146,Quiz,84.0,2023-07-18
9318,1742,COURSE110,Assignment,86.0,2020-05-05
9319,2539,COURSE129,Midterm,92.0,2024-05-22
9320,2961,COURSE73,Final Exam,80.0,2021-04-18
9321,1415,COURSE64,Midterm,69.0,2023-10-10
9322,1644,COURSE107,Final Exam,81.0,2020-02-14
9323,1452,COURSE75,Assignment,94.0,2022-04-02
9324,2015,COURSE119,Final Exam,86.0,2020-05-19
9325,2279,COURSE146,Midterm,81.0,2024-03-12
9326,2803,COURSE75,Midterm,74.0,2020-02-04
9327,2918,COURSE134,Assignment,71.0,2024-06-21
9328,1820,COURSE82,Assignment,65.0,2024-06-30
9329,2516,COURSE123,Quiz,93.0,2023-09-06
9330,1463,COURSE108,Midterm,79.0,2020-11-19
9331,2489,COURSE102,Final Exam,96.0,2020-02-25
9332,1510,COURSE142,Quiz,54.0,2021-06-17
9333,1513,COURSE99,Final Exam,62.0,2020-10-27
9334,1922,COURSE137,Final Exam,79.0,2021-03-11
9335,1233,COURSE98,Quiz,84.0,2023-04-21
9336,1318,COURSE103,Midterm,85.0,2024-06-06
9337,1822,COURSE119,Midterm,69.0,2020-06-09
9338,1495,COURSE92,Final Exam,77.0,2020-04-27
9339,2252,COURSE87,Midterm,81.0,2024-11-17
9340,2945,COURSE149,Final Exam,67.0,2021-08-03
9341,2292,COURSE84,Final Exam,98.0,2021-10-14
9342,2290,COURSE117,Midterm,81.0,2020-03-28
9343,2390,COURSE80,Midterm,81.0,2022-07-25
9344,2701,COURSE70,Quiz,93.0,2020-10-25
9345,2628,COURSE89,Final Exam,78.0,2020-08-16
9346,1487,COURSE124,Final Exam,70.0,2020-08-05
9347,1360,COURSE61,Assignment,81.0,2023-10-13
9348,1167,COURSE94,Quiz,74.0,2021-03-02
9349,2623,COURSE123,Final Exam,70.0,2023-09-18
9350,1156,COURSE69,Midterm,87.0,2022-01-10
9351,1434,COURSE93,Assignment,57.0,2021-11-21
9352,2383,COURSE58,Final Exam,100.0,2022-12-29
9353,2795,COURSE60,Final Exam,71.0,2021-08-18
9354,1614,COURSE93,Final Exam,94.0,2020-12-03
9355,1343,COURSE120,Final Exam,86.0,2021-12-20
9356,1075,COURSE76,Quiz,86.0,2020-01-20
9357,1244,COURSE103,Quiz,95.0,2020-02-28
9358,1653,COURSE72,Assignment,82.0,2022-04-23
9359,1120,COURSE97,Assignment,74.0,2023-05-07
9360,1398,COURSE58,Quiz,88.0,2020-08-29
9361,1330,COURSE116,Final Exam,68.0,2021-09-15
9362,2792,COURSE139,Assignment,82.0,2021-01-01
9363,2860,COURSE150,Quiz,100.0,2024-05-23
9364,1910,COURSE137,Final Exam,78.0,2020-08-18
9365,2691,COURSE52,Final Exam,89.0,2023-03-02
9366,2163,COURSE114,Assignment,75.0,2023-06-18
9367,1356,COURSE140,Final Exam,57.0,2020-04-10
9368,1739,COURSE65,Midterm,62.0,2022-09-25
9369,1613,COURSE92,Assignment,76.0,2023-09-28
9370,1131,COURSE142,Midterm,89.0,2024-01-23
9371,2165,COURSE98,Final Exam,60.0,2021-07-27
9372,2139,COURSE76,Midterm,91.0,2020-03-23
9373,1855,COURSE127,Quiz,100.0,2024-01-14
9374,2074,COURSE150,Midterm,63.0,2021-09-20
9375,2835,COURSE74,Final Exam,72.0,2023-07-24
9376,2788,COURSE97,Quiz,90.0,2024-01-04
9377,1587,COURSE131,Assignment,79.0,2024-01-07
9378,1530,COURSE134,Final Exam,78.0,2023-03-26
9379,1283,COURSE98,Assignment,87.0,2023-04-21
9380,2583,COURSE105,Assignment,83.0,2024-09-04
9381,2687,COURSE59,Assignment,97.0,2020-02-05
9382,1734,COURSE82,Assignment,82.0,2020-05-30
9383,1369,COURSE121,Assignment,72.0,2022-10-15
9384,2345,COURSE95,Final Exam,83.0,2022-06-08
9385,1687,COURSE92,Midterm,72.0,2024-09-13
9386,1409,COURSE129,Final Exam,77.0,2023-04-01
9387,1956,COURSE102,Quiz,65.0,2023-05-26
9388,2287,COURSE114,Quiz,63.0,2020-12-25
9389,2984,COURSE70,Assignment,82.0,2023-08-26
9390,1286,COURSE127,Midterm,77.0,2023-05-05
9391,2271,COURSE99,Quiz,70.0,2022-05-02
9392,1399,COURSE93,Midterm,74.0,2021-11-06
9393,2113,COURSE98,Quiz,74.0,2024-10-04
9394,1719,COURSE78,Assignment,91.0,2023-08-18
9395,1370,COURSE55,Quiz,89.0,2023-02-22
9396,2305,COURSE113,Midterm,77.0,2023-01-11
9397,2813,COURSE99,Assignment,66.0,2021-08-03
9398,1206,COURSE98,Final Exam,55.0,2023-09-26
9399,2964,COURSE91,Final Exam,86.0,2023-05-12
9400,2530,COURSE140,Midterm,78.0,2023-03-20
9401,1524,COURSE127,Quiz,96.0,2021-09-21
9402,2917,COURSE57,Final Exam,81.0,2020-05-09
9403,2257,COURSE95,Assignment,89.0,2024-01-15
9404,1760,COURSE119,Assignment,52.0,2023-04-04
9405,2319,COURSE97,Final Exam,82.0,2021-11-26
9406,1610,COURSE76,Quiz,61.0,2024-04-22
9407,1275,COURSE52,Final Exam,76.0,2021-06-15
9408,1314,COURSE110,Quiz,78.0,2021-04-24
9409,2015,COURSE61,Midterm,87.0,2023-08-21
9410,1971,COURSE101,Final Exam,79.0,2021-08-23
9411,1633,COURSE65,Midterm,86.0,2020-01-21
9412,1932,COURSE138,Final Exam,85.0,2024-11-28
9413,2008,COURSE97,Quiz,67.0,2020-11-30
9414,1096,COURSE60,Quiz,86.0,2024-08-13
9415,2972,COURSE107,Quiz,93.0,2020-09-22
9416,2485,COURSE93,Midterm,79.0,2021-05-11
9417,2111,COURSE137,Assignment,86.0,2022-06-24
9418,1500,COURSE73,Midterm,65.0,2022-10-10
9419,2072,COURSE143,Final Exam,64.0,2022-01-01
9420,1230,COURSE97,Final Exam,80.0,2022-02-07
9421,2463,COURSE108,Quiz,89.0,2021-02-13
9422,1965,COURSE107,Midterm,81.0,2023-04-11
9423,2674,COURSE148,Quiz,75.0,2022-06-15
9424,2126,COURSE80,Midterm,72.0,2020-02-15
9425,2673,COURSE107,Quiz,78.0,2023-05-31
9426,1319,COURSE138,Assignment,100.0,2022-09-18
9427,2850,COURSE70,Midterm,82.0,2021-01-27
9428,1971,COURSE56,Assignment,67.0,2024-03-28
9429,2056,COURSE55,Assignment,64.0,2022-06-09
9430,2581,COURSE70,Quiz,80.0,2023-06-20
9431,1757,COURSE76,Final Exam,86.0,2020-10-31
9432,2921,COURSE89,Final Exam,71.0,2021-02-15
9433,2953,COURSE110,Final Exam,69.0,2021-03-22
9434,2905,COURSE134,Assignment,73.0,2021-09-01
9435,1369,COURSE97,Final Exam,67.0,2021-10-02
9436,2747,COURSE66,Assignment,81.0,2021-03-06
9437,1613,COURSE130,Final Exam,78.0,2021-12-25
9438,2938,COURSE61,Quiz,82.0,2021-01-11
9439,2463,COURSE120,Final Exam,75.0,2021-09-09
9440,1429,COURSE146,Assignment,81.0,2021-09-09
9441,1100,COURSE138,Quiz,61.0,2022-06-12
9442,1506,COURSE131,Quiz,81.0,2022-02-08
9443,2799,COURSE59,Quiz,80.0,2022-01-22
9444,1823,COURSE140,Quiz,98.0,2023-04-01
9445,2028,COURSE55,Final Exam,76.0,2024-07-29
9446,2993,COURSE146,Quiz,71.0,2022-04-12
9447,1676,COURSE124,Assignment,60.0,2021-06-06
9448,1469,COURSE114,Final Exam,95.0,2023-11-16
9449,1839,COURSE69,Quiz,71.0,2021-04-06
9450,2821,COURSE93,Assignment,72.0,2021-08-13
9451,1749,COURSE145,Midterm,78.0,2024-10-14
9452,1111,COURSE112,Quiz,77.0,2023-03-17
9453,1646,COURSE124,Midterm,76.0,2021-07-27
9454,2986,COURSE81,Quiz,93.0,2021-07-27
9455,1628,COURSE118,Final Exam,70.0,2020-08-16
9456,2571,COURSE116,Final Exam,87.0,2022-02-06
9457,1083,COURSE51,Final Exam,77.0,2022-05-06
9458,2933,COURSE117,Quiz,92.0,2024-07-26
9459,2185,COURSE58,Assignment,83.0,2023-04-27
9460,1673,COURSE73,Assignment,79.0,2021-08-24
9461,1486,COURSE88,Assignment,79.0,2023-11-13
9462,1589,COURSE130,Assignment,67.0,2023-07-28
9463,1308,COURSE101,Assignment,86.0,2024-06-10
9464,2612,COURSE100,Assignment,94.0,2023-08-04
9465,2178,COURSE127,Assignment,55.0,2023-12-15
9466,2397,COURSE70,Quiz,81.0,2024-10-09
9467,2837,COURSE126,Final Exam,95.0,2023-07-01
9468,1695,COURSE147,Assignment,64.0,2023-09-11
9469,1632,COURSE139,Quiz,83.0,2022-08-24
9470,2856,COURSE138,Quiz,85.0,2021-10-12
9471,2429,COURSE145,Assignment,94.0,2023-02-26
9472,2451,COURSE93,Quiz,67.0,2023-01-15
9473,2438,COURSE71,Midterm,79.0,2024-04-12
9474,1674,COURSE113,Final Exam,93.0,2024-11-01
9475,1937,COURSE123,Final Exam,83.0,2020-02-11
9476,1233,COURSE101,Assignment,74.0,2021-07-13
9477,1385,COURSE119,Assignment,80.0,2023-06-30
9478,1212,COURSE74,Midterm,85.0,2022-08-25
9479,1588,COURSE99,Quiz,60.0,2021-11-15
9480,1964,COURSE64,Midterm,98.0,2023-04-17
9481,1732,COURSE80,Quiz,67.0,2024-01-13
9482,1753,COURSE56,Quiz,93.0,2021-06-09
9483,1018,COURSE81,Assignment,79.0,2023-05-20
9484,1393,COURSE137,Final Exam,79.0,2024-02-24
9485,2650,COURSE91,Quiz,100.0,2023-02-15
9486,2895,COURSE63,Quiz,67.0,2024-12-23
9487,1726,COURSE53,Midterm,64.0,2024-05-20
9488,2597,COURSE137,Midterm,67.0,2022-01-22
9489,1822,COURSE146,Quiz,82.0,2023-06-17
9490,1463,COURSE85,Quiz,100.0,2022-10-25
9491,1264,COURSE87,Final Exam,91.0,2021-09-11
9492,2173,COURSE76,Quiz,82.0,2020-08-31
9493,2818,COURSE91,Quiz,92.0,2023-04-05
9494,2222,COURSE145,Assignment,69.0,2023-07-03
9495,1620,COURSE139,Midterm,84.0,2024-08-27
9496,1398,COURSE74,Final Exam,77.0,2022-06-22
9497,1727,COURSE75,Quiz,77.0,2024-06-07
9498,2705,COURSE138,Assignment,83.0,2022-08-18
9499,2929,COURSE82,Assignment,51.0,2024-05-02
9500,2236,COURSE127,Midterm,68.0,2023-02-25
9501,1365,COURSE139,Midterm,77.0,2020-10-14
9502,2011,COURSE115,Quiz,100.0,2021-04-24
9503,2018,COURSE131,Assignment,100.0,2021-07-09
9504,2099,COURSE84,Midterm,69.0,2022-11-07
9505,2065,COURSE114,Midterm,81.0,2024-07-19
9506,1467,COURSE68,Assignment,76.0,2020-04-13
9507,1457,COURSE120,Final Exam,67.0,2022-02-24
9508,1027,COURSE120,Assignment,92.0,2022-08-25
9509,2281,COURSE112,Midterm,77.0,2023-02-03
9510,2679,COURSE121,Final Exam,88.0,2022-04-05
9511,2003,COURSE66,Assignment,92.0,2022-07-03
9512,1439,COURSE55,Quiz,85.0,2020-10-17
9513,2843,COURSE100,Assignment,89.0,2024-07-17
9514,2962,COURSE141,Midterm,81.0,2023-03-21
9515,1086,COURSE89,Assignment,80.0,2023-06-04
9516,2377,COURSE105,Final Exam,81.0,2021-12-04
9517,2909,COURSE93,Assignment,96.0,2024-05-07
9518,1391,COURSE120,Final Exam,80.0,2022-11-03
9519,2260,COURSE117,Assignment,70.0,2022-07-16
9520,2251,COURSE147,Final Exam,65.0,2022-11-14
9521,1364,COURSE133,Quiz,98.0,2024-05-03
9522,1601,COURSE133,Midterm,82.0,2022-07-21
9523,1710,COURSE91,Quiz,70.0,2022-10-21
9524,1199,COURSE129,Midterm,65.0,2023-09-01
9525,2097,COURSE123,Final Exam,78.0,2020-11-11
9526,2755,COURSE96,Final Exam,62.0,2022-06-23
9527,2684,COURSE132,Quiz,96.0,2023-07-25
9528,2633,COURSE144,Final Exam,83.0,2022-05-05
9529,2730,COURSE134,Midterm,81.0,2023-03-22
9530,1446,COURSE149,Midterm,85.0,2024-07-27
9531,2858,COURSE140,Quiz,68.0,2022-05-18
9532,1866,COURSE118,Assignment,84.0,2021-04-27
9533,1837,COURSE116,Quiz,93.0,2021-01-14
9534,2444,COURSE143,Assignment,65.0,2021-03-12
9535,1121,COURSE69,Quiz,83.0,2020-03-22
9536,2952,COURSE103,Quiz,60.0,2022-05-06
9537,2050,COURSE118,Midterm,92.0,2021-11-01
9538,2014,COURSE118,Quiz,81.0,2023-05-29
9539,1500,COURSE122,Midterm,59.0,2024-04-03
9540,1095,COURSE96,Final Exam,84.0,2023-08-06
9541,2574,COURSE108,Midterm,81.0,2024-09-14
9542,2040,COURSE129,Assignment,82.0,2020-03-14
9543,2659,COURSE110,Final Exam,84.0,2021-10-21
9544,2628,COURSE57,Quiz,99.0,2024-03-14
9545,2649,COURSE148,Final Exam,74.0,2020-03-14
9546,1154,COURSE128,Midterm,76.0,2020-07-03
9547,2857,COURSE111,Midterm,74.0,2023-11-22
9548,2678,COURSE123,Final Exam,80.0,2022-03-20
9549,1177,COURSE64,Quiz,72.0,2023-04-13
9550,2631,COURSE147,Quiz,84.0,2024-09-10
9551,1631,COURSE102,Midterm,59.0,2022-06-13
9552,1815,COURSE114,Quiz,71.0,2022-01-09
9553,1971,COURSE119,Midterm,53.0,2020-10-24
9554,2309,COURSE56,Final Exam,71.0,2023-08-02
9555,2261,COURSE126,Midterm,81.0,2023-01-22
9556,2050,COURSE108,Quiz,68.0,2024-09-27
9557,2586,COURSE104,Final Exam,74.0,2020-01-30
9558,2032,COURSE150,Assignment,88.0,2023-09-09
9559,1930,COURSE103,Quiz,77.0,2023-08-22
9560,1508,COURSE62,Midterm,81.0,2020-01-30
9561,2241,COURSE80,Quiz,89.0,2022-09-19
9562,2729,COURSE60,Final Exam,86.0,2023-05-12
9563,1255,COURSE115,Quiz,73.0,2021-09-30
9564,1412,COURSE113,Midterm,84.0,2021-09-01
9565,2664,COURSE100,Quiz,99.0,2022-07-31
9566,2297,COURSE91,Quiz,72.0,2020-08-11
9567,1164,COURSE72,Quiz,68.0,2022-02-27
9568,1380,COURSE97,Midterm,82.0,2023-08-08
9569,2627,COURSE114,Quiz,86.0,2022-04-28
9570,2923,COURSE58,Assignment,64.0,2020-11-16
9571,1004,COURSE77,Assignment,65.0,2021-03-20
9572,2350,COURSE87,Final Exam,85.0,2023-03-23
9573,2881,COURSE69,Quiz,71.0,2024-10-06
9574,2366,COURSE60,Assignment,100.0,2023-08-31
9575,2062,COURSE137,Assignment,100.0,2024-01-25
9576,1058,COURSE60,Quiz,96.0,2023-05-10
9577,2930,COURSE131,Final Exam,88.0,2024-10-08
9578,1956,COURSE115,Quiz,61.0,2022-04-21
9579,1918,COURSE126,Quiz,75.0,2024-10-01
9580,1216,COURSE74,Assignment,94.0,2020-03-20
9581,1830,COURSE91,Midterm,70.0,2022-06-04
9582,1720,COURSE57,Assignment,93.0,2023-11-12
9583,2750,COURSE87,Quiz,97.0,2021-07-19
9584,1087,COURSE67,Midterm,98.0,2024-10-27
9585,2450,COURSE61,Midterm,65.0,2021-05-01
9586,1171,COURSE148,Final Exam,63.0,2020-03-23
9587,1013,COURSE90,Midterm,73.0,2023-01-24
9588,2822,COURSE110,Quiz,88.0,2020-07-14
9589,1869,COURSE81,Assignment,66.0,2022-06-26
9590,1682,COURSE130,Final Exam,63.0,2024-11-22
9591,2742,COURSE90,Midterm,82.0,2022-07-19
9592,1158,COURSE63,Quiz,75.0,2021-09-20
9593,2953,COURSE81,Quiz,89.0,2020-11-16
9594,2161,COURSE74,Quiz,72.0,2023-04-13
9595,1146,COURSE75,Quiz,59.0,2023-07-12
9596,1619,COURSE66,Assignment,74.0,2024-01-21
9597,1422,COURSE132,Assignment,59.0,2023-11-27
9598,1358,COURSE98,Assignment,79.0,2024-07-25
9599,1254,COURSE96,Midterm,78.0,2022-03-05
9600,2573,COURSE82,Final Exam,95.0,2020-10-13
9601,1868,COURSE115,Assignment,54.0,2022-02-15
9602,1821,COURSE80,Quiz,83.0,2022-04-18
9603,2497,COURSE133,Quiz,88.0,2023-11-13
9604,1554,COURSE110,Quiz,61.0,2021-09-17
9605,1764,COURSE97,Midterm,64.0,2023-02-02
9606,2376,COURSE135,Final Exam,76.0,2022-07-22
9607,1870,COURSE92,Quiz,86.0,2024-09-25
9608,2877,COURSE74,Assignment,64.0,2021-12-30
9609,1825,COURSE144,Final Exam,55.0,2024-09-16
9610,1268,COURSE139,Assignment,78.0,2020-07-03
9611,1193,COURSE90,Midterm,94.0,2024-10-07
9612,1456,COURSE145,Assignment,74.0,2023-07-21
9613,1407,COURSE59,Midterm,91.0,2024-09-04
9614,1091,COURSE126,Assignment,89.0,2020-11-06
9615,2326,COURSE82,Midterm,76.0,2024-12-10
9616,1329,COURSE66,Assignment,77.0,2020-11-20
9617,1407,COURSE111,Assignment,74.0,2024-02-21
9618,2053,COURSE75,Assignment,58.0,2024-03-06
9619,2491,COURSE140,Midterm,92.0,2021-09-03
9620,2206,COURSE106,Midterm,59.0,2023-11-26
9621,1696,COURSE143,Quiz,73.0,2021-05-23
9622,1801,COURSE140,Assignment,66.0,2022-05-18
9623,2335,COURSE125,Assignment,83.0,2020-08-24
9624,1268,COURSE53,Assignment,86.0,2022-04-29
9625,2094,COURSE83,Midterm,73.0,2021-05-21
9626,2529,COURSE60,Assignment,81.0,2024-04-18
9627,1805,COURSE92,Quiz,57.0,2023-09-20
9628,1894,COURSE81,Midterm,91.0,2022-02-17
9629,1454,COURSE66,Midterm,90.0,2023-04-30
9630,1778,COURSE79,Midterm,79.0,2021-05-23
9631,1865,COURSE97,Midterm,95.0,2023-09-09
9632,2619,COURSE73,Midterm,80.0,2023-04-02
9633,2202,COURSE80,Assignment,92.0,2024-12-25
9634,2502,COURSE150,Midterm,71.0,2020-01-14
9635,1468,COURSE147,Quiz,57.0,2022-08-12
9636,1335,COURSE118,Midterm,68.0,2022-05-07
9637,1234,COURSE72,Midterm,88.0,2021-03-19
9638,1165,COURSE130,Final Exam,82.0,2023-05-02
9639,1094,COURSE76,Assignment,62.0,2020-01-20
9640,2658,COURSE106,Quiz,73.0,2021-02-27
9641,1002,COURSE122,Final Exam,91.0,2022-02-21
9642,2592,COURSE86,Midterm,78.0,2020-10-15
9643,1636,COURSE134,Assignment,80.0,2021-11-01
9644,2070,COURSE103,Midterm,77.0,2021-05-29
9645,1776,COURSE118,Final Exam,69.0,2020-06-01
9646,2985,COURSE134,Quiz,93.0,2024-12-20
9647,2616,COURSE51,Assignment,90.0,2023-10-28
9648,2529,COURSE66,Quiz,71.0,2022-03-31
9649,1293,COURSE80,Assignment,86.0,2024-06-08
9650,2379,COURSE122,Midterm,66.0,2022-05-01
9651,2347,COURSE136,Midterm,76.0,2021-08-09
9652,2037,COURSE108,Midterm,67.0,2022-11-22
9653,2477,COURSE63,Assignment,66.0,2022-05-01
9654,1592,COURSE71,Final Exam,81.0,2020-07-16
9655,1703,COURSE52,Final Exam,100.0,2020-08-05
9656,2794,COURSE131,Midterm,87.0,2023-01-31
9657,1546,COURSE139,Assignment,81.0,2023-07-02
9658,2743,COURSE74,Midterm,65.0,2024-11-10
9659,1105,COURSE68,Quiz,100.0,2022-08-26
9660,1031,COURSE133,Quiz,76.0,2024-10-29
9661,2310,COURSE68,Assignment,72.0,2022-09-16
9662,1151,COURSE140,Quiz,77.0,2023-05-17
9663,2560,COURSE131,Midterm,89.0,2020-11-14
9664,2679,COURSE114,Assignment,100.0,2023-07-08
9665,2230,COURSE133,Final Exam,95.0,2023-10-16
9666,1163,COURSE63,Midterm,94.0,2023-01-07
9667,2171,COURSE127,Quiz,84.0,2024-05-10
9668,2571,COURSE72,Midterm,77.0,2022-08-02
9669,1380,COURSE144,Midterm,79.0,2023-07-01
9670,2464,COURSE116,Final Exam,100.0,2024-09-01
9671,1019,COURSE100,Quiz,89.0,2023-05-15
9672,1235,COURSE127,Assignment,76.0,2023-01-24
9673,2465,COURSE76,Quiz,72.0,2020-02-02
9674,1498,COURSE127,Midterm,78.0,2020-05-20
9675,2383,COURSE141,Quiz,61.0,2023-07-04
9676,2917,COURSE76,Midterm,80.0,2023-08-16
9677,1684,COURSE142,Final Exam,94.0,2021-05-16
9678,2419,COURSE82,Assignment,83.0,2022-07-13
9679,2796,COURSE69,Assignment,72.0,2024-10-01
9680,1781,COURSE88,Quiz,93.0,2020-07-17
9681,1377,COURSE98,Quiz,79.0,2022-11-16
9682,1458,COURSE51,Quiz,91.0,2022-03-07
9683,2384,COURSE131,Assignment,74.0,2024-09-26
9684,2956,COURSE59,Quiz,65.0,2024-11-15
9685,2434,COURSE100,Assignment,77.0,2024-08-02
9686,1465,COURSE73,Quiz,77.0,2022-09-13
9687,1817,COURSE120,Assignment,78.0,2020-08-15
9688,2421,COURSE63,Assignment,90.0,2021-07-08
9689,2185,COURSE72,Midterm,80.0,2021-10-15
9690,1927,COURSE92,Assignment,53.0,2024-08-26
9691,1047,COURSE124,Quiz,82.0,2020-01-20
9692,1002,COURSE95,Assignment,90.0,2024-03-20
9693,2142,COURSE103,Quiz,82.0,2021-10-04
9694,1934,COURSE147,Final Exam,93.0,2022-08-18
9695,2775,COURSE104,Quiz,78.0,2020-04-27
9696,1629,COURSE89,Final Exam,83.0,2020-11-11
9697,1789,COURSE106,Quiz,87.0,2024-07-13
9698,2115,COURSE119,Final Exam,80.0,2022-11-28
9699,2539,COURSE99,Midterm,95.0,2024-03-26
9700,1679,COURSE64,Assignment,40.0,2020-10-25
9701,1279,COURSE97,Quiz,81.0,2024-09-01
9702,1374,COURSE72,Quiz,80.0,2020-09-18
9703,1568,COURSE121,Midterm,82.0,2021-10-28
9704,1394,COURSE109,Quiz,81.0,2020-07-03
9705,1719,COURSE124,Quiz,76.0,2020-04-01
9706,1453,COURSE69,Assignment,73.0,2022-09-20
9707,2620,COURSE68,Quiz,88.0,2022-06-25
9708,1259,COURSE111,Midterm,83.0,2023-01-18
9709,1897,COURSE98,Assignment,72.0,2024-02-27
9710,2939,COURSE74,Midterm,88.0,2023-09-03
9711,2594,COURSE136,Midterm,79.0,2024-09-23
9712,1687,COURSE62,Quiz,67.0,2022-07-14
9713,1085,COURSE129,Assignment,95.0,2021-10-08
9714,2345,COURSE131,Final Exam,86.0,2024-04-17
9715,1282,COURSE113,Assignment,83.0,2020-05-29
9716,1930,COURSE119,Midterm,77.0,2020-07-20
9717,2957,COURSE100,Quiz,85.0,2021-05-28
9718,2431,COURSE82,Midterm,69.0,2024-09-09
9719,2873,COURSE108,Final Exam,85.0,2024-07-14
9720,2089,COURSE100,Midterm,78.0,2022-10-17
9721,2049,COURSE58,Assignment,94.0,2024-02-01
9722,2431,COURSE51,Assignment,92.0,2022-04-27
9723,2868,COURSE136,Midterm,72.0,2020-12-05
9724,2904,COURSE142,Midterm,86.0,2024-01-20
9725,1816,COURSE117,Final Exam,65.0,2020-08-28
9726,2178,COURSE104,Assignment,82.0,2023-07-02
9727,1969,COURSE67,Midterm,82.0,2024-02-10
9728,2098,COURSE64,Midterm,80.0,2024-08-22
9729,1915,COURSE116,Final Exam,100.0,2024-04-22
9730,1472,COURSE84,Midterm,65.0,2023-02-02
9731,2439,COURSE134,Final Exam,80.0,2023-10-23
9732,1752,COURSE123,Assignment,77.0,2023-11-21
9733,2971,COURSE148,Midterm,91.0,2023-02-20
9734,2517,COURSE137,Final Exam,81.0,2022-05-21
9735,1883,COURSE89,Assignment,74.0,2022-04-14
9736,2710,COURSE95,Midterm,80.0,2020-03-16
9737,1242,COURSE90,Midterm,65.0,2020-12-04
9738,1479,COURSE125,Assignment,84.0,2021-10-04
9739,1135,COURSE148,Assignment,78.0,2020-06-23
9740,2808,COURSE107,Midterm,84.0,2021-02-04
9741,2514,COURSE61,Midterm,58.0,2022-09-21
9742,2048,COURSE58,Final Exam,64.0,2023-01-30
9743,1251,COURSE109,Quiz,72.0,2021-03-15
9744,1935,COURSE133,Assignment,99.0,2020-09-02
9745,2230,COURSE84,Quiz,78.0,2023-04-23
9746,2046,COURSE118,Midterm,82.0,2020-06-02
9747,1253,COURSE107,Midterm,67.0,2024-06-13
9748,2091,COURSE87,Midterm,95.0,2022-08-19
9749,2022,COURSE143,Quiz,82.0,2023-02-01
9750,1101,COURSE93,Quiz,72.0,2020-01-04
9751,1260,COURSE150,Final Exam,63.0,2024-05-16
9752,1163,COURSE148,Midterm,95.0,2022-09-23
9753,2083,COURSE90,Assignment,68.0,2020-08-19
9754,2241,COURSE74,Quiz,70.0,2023-07-30
9755,2512,COURSE79,Quiz,92.0,2023-01-24
9756,2457,COURSE80,Final Exam,78.0,2020-03-29
9757,2726,COURSE133,Assignment,87.0,2020-07-02
9758,1749,COURSE78,Quiz,91.0,2020-03-12
9759,1962,COURSE92,Midterm,53.0,2022-09-26
9760,1350,COURSE69,Final Exam,92.0,2020-10-19
9761,1915,COURSE92,Assignment,59.0,2022-07-15
9762,2655,COURSE78,Midterm,75.0,2020-09-01
9763,1332,COURSE51,Assignment,69.0,2023-09-22
9764,1193,COURSE89,Final Exam,86.0,2023-07-26
9765,1965,COURSE79,Midterm,95.0,2022-08-26
9766,1744,COURSE117,Midterm,87.0,2024-04-03
9767,1637,COURSE102,Quiz,82.0,2020-01-14
9768,1151,COURSE83,Final Exam,76.0,2021-10-01
9769,2530,COURSE130,Assignment,68.0,2023-10-17
9770,2033,COURSE94,Quiz,71.0,2020-05-06
9771,1989,COURSE59,Final Exam,79.0,2022-02-03
9772,1410,COURSE142,Midterm,80.0,2023-04-15
9773,1481,COURSE118,Assignment,76.0,2024-08-06
9774,1741,COURSE84,Midterm,78.0,2024-07-31
9775,2697,COURSE143,Midterm,80.0,2024-11-25
9776,2761,COURSE71,Midterm,83.0,2023-09-21
9777,2192,COURSE110,Final Exam,84.0,2023-10-09
9778,1301,COURSE132,Midterm,92.0,2022-09-22
9779,2233,COURSE116,Midterm,70.0,2022-01-05
9780,1700,COURSE140,Quiz,71.0,2024-04-26
9781,2100,COURSE127,Quiz,93.0,2022-07-17
9782,2102,COURSE100,Assignment,100.0,2024-07-29
9783,2247,COURSE71,Midterm,79.0,2020-05-08
9784,1518,COURSE141,Midterm,90.0,2022-09-15
9785,1135,COURSE128,Midterm,90.0,2024-01-01
9786,1190,COURSE123,Assignment,85.0,2020-11-10
9787,2017,COURSE103,Final Exam,69.0,2021-09-02
9788,2336,COURSE69,Final Exam,64.0,2022-03-15
9789,2438,COURSE106,Assignment,100.0,2020-06-18
9790,1665,COURSE126,Final Exam,83.0,2023-09-19
9791,1917,COURSE118,Final Exam,71.0,2022-03-08
9792,1729,COURSE119,Assignment,77.0,2024-06-27
9793,2670,COURSE52,Quiz,61.0,2021-03-08
9794,1909,COURSE132,Final Exam,98.0,2024-10-29
9795,1092,COURSE142,Final Exam,71.0,2024-03-31
9796,1930,COURSE130,Quiz,62.0,2024-05-16
9797,2495,COURSE89,Quiz,73.0,2023-07-20
9798,2852,COURSE94,Midterm,88.0,2024-09-05
9799,1698,COURSE82,Final Exam,68.0,2023-01-09
9800,2496,COURSE59,Quiz,100.0,2020-12-27
9801,1312,COURSE67,Quiz,87.0,2020-11-15
9802,1193,COURSE132,Quiz,70.0,2020-04-02
9803,1797,COURSE90,Midterm,63.0,2024-11-06
9804,2601,COURSE117,Final Exam,79.0,2024-10-05
9805,2177,COURSE149,Assignment,76.0,2022-07-28
9806,2713,COURSE77,Quiz,86.0,2022-12-20
9807,1787,COURSE101,Final Exam,82.0,2024-07-19
9808,1364,COURSE108,Final Exam,76.0,2022-09-30
9809,2814,COURSE101,Midterm,79.0,2021-12-06
9810,2054,COURSE143,Final Exam,100.0,2020-03-14
9811,1787,COURSE91,Midterm,81.0,2020-09-18
9812,2291,COURSE72,Assignment,84.0,2022-07-24
9813,2705,COURSE59,Quiz,80.0,2023-09-25
9814,1222,COURSE55,Quiz,56.0,2024-10-17
9815,1163,COURSE58,Midterm,79.0,2022-07-15
9816,1002,COURSE117,Midterm,94.0,2022-03-06
9817,2733,COURSE81,Midterm,77.0,2020-01-15
9818,2465,COURSE98,Quiz,84.0,2020-02-12
9819,1289,COURSE142,Midterm,67.0,2020-05-08
9820,2846,COURSE140,Midterm,85.0,2023-04-09
9821,1496,COURSE61,Final Exam,87.0,2023-09-29
9822,2299,COURSE130,Assignment,68.0,2021-03-14
9823,2474,COURSE94,Quiz,85.0,2021-07-14
9824,1478,COURSE93,Midterm,100.0,2023-11-01
9825,1805,COURSE52,Assignment,71.0,2023-05-01
9826,2973,COURSE66,Quiz,81.0,2024-06-18
9827,1910,COURSE137,Final Exam,70.0,2020-09-22
9828,1169,COURSE81,Quiz,69.0,2024-06-12
9829,2339,COURSE127,Quiz,74.0,2024-06-01
9830,2319,COURSE70,Midterm,80.0,2024-01-08
9831,2513,COURSE94,Quiz,89.0,2020-10-17
9832,1581,COURSE85,Midterm,71.0,2021-11-11
9833,2867,COURSE66,Midterm,74.0,2023-12-21
9834,1497,COURSE127,Midterm,76.0,2021-10-21
9835,1830,COURSE129,Assignment,83.0,2020-02-02
9836,1621,COURSE87,Assignment,73.0,2021-03-10
9837,1705,COURSE55,Final Exam,59.0,2020-06-14
9838,2613,COURSE135,Assignment,77.0,2023-11-27
9839,2500,COURSE131,Final Exam,57.0,2024-04-17
9840,2083,COURSE146,Final Exam,81.0,2023-07-02
9841,1402,COURSE53,Midterm,83.0,2024-06-27
9842,1147,COURSE140,Midterm,69.0,2022-05-20
9843,2137,COURSE62,Assignment,88.0,2020-07-16
9844,2040,COURSE116,Quiz,90.0,2021-09-19
9845,1107,COURSE148,Assignment,88.0,2023-09-17
9846,2706,COURSE115,Quiz,100.0,2023-06-25
9847,1708,COURSE146,Quiz,71.0,2021-01-19
9848,1731,COURSE121,Midterm,69.0,2021-07-22
9849,1838,COURSE104,Midterm,73.0,2020-01-21
9850,2105,COURSE115,Final Exam,80.0,2022-02-12
9851,2694,COURSE107,Midterm,64.0,2022-10-22
9852,1957,COURSE145,Assignment,75.0,2020-05-20
9853,2843,COURSE67,Quiz,78.0,2023-06-26
9854,2322,COURSE56,Assignment,84.0,2020-08-10
9855,2488,COURSE77,Quiz,70.0,2023-04-29
9856,1511,COURSE120,Midterm,80.0,2021-10-12
9857,1042,COURSE91,Midterm,100.0,2024-09-29
9858,2712,COURSE74,Quiz,52.0,2023-09-15
9859,1098,COURSE136,Quiz,61.0,2020-07-25
9860,2135,COURSE70,Midterm,69.0,2023-02-16
9861,2045,COURSE112,Quiz,98.0,2020-11-10
9862,1401,COURSE111,Quiz,67.0,2022-12-09
9863,1682,COURSE123,Midterm,64.0,2022-07-16
9864,2089,COURSE67,Assignment,65.0,2022-06-17
9865,2611,COURSE64,Final Exam,88.0,2023-04-12
9866,2165,COURSE77,Assignment,83.0,2021-10-09
9867,2466,COURSE88,Quiz,70.0,2023-09-22
9868,1556,COURSE114,Final Exam,64.0,2024-01-17
9869,2440,COURSE121,Quiz,100.0,2022-11-20
9870,2179,COURSE110,Final Exam,100.0,2020-01-21
9871,1850,COURSE132,Assignment,78.0,2022-11-11
9872,2129,COURSE72,Quiz,93.0,2021-01-19
9873,1204,COURSE74,Quiz,75.0,2020-08-06
9874,1821,COURSE82,Quiz,98.0,2021-03-16
9875,2182,COURSE136,Final Exam,61.0,2024-03-14
9876,2780,COURSE113,Final Exam,95.0,2021-06-13
9877,2714,COURSE71,Assignment,91.0,2022-08-03
9878,1787,COURSE57,Final Exam,66.0,2022-05-17
9879,2787,COURSE142,Final Exam,91.0,2023-12-27
9880,1817,COURSE106,Assignment,92.0,2024-09-05
9881,1619,COURSE81,Final Exam,66.0,2020-02-18
9882,1348,COURSE52,Assignment,89.0,2022-03-20
9883,2359,COURSE102,Assignment,90.0,2020-10-14
9884,2463,COURSE85,Midterm,84.0,2021-03-03
9885,1841,COURSE125,Midterm,86.0,2021-09-04
9886,1073,COURSE87,Quiz,69.0,2020-04-10
9887,1804,COURSE77,Assignment,66.0,2024-07-12
9888,1128,COURSE145,Final Exam,68.0,2024-09-22
9889,1509,COURSE134,Midterm,82.0,2023-05-11
9890,2545,COURSE63,Midterm,90.0,2020-01-28
9891,1483,COURSE57,Quiz,74.0,2020-09-05
9892,2340,COURSE75,Assignment,88.0,2023-04-06
9893,2319,COURSE126,Quiz,72.0,2023-01-05
9894,2544,COURSE135,Assignment,62.0,2023-06-14
9895,1995,COURSE123,Midterm,71.0,2022-06-19
9896,1376,COURSE61,Quiz,100.0,2021-08-05
9897,2121,COURSE104,Assignment,86.0,2023-01-17
9898,1175,COURSE67,Final Exam,82.0,2020-09-15
9899,2224,COURSE56,Midterm,86.0,2020-08-04
9900,2298,COURSE142,Final Exam,64.0,2023-11-15
9901,2779,COURSE67,Midterm,61.0,2022-03-17
9902,2346,COURSE139,Midterm,90.0,2022-06-27
9903,1173,COURSE78,Quiz,80.0,2021-01-01
9904,1948,COURSE75,Assignment,59.0,2022-01-21
9905,2347,COURSE60,Assignment,100.0,2022-07-15
9906,1878,COURSE144,Midterm,67.0,2024-09-16
9907,2194,COURSE92,Final Exam,65.0,2020-02-08
9908,2409,COURSE95,Final Exam,86.0,2024-03-01
9909,1504,COURSE110,Assignment,90.0,2024-04-16
9910,2609,COURSE78,Quiz,89.0,2022-10-20
9911,1246,COURSE102,Assignment,76.0,2024-09-14
9912,1967,COURSE91,Midterm,79.0,2023-11-04
9913,1030,COURSE70,Final Exam,55.0,2021-10-07
9914,1535,COURSE121,Assignment,75.0,2022-05-12
9915,2958,COURSE130,Quiz,70.0,2020-12-01
9916,2127,COURSE113,Final Exam,72.0,2022-07-21
9917,2226,COURSE104,Quiz,84.0,2022-11-07
9918,2346,COURSE83,Midterm,81.0,2022-02-01
9919,1694,COURSE68,Quiz,71.0,2023-08-21
9920,2705,COURSE129,Final Exam,91.0,2024-07-06
9921,1098,COURSE145,Midterm,86.0,2023-11-11
9922,1177,COURSE91,Assignment,70.0,2021-07-01
9923,2930,COURSE113,Final Exam,66.0,2024-09-26
9924,1615,COURSE128,Final Exam,70.0,2024-02-16
9925,1764,COURSE74,Midterm,69.0,2024-02-01
9926,2356,COURSE74,Assignment,88.0,2022-10-23
9927,1805,COURSE90,Final Exam,78.0,2023-01-15
9928,2794,COURSE92,Quiz,67.0,2023-08-28
9929,2230,COURSE117,Quiz,87.0,2022-07-19
9930,1611,COURSE123,Assignment,68.0,2021-02-22
9931,2231,COURSE144,Assignment,83.0,2021-09-12
9932,1202,COURSE145,Midterm,98.0,2023-01-21
9933,2693,COURSE87,Assignment,63.0,2024-03-15
9934,1976,COURSE118,Midterm,91.0,2024-03-06
9935,2608,COURSE62,Assignment,89.0,2024-02-05
9936,2080,COURSE124,Quiz,74.0,2024-10-09
9937,1536,COURSE67,Final Exam,80.0,2024-11-04
9938,2220,COURSE137,Quiz,86.0,2021-05-10
9939,2985,COURSE131,Assignment,85.0,2021-05-27
9940,1970,COURSE108,Quiz,78.0,2023-12-20
9941,1247,COURSE100,Final Exam,64.0,2023-05-30
9942,2036,COURSE125,Assignment,66.0,2023-06-25
9943,1733,COURSE79,Quiz,89.0,2023-06-27
9944,2082,COURSE89,Quiz,70.0,2020-08-22
9945,2744,COURSE54,Final Exam,68.0,2020-06-11
9946,2192,COURSE68,Midterm,82.0,2021-03-21
9947,1129,COURSE133,Midterm,85.0,2023-01-16
9948,2806,COURSE80,Quiz,100.0,2023-08-02
9949,2122,COURSE88,Assignment,95.0,2023-02-09
9950,1186,COURSE143,Midterm,100.0,2022-01-22
9951,1673,COURSE109,Midterm,58.0,2023-01-12
9952,2205,COURSE125,Quiz,91.0,2020-02-27
9953,1939,COURSE90,Midterm,68.0,2024-08-13
9954,1742,COURSE59,Final Exam,88.0,2020-08-06
9955,2102,COURSE77,Quiz,89.0,2024-02-18
9956,2923,COURSE116,Assignment,96.0,2023-09-25
9957,2503,COURSE102,Midterm,62.0,2024-07-17
9958,1137,COURSE105,Midterm,75.0,2021-11-09
9959,1512,COURSE56,Assignment,94.0,2023-03-09
9960,2087,COURSE56,Assignment,64.0,2024-12-01
9961,1183,COURSE143,Midterm,86.0,2020-07-11
9962,2446,COURSE147,Assignment,82.0,2024-10-10
9963,1785,COURSE89,Midterm,74.0,2021-03-18
9964,1473,COURSE86,Assignment,84.0,2020-08-11
9965,1408,COURSE131,Final Exam,93.0,2024-02-14
9966,2450,COURSE102,Midterm,76.0,2022-12-12
9967,2771,COURSE60,Midterm,83.0,2023-08-21
9968,2033,COURSE60,Quiz,78.0,2020-02-15
9969,2229,COURSE71,Assignment,62.0,2024-02-07
9970,1443,COURSE70,Midterm,98.0,2024-10-04
9971,1387,COURSE90,Assignment,59.0,2022-08-07
9972,1513,COURSE90,Assignment,71.0,2020-06-25
9973,1733,COURSE77,Assignment,78.0,2020-08-26
9974,2124,COURSE145,Final Exam,77.0,2022-03-04
9975,2114,COURSE51,Assignment,81.0,2023-07-23
9976,1549,COURSE143,Midterm,81.0,2023-06-12
9977,2763,COURSE139,Quiz,65.0,2024-04-18
9978,1339,COURSE109,Quiz,88.0,2021-09-28
9979,2904,COURSE104,Assignment,93.0,2021-06-15
9980,2289,COURSE94,Assignment,79.0,2024-08-12
9981,2852,COURSE118,Midterm,98.0,2020-09-25
9982,1934,COURSE138,Final Exam,84.0,2024-07-16
9983,2496,COURSE63,Assignment,79.0,2022-03-03
9984,1780,COURSE138,Assignment,90.0,2023-01-10
9985,1786,COURSE133,Midterm,63.0,2020-06-11
9986,1078,COURSE149,Final Exam,86.0,2021-09-15
9987,1499,COURSE53,Final Exam,68.0,2020-04-13
9988,1552,COURSE68,Quiz,94.0,2020-08-31
9989,1727,COURSE128,Assignment,80.0,2024-08-09
9990,1296,COURSE74,Midterm,93.0,2024-07-16
9991,2527,COURSE147,Assignment,72.0,2023-03-21
9992,2644,COURSE112,Quiz,93.0,2020-05-18
9993,2974,COURSE124,Quiz,61.0,2024-08-12
9994,2507,COURSE123,Midterm,55.0,2021-04-02
9995,1828,COURSE100,Assignment,94.0,2023-10-14
9996,2141,COURSE63,Midterm,73.0,2023-04-25
9997,1122,COURSE64,Final Exam,74.0,2021-09-16
9998,1542,COURSE104,Assignment,71.0,2021-04-25
9999,2248,COURSE149,Final Exam,85.0,2022-06-14
10000,1934,COURSE109,Quiz,91.0,2021-02-20
10001,2169,COURSE150,Midterm,82.0,2022-09-27
10002,1388,COURSE103,Final Exam,83.0,2020-11-19
10003,2535,COURSE137,Quiz,58.0,2024-02-13
10004,1482,COURSE95,Quiz,78.0,2022-09-20
10005,1963,COURSE74,Midterm,84.0,2020-06-05
10006,1315,COURSE98,Final Exam,89.0,2022-06-19
10007,1676,COURSE134,Assignment,91.0,2021-10-29
10008,1741,COURSE51,Assignment,93.0,2020-08-13
10009,2182,COURSE51,Final Exam,55.0,2024-02-18
10010,1800,COURSE140,Final Exam,78.0,2023-01-16
10011,2899,COURSE114,Midterm,88.0,2024-11-09
10012,2314,COURSE97,Assignment,81.0,2020-01-18
10013,1446,COURSE60,Assignment,84.0,2024-12-04
10014,2288,COURSE90,Midterm,72.0,2022-09-06
10015,1461,COURSE58,Final Exam,91.0,2024-12-03
10016,1855,COURSE98,Quiz,88.0,2020-02-17
10017,1189,COURSE128,Assignment,75.0,2024-11-17
10018,2300,COURSE88,Quiz,82.0,2021-03-26
10019,1664,COURSE121,Assignment,95.0,2023-03-21
10020,1604,COURSE79,Quiz,92.0,2024-05-18
10021,1890,COURSE79,Final Exam,79.0,2024-06-19
10022,1517,COURSE141,Assignment,72.0,2024-09-17
10023,1738,COURSE72,Final Exam,82.0,2023-05-26
10024,2238,COURSE86,Final Exam,70.0,2020-03-24
10025,2544,COURSE144,Midterm,86.0,2020-01-13
10026,1987,COURSE140,Assignment,79.0,2024-10-11
10027,1767,COURSE52,Midterm,80.0,2020-07-02
10028,1069,COURSE110,Midterm,68.0,2020-01-25
10029,2989,COURSE53,Final Exam,80.0,2021-02-27
10030,2838,COURSE127,Assignment,70.0,2024-06-18
10031,1973,COURSE72,Assignment,100.0,2023-09-23
10032,1093,COURSE147,Final Exam,80.0,2020-07-27
10033,1872,COURSE51,Midterm,73.0,2021-09-14
10034,1718,COURSE140,Final Exam,91.0,2020-07-03
10035,1321,COURSE138,Final Exam,99.0,2023-04-09
10036,2140,COURSE102,Assignment,98.0,2023-06-18
10037,1276,COURSE62,Midterm,65.0,2021-11-29
10038,1057,COURSE89,Quiz,79.0,2023-12-29
10039,1946,COURSE106,Midterm,65.0,2022-01-01
10040,2852,COURSE112,Assignment,96.0,2021-04-05
10041,2324,COURSE88,Final Exam,55.0,2020-02-02
10042,2332,COURSE124,Quiz,72.0,2021-03-01
10043,1400,COURSE146,Quiz,81.0,2023-11-21
10044,1642,COURSE146,Assignment,70.0,2024-12-25
10045,1375,COURSE53,Assignment,100.0,2021-07-15
10046,1895,COURSE53,Midterm,94.0,2022-06-12
10047,1666,COURSE68,Midterm,73.0,2020-02-12
10048,2902,COURSE114,Assignment,61.0,2024-06-15
10049,1040,COURSE91,Final Exam,73.0,2022-04-14
10050,1745,COURSE128,Midterm,79.0,2021-07-13
10051,1610,COURSE101,Quiz,85.0,2024-08-10
10052,1945,COURSE131,Quiz,63.0,2024-02-10
10053,1817,COURSE127,Quiz,87.0,2024-04-20
10054,1486,COURSE69,Quiz,74.0,2020-01-14
10055,2883,COURSE142,Final Exam,67.0,2024-05-14
10056,2935,COURSE121,Quiz,79.0,2023-01-06
10057,2589,COURSE122,Final Exam,93.0,2020-01-27
10058,2059,COURSE130,Midterm,92.0,2023-11-20
10059,1357,COURSE83,Midterm,80.0,2023-02-26
10060,1978,COURSE137,Quiz,80.0,2023-01-18
10061,2885,COURSE92,Final Exam,77.0,2022-03-23
10062,2148,COURSE94,Assignment,63.0,2022-04-19
10063,2880,COURSE85,Midterm,92.0,2020-12-23
10064,1322,COURSE147,Assignment,85.0,2021-10-13
10065,2311,COURSE135,Quiz,100.0,2024-08-13
10066,2164,COURSE86,Midterm,71.0,2022-10-08
10067,2231,COURSE82,Quiz,92.0,2020-02-24
10068,1362,COURSE70,Assignment,84.0,2023-09-19
10069,2310,COURSE135,Midterm,69.0,2022-07-20
10070,2788,COURSE146,Assignment,81.0,2023-02-20
10071,1624,COURSE118,Final Exam,73.0,2024-11-19
10072,2148,COURSE95,Midterm,80.0,2020-05-20
10073,1548,COURSE115,Quiz,75.0,2020-03-14
10074,1430,COURSE134,Quiz,100.0,2023-04-02
10075,1708,COURSE143,Midterm,67.0,2021-06-07
10076,2995,COURSE133,Assignment,90.0,2020-11-22
10077,2268,COURSE85,Final Exam,94.0,2023-01-03
10078,2624,COURSE94,Quiz,81.0,2021-03-06
10079,2697,COURSE61,Assignment,88.0,2024-09-23
10080,1263,COURSE58,Assignment,82.0,2021-06-03
10081,1950,COURSE67,Midterm,66.0,2022-11-01
10082,2754,COURSE101,Assignment,92.0,2021-11-16
10083,2434,COURSE126,Assignment,71.0,2020-08-26
10084,1039,COURSE65,Assignment,75.0,2022-07-27
10085,1614,COURSE127,Midterm,76.0,2020-02-21
10086,2671,COURSE97,Midterm,77.0,2024-08-01
10087,2495,COURSE112,Quiz,68.0,2021-05-05
10088,2600,COURSE121,Assignment,80.0,2024-09-20
10089,1295,COURSE60,Midterm,86.0,2020-02-25
10090,1136,COURSE142,Assignment,78.0,2024-09-28
10091,1256,COURSE83,Final Exam,91.0,2024-11-08
10092,2307,COURSE101,Assignment,82.0,2023-12-30
10093,1112,COURSE86,Assignment,68.0,2022-08-02
10094,1372,COURSE88,Midterm,77.0,2021-04-24
10095,2238,COURSE112,Quiz,63.0,2023-03-16
10096,2889,COURSE132,Quiz,62.0,2022-12-26
10097,1889,COURSE128,Assignment,64.0,2022-01-03
10098,2701,COURSE108,Quiz,64.0,2021-08-03
10099,1053,COURSE149,Quiz,82.0,2024-08-16
10100,1732,COURSE81,Quiz,93.0,2020-09-27
10101,2532,COURSE90,Assignment,78.0,2022-04-17
10102,1342,COURSE84,Midterm,70.0,2024-03-22
10103,2305,COURSE74,Assignment,93.0,2021-03-26
10104,2952,COURSE147,Assignment,68.0,2020-11-03
10105,2497,COURSE70,Final Exam,65.0,2023-10-17
10106,1175,COURSE148,Final Exam,78.0,2024-03-21
10107,1931,COURSE139,Assignment,98.0,2020-11-23
10108,1540,COURSE78,Assignment,84.0,2020-07-16
10109,1788,COURSE68,Midterm,95.0,2022-02-25
10110,1076,COURSE102,Final Exam,69.0,2021-05-22
10111,2195,COURSE61,Midterm,78.0,2024-11-13
10112,1146,COURSE64,Assignment,76.0,2020-08-16
10113,1256,COURSE122,Quiz,81.0,2023-08-24
10114,1400,COURSE148,Midterm,73.0,2020-06-22
10115,1188,COURSE106,Final Exam,97.0,2020-06-26
10116,1447,COURSE136,Quiz,99.0,2023-04-13
10117,1452,COURSE127,Midterm,59.0,2023-06-17
10118,1335,COURSE130,Final Exam,68.0,2021-08-20
10119,2350,COURSE127,Midterm,86.0,2022-11-29
10120,2996,COURSE94,Quiz,80.0,2023-06-18
10121,1397,COURSE124,Assignment,78.0,2020-06-01
10122,2857,COURSE109,Quiz,77.0,2024-05-16
10123,1444,COURSE81,Assignment,92.0,2021-01-05
10124,2014,COURSE142,Midterm,82.0,2023-04-14
10125,1567,COURSE109,Assignment,79.0,2023-02-23
10126,1678,COURSE82,Quiz,75.0,2024-08-15
10127,1518,COURSE56,Midterm,83.0,2024-08-13
10128,1150,COURSE55,Quiz,59.0,2022-03-26
10129,1794,COURSE104,Assignment,88.0,2024-07-18
10130,1050,COURSE63,Final Exam,76.0,2023-09-01
10131,1665,COURSE126,Assignment,70.0,2020-07-04
10132,1916,COURSE136,Final Exam,76.0,2024-03-04
10133,1853,COURSE150,Assignment,93.0,2024-09-02
10134,1040,COURSE119,Final Exam,86.0,2023-04-09
10135,1293,COURSE94,Quiz,74.0,2022-09-09
10136,2933,COURSE100,Final Exam,87.0,2020-10-10
10137,2430,COURSE99,Final Exam,80.0,2023-06-24
10138,1998,COURSE139,Quiz,71.0,2023-08-02
10139,2419,COURSE143,Midterm,38.0,2023-06-14
10140,2423,COURSE146,Midterm,85.0,2022-09-13
10141,1855,COURSE102,Assignment,62.0,2022-03-24
10142,2206,COURSE55,Assignment,84.0,2024-12-22
10143,2171,COURSE103,Final Exam,76.0,2023-09-01
10144,1512,COURSE77,Assignment,82.0,2024-12-09
10145,1739,COURSE78,Quiz,73.0,2023-03-23
10146,1757,COURSE58,Final Exam,78.0,2022-03-14
10147,2168,COURSE117,Final Exam,81.0,2020-03-28
10148,1899,COURSE109,Assignment,62.0,2024-06-19
10149,1232,COURSE127,Midterm,59.0,2023-12-15
10150,1749,COURSE150,Final Exam,85.0,2024-05-15
10151,1108,COURSE148,Quiz,63.0,2022-05-17
10152,1832,COURSE91,Quiz,80.0,2023-01-27
10153,2383,COURSE120,Assignment,73.0,2020-06-19
10154,1114,COURSE59,Assignment,76.0,2024-07-24
10155,2001,COURSE131,Final Exam,80.0,2023-07-21
10156,1100,COURSE113,Quiz,66.0,2022-10-30
10157,1272,COURSE52,Assignment,62.0,2020-09-06
10158,2544,COURSE70,Midterm,61.0,2020-01-31
10159,2167,COURSE92,Final Exam,79.0,2023-09-27
10160,2966,COURSE131,Midterm,72.0,2024-02-02
10161,1528,COURSE149,Assignment,88.0,2020-08-12
10162,1881,COURSE90,Final Exam,80.0,2024-12-18
10163,1649,COURSE113,Midterm,78.0,2021-06-18
10164,2621,COURSE127,Quiz,88.0,2022-02-08
10165,2919,COURSE104,Final Exam,73.0,2021-08-21
10166,1483,COURSE85,Final Exam,84.0,2022-09-24
10167,1049,COURSE61,Quiz,68.0,2024-01-18
10168,2357,COURSE147,Midterm,73.0,2020-05-31
10169,1154,COURSE93,Quiz,79.0,2023-01-10
10170,1570,COURSE68,Final Exam,89.0,2024-05-24
10171,1137,COURSE127,Assignment,74.0,2024-01-08
10172,2272,COURSE113,Quiz,74.0,2021-11-22
10173,1243,COURSE53,Midterm,83.0,2022-11-13
10174,1496,COURSE73,Assignment,81.0,2021-01-01
10175,1627,COURSE89,Quiz,77.0,2022-07-24
10176,2199,COURSE53,Assignment,85.0,2023-12-15
10177,2542,COURSE81,Quiz,87.0,2020-09-07
10178,1466,COURSE104,Assignment,77.0,2024-07-20
10179,2830,COURSE122,Assignment,83.0,2024-12-06
10180,1660,COURSE72,Final Exam,61.0,2024-02-12
10181,1530,COURSE132,Midterm,72.0,2024-09-28
10182,1860,COURSE116,Assignment,95.0,2022-10-16
10183,1451,COURSE67,Assignment,74.0,2023-03-15
10184,2345,COURSE140,Midterm,94.0,2023-01-18
10185,2315,COURSE138,Midterm,67.0,2023-06-16
10186,1730,COURSE107,Final Exam,83.0,2022-03-15
10187,2357,COURSE70,Quiz,94.0,2020-02-14
10188,1617,COURSE114,Quiz,100.0,2020-08-23
10189,1782,COURSE115,Final Exam,65.0,2020-03-24
10190,1951,COURSE101,Midterm,85.0,2024-08-19
10191,1694,COURSE53,Final Exam,81.0,2024-11-13
10192,2898,COURSE93,Final Exam,80.0,2024-12-22
10193,2793,COURSE149,Midterm,82.0,2021-08-07
10194,2773,COURSE119,Midterm,83.0,2023-09-18
10195,2393,COURSE94,Final Exam,57.0,2024-06-27
10196,1476,COURSE87,Quiz,88.0,2024-04-21
10197,2350,COURSE97,Midterm,80.0,2020-04-21
10198,2698,COURSE60,Assignment,78.0,2022-07-03
10199,1874,COURSE88,Midterm,93.0,2021-08-02
10200,1946,COURSE83,Midterm,100.0,2020-06-17
10201,2301,COURSE70,Final Exam,69.0,2024-09-04
10202,2456,COURSE127,Final Exam,99.0,2020-11-13
10203,2136,COURSE100,Midterm,70.0,2022-07-09
10204,2951,COURSE140,Quiz,74.0,2022-04-27
10205,2241,COURSE52,Midterm,100.0,2022-05-21
10206,1407,COURSE132,Assignment,79.0,2020-11-16
10207,1252,COURSE60,Quiz,71.0,2021-05-21
10208,1026,COURSE135,Midterm,59.0,2021-01-15
10209,2062,COURSE135,Quiz,87.0,2024-03-29
10210,1430,COURSE123,Final Exam,84.0,2023-06-14
10211,2399,COURSE82,Assignment,79.0,2023-03-18
10212,1953,COURSE121,Assignment,69.0,2021-09-16
10213,1537,COURSE62,Midterm,95.0,2024-12-29
10214,1626,COURSE90,Assignment,77.0,2020-03-03
10215,1537,COURSE88,Assignment,90.0,2023-01-09
10216,2401,COURSE119,Midterm,100.0,2022-07-14
10217,1858,COURSE134,Assignment,98.0,2022-09-28
10218,2932,COURSE146,Midterm,71.0,2023-09-22
10219,1051,COURSE79,Final Exam,63.0,2023-01-09
10220,2562,COURSE51,Final Exam,69.0,2023-10-16
10221,2550,COURSE138,Final Exam,69.0,2023-08-03
10222,1399,COURSE105,Assignment,98.0,2023-09-03
10223,1647,COURSE93,Assignment,100.0,2024-03-02
10224,2032,COURSE119,Assignment,82.0,2020-01-06
10225,1791,COURSE116,Quiz,86.0,2023-05-02
10226,2359,COURSE70,Assignment,82.0,2022-08-01
10227,1989,COURSE75,Assignment,70.0,2021-04-07
10228,1737,COURSE87,Quiz,72.0,2020-06-25
10229,1738,COURSE142,Quiz,87.0,2022-10-19
10230,1643,COURSE138,Assignment,62.0,2023-03-01
10231,2942,COURSE127,Midterm,71.0,2024-10-22
10232,1471,COURSE97,Assignment,82.0,2023-11-07
10233,2789,COURSE88,Final Exam,96.0,2022-10-02
10234,2424,COURSE82,Midterm,93.0,2020-06-02
10235,1862,COURSE149,Assignment,86.0,2021-10-08
10236,1879,COURSE77,Midterm,100.0,2021-07-15
10237,2978,COURSE89,Midterm,89.0,2021-11-11
10238,2581,COURSE58,Assignment,81.0,2021-09-21
10239,2766,COURSE79,Midterm,65.0,2022-07-23
10240,1057,COURSE135,Final Exam,77.0,2022-02-26
10241,2791,COURSE100,Midterm,68.0,2023-09-16
10242,2606,COURSE79,Assignment,80.0,2023-04-16
10243,1585,COURSE69,Assignment,87.0,2024-04-05
10244,1203,COURSE146,Assignment,47.0,2024-06-25
10245,1406,COURSE95,Quiz,77.0,2022-11-18
10246,1276,COURSE57,Quiz,81.0,2020-06-05
10247,2454,COURSE65,Final Exam,97.0,2023-11-12
10248,1905,COURSE111,Quiz,83.0,2020-06-11
10249,1233,COURSE80,Quiz,82.0,2020-02-11
10250,2724,COURSE128,Midterm,62.0,2021-06-08
10251,1934,COURSE134,Midterm,89.0,2024-07-09
10252,2125,COURSE120,Assignment,87.0,2020-07-08
10253,2273,COURSE108,Final Exam,63.0,2020-03-17
10254,2574,COURSE139,Midterm,76.0,2023-01-04
10255,1375,COURSE133,Quiz,86.0,2021-07-09
10256,2048,COURSE124,Quiz,93.0,2020-02-27
10257,2903,COURSE140,Quiz,86.0,2024-10-17
10258,2453,COURSE123,Quiz,79.0,2022-09-01
10259,1203,COURSE71,Midterm,100.0,2023-06-29
10260,2991,COURSE100,Final Exam,90.0,2022-02-28
10261,1944,COURSE63,Midterm,64.0,2020-02-11
10262,1148,COURSE81,Final Exam,78.0,2021-07-31
10263,1537,COURSE140,Final Exam,69.0,2021-03-02
10264,1537,COURSE70,Quiz,63.0,2024-08-06
10265,1542,COURSE112,Quiz,76.0,2021-04-11
10266,1159,COURSE83,Assignment,76.0,2022-02-19
10267,2483,COURSE99,Midterm,68.0,2023-09-01
10268,2570,COURSE147,Quiz,75.0,2024-01-17
10269,1441,COURSE60,Midterm,69.0,2020-10-20
10270,1471,COURSE121,Final Exam,87.0,2024-10-01
10271,2133,COURSE66,Final Exam,87.0,2024-05-05
10272,2924,COURSE113,Assignment,57.0,2023-01-16
10273,1225,COURSE73,Midterm,86.0,2020-12-19
10274,1792,COURSE138,Quiz,97.0,2022-10-12
10275,2238,COURSE77,Assignment,72.0,2024-03-16
10276,1575,COURSE110,Quiz,45.0,2023-07-03
10277,1322,COURSE106,Final Exam,95.0,2022-04-10
10278,1185,COURSE98,Assignment,88.0,2022-09-01
10279,2300,COURSE68,Quiz,94.0,2024-02-15
10280,1492,COURSE126,Final Exam,79.0,2021-10-18
10281,2423,COURSE144,Midterm,78.0,2020-06-07
10282,2850,COURSE111,Midterm,90.0,2021-05-08
10283,1140,COURSE52,Midterm,95.0,2024-10-09
10284,2467,COURSE80,Assignment,65.0,2022-06-14
10285,1106,COURSE87,Quiz,85.0,2021-04-01
10286,1449,COURSE119,Assignment,76.0,2023-11-08
10287,2788,COURSE65,Quiz,59.0,2020-07-03
10288,1436,COURSE141,Midterm,72.0,2023-06-19
10289,1511,COURSE93,Assignment,82.0,2022-08-06
10290,2307,COURSE74,Quiz,64.0,2024-11-05
10291,1310,COURSE134,Assignment,79.0,2023-09-19
10292,2500,COURSE78,Final Exam,92.0,2020-11-05
10293,1355,COURSE76,Assignment,83.0,2023-09-16
10294,1287,COURSE95,Assignment,82.0,2023-04-10
10295,1386,COURSE93,Midterm,91.0,2024-05-13
10296,1194,COURSE130,Midterm,100.0,2023-09-20
10297,2299,COURSE54,Final Exam,91.0,2024-09-02
10298,1352,COURSE131,Midterm,82.0,2022-12-03
10299,2631,COURSE101,Final Exam,66.0,2024-05-30
10300,1071,COURSE74,Assignment,74.0,2024-11-15
10301,2360,COURSE93,Quiz,93.0,2022-12-07
10302,1075,COURSE59,Quiz,100.0,2022-09-05
10303,1101,COURSE137,Assignment,74.0,2022-10-17
10304,2017,COURSE112,Assignment,82.0,2022-10-01
10305,1270,COURSE118,Assignment,73.0,2021-08-11
10306,2625,COURSE110,Midterm,93.0,2020-07-19
10307,1102,COURSE138,Quiz,84.0,2021-09-13
10308,2721,COURSE106,Midterm,81.0,2021-09-29
10309,2336,COURSE120,Midterm,100.0,2023-08-25
10310,2652,COURSE60,Quiz,83.0,2022-03-23
10311,1258,COURSE106,Final Exam,78.0,2020-12-05
10312,2105,COURSE74,Midterm,71.0,2024-01-28
10313,2296,COURSE76,Midterm,72.0,2022-08-14
10314,1138,COURSE127,Final Exam,66.0,2021-06-23
10315,2725,COURSE100,Midterm,85.0,2021-08-02
10316,1529,COURSE81,Assignment,88.0,2023-07-16
10317,1020,COURSE125,Midterm,85.0,2024-07-14
10318,2674,COURSE55,Midterm,76.0,2021-02-06
10319,1435,COURSE102,Assignment,83.0,2021-02-17
10320,2213,COURSE87,Assignment,90.0,2024-05-15
10321,1716,COURSE83,Quiz,60.0,2024-09-27
10322,2590,COURSE120,Quiz,92.0,2020-11-05
10323,1194,COURSE56,Quiz,73.0,2022-03-13
10324,1159,COURSE85,Quiz,90.0,2023-03-20
10325,1694,COURSE146,Midterm,85.0,2021-05-28
10326,2943,COURSE139,Midterm,72.0,2023-08-20
10327,2357,COURSE105,Final Exam,76.0,2023-09-23
10328,1749,COURSE97,Midterm,98.0,2020-09-17
10329,1797,COURSE118,Final Exam,87.0,2021-10-04
10330,1574,COURSE109,Quiz,77.0,2022-04-30
10331,1116,COURSE96,Quiz,87.0,2023-03-25
10332,1097,COURSE119,Midterm,88.0,2021-03-11
10333,2782,COURSE110,Midterm,66.0,2022-03-23
10334,2097,COURSE105,Quiz,78.0,2021-12-09
10335,1841,COURSE56,Midterm,90.0,2024-02-08
10336,2822,COURSE66,Final Exam,43.0,2021-02-07
10337,2795,COURSE136,Final Exam,81.0,2022-09-14
10338,1485,COURSE85,Final Exam,82.0,2022-09-22
10339,2588,COURSE134,Midterm,79.0,2022-07-27
10340,1305,COURSE101,Quiz,84.0,2020-11-05
10341,1967,COURSE105,Quiz,77.0,2024-05-28
10342,2039,COURSE53,Final Exam,79.0,2022-03-08
10343,2775,COURSE141,Midterm,89.0,2022-11-24
10344,2021,COURSE85,Assignment,70.0,2024-10-15
10345,2962,COURSE70,Final Exam,76.0,2023-04-18
10346,2175,COURSE110,Midterm,86.0,2021-10-23
10347,2954,COURSE139,Final Exam,70.0,2024-05-28
10348,2567,COURSE100,Midterm,90.0,2024-02-25
10349,1919,COURSE70,Final Exam,82.0,2020-01-22
10350,2906,COURSE55,Midterm,66.0,2020-11-03
10351,1668,COURSE106,Quiz,91.0,2020-07-21
10352,2076,COURSE147,Midterm,79.0,2022-02-01
10353,2709,COURSE90,Midterm,100.0,2022-07-12
10354,1573,COURSE145,Midterm,69.0,2024-02-20
10355,2955,COURSE103,Final Exam,78.0,2023-09-21
10356,2046,COURSE51,Quiz,78.0,2020-05-02
10357,2202,COURSE81,Quiz,77.0,2023-12-04
10358,1314,COURSE108,Quiz,79.0,2023-02-24
10359,2598,COURSE90,Midterm,68.0,2020-07-29
10360,1730,COURSE121,Midterm,80.0,2023-06-10
10361,1869,COURSE78,Assignment,89.0,2023-11-03
10362,2581,COURSE96,Final Exam,68.0,2020-09-02
10363,1157,COURSE69,Quiz,79.0,2024-10-11
10364,2574,COURSE98,Midterm,59.0,2024-03-12
10365,1640,COURSE108,Midterm,75.0,2020-09-10
10366,2897,COURSE130,Quiz,87.0,2023-03-15
10367,2488,COURSE118,Quiz,81.0,2024-09-14
10368,2544,COURSE119,Midterm,77.0,2024-02-26
10369,1541,COURSE106,Quiz,92.0,2020-01-24
10370,2143,COURSE109,Final Exam,59.0,2021-08-12
10371,2913,COURSE106,Final Exam,61.0,2022-01-06
10372,1750,COURSE146,Quiz,87.0,2021-07-11
10373,1739,COURSE123,Midterm,83.0,2021-06-08
10374,2474,COURSE129,Midterm,70.0,2021-07-20
10375,2851,COURSE66,Midterm,59.0,2023-01-06
10376,1593,COURSE96,Midterm,92.0,2020-03-14
10377,2846,COURSE129,Midterm,80.0,2022-11-23
10378,2891,COURSE110,Assignment,83.0,2023-03-26
10379,2161,COURSE64,Assignment,88.0,2020-04-26
10380,1517,COURSE90,Final Exam,88.0,2020-07-02
10381,1196,COURSE101,Quiz,85.0,2023-08-06
10382,1963,COURSE93,Quiz,66.0,2022-03-24
10383,1108,COURSE125,Final Exam,77.0,2024-08-02
10384,2079,COURSE88,Quiz,83.0,2023-01-01
10385,1362,COURSE106,Quiz,81.0,2020-07-14
10386,2456,COURSE65,Final Exam,77.0,2021-04-13
10387,2381,COURSE115,Final Exam,81.0,2020-10-12
10388,2032,COURSE150,Midterm,91.0,2021-06-16
10389,1537,COURSE114,Final Exam,85.0,2021-07-26
10390,2245,COURSE60,Quiz,86.0,2021-09-08
10391,1294,COURSE53,Midterm,77.0,2022-11-14
10392,1148,COURSE116,Assignment,87.0,2023-06-28
10393,2738,COURSE89,Assignment,70.0,2022-01-06
10394,1580,COURSE55,Midterm,87.0,2023-09-19
10395,2685,COURSE144,Final Exam,74.0,2023-03-14
10396,1224,COURSE148,Quiz,71.0,2022-09-15
10397,2283,COURSE122,Quiz,78.0,2022-08-25
10398,1519,COURSE72,Assignment,80.0,2022-05-26
10399,2516,COURSE82,Final Exam,78.0,2024-06-13
10400,1446,COURSE89,Assignment,79.0,2022-04-29
10401,1920,COURSE83,Assignment,82.0,2021-04-03
10402,2526,COURSE124,Midterm,91.0,2020-06-02
10403,2115,COURSE56,Final Exam,100.0,2024-05-13
10404,2461,COURSE146,Midterm,63.0,2024-05-11
10405,2465,COURSE88,Final Exam,93.0,2023-11-20
10406,1359,COURSE115,Midterm,69.0,2023-03-08
10407,2063,COURSE148,Quiz,71.0,2021-04-16
10408,2049,COURSE134,Final Exam,75.0,2023-03-12
10409,1615,COURSE112,Assignment,90.0,2023-05-23
10410,1111,COURSE147,Final Exam,68.0,2021-11-09
10411,2546,COURSE143,Midterm,93.0,2020-05-07
10412,1810,COURSE71,Midterm,100.0,2022-05-30
10413,1027,COURSE120,Final Exam,82.0,2024-07-22
10414,1375,COURSE63,Midterm,63.0,2022-11-02
10415,2395,COURSE128,Midterm,69.0,2024-07-26
10416,1681,COURSE132,Quiz,90.0,2022-05-10
10417,1146,COURSE61,Quiz,86.0,2020-10-05
10418,1974,COURSE95,Assignment,73.0,2024-01-02
10419,2517,COURSE91,Quiz,63.0,2021-10-27
10420,2657,COURSE133,Quiz,100.0,2024-04-23
10421,2881,COURSE111,Quiz,93.0,2024-04-25
10422,2988,COURSE114,Quiz,73.0,2022-09-23
10423,1916,COURSE70,Final Exam,91.0,2020-10-02
10424,1711,COURSE147,Midterm,76.0,2021-09-19
10425,2224,COURSE133,Assignment,93.0,2023-02-12
10426,2028,COURSE145,Quiz,94.0,2022-11-29
10427,1959,COURSE114,Final Exam,74.0,2023-08-04
10428,1711,COURSE104,Final Exam,85.0,2021-04-22
10429,1974,COURSE138,Final Exam,76.0,2022-09-22
10430,1061,COURSE132,Final Exam,92.0,2023-08-24
10431,1674,COURSE136,Midterm,86.0,2024-04-26
10432,2499,COURSE118,Midterm,81.0,2020-07-17
10433,1824,COURSE106,Assignment,76.0,2021-06-18
10434,1084,COURSE139,Assignment,77.0,2021-08-16
10435,1808,COURSE95,Quiz,68.0,2020-02-21
10436,1004,COURSE57,Midterm,76.0,2022-09-11
10437,2145,COURSE108,Final Exam,77.0,2022-01-29
10438,1729,COURSE59,Quiz,98.0,2023-01-21
10439,2385,COURSE72,Midterm,73.0,2024-01-23
10440,2991,COURSE135,Final Exam,88.0,2022-04-11
10441,2538,COURSE76,Assignment,61.0,2022-07-01
10442,1055,COURSE149,Quiz,67.0,2020-01-15
10443,2069,COURSE139,Quiz,81.0,2020-10-25
10444,1056,COURSE55,Quiz,89.0,2024-01-02
10445,1087,COURSE119,Midterm,96.0,2021-05-10
10446,2494,COURSE66,Assignment,100.0,2020-10-21
10447,2455,COURSE116,Assignment,71.0,2022-06-26
10448,2236,COURSE96,Assignment,76.0,2020-08-15
10449,2242,COURSE95,Midterm,80.0,2021-10-20
10450,1451,COURSE123,Quiz,75.0,2020-09-04
10451,2629,COURSE139,Final Exam,73.0,2020-01-10
10452,2543,COURSE142,Midterm,76.0,2022-01-05
10453,1437,COURSE123,Assignment,75.0,2021-05-19
10454,1853,COURSE108,Quiz,86.0,2024-03-23
10455,2423,COURSE137,Quiz,96.0,2024-11-07
10456,1105,COURSE119,Assignment,74.0,2021-09-26
10457,2343,COURSE132,Midterm,79.0,2020-09-18
10458,1785,COURSE108,Assignment,62.0,2020-01-08
10459,1844,COURSE122,Quiz,87.0,2020-06-15
10460,2117,COURSE141,Assignment,92.0,2023-11-16
10461,1913,COURSE79,Assignment,64.0,2020-01-23
10462,2025,COURSE131,Assignment,91.0,2020-11-07
10463,2712,COURSE113,Final Exam,72.0,2023-09-25
10464,1762,COURSE114,Midterm,83.0,2021-05-31
10465,2589,COURSE67,Midterm,75.0,2023-09-11
10466,2545,COURSE140,Final Exam,54.0,2020-01-21
10467,2698,COURSE99,Final Exam,80.0,2020-04-06
10468,1560,COURSE128,Assignment,72.0,2021-08-27
10469,2588,COURSE120,Final Exam,61.0,2020-08-05
10470,1398,COURSE113,Assignment,71.0,2022-10-17
10471,1113,COURSE136,Assignment,54.0,2024-05-09
10472,1469,COURSE69,Assignment,87.0,2024-06-21
10473,2035,COURSE66,Quiz,98.0,2021-08-15
10474,1003,COURSE91,Midterm,95.0,2023-02-12
10475,1914,COURSE117,Assignment,63.0,2023-09-09
10476,1670,COURSE70,Midterm,74.0,2024-03-02
10477,1551,COURSE137,Assignment,69.0,2023-04-30
10478,2340,COURSE117,Quiz,86.0,2023-12-14
10479,2904,COURSE77,Quiz,68.0,2024-03-04
10480,1441,COURSE92,Final Exam,79.0,2024-05-05
10481,1124,COURSE113,Midterm,80.0,2022-03-15
10482,1461,COURSE67,Assignment,96.0,2024-01-14
10483,2106,COURSE126,Assignment,95.0,2024-07-26
10484,1379,COURSE79,Quiz,67.0,2021-09-21
10485,2111,COURSE54,Assignment,85.0,2024-03-03
10486,2563,COURSE118,Final Exam,76.0,2024-08-19
10487,2137,COURSE119,Assignment,84.0,2023-11-17
10488,1757,COURSE66,Quiz,78.0,2020-05-21
10489,1559,COURSE103,Midterm,84.0,2021-09-18
10490,1040,COURSE105,Quiz,89.0,2024-02-02
10491,2890,COURSE76,Assignment,80.0,2024-01-25
10492,2082,COURSE94,Final Exam,81.0,2023-05-09
10493,2973,COURSE144,Final Exam,63.0,2020-08-16
10494,2519,COURSE145,Final Exam,76.0,2023-11-27
10495,2693,COURSE103,Midterm,96.0,2021-10-09
10496,2126,COURSE55,Assignment,76.0,2023-11-21
10497,2843,COURSE55,Quiz,56.0,2021-03-11
10498,1672,COURSE99,Final Exam,59.0,2022-03-25
10499,2510,COURSE101,Quiz,64.0,2023-08-12
10500,2590,COURSE134,Quiz,79.0,2024-02-28
10501,2920,COURSE85,Assignment,78.0,2024-09-18
10502,1551,COURSE121,Assignment,67.0,2020-05-24
10503,1302,COURSE142,Midterm,80.0,2023-02-01
10504,1720,COURSE108,Midterm,61.0,2020-12-26
10505,2715,COURSE81,Assignment,67.0,2022-09-05
10506,2009,COURSE136,Assignment,94.0,2023-08-16
10507,2831,COURSE124,Final Exam,79.0,2022-04-12
10508,2777,COURSE71,Midterm,86.0,2021-03-26
10509,3000,COURSE101,Midterm,85.0,2022-02-14
10510,2537,COURSE85,Final Exam,84.0,2023-08-21
10511,1006,COURSE137,Assignment,95.0,2023-09-29
10512,1510,COURSE73,Final Exam,74.0,2024-08-20
10513,2946,COURSE112,Midterm,92.0,2024-04-01
10514,2250,COURSE104,Assignment,86.0,2023-04-12
10515,1677,COURSE78,Quiz,81.0,2024-01-01
10516,2191,COURSE51,Midterm,82.0,2022-04-13
10517,2701,COURSE77,Assignment,77.0,2022-08-14
10518,2512,COURSE57,Quiz,80.0,2020-02-01
10519,2521,COURSE66,Final Exam,66.0,2022-09-15
10520,1422,COURSE68,Assignment,100.0,2023-01-25
10521,1019,COURSE145,Midterm,77.0,2022-06-13
10522,1319,COURSE106,Final Exam,73.0,2023-03-08
10523,2018,COURSE130,Quiz,68.0,2024-05-30
10524,2443,COURSE133,Final Exam,96.0,2021-01-02
10525,2723,COURSE56,Final Exam,88.0,2024-01-23
10526,2508,COURSE67,Midterm,91.0,2024-09-17
10527,1825,COURSE81,Quiz,86.0,2023-03-06
10528,2392,COURSE75,Final Exam,72.0,2020-04-09
10529,1335,COURSE92,Final Exam,48.0,2020-03-12
10530,2953,COURSE72,Final Exam,67.0,2022-08-26
10531,1176,COURSE128,Quiz,67.0,2023-05-23
10532,2743,COURSE139,Final Exam,72.0,2022-02-11
10533,2579,COURSE65,Assignment,90.0,2023-12-04
10534,2127,COURSE102,Quiz,69.0,2023-01-15
10535,2943,COURSE93,Assignment,72.0,2021-08-13
10536,2639,COURSE147,Assignment,72.0,2023-12-18
10537,2803,COURSE116,Assignment,76.0,2022-01-17
10538,1869,COURSE60,Midterm,69.0,2024-08-31
10539,1693,COURSE92,Quiz,87.0,2022-10-04
10540,1493,COURSE136,Midterm,68.0,2023-01-21
10541,1738,COURSE140,Quiz,71.0,2020-02-27
10542,2606,COURSE78,Quiz,86.0,2020-10-10
10543,2503,COURSE80,Assignment,82.0,2021-05-20
10544,1948,COURSE135,Midterm,100.0,2024-03-13
10545,2469,COURSE59,Final Exam,75.0,2024-01-06
10546,2141,COURSE127,Assignment,77.0,2022-08-11
10547,1486,COURSE84,Quiz,100.0,2020-01-27
10548,2616,COURSE104,Assignment,87.0,2023-04-02
10549,2197,COURSE95,Assignment,77.0,2024-12-17
10550,1556,COURSE94,Final Exam,89.0,2023-09-09
10551,2572,COURSE91,Final Exam,77.0,2022-06-23
10552,1078,COURSE123,Final Exam,60.0,2022-04-10
10553,1613,COURSE63,Midterm,63.0,2020-05-26
10554,2858,COURSE65,Midterm,73.0,2024-07-13
10555,2340,COURSE146,Quiz,59.0,2020-10-03
10556,2638,COURSE94,Final Exam,57.0,2020-08-24
10557,1030,COURSE128,Quiz,75.0,2024-04-09
10558,1641,COURSE68,Midterm,89.0,2022-09-08
10559,1092,COURSE59,Midterm,83.0,2020-09-19
10560,1654,COURSE58,Assignment,85.0,2021-03-27
10561,2495,COURSE100,Assignment,72.0,2023-05-05
10562,1056,COURSE135,Midterm,68.0,2020-04-12
10563,1742,COURSE120,Midterm,80.0,2024-09-26
10564,1517,COURSE126,Assignment,54.0,2020-01-31
10565,1311,COURSE127,Assignment,63.0,2023-06-22
10566,1714,COURSE127,Assignment,95.0,2021-09-26
10567,1061,COURSE99,Quiz,88.0,2021-03-22
10568,1106,COURSE132,Midterm,63.0,2022-11-21
10569,1441,COURSE109,Assignment,73.0,2023-07-10
10570,1354,COURSE58,Final Exam,71.0,2024-04-21
10571,1088,COURSE87,Midterm,86.0,2021-04-12
10572,2435,COURSE71,Midterm,76.0,2023-07-03
10573,1868,COURSE65,Final Exam,82.0,2022-10-27
10574,2905,COURSE65,Midterm,100.0,2023-01-19
10575,1923,COURSE130,Quiz,100.0,2023-11-26
10576,1922,COURSE107,Assignment,72.0,2020-10-20
10577,2433,COURSE58,Final Exam,95.0,2021-01-28
10578,1260,COURSE60,Midterm,78.0,2022-12-27
10579,1937,COURSE111,Quiz,74.0,2021-11-15
10580,1346,COURSE112,Assignment,89.0,2021-09-12
10581,1148,COURSE116,Final Exam,81.0,2020-02-03
10582,1134,COURSE59,Midterm,78.0,2022-10-16
10583,1347,COURSE68,Midterm,91.0,2022-03-09
10584,2724,COURSE122,Midterm,79.0,2024-08-22
10585,2417,COURSE123,Midterm,79.0,2022-02-05
10586,1541,COURSE82,Quiz,79.0,2021-12-17
10587,1881,COURSE88,Midterm,73.0,2021-04-12
10588,2631,COURSE66,Assignment,100.0,2023-08-08
10589,2709,COURSE101,Midterm,89.0,2021-06-20
10590,1958,COURSE84,Final Exam,75.0,2024-12-25
10591,2939,COURSE109,Midterm,64.0,2022-09-21
10592,1248,COURSE72,Final Exam,92.0,2021-09-21
10593,1473,COURSE102,Midterm,70.0,2021-09-05
10594,2185,COURSE128,Final Exam,73.0,2022-04-02
10595,1940,COURSE83,Quiz,52.0,2023-11-16
10596,1297,COURSE146,Final Exam,77.0,2021-08-05
10597,2660,COURSE88,Quiz,73.0,2024-08-20
10598,2438,COURSE63,Midterm,59.0,2023-08-10
10599,2536,COURSE51,Quiz,75.0,2022-05-01
10600,2374,COURSE129,Assignment,96.0,2020-08-24
10601,2630,COURSE76,Final Exam,73.0,2022-02-16
10602,1235,COURSE98,Quiz,87.0,2023-03-25
10603,2971,COURSE112,Final Exam,68.0,2024-08-23
10604,1763,COURSE89,Quiz,75.0,2020-08-15
10605,2963,COURSE84,Assignment,100.0,2021-06-18
10606,2243,COURSE83,Quiz,93.0,2023-09-23
10607,1417,COURSE137,Quiz,67.0,2024-08-08
10608,1580,COURSE104,Assignment,66.0,2023-04-06
10609,2330,COURSE66,Midterm,94.0,2022-02-28
10610,2714,COURSE110,Final Exam,74.0,2020-08-28
10611,2473,COURSE77,Quiz,65.0,2024-07-25
10612,1730,COURSE73,Assignment,78.0,2021-08-26
10613,1627,COURSE150,Midterm,53.0,2022-11-17
10614,2737,COURSE126,Midterm,64.0,2020-01-09
10615,1631,COURSE74,Quiz,68.0,2022-07-06
10616,1986,COURSE57,Quiz,91.0,2023-01-14
10617,2518,COURSE135,Quiz,74.0,2021-02-27
10618,1474,COURSE61,Final Exam,74.0,2021-08-13
10619,1205,COURSE75,Assignment,74.0,2024-01-14
10620,1333,COURSE73,Midterm,89.0,2024-06-10
10621,2593,COURSE105,Midterm,83.0,2020-01-19
10622,2735,COURSE120,Assignment,64.0,2024-10-17
10623,1028,COURSE122,Final Exam,89.0,2023-01-12
10624,2804,COURSE67,Quiz,84.0,2020-03-22
10625,1121,COURSE136,Midterm,86.0,2023-08-02
10626,1432,COURSE92,Midterm,82.0,2022-02-24
10627,1787,COURSE126,Assignment,84.0,2024-02-25
10628,2640,COURSE105,Quiz,67.0,2023-11-01
10629,2048,COURSE52,Midterm,78.0,2022-04-14
10630,1629,COURSE116,Quiz,69.0,2024-06-14
10631,2575,COURSE107,Quiz,68.0,2020-04-11
10632,2188,COURSE103,Midterm,58.0,2022-12-07
10633,2462,COURSE70,Midterm,87.0,2022-06-02
10634,1141,COURSE71,Final Exam,78.0,2021-07-27
10635,2169,COURSE141,Final Exam,93.0,2021-12-17
10636,2250,COURSE87,Final Exam,71.0,2020-06-15
10637,1242,COURSE75,Final Exam,68.0,2021-04-02
10638,2886,COURSE87,Quiz,92.0,2022-07-01
10639,2495,COURSE73,Final Exam,100.0,2024-05-21
10640,1912,COURSE73,Midterm,83.0,2023-05-03
10641,1527,COURSE133,Final Exam,66.0,2020-09-24
10642,2301,COURSE68,Final Exam,75.0,2020-07-29
10643,1607,COURSE101,Final Exam,92.0,2021-11-01
10644,2170,COURSE102,Quiz,81.0,2024-11-06
10645,2140,COURSE58,Midterm,86.0,2022-03-18
10646,2870,COURSE62,Midterm,73.0,2023-09-12
10647,1330,COURSE63,Assignment,79.0,2021-09-14
10648,2485,COURSE81,Final Exam,70.0,2020-02-16
10649,2553,COURSE128,Quiz,83.0,2020-07-01
10650,1873,COURSE83,Final Exam,67.0,2022-04-25
10651,1087,COURSE129,Quiz,77.0,2024-07-16
10652,2306,COURSE95,Quiz,73.0,2024-08-28
10653,1401,COURSE60,Midterm,64.0,2024-11-19
10654,1805,COURSE72,Assignment,82.0,2024-06-01
10655,1267,COURSE146,Assignment,76.0,2022-10-10
10656,2996,COURSE58,Quiz,73.0,2023-08-07
10657,1009,COURSE123,Final Exam,88.0,2020-09-06
10658,1332,COURSE130,Final Exam,80.0,2021-07-23
10659,2117,COURSE51,Assignment,86.0,2024-01-03
10660,1735,COURSE61,Quiz,64.0,2020-06-30
10661,2789,COURSE108,Midterm,85.0,2023-04-04
10662,2701,COURSE77,Midterm,82.0,2020-02-07
10663,2038,COURSE62,Quiz,80.0,2021-04-15
10664,2497,COURSE57,Assignment,84.0,2020-01-29
10665,2216,COURSE63,Midterm,72.0,2021-11-10
10666,1990,COURSE58,Final Exam,75.0,2023-02-04
10667,2033,COURSE74,Midterm,83.0,2020-06-12
10668,2474,COURSE146,Assignment,83.0,2021-05-01
10669,1338,COURSE89,Quiz,81.0,2024-04-09
10670,2544,COURSE145,Quiz,77.0,2021-08-16
10671,2863,COURSE120,Midterm,80.0,2020-11-09
10672,2075,COURSE106,Assignment,56.0,2022-11-03
10673,2781,COURSE57,Assignment,53.0,2023-02-19
10674,2549,COURSE149,Assignment,75.0,2020-07-15
10675,2199,COURSE104,Final Exam,71.0,2024-01-27
10676,2296,COURSE81,Midterm,58.0,2024-08-13
10677,2928,COURSE110,Midterm,81.0,2020-08-25
10678,1086,COURSE72,Final Exam,62.0,2020-11-17
10679,2126,COURSE114,Midterm,89.0,2022-12-13
10680,2830,COURSE136,Assignment,70.0,2020-03-29
10681,1624,COURSE135,Assignment,70.0,2021-02-01
10682,1713,COURSE87,Midterm,85.0,2022-09-16
10683,1750,COURSE146,Final Exam,82.0,2022-06-24
10684,1931,COURSE147,Quiz,92.0,2021-09-15
10685,2051,COURSE99,Quiz,77.0,2021-07-16
10686,2438,COURSE146,Quiz,65.0,2021-09-16
10687,1224,COURSE69,Final Exam,63.0,2024-07-27
10688,1289,COURSE100,Midterm,87.0,2023-07-04
10689,1217,COURSE81,Midterm,82.0,2020-06-21
10690,2374,COURSE82,Quiz,89.0,2020-04-04
10691,2111,COURSE111,Quiz,80.0,2023-09-24
10692,2316,COURSE59,Quiz,100.0,2021-08-14
10693,1123,COURSE112,Assignment,95.0,2024-08-02
10694,2790,COURSE92,Assignment,100.0,2023-10-05
10695,2719,COURSE76,Quiz,92.0,2022-02-24
10696,1903,COURSE75,Midterm,85.0,2023-01-25
10697,1569,COURSE74,Assignment,77.0,2022-08-29
10698,2881,COURSE134,Final Exam,91.0,2022-10-23
10699,2147,COURSE125,Midterm,79.0,2022-09-26
10700,2157,COURSE81,Quiz,80.0,2024-10-03
10701,2571,COURSE67,Midterm,100.0,2021-08-21
10702,2512,COURSE108,Quiz,63.0,2024-03-19
10703,2046,COURSE80,Quiz,79.0,2023-10-20
10704,1692,COURSE109,Assignment,91.0,2023-03-15
10705,2112,COURSE130,Final Exam,88.0,2023-12-08
10706,1399,COURSE116,Midterm,70.0,2024-11-21
10707,2769,COURSE92,Midterm,73.0,2020-03-06
10708,1920,COURSE82,Quiz,86.0,2023-04-27
10709,1659,COURSE111,Assignment,76.0,2024-03-13
10710,1492,COURSE104,Midterm,74.0,2023-02-01
10711,2341,COURSE142,Final Exam,85.0,2020-03-13
10712,1496,COURSE104,Midterm,85.0,2022-05-02
10713,2230,COURSE100,Assignment,89.0,2024-02-04
10714,2103,COURSE82,Assignment,57.0,2020-11-29
10715,1433,COURSE53,Final Exam,60.0,2023-08-29
10716,1342,COURSE71,Quiz,58.0,2020-11-03
10717,1272,COURSE128,Final Exam,81.0,2021-01-17
10718,2142,COURSE108,Final Exam,87.0,2021-05-17
10719,1362,COURSE102,Final Exam,75.0,2023-11-23
10720,2618,COURSE77,Midterm,83.0,2024-05-06
10721,1534,COURSE135,Quiz,86.0,2024-02-03
10722,1247,COURSE81,Quiz,84.0,2024-10-16
10723,2459,COURSE138,Assignment,100.0,2020-05-30
10724,2861,COURSE54,Final Exam,74.0,2021-05-21
10725,2276,COURSE131,Midterm,82.0,2020-09-21
10726,2751,COURSE120,Assignment,89.0,2023-11-01
10727,2059,COURSE121,Assignment,79.0,2024-11-03
10728,1725,COURSE147,Midterm,85.0,2023-10-06
10729,1893,COURSE131,Assignment,69.0,2020-11-27
10730,1855,COURSE114,Quiz,75.0,2023-04-17
10731,1196,COURSE90,Assignment,86.0,2022-09-16
10732,2075,COURSE91,Assignment,78.0,2023-06-21
10733,2431,COURSE116,Assignment,78.0,2024-03-25
10734,1830,COURSE60,Final Exam,89.0,2020-12-10
10735,2048,COURSE53,Midterm,63.0,2023-01-16
10736,1032,COURSE99,Midterm,63.0,2022-04-09
10737,1369,COURSE138,Assignment,100.0,2024-04-25
10738,3000,COURSE58,Midterm,60.0,2020-02-21
10739,1314,COURSE103,Midterm,83.0,2020-08-27
10740,2510,COURSE60,Assignment,82.0,2023-01-24
10741,1386,COURSE85,Midterm,72.0,2024-05-28
10742,1709,COURSE108,Assignment,75.0,2021-07-06
10743,1530,COURSE145,Assignment,59.0,2021-03-10
10744,2900,COURSE128,Quiz,87.0,2022-08-19
10745,2249,COURSE138,Quiz,71.0,2021-01-23
10746,1789,COURSE76,Quiz,72.0,2020-06-22
10747,2801,COURSE110,Final Exam,100.0,2022-02-07
10748,1323,COURSE113,Midterm,84.0,2023-09-16
10749,1069,COURSE129,Midterm,89.0,2023-05-11
10750,2038,COURSE115,Quiz,67.0,2023-09-17
10751,2925,COURSE147,Quiz,68.0,2020-05-06
10752,2661,COURSE117,Midterm,61.0,2020-10-05
10753,1757,COURSE144,Midterm,100.0,2024-10-13
10754,1924,COURSE137,Final Exam,88.0,2022-11-29
10755,1611,COURSE109,Midterm,86.0,2022-10-03
10756,1490,COURSE66,Assignment,87.0,2021-06-09
10757,2586,COURSE106,Assignment,80.0,2022-11-04
10758,2120,COURSE88,Assignment,74.0,2022-04-04
10759,1276,COURSE61,Assignment,83.0,2022-09-01
10760,2282,COURSE84,Quiz,82.0,2021-10-30
10761,2748,COURSE141,Quiz,56.0,2023-06-02
10762,2403,COURSE68,Midterm,99.0,2021-01-23
10763,2990,COURSE91,Midterm,74.0,2023-09-24
10764,1698,COURSE133,Midterm,90.0,2024-11-17
10765,2372,COURSE107,Quiz,93.0,2021-08-27
10766,2835,COURSE150,Final Exam,85.0,2022-05-12
10767,2653,COURSE149,Assignment,84.0,2023-08-03
10768,2402,COURSE147,Assignment,82.0,2020-01-31
10769,2215,COURSE123,Assignment,75.0,2022-11-01
10770,1588,COURSE114,Midterm,100.0,2023-07-13
10771,2931,COURSE84,Final Exam,83.0,2022-02-01
10772,2158,COURSE99,Quiz,69.0,2020-07-10
10773,2961,COURSE96,Midterm,97.0,2020-05-18
10774,2190,COURSE74,Midterm,72.0,2020-08-06
10775,2822,COURSE130,Midterm,81.0,2021-04-25
10776,2684,COURSE137,Midterm,63.0,2020-07-01
10777,1091,COURSE51,Quiz,80.0,2022-02-18
10778,2679,COURSE84,Quiz,83.0,2023-12-04
10779,1085,COURSE118,Final Exam,91.0,2023-12-14
10780,1751,COURSE147,Quiz,100.0,2024-09-23
10781,1813,COURSE113,Final Exam,60.0,2023-11-22
10782,2520,COURSE149,Final Exam,69.0,2022-01-30
10783,1097,COURSE104,Assignment,70.0,2020-01-23
10784,1502,COURSE77,Midterm,73.0,2024-06-23
10785,1506,COURSE59,Quiz,80.0,2023-08-01
10786,2149,COURSE120,Assignment,77.0,2022-12-10
10787,1913,COURSE58,Final Exam,86.0,2023-03-22
10788,2620,COURSE57,Quiz,99.0,2024-09-17
10789,2614,COURSE68,Final Exam,100.0,2020-01-08
10790,1051,COURSE72,Final Exam,70.0,2020-04-23
10791,2456,COURSE99,Midterm,79.0,2024-01-07
10792,1293,COURSE150,Assignment,68.0,2022-01-10
10793,2665,COURSE109,Final Exam,70.0,2022-11-03
10794,2163,COURSE143,Midterm,91.0,2023-10-18
10795,1137,COURSE79,Quiz,78.0,2023-09-10
10796,2894,COURSE107,Midterm,88.0,2021-10-07
10797,1739,COURSE56,Final Exam,97.0,2022-02-06
10798,1524,COURSE78,Final Exam,78.0,2022-07-03
10799,2421,COURSE76,Assignment,85.0,2020-02-13
10800,1848,COURSE101,Quiz,82.0,2022-06-14
10801,2528,COURSE112,Assignment,75.0,2021-07-07
10802,1789,COURSE121,Midterm,74.0,2024-10-31
10803,2349,COURSE91,Quiz,66.0,2021-11-05
10804,1293,COURSE80,Final Exam,88.0,2024-09-02
10805,1046,COURSE128,Assignment,85.0,2021-11-29
10806,1779,COURSE141,Quiz,79.0,2023-07-18
10807,1827,COURSE125,Midterm,88.0,2020-01-01
10808,2025,COURSE104,Midterm,97.0,2021-04-07
10809,2496,COURSE130,Final Exam,81.0,2022-01-29
10810,2865,COURSE119,Assignment,81.0,2024-09-28
10811,2200,COURSE97,Midterm,66.0,2023-07-18
10812,1948,COURSE75,Midterm,86.0,2021-12-24
10813,1406,COURSE82,Quiz,67.0,2023-12-12
10814,2036,COURSE103,Final Exam,82.0,2024-09-10
10815,1569,COURSE132,Quiz,84.0,2023-11-14
10816,1998,COURSE111,Quiz,83.0,2023-08-14
10817,2078,COURSE134,Midterm,92.0,2022-01-11
10818,1577,COURSE127,Midterm,100.0,2024-11-17
10819,2738,COURSE68,Final Exam,83.0,2023-07-14
10820,1388,COURSE93,Final Exam,89.0,2020-01-12
10821,1643,COURSE136,Final Exam,79.0,2021-09-20
10822,1350,COURSE69,Assignment,85.0,2020-11-29
10823,1067,COURSE115,Assignment,82.0,2021-08-04
10824,2200,COURSE79,Final Exam,84.0,2022-10-16
10825,1735,COURSE60,Final Exam,60.0,2023-12-14
10826,2151,COURSE75,Quiz,59.0,2024-09-23
10827,1124,COURSE104,Midterm,60.0,2023-11-16
10828,1824,COURSE98,Midterm,64.0,2021-01-22
10829,1005,COURSE71,Quiz,93.0,2024-04-26
10830,2747,COURSE102,Assignment,74.0,2023-01-06
10831,2637,COURSE95,Quiz,68.0,2021-07-14
10832,1302,COURSE59,Assignment,76.0,2020-11-29
10833,2181,COURSE58,Final Exam,91.0,2021-03-12
10834,1698,COURSE61,Final Exam,67.0,2023-09-22
10835,2806,COURSE87,Midterm,95.0,2022-02-22
10836,1637,COURSE123,Assignment,76.0,2023-03-27
10837,1675,COURSE145,Final Exam,61.0,2024-04-14
10838,1623,COURSE76,Midterm,74.0,2022-09-12
10839,2924,COURSE122,Final Exam,86.0,2024-06-12
10840,1221,COURSE51,Midterm,91.0,2023-06-11
10841,1697,COURSE110,Midterm,94.0,2022-02-14
10842,1825,COURSE109,Quiz,98.0,2021-06-25
10843,2050,COURSE122,Final Exam,62.0,2023-03-25
10844,2220,COURSE120,Final Exam,82.0,2022-11-27
10845,1054,COURSE54,Midterm,89.0,2022-01-08
10846,1484,COURSE88,Assignment,88.0,2021-05-09
10847,2690,COURSE54,Assignment,82.0,2020-11-08
10848,1669,COURSE85,Quiz,51.0,2020-06-04
10849,1524,COURSE77,Assignment,71.0,2022-10-26
10850,1717,COURSE107,Final Exam,76.0,2024-12-26
10851,1649,COURSE73,Assignment,62.0,2023-09-13
10852,1595,COURSE77,Quiz,59.0,2020-03-16
10853,1006,COURSE112,Assignment,78.0,2020-05-17
10854,2879,COURSE62,Midterm,79.0,2022-03-04
10855,2074,COURSE130,Final Exam,77.0,2023-03-07
10856,1311,COURSE94,Quiz,82.0,2024-06-19
10857,2301,COURSE146,Assignment,71.0,2022-01-07
10858,2494,COURSE120,Assignment,58.0,2023-12-19
10859,2846,COURSE65,Assignment,94.0,2024-11-30
10860,2152,COURSE92,Midterm,75.0,2020-02-02
10861,2128,COURSE142,Midterm,89.0,2021-06-16
10862,2978,COURSE111,Assignment,81.0,2021-10-04
10863,1982,COURSE83,Assignment,70.0,2020-01-12
10864,2457,COURSE109,Quiz,73.0,2020-02-20
10865,1869,COURSE85,Midterm,87.0,2020-03-17
10866,1394,COURSE82,Midterm,72.0,2024-06-13
10867,2686,COURSE132,Midterm,98.0,2021-11-16
10868,1784,COURSE80,Assignment,71.0,2024-04-04
10869,1712,COURSE105,Assignment,67.0,2020-04-21
10870,2770,COURSE58,Assignment,89.0,2022-11-17
10871,2242,COURSE95,Assignment,70.0,2022-06-16
10872,1134,COURSE63,Assignment,69.0,2021-02-06
10873,1011,COURSE60,Assignment,81.0,2023-08-16
10874,1175,COURSE139,Quiz,96.0,2020-10-07
10875,2252,COURSE116,Quiz,91.0,2020-08-20
10876,2081,COURSE120,Final Exam,76.0,2020-07-07
10877,1950,COURSE116,Quiz,73.0,2021-08-21
10878,1099,COURSE113,Final Exam,85.0,2022-01-20
10879,2679,COURSE95,Assignment,73.0,2021-06-20
10880,1683,COURSE95,Quiz,61.0,2023-10-16
10881,2888,COURSE85,Assignment,90.0,2022-08-03
10882,2860,COURSE55,Midterm,74.0,2024-02-06
10883,2720,COURSE135,Midterm,56.0,2020-10-26
10884,2076,COURSE123,Assignment,93.0,2022-07-31
10885,2005,COURSE51,Assignment,74.0,2023-03-31
10886,2178,COURSE141,Final Exam,77.0,2020-02-24
10887,1137,COURSE100,Midterm,88.0,2024-09-04
10888,1409,COURSE111,Midterm,86.0,2022-02-17
10889,1142,COURSE72,Final Exam,81.0,2020-01-21
10890,1840,COURSE140,Quiz,57.0,2023-06-01
10891,1871,COURSE119,Midterm,81.0,2023-05-22
10892,2510,COURSE69,Quiz,70.0,2024-02-16
10893,1800,COURSE147,Quiz,72.0,2020-08-26
10894,1062,COURSE60,Quiz,98.0,2020-08-23
10895,1279,COURSE124,Midterm,88.0,2024-06-04
10896,2479,COURSE82,Assignment,100.0,2024-07-27
10897,1345,COURSE131,Quiz,49.0,2020-06-11
10898,1379,COURSE108,Final Exam,92.0,2021-12-29
10899,2511,COURSE87,Assignment,80.0,2024-05-03
10900,1585,COURSE71,Final Exam,84.0,2021-08-29
10901,1870,COURSE124,Final Exam,77.0,2020-02-03
10902,2453,COURSE127,Assignment,74.0,2024-10-15
10903,2393,COURSE135,Quiz,86.0,2024-03-19
10904,2286,COURSE90,Midterm,98.0,2020-09-15
10905,2407,COURSE90,Assignment,98.0,2021-08-29
10906,1411,COURSE58,Final Exam,82.0,2023-08-04
10907,1723,COURSE57,Assignment,79.0,2024-08-09
10908,2494,COURSE128,Midterm,74.0,2022-08-25
10909,2951,COURSE71,Assignment,81.0,2024-10-02
10910,1999,COURSE65,Final Exam,83.0,2024-01-31
10911,2980,COURSE118,Midterm,77.0,2021-09-28
10912,2494,COURSE71,Midterm,76.0,2022-05-07
10913,1248,COURSE125,Assignment,84.0,2020-12-17
10914,2754,COURSE58,Final Exam,78.0,2020-09-15
10915,1628,COURSE115,Final Exam,78.0,2021-11-18
10916,2536,COURSE104,Quiz,81.0,2024-06-08
10917,1830,COURSE85,Assignment,84.0,2020-04-06
10918,1379,COURSE83,Quiz,86.0,2024-05-11
10919,2174,COURSE142,Final Exam,76.0,2024-02-29
10920,1323,COURSE111,Quiz,74.0,2021-11-25
10921,1341,COURSE113,Final Exam,78.0,2020-04-28
10922,1045,COURSE129,Quiz,94.0,2021-05-23
10923,1652,COURSE118,Quiz,85.0,2021-03-25
10924,1545,COURSE117,Midterm,95.0,2022-05-22
10925,1162,COURSE76,Final Exam,90.0,2023-02-01
10926,2958,COURSE103,Assignment,75.0,2021-04-05
10927,2101,COURSE71,Assignment,66.0,2024-03-16
10928,2381,COURSE108,Quiz,68.0,2022-08-01
10929,1294,COURSE70,Midterm,91.0,2020-12-16
10930,2475,COURSE97,Midterm,73.0,2020-10-22
10931,2860,COURSE110,Midterm,67.0,2021-11-18
10932,1227,COURSE51,Midterm,66.0,2024-08-15
10933,1409,COURSE124,Quiz,83.0,2021-02-27
10934,2017,COURSE67,Final Exam,100.0,2020-07-26
10935,1847,COURSE129,Assignment,78.0,2022-05-19
10936,1567,COURSE97,Final Exam,100.0,2023-05-06
10937,2475,COURSE124,Quiz,69.0,2021-03-16
10938,2243,COURSE139,Final Exam,76.0,2024-04-26
10939,1957,COURSE73,Midterm,79.0,2022-09-16
10940,1891,COURSE122,Quiz,92.0,2023-05-28
10941,2373,COURSE60,Quiz,64.0,2020-04-05
10942,2829,COURSE108,Assignment,83.0,2024-03-18
10943,2315,COURSE128,Final Exam,80.0,2022-08-15
10944,2443,COURSE84,Assignment,80.0,2022-10-17
10945,1395,COURSE115,Midterm,83.0,2024-07-19
10946,2213,COURSE140,Quiz,82.0,2024-04-14
10947,1667,COURSE126,Assignment,64.0,2020-01-29
10948,1543,COURSE57,Midterm,58.0,2020-10-01
10949,1232,COURSE131,Quiz,69.0,2023-08-08
10950,1787,COURSE127,Final Exam,92.0,2023-06-26
10951,2220,COURSE129,Quiz,77.0,2020-04-09
10952,1250,COURSE128,Final Exam,82.0,2021-11-29
10953,2389,COURSE74,Quiz,100.0,2024-01-02
10954,2387,COURSE113,Assignment,88.0,2024-04-11
10955,2305,COURSE86,Midterm,70.0,2021-01-02
10956,1611,COURSE110,Quiz,70.0,2021-10-27
10957,2327,COURSE148,Final Exam,92.0,2021-11-12
10958,1641,COURSE75,Final Exam,87.0,2024-01-30
10959,2615,COURSE132,Assignment,78.0,2023-08-27
10960,2257,COURSE145,Final Exam,83.0,2021-06-11
10961,1821,COURSE140,Midterm,68.0,2022-01-25
10962,1972,COURSE56,Quiz,83.0,2020-12-06
10963,2578,COURSE103,Final Exam,100.0,2022-07-20
10964,2944,COURSE134,Midterm,59.0,2023-06-24
10965,1444,COURSE51,Quiz,74.0,2024-12-15
10966,2372,COURSE106,Quiz,70.0,2024-08-22
10967,2800,COURSE70,Midterm,76.0,2021-08-29
10968,1029,COURSE126,Assignment,87.0,2020-09-15
10969,1536,COURSE103,Quiz,69.0,2022-06-06
10970,2684,COURSE126,Final Exam,95.0,2020-07-30
10971,1208,COURSE53,Assignment,81.0,2023-11-05
10972,2365,COURSE111,Midterm,62.0,2024-06-04
10973,1658,COURSE137,Assignment,84.0,2024-09-30
10974,2096,COURSE60,Final Exam,66.0,2022-06-16
10975,1884,COURSE89,Assignment,96.0,2020-02-17
10976,1107,COURSE106,Midterm,53.0,2022-12-16
10977,1154,COURSE96,Final Exam,87.0,2021-12-03
10978,1373,COURSE135,Quiz,84.0,2021-01-30
10979,1653,COURSE110,Midterm,92.0,2024-08-15
10980,2671,COURSE130,Final Exam,92.0,2023-08-24
10981,1449,COURSE54,Midterm,89.0,2022-11-27
10982,2161,COURSE113,Final Exam,88.0,2023-01-18
10983,2030,COURSE78,Midterm,89.0,2022-06-20
10984,2431,COURSE131,Midterm,66.0,2021-07-04
10985,1209,COURSE146,Quiz,61.0,2022-06-30
10986,1988,COURSE130,Assignment,76.0,2024-09-21
10987,2558,COURSE131,Quiz,76.0,2024-08-09
10988,1775,COURSE118,Midterm,96.0,2023-11-21
10989,1368,COURSE146,Assignment,86.0,2024-07-26
10990,1783,COURSE68,Quiz,80.0,2023-03-13
10991,2538,COURSE98,Quiz,72.0,2024-11-18
10992,2257,COURSE102,Midterm,97.0,2021-05-09
10993,2622,COURSE82,Midterm,68.0,2021-11-08
10994,2468,COURSE135,Final Exam,69.0,2020-08-16
10995,1159,COURSE100,Quiz,74.0,2024-03-03
10996,1591,COURSE72,Assignment,78.0,2020-07-04
10997,2055,COURSE127,Final Exam,88.0,2022-06-16
10998,2205,COURSE147,Final Exam,59.0,2023-04-09
10999,1156,COURSE133,Final Exam,100.0,2022-11-14
11000,1781,COURSE138,Midterm,78.0,2021-01-29
11001,2401,COURSE93,Final Exam,84.0,2023-12-09
11002,2885,COURSE134,Final Exam,75.0,2024-09-29
11003,1923,COURSE64,Final Exam,42.0,2023-08-15
11004,1072,COURSE90,Quiz,100.0,2021-01-09
11005,2349,COURSE110,Final Exam,71.0,2021-09-07
11006,2194,COURSE53,Assignment,69.0,2023-09-09
11007,2431,COURSE94,Midterm,72.0,2021-02-20
11008,1096,COURSE57,Final Exam,64.0,2020-08-18
11009,2573,COURSE147,Midterm,75.0,2024-02-15
11010,1641,COURSE145,Assignment,86.0,2024-03-17
11011,2054,COURSE70,Midterm,86.0,2021-01-30
11012,1399,COURSE145,Quiz,73.0,2020-11-04
11013,1952,COURSE145,Midterm,85.0,2022-11-04
11014,2599,COURSE117,Quiz,68.0,2021-10-16
11015,2913,COURSE142,Assignment,89.0,2023-02-27
11016,2710,COURSE82,Midterm,67.0,2022-12-20
11017,2773,COURSE81,Assignment,100.0,2023-08-29
11018,2633,COURSE125,Quiz,84.0,2020-10-09
11019,1446,COURSE63,Assignment,68.0,2023-09-23
11020,2384,COURSE54,Assignment,80.0,2024-04-02
11021,2762,COURSE57,Assignment,76.0,2024-04-05
11022,2815,COURSE106,Final Exam,86.0,2021-06-01
11023,2893,COURSE118,Final Exam,76.0,2023-02-26
11024,1868,COURSE147,Final Exam,58.0,2021-09-23
11025,2018,COURSE112,Assignment,89.0,2020-01-20
11026,2695,COURSE137,Quiz,97.0,2021-12-05
11027,2380,COURSE72,Assignment,100.0,2021-06-10
11028,2423,COURSE84,Quiz,76.0,2020-09-24
11029,1628,COURSE145,Assignment,82.0,2023-12-30
11030,2971,COURSE68,Midterm,73.0,2020-04-16
11031,2370,COURSE108,Assignment,68.0,2022-12-13
11032,1107,COURSE115,Midterm,71.0,2023-07-06
11033,1505,COURSE72,Assignment,79.0,2020-01-13
11034,1355,COURSE66,Midterm,84.0,2023-06-03
11035,2667,COURSE72,Assignment,58.0,2020-01-05
11036,2361,COURSE65,Final Exam,55.0,2024-09-14
11037,1793,COURSE138,Final Exam,92.0,2024-01-21
11038,2886,COURSE140,Assignment,78.0,2021-08-01
11039,2700,COURSE134,Assignment,89.0,2020-04-08
11040,2962,COURSE70,Final Exam,68.0,2024-11-14
11041,2036,COURSE119,Final Exam,76.0,2021-01-14
11042,2539,COURSE63,Quiz,72.0,2021-09-20
11043,1945,COURSE88,Quiz,87.0,2022-07-26
11044,2632,COURSE114,Quiz,95.0,2021-10-17
11045,1378,COURSE131,Assignment,55.0,2021-10-06
11046,1782,COURSE142,Quiz,90.0,2023-11-29
11047,1811,COURSE147,Assignment,77.0,2023-05-11
11048,1985,COURSE147,Assignment,76.0,2021-11-07
11049,2306,COURSE102,Final Exam,85.0,2020-05-29
11050,2911,COURSE129,Assignment,70.0,2021-11-03
11051,1355,COURSE137,Quiz,82.0,2022-12-07
11052,2314,COURSE122,Midterm,91.0,2023-02-17
11053,1119,COURSE77,Final Exam,75.0,2022-05-14
11054,2555,COURSE88,Midterm,97.0,2024-11-30
11055,2800,COURSE150,Midterm,77.0,2024-03-18
11056,2957,COURSE61,Assignment,88.0,2024-01-14
11057,2417,COURSE99,Quiz,67.0,2022-08-03
11058,2052,COURSE63,Midterm,81.0,2023-08-15
11059,2815,COURSE65,Quiz,84.0,2021-03-25
11060,1656,COURSE100,Final Exam,66.0,2021-05-31
11061,2786,COURSE133,Final Exam,73.0,2020-05-22
11062,1683,COURSE66,Final Exam,73.0,2024-07-17
11063,2698,COURSE108,Quiz,89.0,2023-04-14
11064,2245,COURSE146,Quiz,71.0,2022-05-29
11065,1738,COURSE96,Midterm,74.0,2023-09-27
11066,2150,COURSE111,Final Exam,85.0,2020-10-14
11067,2126,COURSE131,Quiz,65.0,2020-04-25
11068,1916,COURSE133,Final Exam,71.0,2021-03-11
11069,1486,COURSE84,Quiz,68.0,2020-01-12
11070,2207,COURSE119,Quiz,84.0,2020-04-18
11071,2719,COURSE77,Midterm,79.0,2024-09-11
11072,1324,COURSE69,Final Exam,73.0,2023-09-04
11073,2822,COURSE76,Assignment,90.0,2023-11-14
11074,2875,COURSE141,Final Exam,61.0,2023-02-09
11075,2228,COURSE110,Final Exam,78.0,2024-04-01
11076,1337,COURSE70,Quiz,91.0,2022-06-03
11077,2204,COURSE134,Quiz,81.0,2022-11-11
11078,2989,COURSE140,Assignment,84.0,2022-05-11
11079,2829,COURSE88,Quiz,86.0,2020-01-18
11080,2840,COURSE98,Final Exam,82.0,2024-07-05
11081,2766,COURSE111,Assignment,64.0,2024-02-18
11082,1924,COURSE97,Final Exam,80.0,2022-02-13
11083,1620,COURSE89,Assignment,82.0,2022-12-26
11084,1058,COURSE137,Assignment,79.0,2021-08-19
11085,1258,COURSE107,Midterm,91.0,2024-05-20
11086,2401,COURSE84,Quiz,87.0,2020-05-09
11087,1267,COURSE82,Midterm,67.0,2024-06-26
11088,2631,COURSE72,Midterm,65.0,2024-10-27
11089,1132,COURSE132,Quiz,61.0,2022-02-25
11090,2023,COURSE115,Midterm,78.0,2024-11-19
11091,2952,COURSE58,Assignment,73.0,2024-01-22
11092,1454,COURSE88,Midterm,90.0,2021-08-13
11093,2406,COURSE107,Final Exam,83.0,2020-01-04
11094,1727,COURSE93,Midterm,71.0,2023-01-14
11095,2784,COURSE76,Quiz,72.0,2021-05-14
11096,2865,COURSE132,Midterm,56.0,2020-01-16
11097,1420,COURSE133,Final Exam,86.0,2023-06-05
11098,2210,COURSE86,Assignment,48.0,2023-04-09
11099,2602,COURSE79,Assignment,79.0,2022-01-29
11100,1108,COURSE70,Quiz,93.0,2020-12-14
11101,2240,COURSE97,Midterm,84.0,2022-07-30
11102,2852,COURSE144,Final Exam,84.0,2023-09-04
11103,1471,COURSE128,Final Exam,80.0,2022-02-19
11104,1716,COURSE73,Quiz,70.0,2022-01-06
11105,2764,COURSE125,Assignment,60.0,2024-07-22
11106,2719,COURSE77,Assignment,65.0,2021-10-28
11107,1280,COURSE105,Final Exam,81.0,2020-09-15
11108,2295,COURSE87,Quiz,64.0,2024-04-07
11109,1558,COURSE118,Midterm,100.0,2022-05-15
11110,2018,COURSE98,Midterm,90.0,2020-12-13
11111,2738,COURSE69,Quiz,94.0,2021-07-13
11112,1432,COURSE63,Midterm,57.0,2024-04-01
11113,1882,COURSE98,Final Exam,91.0,2022-08-04
11114,2478,COURSE111,Final Exam,80.0,2021-07-05
11115,1682,COURSE63,Midterm,58.0,2023-06-24
11116,2972,COURSE143,Final Exam,74.0,2020-04-04
11117,2385,COURSE61,Final Exam,87.0,2020-08-10
11118,2674,COURSE94,Assignment,72.0,2020-10-20
11119,2496,COURSE88,Midterm,75.0,2024-01-05
11120,1497,COURSE62,Final Exam,73.0,2023-05-21
11121,1722,COURSE126,Quiz,75.0,2023-04-02
11122,1255,COURSE119,Quiz,96.0,2023-12-19
11123,2106,COURSE82,Quiz,87.0,2021-04-23
11124,1454,COURSE120,Quiz,74.0,2024-10-15
11125,1274,COURSE54,Assignment,92.0,2020-03-12
11126,2917,COURSE80,Assignment,99.0,2024-11-07
11127,2070,COURSE52,Midterm,83.0,2023-09-20
11128,1365,COURSE89,Quiz,70.0,2022-03-22
11129,1495,COURSE142,Final Exam,75.0,2022-08-14
11130,2906,COURSE99,Midterm,98.0,2021-02-27
11131,2218,COURSE51,Quiz,83.0,2020-10-06
11132,2617,COURSE53,Assignment,80.0,2023-11-16
11133,2496,COURSE55,Quiz,94.0,2024-10-29
11134,1865,COURSE105,Midterm,89.0,2020-06-02
11135,1100,COURSE118,Quiz,76.0,2022-02-08
11136,2431,COURSE149,Final Exam,100.0,2021-05-16
11137,1838,COURSE76,Midterm,79.0,2024-08-21
11138,1924,COURSE64,Quiz,62.0,2022-08-06
11139,1405,COURSE76,Midterm,77.0,2024-06-16
11140,2220,COURSE102,Quiz,80.0,2023-06-08
11141,2002,COURSE137,Assignment,76.0,2024-10-26
11142,2013,COURSE139,Assignment,90.0,2021-06-18
11143,1736,COURSE101,Quiz,85.0,2021-11-01
11144,1627,COURSE118,Quiz,52.0,2020-11-01
11145,1230,COURSE74,Midterm,71.0,2021-05-23
11146,2183,COURSE52,Assignment,76.0,2020-06-19
11147,2406,COURSE52,Quiz,96.0,2021-10-23
11148,2720,COURSE128,Final Exam,83.0,2023-11-30
11149,1621,COURSE72,Quiz,91.0,2024-05-16
11150,2521,COURSE86,Final Exam,71.0,2021-07-21
11151,2157,COURSE109,Assignment,63.0,2021-01-14
11152,2192,COURSE69,Midterm,72.0,2021-10-09
11153,2533,COURSE76,Quiz,53.0,2023-03-16
11154,1660,COURSE63,Quiz,66.0,2024-06-17
11155,1952,COURSE109,Quiz,88.0,2023-05-13
11156,1993,COURSE75,Assignment,87.0,2024-06-03
11157,2000,COURSE67,Assignment,98.0,2021-10-11
11158,1898,COURSE52,Quiz,94.0,2020-03-10
11159,2150,COURSE109,Assignment,63.0,2024-02-23
11160,1331,COURSE87,Final Exam,89.0,2021-09-05
11161,2823,COURSE146,Final Exam,66.0,2023-07-07
11162,2701,COURSE87,Midterm,95.0,2022-03-16
11163,2659,COURSE69,Final Exam,62.0,2020-10-01
11164,1164,COURSE110,Quiz,83.0,2022-02-14
11165,2295,COURSE109,Quiz,96.0,2020-04-24
11166,2558,COURSE81,Quiz,68.0,2020-05-05
11167,2061,COURSE93,Quiz,67.0,2020-03-06
11168,1475,COURSE62,Quiz,79.0,2024-07-23
11169,2133,COURSE95,Quiz,68.0,2023-07-17
11170,1723,COURSE147,Final Exam,84.0,2021-04-03
11171,1220,COURSE145,Final Exam,81.0,2022-11-13
11172,2455,COURSE102,Midterm,70.0,2024-03-10
11173,1777,COURSE77,Final Exam,83.0,2022-10-31
11174,2876,COURSE132,Assignment,72.0,2023-06-03
11175,2372,COURSE86,Assignment,71.0,2020-07-21
11176,1377,COURSE60,Assignment,90.0,2024-07-20
11177,2473,COURSE98,Final Exam,85.0,2024-01-15
11178,1600,COURSE122,Quiz,70.0,2024-02-04
11179,2239,COURSE136,Midterm,73.0,2024-04-26
11180,1325,COURSE83,Midterm,83.0,2021-02-01
11181,1362,COURSE145,Final Exam,92.0,2024-06-18
11182,2073,COURSE143,Midterm,78.0,2024-06-03
11183,1124,COURSE69,Quiz,77.0,2022-02-27
11184,1326,COURSE91,Quiz,81.0,2022-09-01
11185,2237,COURSE125,Final Exam,98.0,2023-03-03
11186,1100,COURSE150,Quiz,70.0,2021-09-17
11187,1680,COURSE57,Assignment,71.0,2020-12-27
11188,1718,COURSE73,Assignment,84.0,2023-08-20
11189,2960,COURSE143,Final Exam,100.0,2020-06-18
11190,2691,COURSE97,Final Exam,76.0,2022-08-23
11191,2879,COURSE76,Midterm,84.0,2021-12-16
11192,2754,COURSE80,Assignment,96.0,2020-12-07
11193,2619,COURSE82,Assignment,99.0,2021-11-24
11194,2220,COURSE136,Assignment,77.0,2020-01-18
11195,1498,COURSE101,Midterm,88.0,2020-09-10
11196,1615,COURSE74,Final Exam,54.0,2020-12-16
11197,1116,COURSE56,Final Exam,96.0,2023-05-14
11198,2251,COURSE92,Midterm,90.0,2021-04-14
11199,1166,COURSE100,Assignment,72.0,2024-12-17
11200,2411,COURSE86,Quiz,93.0,2021-07-23
11201,2893,COURSE72,Assignment,80.0,2021-09-21
11202,2937,COURSE144,Assignment,72.0,2022-11-06
11203,2674,COURSE88,Quiz,95.0,2021-01-06
11204,1734,COURSE52,Assignment,60.0,2024-05-06
11205,1615,COURSE148,Quiz,73.0,2023-01-06
11206,2714,COURSE120,Assignment,69.0,2021-09-08
11207,1066,COURSE87,Midterm,92.0,2021-02-25
11208,1582,COURSE108,Quiz,74.0,2021-09-15
11209,2280,COURSE138,Midterm,82.0,2020-04-23
11210,2480,COURSE101,Quiz,96.0,2021-02-16
11211,2083,COURSE84,Final Exam,65.0,2022-10-21
11212,1242,COURSE136,Final Exam,76.0,2022-06-04
11213,1504,COURSE115,Assignment,74.0,2024-11-10
11214,1648,COURSE136,Quiz,94.0,2023-11-24
11215,1991,COURSE106,Assignment,77.0,2021-07-09
11216,2257,COURSE131,Quiz,88.0,2020-07-05
11217,1856,COURSE126,Midterm,85.0,2022-02-16
11218,2009,COURSE150,Assignment,70.0,2022-08-07
11219,2187,COURSE138,Midterm,83.0,2023-05-16
11220,2484,COURSE115,Assignment,67.0,2022-10-15
11221,2978,COURSE84,Assignment,68.0,2024-06-09
11222,2803,COURSE62,Midterm,81.0,2020-11-16
11223,1574,COURSE85,Quiz,82.0,2023-04-17
11224,2641,COURSE128,Final Exam,90.0,2023-03-12
11225,2072,COURSE108,Assignment,70.0,2023-12-04
11226,1631,COURSE135,Assignment,89.0,2020-09-16
11227,1503,COURSE117,Assignment,69.0,2024-04-15
11228,2201,COURSE54,Quiz,54.0,2024-11-01
11229,1076,COURSE59,Midterm,92.0,2022-01-20
11230,2276,COURSE119,Midterm,96.0,2023-01-06
11231,2130,COURSE129,Midterm,96.0,2023-05-15
11232,1090,COURSE122,Quiz,92.0,2024-09-15
11233,2234,COURSE129,Midterm,76.0,2023-11-27
11234,1189,COURSE111,Midterm,62.0,2022-09-10
11235,2573,COURSE116,Final Exam,82.0,2024-06-28
11236,2087,COURSE100,Quiz,73.0,2023-05-19
11237,1135,COURSE107,Midterm,66.0,2021-12-21
11238,2633,COURSE121,Assignment,69.0,2020-07-25
11239,1600,COURSE139,Assignment,84.0,2023-02-23
11240,1710,COURSE57,Assignment,59.0,2020-03-01
11241,2218,COURSE71,Midterm,100.0,2021-09-12
11242,2822,COURSE126,Assignment,66.0,2020-05-25
11243,1468,COURSE70,Assignment,77.0,2021-05-15
11244,1106,COURSE125,Quiz,67.0,2022-09-30
11245,1670,COURSE147,Quiz,85.0,2023-01-15
11246,1152,COURSE80,Final Exam,94.0,2022-05-24
11247,2192,COURSE79,Assignment,79.0,2021-12-27
11248,2091,COURSE124,Midterm,91.0,2020-06-15
11249,1710,COURSE98,Midterm,78.0,2024-04-28
11250,2953,COURSE150,Assignment,96.0,2022-01-19
11251,1153,COURSE70,Quiz,73.0,2024-03-31
11252,2104,COURSE73,Quiz,74.0,2021-02-01
11253,2600,COURSE63,Assignment,77.0,2020-02-06
11254,1203,COURSE73,Final Exam,85.0,2024-02-03
11255,2966,COURSE146,Assignment,70.0,2020-07-10
11256,2217,COURSE133,Quiz,89.0,2021-07-10
11257,1585,COURSE51,Midterm,71.0,2021-08-20
11258,2502,COURSE54,Midterm,74.0,2023-05-19
11259,2257,COURSE105,Quiz,88.0,2024-02-10
11260,1890,COURSE98,Final Exam,78.0,2021-12-02
11261,2255,COURSE92,Midterm,81.0,2024-07-28
11262,2157,COURSE140,Assignment,76.0,2020-02-16
11263,1963,COURSE55,Final Exam,77.0,2021-05-12
11264,2871,COURSE63,Quiz,70.0,2022-08-01
11265,2021,COURSE66,Final Exam,94.0,2021-07-06
11266,1614,COURSE92,Midterm,100.0,2023-08-04
11267,1211,COURSE120,Final Exam,75.0,2021-07-26
11268,1605,COURSE140,Midterm,93.0,2020-09-08
11269,1640,COURSE89,Assignment,71.0,2021-05-14
11270,2638,COURSE79,Assignment,92.0,2024-03-24
11271,2122,COURSE147,Midterm,56.0,2020-02-28
11272,1482,COURSE60,Assignment,73.0,2021-03-08
11273,2321,COURSE116,Final Exam,90.0,2024-07-27
11274,2408,COURSE106,Final Exam,88.0,2021-04-25
11275,1371,COURSE72,Midterm,70.0,2022-11-03
11276,1023,COURSE83,Midterm,67.0,2020-04-21
11277,1964,COURSE64,Midterm,78.0,2024-07-30
11278,2130,COURSE127,Midterm,84.0,2020-10-10
11279,2141,COURSE128,Final Exam,92.0,2024-12-20
11280,2957,COURSE90,Assignment,70.0,2023-01-07
11281,1519,COURSE84,Midterm,77.0,2023-06-12
11282,2263,COURSE135,Midterm,72.0,2024-09-21
11283,1107,COURSE105,Assignment,72.0,2022-10-19
11284,2271,COURSE108,Quiz,91.0,2021-04-03
11285,1916,COURSE76,Assignment,75.0,2023-07-15
11286,1679,COURSE70,Final Exam,100.0,2021-07-18
11287,1477,COURSE98,Final Exam,92.0,2021-02-20
11288,1679,COURSE136,Quiz,100.0,2021-01-28
11289,2763,COURSE73,Midterm,81.0,2020-08-25
11290,2581,COURSE52,Assignment,76.0,2024-06-24
11291,1505,COURSE117,Final Exam,71.0,2020-10-22
11292,1645,COURSE147,Midterm,79.0,2021-10-16
11293,1077,COURSE68,Quiz,79.0,2023-11-13
11294,1799,COURSE141,Quiz,86.0,2020-09-01
11295,2334,COURSE86,Final Exam,70.0,2022-06-25
11296,2323,COURSE51,Final Exam,67.0,2022-12-03
11297,2439,COURSE112,Final Exam,87.0,2023-01-22
11298,2815,COURSE106,Midterm,76.0,2023-10-14
11299,1717,COURSE90,Assignment,93.0,2020-11-27
11300,1366,COURSE116,Midterm,83.0,2022-11-18
11301,2345,COURSE131,Assignment,72.0,2021-12-19
11302,2447,COURSE111,Quiz,71.0,2024-09-23
11303,1569,COURSE97,Quiz,78.0,2021-10-09
11304,2261,COURSE53,Assignment,83.0,2021-07-24
11305,1777,COURSE132,Quiz,61.0,2024-04-26
11306,2560,COURSE85,Final Exam,72.0,2023-10-11
11307,1619,COURSE122,Quiz,83.0,2024-10-08
11308,1725,COURSE92,Midterm,66.0,2020-11-29
11309,2797,COURSE65,Midterm,100.0,2023-02-21
11310,1597,COURSE134,Quiz,82.0,2024-02-14
11311,1829,COURSE107,Quiz,67.0,2022-01-14
11312,2025,COURSE110,Quiz,81.0,2020-02-18
11313,1707,COURSE88,Midterm,71.0,2022-09-07
11314,1784,COURSE112,Midterm,66.0,2020-05-27
11315,2152,COURSE116,Assignment,82.0,2023-10-15
11316,2771,COURSE128,Midterm,93.0,2023-02-17
11317,1607,COURSE62,Midterm,73.0,2020-07-01
11318,1001,COURSE111,Midterm,83.0,2020-09-03
11319,2796,COURSE122,Final Exam,81.0,2022-07-26
11320,2133,COURSE78,Midterm,70.0,2021-08-10
11321,2569,COURSE107,Assignment,93.0,2024-10-17
11322,2075,COURSE83,Assignment,82.0,2023-09-25
11323,1906,COURSE88,Midterm,79.0,2023-06-01
11324,2355,COURSE140,Assignment,86.0,2023-12-22
11325,1574,COURSE149,Final Exam,71.0,2022-08-26
11326,1170,COURSE83,Final Exam,78.0,2024-07-12
11327,1716,COURSE51,Final Exam,83.0,2023-01-17
11328,1698,COURSE97,Assignment,58.0,2023-09-21
11329,1119,COURSE133,Midterm,67.0,2020-11-28
11330,1566,COURSE85,Midterm,44.0,2023-11-21
11331,1991,COURSE142,Final Exam,80.0,2022-07-27
11332,2529,COURSE79,Assignment,92.0,2020-12-12
11333,1240,COURSE102,Assignment,84.0,2023-08-18
11334,1751,COURSE65,Quiz,83.0,2021-04-15
11335,2347,COURSE109,Midterm,83.0,2021-03-25
11336,1456,COURSE103,Midterm,64.0,2021-02-01
11337,1349,COURSE119,Quiz,84.0,2020-11-18
11338,1240,COURSE116,Midterm,79.0,2022-03-25
11339,2173,COURSE52,Quiz,77.0,2021-07-21
11340,2825,COURSE57,Assignment,74.0,2020-02-10
11341,2437,COURSE128,Midterm,80.0,2020-02-20
11342,1574,COURSE83,Final Exam,90.0,2023-11-26
11343,2874,COURSE124,Final Exam,85.0,2024-08-11
11344,1623,COURSE141,Assignment,61.0,2024-11-09
11345,1168,COURSE119,Final Exam,81.0,2022-07-07
11346,1369,COURSE92,Assignment,65.0,2023-02-02
11347,1212,COURSE143,Final Exam,84.0,2022-08-07
11348,2533,COURSE66,Quiz,100.0,2020-07-09
11349,1216,COURSE91,Midterm,84.0,2021-09-10
11350,2040,COURSE133,Quiz,74.0,2021-01-12
11351,1212,COURSE71,Assignment,91.0,2024-10-12
11352,2911,COURSE125,Assignment,67.0,2020-02-17
11353,1076,COURSE111,Final Exam,59.0,2024-08-21
11354,2573,COURSE137,Quiz,62.0,2021-09-26
11355,1023,COURSE98,Assignment,87.0,2020-11-03
11356,1405,COURSE119,Assignment,88.0,2020-08-30
11357,1946,COURSE64,Quiz,76.0,2023-09-27
11358,2826,COURSE113,Midterm,87.0,2024-11-26
11359,1115,COURSE138,Midterm,90.0,2021-02-06
11360,2389,COURSE65,Quiz,82.0,2022-09-25
11361,1655,COURSE106,Quiz,67.0,2020-10-16
11362,1576,COURSE57,Quiz,67.0,2024-05-16
11363,2379,COURSE56,Midterm,93.0,2021-12-03
11364,1124,COURSE115,Quiz,92.0,2023-01-24
11365,1830,COURSE69,Quiz,87.0,2023-09-24
11366,2198,COURSE127,Assignment,78.0,2021-12-26
11367,1726,COURSE86,Midterm,82.0,2020-08-14
11368,2023,COURSE135,Final Exam,71.0,2024-11-16
11369,2219,COURSE89,Quiz,74.0,2024-06-04
11370,1366,COURSE106,Assignment,91.0,2021-09-03
11371,2767,COURSE124,Quiz,66.0,2022-09-05
11372,2178,COURSE117,Final Exam,82.0,2023-02-26
11373,2885,COURSE122,Midterm,98.0,2023-04-17
11374,1944,COURSE77,Quiz,89.0,2024-09-02
11375,1811,COURSE136,Midterm,75.0,2022-07-28
11376,1530,COURSE102,Final Exam,86.0,2024-07-21
11377,2552,COURSE52,Final Exam,68.0,2023-04-20
11378,2347,COURSE79,Final Exam,80.0,2023-10-09
11379,2704,COURSE73,Assignment,65.0,2022-07-22
11380,1973,COURSE74,Assignment,84.0,2024-04-14
11381,2136,COURSE130,Final Exam,80.0,2024-09-16
11382,1172,COURSE54,Midterm,74.0,2023-01-15
11383,1112,COURSE88,Assignment,83.0,2022-04-25
11384,1921,COURSE116,Final Exam,75.0,2020-10-29
11385,1378,COURSE107,Assignment,81.0,2024-12-10
11386,2577,COURSE109,Final Exam,80.0,2023-09-12
11387,1836,COURSE119,Midterm,86.0,2024-09-01
11388,1290,COURSE68,Final Exam,70.0,2024-05-21
11389,1569,COURSE126,Final Exam,100.0,2020-02-10
11390,2984,COURSE145,Quiz,93.0,2022-07-01
11391,2286,COURSE64,Assignment,93.0,2023-06-27
11392,1577,COURSE134,Quiz,71.0,2024-02-18
11393,1547,COURSE85,Assignment,60.0,2023-07-22
11394,2885,COURSE108,Assignment,57.0,2020-05-23
11395,1684,COURSE99,Quiz,76.0,2022-09-29
11396,2555,COURSE107,Quiz,94.0,2023-12-07
11397,2588,COURSE132,Midterm,100.0,2023-12-22
11398,1615,COURSE112,Midterm,84.0,2020-11-03
11399,1972,COURSE91,Final Exam,76.0,2023-03-03
11400,2787,COURSE138,Assignment,67.0,2021-11-21
11401,1533,COURSE109,Final Exam,92.0,2024-03-28
11402,2513,COURSE76,Assignment,79.0,2023-07-30
11403,2550,COURSE53,Quiz,69.0,2022-02-13
11404,2354,COURSE145,Assignment,78.0,2023-02-05
11405,1419,COURSE122,Quiz,88.0,2023-02-06
11406,1715,COURSE116,Assignment,64.0,2022-04-06
11407,2714,COURSE143,Midterm,75.0,2024-07-12
11408,1361,COURSE69,Midterm,79.0,2024-12-19
11409,2269,COURSE91,Quiz,77.0,2021-11-24
11410,1286,COURSE60,Quiz,72.0,2020-08-02
11411,1315,COURSE121,Final Exam,69.0,2020-12-23
11412,2941,COURSE138,Midterm,85.0,2024-11-23
11413,1132,COURSE75,Quiz,76.0,2021-01-01
11414,2124,COURSE61,Assignment,100.0,2022-10-25
11415,2300,COURSE72,Quiz,83.0,2023-08-02
11416,2741,COURSE51,Assignment,67.0,2023-08-09
11417,1007,COURSE96,Quiz,72.0,2020-06-12
11418,2284,COURSE110,Final Exam,61.0,2024-09-06
11419,1405,COURSE132,Midterm,75.0,2023-07-10
11420,2509,COURSE133,Quiz,97.0,2023-11-02
11421,2807,COURSE80,Final Exam,84.0,2020-08-11
11422,2675,COURSE115,Midterm,75.0,2020-05-03
11423,2468,COURSE126,Quiz,72.0,2022-07-16
11424,2458,COURSE63,Assignment,100.0,2021-01-31
11425,1801,COURSE143,Final Exam,75.0,2022-01-24
11426,1366,COURSE83,Midterm,87.0,2023-04-20
11427,1871,COURSE72,Quiz,100.0,2024-08-26
11428,1296,COURSE91,Final Exam,78.0,2023-10-15
11429,2461,COURSE114,Midterm,89.0,2021-01-03
11430,2378,COURSE116,Assignment,78.0,2023-08-05
11431,1109,COURSE61,Assignment,80.0,2022-04-09
11432,2039,COURSE53,Midterm,79.0,2023-07-06
11433,2896,COURSE81,Assignment,85.0,2020-02-22
11434,1620,COURSE139,Midterm,69.0,2023-02-12
11435,1072,COURSE123,Final Exam,83.0,2023-08-23
11436,1203,COURSE51,Midterm,71.0,2022-06-19
11437,2018,COURSE92,Final Exam,85.0,2023-08-14
11438,1531,COURSE113,Assignment,81.0,2023-10-20
11439,2604,COURSE62,Final Exam,87.0,2023-02-17
11440,1351,COURSE148,Midterm,80.0,2024-08-13
11441,2239,COURSE143,Assignment,77.0,2021-06-26
11442,1082,COURSE126,Assignment,71.0,2024-09-16
11443,1275,COURSE125,Final Exam,74.0,2020-06-15
11444,2881,COURSE89,Final Exam,71.0,2024-07-29
11445,2736,COURSE103,Midterm,85.0,2024-04-12
11446,2660,COURSE115,Assignment,69.0,2020-05-15
11447,1288,COURSE106,Quiz,78.0,2021-10-16
11448,1126,COURSE109,Midterm,83.0,2021-04-14
11449,2801,COURSE99,Quiz,80.0,2023-02-13
11450,2100,COURSE81,Assignment,83.0,2021-04-11
11451,2523,COURSE133,Midterm,74.0,2022-05-02
11452,1066,COURSE51,Quiz,76.0,2024-06-10
11453,2119,COURSE88,Midterm,96.0,2022-05-21
11454,1819,COURSE117,Final Exam,89.0,2020-05-01
11455,1526,COURSE121,Final Exam,84.0,2022-10-05
11456,1810,COURSE93,Final Exam,91.0,2021-08-27
11457,1768,COURSE111,Midterm,83.0,2023-04-26
11458,2429,COURSE123,Quiz,99.0,2022-04-26
11459,2679,COURSE87,Assignment,68.0,2022-02-12
11460,1659,COURSE56,Midterm,80.0,2022-09-18
11461,2381,COURSE147,Final Exam,60.0,2022-11-23
11462,1800,COURSE64,Midterm,61.0,2021-01-15
11463,2432,COURSE134,Midterm,77.0,2023-07-30
11464,2760,COURSE114,Quiz,83.0,2021-06-04
11465,1993,COURSE91,Quiz,83.0,2020-05-15
11466,1656,COURSE134,Quiz,73.0,2024-09-17
11467,1403,COURSE106,Final Exam,86.0,2024-09-24
11468,2105,COURSE88,Quiz,83.0,2020-02-17
11469,1144,COURSE84,Midterm,67.0,2024-02-10
11470,2033,COURSE74,Assignment,69.0,2023-02-18
11471,1137,COURSE150,Quiz,76.0,2021-04-29
11472,2030,COURSE125,Quiz,59.0,2022-08-03
11473,1206,COURSE117,Assignment,84.0,2023-08-02
11474,1792,COURSE113,Midterm,65.0,2021-01-18
11475,2520,COURSE131,Quiz,80.0,2023-10-18
11476,2347,COURSE114,Quiz,85.0,2023-01-27
11477,2150,COURSE136,Assignment,90.0,2022-12-23
11478,1507,COURSE144,Assignment,83.0,2020-12-02
11479,1195,COURSE70,Final Exam,81.0,2023-08-26
11480,2260,COURSE67,Midterm,100.0,2020-09-02
11481,1529,COURSE133,Midterm,94.0,2020-04-27
11482,2888,COURSE93,Assignment,71.0,2022-11-18
11483,1676,COURSE141,Final Exam,57.0,2023-08-01
11484,1955,COURSE120,Midterm,79.0,2022-08-01
11485,1886,COURSE146,Midterm,100.0,2023-09-06
11486,2928,COURSE146,Final Exam,79.0,2021-08-20
11487,1938,COURSE101,Assignment,100.0,2023-03-01
11488,2397,COURSE137,Final Exam,67.0,2022-07-04
11489,1068,COURSE119,Midterm,64.0,2024-11-17
11490,2915,COURSE106,Final Exam,100.0,2022-09-18
11491,2811,COURSE141,Final Exam,99.0,2021-04-16
11492,2638,COURSE63,Final Exam,74.0,2024-11-07
11493,2725,COURSE148,Midterm,77.0,2024-11-20
11494,2244,COURSE108,Midterm,70.0,2021-03-04
11495,2692,COURSE142,Final Exam,82.0,2022-08-29
11496,2229,COURSE122,Assignment,75.0,2021-11-01
11497,2762,COURSE71,Midterm,74.0,2024-03-10
11498,1207,COURSE89,Assignment,87.0,2022-01-02
11499,2427,COURSE74,Quiz,69.0,2020-01-18
11500,1792,COURSE68,Midterm,64.0,2020-02-05
11501,2050,COURSE53,Quiz,85.0,2020-09-18
11502,2011,COURSE99,Midterm,82.0,2024-07-25
11503,2990,COURSE124,Quiz,74.0,2021-06-09
11504,2046,COURSE102,Midterm,75.0,2023-03-28
11505,2753,COURSE148,Assignment,95.0,2021-05-15
11506,1902,COURSE102,Final Exam,74.0,2020-06-16
11507,1258,COURSE147,Assignment,80.0,2022-04-16
11508,2632,COURSE54,Assignment,79.0,2023-07-10
11509,1729,COURSE140,Assignment,95.0,2020-09-17
11510,1271,COURSE128,Midterm,71.0,2022-12-12
11511,1315,COURSE75,Quiz,90.0,2024-04-18
11512,2040,COURSE66,Midterm,89.0,2024-11-13
11513,1643,COURSE56,Quiz,86.0,2024-07-29
11514,2389,COURSE109,Midterm,86.0,2024-11-20
11515,2481,COURSE122,Final Exam,90.0,2023-06-01
11516,1749,COURSE104,Assignment,73.0,2021-03-04
11517,2344,COURSE108,Assignment,85.0,2024-11-24
11518,2214,COURSE109,Assignment,81.0,2024-03-19
11519,1736,COURSE87,Midterm,91.0,2021-06-23
11520,1433,COURSE55,Midterm,72.0,2020-02-06
11521,1855,COURSE83,Midterm,86.0,2023-11-10
11522,2483,COURSE79,Final Exam,90.0,2024-12-27
11523,2656,COURSE111,Final Exam,65.0,2023-07-18
11524,1819,COURSE81,Final Exam,93.0,2021-12-03
11525,1350,COURSE105,Final Exam,64.0,2020-01-15
11526,2943,COURSE139,Midterm,90.0,2023-06-06
11527,1479,COURSE109,Midterm,83.0,2021-04-03
11528,2228,COURSE115,Midterm,86.0,2024-12-19
11529,2465,COURSE94,Assignment,95.0,2021-02-06
11530,1905,COURSE90,Assignment,63.0,2023-09-20
11531,1234,COURSE90,Final Exam,99.0,2020-04-11
11532,2618,COURSE136,Quiz,66.0,2021-07-29
11533,1420,COURSE94,Quiz,91.0,2023-06-06
11534,1697,COURSE122,Final Exam,88.0,2020-01-26
11535,2299,COURSE91,Final Exam,67.0,2020-02-06
11536,1103,COURSE100,Assignment,81.0,2020-10-19
11537,1575,COURSE133,Assignment,66.0,2021-02-22
11538,2006,COURSE150,Quiz,71.0,2022-10-25
11539,1128,COURSE115,Quiz,78.0,2023-09-16
11540,2827,COURSE67,Assignment,73.0,2021-09-05
11541,1124,COURSE118,Quiz,71.0,2020-08-21
11542,1149,COURSE90,Final Exam,68.0,2020-03-03
11543,1040,COURSE68,Quiz,81.0,2022-07-31
11544,2217,COURSE60,Midterm,66.0,2023-04-06
11545,2072,COURSE132,Quiz,74.0,2022-09-03
11546,2488,COURSE100,Final Exam,67.0,2024-08-01
11547,2246,COURSE58,Quiz,91.0,2023-10-27
11548,2494,COURSE141,Quiz,68.0,2021-08-30
11549,2565,COURSE150,Quiz,65.0,2024-04-28
11550,1834,COURSE143,Final Exam,59.0,2022-11-04
11551,2656,COURSE78,Assignment,76.0,2020-04-12
11552,1467,COURSE96,Assignment,68.0,2022-10-15
11553,2869,COURSE86,Midterm,69.0,2022-07-17
11554,2749,COURSE104,Midterm,74.0,2020-09-07
11555,2368,COURSE72,Quiz,96.0,2022-10-01
11556,2341,COURSE91,Midterm,89.0,2021-07-05
11557,2018,COURSE116,Final Exam,82.0,2023-05-18
11558,1312,COURSE125,Quiz,71.0,2022-02-14
11559,1516,COURSE141,Midterm,71.0,2023-02-11
11560,1209,COURSE145,Quiz,92.0,2023-10-19
11561,1862,COURSE102,Midterm,89.0,2020-04-03
11562,1976,COURSE141,Midterm,98.0,2020-12-12
11563,2302,COURSE67,Assignment,88.0,2021-02-04
11564,1097,COURSE99,Quiz,94.0,2022-08-20
11565,2020,COURSE76,Midterm,93.0,2023-04-20
11566,1782,COURSE109,Final Exam,68.0,2024-09-23
11567,2748,COURSE109,Assignment,93.0,2020-09-27
11568,1892,COURSE101,Quiz,95.0,2020-06-13
11569,2793,COURSE73,Assignment,76.0,2021-01-14
11570,1686,COURSE51,Assignment,90.0,2021-11-03
11571,2987,COURSE102,Assignment,87.0,2021-09-01
11572,1298,COURSE60,Final Exam,83.0,2022-08-18
11573,1413,COURSE150,Final Exam,47.0,2020-07-06
11574,1641,COURSE114,Quiz,78.0,2022-05-08
11575,2429,COURSE61,Quiz,93.0,2024-03-29
11576,1229,COURSE92,Assignment,85.0,2023-12-20
11577,1936,COURSE88,Assignment,78.0,2023-03-11
11578,2699,COURSE53,Quiz,63.0,2021-01-10
11579,2438,COURSE119,Final Exam,73.0,2023-12-21
11580,2695,COURSE81,Midterm,80.0,2023-05-15
11581,2791,COURSE55,Assignment,63.0,2023-11-01
11582,2776,COURSE129,Quiz,76.0,2023-05-25
11583,2538,COURSE139,Final Exam,74.0,2021-09-20
11584,1140,COURSE100,Quiz,85.0,2021-01-07
11585,2321,COURSE90,Final Exam,83.0,2024-03-02
11586,2597,COURSE70,Quiz,59.0,2024-11-11
11587,1687,COURSE126,Quiz,71.0,2023-03-19
11588,1586,COURSE97,Assignment,57.0,2022-09-27
11589,1888,COURSE57,Final Exam,86.0,2023-01-10
11590,1292,COURSE92,Assignment,73.0,2020-11-01
11591,2866,COURSE91,Quiz,73.0,2020-11-24
11592,2851,COURSE96,Assignment,78.0,2021-02-15
11593,2672,COURSE148,Assignment,85.0,2022-04-27
11594,1771,COURSE93,Midterm,95.0,2023-11-12
11595,1870,COURSE146,Midterm,81.0,2020-02-09
11596,2868,COURSE85,Midterm,86.0,2024-06-25
11597,2060,COURSE89,Assignment,77.0,2023-05-30
11598,2177,COURSE55,Assignment,85.0,2023-11-18
11599,2406,COURSE141,Quiz,79.0,2024-05-27
11600,2555,COURSE52,Assignment,87.0,2020-02-01
11601,2691,COURSE116,Midterm,94.0,2020-12-23
11602,2436,COURSE140,Final Exam,75.0,2020-09-16
11603,1453,COURSE112,Quiz,77.0,2023-08-05
11604,1463,COURSE141,Final Exam,92.0,2023-02-27
11605,2914,COURSE135,Final Exam,92.0,2022-06-04
11606,1411,COURSE92,Assignment,66.0,2021-01-05
11607,2694,COURSE74,Quiz,72.0,2024-03-06
11608,2680,COURSE64,Quiz,74.0,2024-09-12
11609,1032,COURSE149,Midterm,75.0,2024-05-24
11610,1732,COURSE85,Assignment,61.0,2023-04-04
11611,1583,COURSE102,Midterm,78.0,2021-01-25
11612,1973,COURSE98,Quiz,87.0,2021-02-15
11613,2734,COURSE129,Quiz,69.0,2020-04-06
11614,1193,COURSE76,Assignment,90.0,2022-12-02
11615,2037,COURSE83,Quiz,81.0,2022-08-23
11616,2248,COURSE123,Assignment,97.0,2021-08-14
11617,2913,COURSE55,Midterm,84.0,2024-02-22
11618,1018,COURSE135,Assignment,84.0,2020-08-05
11619,2064,COURSE118,Midterm,59.0,2021-02-02
11620,2191,COURSE67,Midterm,75.0,2023-12-15
11621,1808,COURSE81,Assignment,80.0,2022-10-13
11622,2744,COURSE150,Final Exam,78.0,2023-04-08
11623,2966,COURSE82,Final Exam,84.0,2022-02-11
11624,1775,COURSE110,Midterm,72.0,2024-02-23
11625,1024,COURSE117,Final Exam,72.0,2022-11-01
11626,2723,COURSE62,Quiz,74.0,2020-04-05
11627,1832,COURSE89,Quiz,83.0,2021-09-06
11628,2640,COURSE97,Assignment,69.0,2024-10-18
11629,1661,COURSE61,Quiz,78.0,2023-07-03
11630,1042,COURSE95,Quiz,82.0,2021-05-05
11631,2028,COURSE58,Midterm,57.0,2024-07-21
11632,2187,COURSE148,Midterm,62.0,2024-06-27
11633,2202,COURSE55,Assignment,73.0,2023-03-21
11634,1622,COURSE120,Final Exam,87.0,2021-07-05
11635,2597,COURSE136,Quiz,65.0,2023-07-06
11636,2953,COURSE132,Assignment,65.0,2022-11-01
11637,1360,COURSE88,Quiz,88.0,2022-03-08
11638,2512,COURSE74,Final Exam,79.0,2023-10-10
11639,1171,COURSE135,Quiz,67.0,2020-11-25
11640,1155,COURSE84,Midterm,65.0,2021-05-13
11641,1982,COURSE78,Assignment,89.0,2023-05-20
11642,2382,COURSE149,Quiz,68.0,2024-04-07
11643,2994,COURSE94,Quiz,83.0,2024-06-10
11644,1299,COURSE83,Midterm,89.0,2020-04-20
11645,2751,COURSE127,Assignment,69.0,2020-09-25
11646,2948,COURSE92,Quiz,78.0,2021-05-27
11647,1069,COURSE63,Midterm,82.0,2021-08-02
11648,1010,COURSE63,Midterm,83.0,2023-05-09
11649,1169,COURSE102,Assignment,80.0,2022-11-12
11650,2786,COURSE149,Final Exam,85.0,2020-12-22
11651,2235,COURSE111,Final Exam,90.0,2021-08-09
11652,2932,COURSE73,Quiz,79.0,2024-11-17
11653,1697,COURSE66,Midterm,74.0,2021-03-10
11654,1516,COURSE101,Assignment,69.0,2024-11-01
11655,2162,COURSE133,Assignment,78.0,2023-06-02
11656,1075,COURSE59,Quiz,69.0,2024-12-20
11657,2273,COURSE64,Quiz,60.0,2020-07-09
11658,2623,COURSE111,Midterm,77.0,2021-04-10
11659,2557,COURSE62,Quiz,67.0,2021-11-03
11660,1204,COURSE91,Assignment,77.0,2020-02-21
11661,1597,COURSE78,Final Exam,100.0,2024-09-02
11662,1519,COURSE97,Quiz,76.0,2021-08-19
11663,1045,COURSE81,Final Exam,70.0,2023-04-29
11664,1779,COURSE96,Assignment,64.0,2022-01-13
11665,1118,COURSE54,Quiz,70.0,2024-04-21
11666,1921,COURSE119,Final Exam,73.0,2023-03-24
11667,2483,COURSE145,Quiz,88.0,2022-04-29
11668,2526,COURSE101,Assignment,83.0,2020-12-11
11669,2891,COURSE58,Assignment,87.0,2022-05-23
11670,2532,COURSE105,Assignment,74.0,2022-05-21
11671,2151,COURSE77,Final Exam,78.0,2024-11-10
11672,1413,COURSE123,Assignment,69.0,2022-09-02
11673,2613,COURSE65,Assignment,80.0,2023-11-21
11674,2783,COURSE139,Quiz,90.0,2021-07-21
11675,1083,COURSE124,Assignment,73.0,2024-08-20
11676,2222,COURSE76,Final Exam,90.0,2023-12-04
11677,2754,COURSE84,Assignment,91.0,2020-09-10
11678,1320,COURSE53,Final Exam,95.0,2023-09-11
11679,2611,COURSE106,Assignment,81.0,2022-06-03
11680,2187,COURSE146,Midterm,90.0,2020-12-31
11681,2232,COURSE118,Final Exam,80.0,2022-08-29
11682,1367,COURSE138,Quiz,88.0,2021-03-23
11683,2558,COURSE93,Final Exam,90.0,2024-11-24
11684,2404,COURSE93,Final Exam,89.0,2023-01-02
11685,1519,COURSE60,Quiz,71.0,2023-01-10
11686,2024,COURSE62,Midterm,81.0,2021-01-07
11687,1843,COURSE119,Final Exam,63.0,2022-11-18
11688,1748,COURSE129,Assignment,95.0,2021-01-26
11689,2749,COURSE73,Final Exam,81.0,2022-09-22
11690,1650,COURSE107,Midterm,83.0,2024-10-17
11691,1684,COURSE129,Final Exam,55.0,2023-09-19
11692,2592,COURSE107,Final Exam,83.0,2023-11-12
11693,2672,COURSE73,Midterm,89.0,2022-11-28
11694,2988,COURSE142,Assignment,74.0,2024-05-01
11695,1127,COURSE58,Final Exam,90.0,2024-02-11
11696,2211,COURSE81,Assignment,87.0,2022-08-26
11697,2061,COURSE120,Final Exam,89.0,2021-01-03
11698,1567,COURSE129,Final Exam,91.0,2023-05-06
11699,1648,COURSE146,Quiz,81.0,2021-02-24
11700,2655,COURSE119,Midterm,87.0,2024-03-12
11701,2401,COURSE57,Final Exam,71.0,2023-03-21
11702,2210,COURSE100,Assignment,60.0,2023-09-21
11703,2477,COURSE63,Midterm,65.0,2024-10-18
11704,2540,COURSE88,Final Exam,74.0,2024-02-05
11705,2203,COURSE133,Assignment,87.0,2021-08-01
11706,1195,COURSE51,Final Exam,77.0,2023-04-18
11707,2036,COURSE126,Midterm,77.0,2021-09-02
11708,1585,COURSE62,Assignment,91.0,2021-01-05
11709,1814,COURSE128,Quiz,94.0,2020-07-04
11710,2655,COURSE131,Final Exam,77.0,2024-04-21
11711,1944,COURSE136,Assignment,53.0,2020-03-23
11712,2660,COURSE74,Final Exam,80.0,2021-08-09
11713,1647,COURSE89,Quiz,68.0,2022-12-15
11714,2597,COURSE106,Quiz,76.0,2020-09-09
11715,1080,COURSE72,Midterm,48.0,2021-03-08
11716,2563,COURSE111,Quiz,80.0,2022-12-23
11717,2187,COURSE89,Assignment,67.0,2024-09-04
11718,1243,COURSE118,Midterm,75.0,2023-05-29
11719,1424,COURSE135,Assignment,98.0,2024-01-15
11720,1273,COURSE87,Midterm,99.0,2021-04-19
11721,1569,COURSE65,Quiz,73.0,2024-02-16
11722,1228,COURSE60,Midterm,85.0,2020-03-06
11723,2138,COURSE139,Midterm,94.0,2020-11-29
11724,1857,COURSE53,Final Exam,79.0,2022-10-12
11725,1753,COURSE74,Quiz,80.0,2020-10-08
11726,2483,COURSE96,Midterm,68.0,2024-08-02
11727,2298,COURSE54,Assignment,82.0,2022-07-08
11728,1292,COURSE102,Assignment,87.0,2022-11-12
11729,1323,COURSE117,Assignment,85.0,2020-01-11
11730,2497,COURSE114,Final Exam,76.0,2020-11-16
11731,1023,COURSE79,Midterm,79.0,2021-12-08
11732,2796,COURSE61,Midterm,83.0,2024-10-02
11733,2069,COURSE83,Final Exam,83.0,2021-02-04
11734,2556,COURSE78,Assignment,84.0,2023-11-04
11735,2512,COURSE146,Assignment,85.0,2023-09-23
11736,2092,COURSE125,Final Exam,69.0,2020-11-23
11737,2155,COURSE122,Quiz,100.0,2020-12-08
11738,2413,COURSE75,Final Exam,100.0,2020-01-19
11739,2324,COURSE58,Final Exam,73.0,2023-04-13
11740,1457,COURSE87,Final Exam,92.0,2021-04-26
11741,2427,COURSE100,Midterm,100.0,2021-08-25
11742,1869,COURSE81,Midterm,85.0,2020-02-09
11743,2980,COURSE56,Final Exam,61.0,2024-07-20
11744,1240,COURSE99,Quiz,82.0,2020-02-14
11745,2195,COURSE76,Quiz,91.0,2020-09-16
11746,1293,COURSE134,Midterm,79.0,2020-07-19
11747,1224,COURSE132,Final Exam,69.0,2023-04-06
11748,1021,COURSE70,Assignment,99.0,2021-09-29
11749,1832,COURSE125,Final Exam,76.0,2022-10-08
11750,2386,COURSE103,Assignment,94.0,2020-06-19
11751,2721,COURSE71,Quiz,87.0,2022-01-06
11752,1577,COURSE80,Quiz,85.0,2023-04-27
11753,1915,COURSE146,Quiz,96.0,2023-09-26
11754,1512,COURSE146,Quiz,79.0,2021-10-04
11755,2983,COURSE145,Midterm,62.0,2021-07-01
11756,2226,COURSE126,Midterm,92.0,2020-06-19
11757,1272,COURSE61,Midterm,74.0,2024-08-21
11758,2774,COURSE55,Final Exam,74.0,2021-08-02
11759,1803,COURSE129,Final Exam,74.0,2023-09-23
11760,2550,COURSE77,Midterm,70.0,2022-10-02
11761,1623,COURSE63,Quiz,68.0,2022-04-27
11762,1282,COURSE108,Quiz,83.0,2023-10-08
11763,2925,COURSE105,Midterm,82.0,2024-08-24
11764,1840,COURSE108,Assignment,64.0,2023-03-27
11765,2455,COURSE120,Assignment,64.0,2024-02-05
11766,2704,COURSE123,Final Exam,80.0,2022-12-25
11767,1187,COURSE125,Assignment,81.0,2023-02-09
11768,1776,COURSE138,Midterm,76.0,2024-02-18
11769,2791,COURSE52,Assignment,63.0,2022-02-09
11770,1678,COURSE147,Assignment,79.0,2023-10-10
11771,2176,COURSE140,Midterm,85.0,2021-06-08
11772,2493,COURSE108,Quiz,94.0,2024-09-06
11773,1676,COURSE119,Quiz,71.0,2023-01-04
11774,2425,COURSE52,Final Exam,84.0,2024-01-15
11775,1796,COURSE57,Final Exam,83.0,2024-02-24
11776,2870,COURSE59,Assignment,89.0,2021-09-23
11777,1914,COURSE140,Assignment,97.0,2024-03-12
11778,1700,COURSE140,Quiz,83.0,2022-08-23
11779,1645,COURSE71,Midterm,100.0,2023-05-26
11780,1406,COURSE57,Quiz,67.0,2023-05-12
11781,2747,COURSE84,Final Exam,70.0,2022-07-15
11782,1334,COURSE149,Quiz,93.0,2023-08-23
11783,1339,COURSE118,Assignment,73.0,2021-05-26
11784,2263,COURSE103,Final Exam,51.0,2023-11-27
11785,2093,COURSE75,Assignment,77.0,2024-01-05
11786,1815,COURSE85,Final Exam,78.0,2021-02-16
11787,2301,COURSE92,Midterm,77.0,2022-11-05
11788,1317,COURSE72,Assignment,90.0,2023-06-02
11789,2117,COURSE109,Quiz,88.0,2024-03-27
11790,2136,COURSE120,Midterm,79.0,2022-06-24
11791,2745,COURSE55,Midterm,83.0,2024-06-09
11792,1646,COURSE74,Final Exam,47.0,2024-12-07
11793,1057,COURSE62,Assignment,78.0,2023-04-18
11794,1714,COURSE127,Final Exam,75.0,2020-04-27
11795,1966,COURSE59,Assignment,72.0,2020-04-26
11796,2408,COURSE57,Midterm,94.0,2023-04-21
11797,1987,COURSE102,Assignment,82.0,2023-03-18
11798,2044,COURSE127,Midterm,78.0,2022-07-17
11799,1958,COURSE105,Midterm,78.0,2024-09-04
11800,2258,COURSE118,Final Exam,83.0,2024-09-21
11801,1710,COURSE51,Final Exam,80.0,2023-07-13
11802,1833,COURSE93,Final Exam,69.0,2022-06-26
11803,1508,COURSE56,Final Exam,100.0,2021-08-31
11804,2720,COURSE99,Quiz,59.0,2021-06-18
11805,1270,COURSE85,Assignment,93.0,2023-03-05
11806,2213,COURSE94,Quiz,51.0,2021-07-02
11807,1093,COURSE127,Assignment,72.0,2023-06-09
11808,1681,COURSE92,Quiz,74.0,2020-03-31
11809,1184,COURSE99,Quiz,83.0,2020-08-26
11810,2138,COURSE141,Quiz,100.0,2024-01-24
11811,2097,COURSE60,Midterm,78.0,2023-01-12
11812,2648,COURSE132,Final Exam,68.0,2024-06-22
11813,2158,COURSE123,Final Exam,81.0,2020-08-30
11814,2877,COURSE92,Midterm,66.0,2024-02-12
11815,1888,COURSE140,Final Exam,81.0,2022-02-24
11816,1094,COURSE67,Assignment,79.0,2020-03-14
11817,1538,COURSE132,Final Exam,73.0,2022-08-12
11818,1507,COURSE90,Assignment,97.0,2020-03-26
11819,2874,COURSE112,Midterm,71.0,2020-12-29
11820,2984,COURSE82,Quiz,65.0,2023-10-06
11821,2748,COURSE111,Quiz,71.0,2022-07-25
11822,1448,COURSE114,Assignment,82.0,2021-04-27
11823,2564,COURSE81,Assignment,80.0,2020-06-15
11824,2881,COURSE124,Assignment,85.0,2023-01-25
11825,1080,COURSE105,Assignment,77.0,2024-01-15
11826,1297,COURSE132,Midterm,78.0,2024-08-18
11827,1910,COURSE78,Assignment,63.0,2024-04-01
11828,2554,COURSE67,Quiz,65.0,2022-07-16
11829,1313,COURSE141,Quiz,100.0,2024-08-18
11830,2179,COURSE141,Midterm,68.0,2023-11-09
11831,1950,COURSE82,Final Exam,89.0,2020-11-09
11832,2372,COURSE116,Assignment,58.0,2021-02-24
11833,2620,COURSE134,Midterm,92.0,2024-07-22
11834,2974,COURSE110,Assignment,93.0,2022-01-03
11835,2231,COURSE131,Final Exam,79.0,2024-01-11
11836,1831,COURSE87,Final Exam,88.0,2020-09-17
11837,1152,COURSE101,Midterm,89.0,2022-06-14
11838,1969,COURSE132,Assignment,63.0,2024-05-01
11839,2578,COURSE103,Quiz,57.0,2022-02-05
11840,2067,COURSE118,Quiz,86.0,2021-11-02
11841,2741,COURSE71,Assignment,74.0,2020-06-27
11842,2474,COURSE58,Quiz,64.0,2023-07-02
11843,2500,COURSE66,Quiz,95.0,2024-02-06
11844,2091,COURSE143,Midterm,78.0,2023-06-18
11845,2944,COURSE93,Midterm,78.0,2023-07-09
11846,2310,COURSE122,Midterm,84.0,2022-05-14
11847,1111,COURSE70,Midterm,83.0,2020-01-29
11848,2162,COURSE141,Assignment,84.0,2020-07-13
11849,1472,COURSE136,Assignment,85.0,2020-04-17
11850,1856,COURSE109,Assignment,61.0,2023-09-01
11851,2010,COURSE64,Final Exam,76.0,2023-09-14
11852,1746,COURSE93,Midterm,72.0,2024-12-20
11853,1868,COURSE102,Assignment,84.0,2020-04-07
11854,2673,COURSE89,Assignment,85.0,2022-07-20
11855,2716,COURSE58,Final Exam,79.0,2021-10-25
11856,1351,COURSE133,Assignment,84.0,2022-08-29
11857,2468,COURSE107,Midterm,70.0,2024-07-19
11858,1183,COURSE91,Midterm,82.0,2020-06-14
11859,1748,COURSE64,Final Exam,70.0,2020-01-30
11860,1086,COURSE98,Midterm,74.0,2023-12-27
11861,1760,COURSE87,Midterm,57.0,2021-06-09
11862,1628,COURSE121,Quiz,79.0,2023-10-09
11863,1162,COURSE66,Assignment,91.0,2023-01-27
11864,1625,COURSE92,Final Exam,83.0,2023-08-09
11865,2353,COURSE117,Final Exam,83.0,2024-02-25
11866,2908,COURSE85,Final Exam,85.0,2021-07-03
11867,1288,COURSE91,Final Exam,59.0,2023-06-02
11868,2416,COURSE109,Final Exam,76.0,2020-09-19
11869,2132,COURSE117,Quiz,70.0,2023-05-10
11870,1567,COURSE112,Final Exam,62.0,2024-05-08
11871,1921,COURSE94,Quiz,92.0,2021-07-15
11872,1598,COURSE69,Assignment,82.0,2021-11-12
11873,2622,COURSE129,Assignment,83.0,2020-07-27
11874,2338,COURSE123,Midterm,91.0,2022-08-17
11875,1002,COURSE134,Quiz,84.0,2021-03-21
11876,1328,COURSE124,Quiz,66.0,2022-09-16
11877,2984,COURSE140,Assignment,67.0,2021-08-10
11878,2510,COURSE67,Quiz,84.0,2024-10-07
11879,1363,COURSE76,Final Exam,76.0,2023-12-02
11880,1458,COURSE65,Midterm,100.0,2022-02-06
11881,2512,COURSE66,Quiz,74.0,2023-03-29
11882,1303,COURSE100,Assignment,78.0,2023-01-18
11883,1392,COURSE117,Assignment,100.0,2024-06-08
11884,2387,COURSE101,Assignment,79.0,2023-10-15
11885,2973,COURSE107,Midterm,64.0,2024-05-18
11886,2361,COURSE114,Midterm,77.0,2024-02-06
11887,2032,COURSE136,Quiz,70.0,2020-05-29
11888,1773,COURSE72,Quiz,83.0,2021-11-01
11889,1224,COURSE117,Assignment,79.0,2023-01-11
11890,2395,COURSE59,Final Exam,85.0,2021-01-02
11891,2395,COURSE58,Midterm,93.0,2021-03-12
11892,2932,COURSE81,Quiz,64.0,2024-07-28
11893,1648,COURSE114,Final Exam,69.0,2021-12-09
11894,1071,COURSE117,Quiz,97.0,2020-09-18
11895,2277,COURSE68,Assignment,80.0,2023-11-17
11896,1574,COURSE64,Final Exam,66.0,2020-11-28
11897,1046,COURSE135,Assignment,79.0,2024-01-10
11898,2468,COURSE126,Final Exam,82.0,2024-10-23
11899,1825,COURSE77,Midterm,77.0,2022-08-20
11900,2777,COURSE77,Midterm,71.0,2021-01-12
11901,1371,COURSE109,Final Exam,71.0,2023-08-15
11902,2938,COURSE97,Assignment,94.0,2020-04-27
11903,1011,COURSE116,Final Exam,94.0,2024-08-13
11904,1901,COURSE52,Quiz,55.0,2021-08-14
11905,1678,COURSE83,Final Exam,65.0,2023-07-05
11906,2346,COURSE104,Midterm,95.0,2022-08-21
11907,1294,COURSE114,Assignment,95.0,2024-07-26
11908,1576,COURSE101,Quiz,66.0,2022-09-26
11909,2386,COURSE140,Quiz,86.0,2024-01-21
11910,2589,COURSE63,Quiz,68.0,2020-08-21
11911,2112,COURSE115,Midterm,60.0,2020-10-23
11912,2555,COURSE104,Quiz,92.0,2020-07-11
11913,1354,COURSE121,Midterm,69.0,2021-01-19
11914,2574,COURSE68,Final Exam,63.0,2022-09-02
11915,2489,COURSE83,Quiz,81.0,2022-03-20
11916,2594,COURSE69,Midterm,83.0,2023-02-23
11917,2784,COURSE62,Final Exam,94.0,2020-07-21
11918,2770,COURSE68,Quiz,69.0,2022-11-04
11919,2486,COURSE73,Assignment,90.0,2024-08-20
11920,2749,COURSE126,Quiz,82.0,2024-08-06
11921,1607,COURSE149,Final Exam,62.0,2021-08-13
11922,2969,COURSE68,Midterm,63.0,2020-08-04
11923,1168,COURSE143,Final Exam,80.0,2022-02-17
11924,2193,COURSE80,Midterm,86.0,2020-07-30
11925,2181,COURSE140,Assignment,69.0,2020-11-30
11926,2674,COURSE122,Quiz,76.0,2022-01-04
11927,1996,COURSE97,Midterm,74.0,2022-03-16
11928,2769,COURSE64,Midterm,83.0,2021-04-14
11929,2423,COURSE107,Final Exam,82.0,2020-05-08
11930,1376,COURSE74,Assignment,66.0,2024-11-11
11931,2646,COURSE120,Midterm,89.0,2020-02-08
11932,1402,COURSE60,Assignment,76.0,2022-08-16
11933,1057,COURSE76,Final Exam,75.0,2023-09-06
11934,2215,COURSE115,Assignment,65.0,2024-07-02
11935,1027,COURSE114,Assignment,83.0,2022-04-16
11936,2398,COURSE121,Final Exam,92.0,2021-06-14
11937,1101,COURSE63,Assignment,67.0,2022-07-20
11938,2430,COURSE141,Quiz,57.0,2023-04-26
11939,1172,COURSE113,Assignment,78.0,2020-01-18
11940,2996,COURSE55,Final Exam,54.0,2024-12-09
11941,1130,COURSE95,Final Exam,72.0,2024-11-10
11942,2984,COURSE81,Midterm,73.0,2021-01-17
11943,2802,COURSE92,Assignment,63.0,2024-09-11
11944,1794,COURSE53,Midterm,77.0,2023-01-09
11945,1030,COURSE52,Quiz,83.0,2022-09-14
11946,2520,COURSE52,Final Exam,73.0,2024-11-03
11947,1568,COURSE65,Midterm,81.0,2021-03-06
11948,1230,COURSE143,Assignment,81.0,2024-04-09
11949,1018,COURSE61,Final Exam,81.0,2023-05-04
11950,2987,COURSE54,Assignment,73.0,2024-11-19
11951,1035,COURSE113,Quiz,91.0,2023-04-12
11952,2851,COURSE149,Final Exam,83.0,2023-06-03
11953,2010,COURSE96,Midterm,86.0,2023-11-25
11954,1916,COURSE81,Quiz,64.0,2024-01-17
11955,2851,COURSE75,Quiz,75.0,2024-07-05
11956,1146,COURSE133,Quiz,84.0,2024-11-05
11957,2545,COURSE101,Final Exam,93.0,2022-06-21
11958,1232,COURSE100,Final Exam,77.0,2023-11-16
11959,2934,COURSE120,Quiz,55.0,2023-12-17
11960,1515,COURSE59,Final Exam,68.0,2022-11-11
11961,1526,COURSE63,Final Exam,77.0,2023-10-21
11962,1951,COURSE106,Final Exam,66.0,2024-05-17
11963,1014,COURSE128,Quiz,85.0,2020-08-28
11964,2704,COURSE123,Midterm,68.0,2023-03-24
11965,2842,COURSE88,Quiz,85.0,2023-10-17
11966,2612,COURSE115,Assignment,89.0,2020-03-28
11967,2481,COURSE79,Midterm,76.0,2023-11-15
11968,1219,COURSE56,Quiz,81.0,2020-03-11
11969,1969,COURSE127,Quiz,75.0,2022-10-24
11970,1665,COURSE117,Midterm,100.0,2024-07-18
11971,2793,COURSE150,Quiz,86.0,2024-07-29
11972,2364,COURSE71,Assignment,87.0,2024-03-31
11973,1826,COURSE126,Assignment,92.0,2021-09-15
11974,1677,COURSE70,Quiz,61.0,2023-11-27
11975,2104,COURSE150,Final Exam,86.0,2020-09-07
11976,1168,COURSE131,Midterm,91.0,2022-02-01
11977,1799,COURSE139,Final Exam,90.0,2024-01-18
11978,1477,COURSE89,Quiz,80.0,2022-10-21
11979,1814,COURSE122,Midterm,67.0,2020-02-21
11980,2366,COURSE52,Assignment,73.0,2024-09-27
11981,1876,COURSE109,Quiz,71.0,2021-02-22
11982,2253,COURSE109,Midterm,73.0,2024-04-13
11983,2971,COURSE54,Assignment,70.0,2022-05-16
11984,2927,COURSE142,Final Exam,86.0,2023-01-14
11985,2363,COURSE54,Quiz,91.0,2024-10-10
11986,2600,COURSE97,Final Exam,99.0,2020-10-27
11987,2276,COURSE147,Quiz,94.0,2023-12-21
11988,2121,COURSE85,Assignment,83.0,2020-03-14
11989,2146,COURSE106,Final Exam,91.0,2022-04-13
11990,1584,COURSE62,Midterm,85.0,2022-12-23
11991,2573,COURSE96,Assignment,68.0,2021-11-12
11992,2943,COURSE66,Final Exam,90.0,2020-12-25
11993,1369,COURSE109,Assignment,100.0,2020-09-23
11994,1015,COURSE101,Quiz,90.0,2021-03-21
11995,1052,COURSE145,Final Exam,100.0,2024-03-15
11996,2300,COURSE98,Final Exam,85.0,2021-03-08
11997,1352,COURSE103,Midterm,72.0,2021-01-30
11998,2355,COURSE102,Assignment,90.0,2023-03-25
11999,2174,COURSE59,Quiz,77.0,2022-08-20
12000,1665,COURSE91,Final Exam,73.0,2021-08-09
12001,2008,COURSE54,Midterm,71.0,2022-09-07
12002,1597,COURSE62,Assignment,85.0,2020-09-11
12003,2488,COURSE150,Midterm,71.0,2024-10-09
12004,2566,COURSE55,Quiz,86.0,2024-08-16
12005,1895,COURSE150,Midterm,90.0,2021-06-26
12006,1460,COURSE137,Quiz,100.0,2021-10-16
12007,1081,COURSE134,Assignment,76.0,2021-08-02
12008,2803,COURSE64,Midterm,63.0,2021-01-05
12009,1444,COURSE92,Assignment,67.0,2023-06-04
12010,1521,COURSE101,Assignment,90.0,2021-07-06
12011,2047,COURSE124,Midterm,86.0,2024-04-10
12012,1046,COURSE134,Quiz,75.0,2020-03-18
12013,2091,COURSE137,Final Exam,81.0,2021-04-15
12014,2116,COURSE120,Midterm,75.0,2022-08-26
12015,2062,COURSE60,Midterm,84.0,2024-04-12
12016,2910,COURSE57,Final Exam,81.0,2023-11-29
12017,1550,COURSE98,Midterm,89.0,2020-09-04
12018,1332,COURSE82,Final Exam,62.0,2023-11-13
12019,1216,COURSE131,Midterm,84.0,2023-03-04
12020,1220,COURSE144,Assignment,50.0,2022-06-05
12021,2397,COURSE83,Midterm,98.0,2022-05-02
12022,2253,COURSE82,Midterm,73.0,2024-12-29
12023,1436,COURSE142,Midterm,69.0,2024-07-17
12024,2498,COURSE59,Midterm,64.0,2024-09-26
12025,2829,COURSE111,Midterm,83.0,2024-01-12
12026,2975,COURSE106,Midterm,80.0,2021-08-25
12027,1663,COURSE72,Assignment,72.0,2020-09-03
12028,1054,COURSE102,Midterm,81.0,2024-05-22
12029,2381,COURSE94,Final Exam,60.0,2023-07-13
12030,1481,COURSE104,Midterm,97.0,2022-10-05
12031,2891,COURSE138,Final Exam,72.0,2021-01-12
12032,2704,COURSE77,Midterm,95.0,2022-12-04
12033,1722,COURSE77,Midterm,71.0,2020-09-14
12034,1182,COURSE144,Assignment,95.0,2022-08-15
12035,2616,COURSE113,Assignment,74.0,2024-12-30
12036,1017,COURSE138,Final Exam,78.0,2024-06-12
12037,1099,COURSE67,Midterm,77.0,2022-02-22
12038,2363,COURSE65,Final Exam,76.0,2020-06-16
12039,1517,COURSE126,Midterm,65.0,2021-03-24
12040,2808,COURSE99,Quiz,93.0,2021-04-15
12041,1906,COURSE122,Final Exam,88.0,2024-02-26
12042,1542,COURSE140,Quiz,74.0,2022-09-10
12043,2284,COURSE79,Assignment,77.0,2021-05-28
12044,1988,COURSE134,Quiz,62.0,2022-03-25
12045,1728,COURSE119,Assignment,76.0,2024-05-13
12046,1842,COURSE121,Midterm,94.0,2021-04-06
12047,2718,COURSE78,Quiz,84.0,2020-10-20
12048,1133,COURSE125,Final Exam,85.0,2020-07-16
12049,1437,COURSE59,Midterm,71.0,2022-08-23
12050,2029,COURSE123,Midterm,89.0,2023-05-31
12051,2701,COURSE100,Quiz,70.0,2021-12-19
12052,1386,COURSE52,Midterm,56.0,2020-01-02
12053,2744,COURSE106,Quiz,71.0,2020-09-18
12054,1284,COURSE98,Assignment,67.0,2023-08-24
12055,2984,COURSE65,Final Exam,59.0,2020-02-04
12056,1146,COURSE68,Final Exam,72.0,2020-09-27
12057,2875,COURSE104,Assignment,85.0,2021-04-09
12058,1275,COURSE149,Quiz,95.0,2024-08-15
12059,1310,COURSE145,Midterm,74.0,2020-08-19
12060,2951,COURSE137,Midterm,66.0,2020-11-01
12061,1983,COURSE124,Midterm,60.0,2023-10-10
12062,2729,COURSE98,Assignment,76.0,2024-09-10
12063,2834,COURSE64,Assignment,100.0,2021-07-05
12064,2461,COURSE122,Final Exam,78.0,2024-04-29
12065,2425,COURSE86,Final Exam,72.0,2020-09-25
12066,1841,COURSE115,Final Exam,76.0,2020-11-21
12067,1929,COURSE149,Assignment,68.0,2020-08-29
12068,1411,COURSE115,Quiz,80.0,2023-03-27
12069,2438,COURSE128,Quiz,74.0,2023-09-13
12070,1280,COURSE53,Quiz,91.0,2024-07-13
12071,2547,COURSE91,Quiz,78.0,2024-08-15
12072,1384,COURSE62,Midterm,87.0,2024-08-24
12073,2946,COURSE71,Assignment,76.0,2021-03-07
12074,1859,COURSE147,Midterm,92.0,2021-01-27
12075,1837,COURSE139,Assignment,80.0,2024-01-06
12076,1073,COURSE56,Assignment,56.0,2020-05-04
12077,2224,COURSE115,Midterm,55.0,2023-05-26
12078,1626,COURSE113,Final Exam,100.0,2020-01-02
12079,1932,COURSE116,Quiz,69.0,2021-06-22
12080,2170,COURSE147,Midterm,82.0,2024-09-08
12081,2065,COURSE134,Midterm,88.0,2024-04-15
12082,2439,COURSE89,Final Exam,93.0,2023-11-26
12083,2273,COURSE136,Midterm,86.0,2020-06-19
12084,1641,COURSE141,Final Exam,81.0,2021-04-26
12085,1244,COURSE115,Midterm,61.0,2024-12-19
12086,2866,COURSE123,Quiz,73.0,2024-02-01
12087,2543,COURSE144,Assignment,69.0,2022-08-17
12088,1503,COURSE141,Quiz,61.0,2022-08-20
12089,2495,COURSE102,Midterm,87.0,2020-06-23
12090,2433,COURSE56,Assignment,79.0,2020-07-17
12091,2012,COURSE145,Quiz,53.0,2022-12-14
12092,1883,COURSE141,Assignment,88.0,2022-01-05
12093,2515,COURSE54,Final Exam,86.0,2024-11-06
12094,2906,COURSE52,Final Exam,68.0,2023-10-30
12095,1921,COURSE67,Final Exam,69.0,2021-05-18
12096,1349,COURSE145,Quiz,71.0,2023-05-27
12097,1634,COURSE125,Quiz,72.0,2022-06-02
12098,1776,COURSE61,Quiz,85.0,2024-09-29
12099,2297,COURSE110,Midterm,75.0,2020-10-05
12100,2659,COURSE82,Final Exam,87.0,2021-11-02
12101,1825,COURSE68,Final Exam,89.0,2024-01-24
12102,1334,COURSE89,Assignment,91.0,2020-02-09
12103,2879,COURSE72,Quiz,49.0,2024-10-28
12104,1562,COURSE123,Quiz,75.0,2021-12-14
12105,2907,COURSE84,Quiz,76.0,2022-03-17
12106,2657,COURSE130,Assignment,82.0,2021-11-12
12107,2319,COURSE51,Midterm,68.0,2022-06-08
12108,1660,COURSE124,Quiz,98.0,2021-03-01
12109,1418,COURSE58,Midterm,73.0,2022-07-01
12110,2519,COURSE146,Final Exam,79.0,2022-06-10
12111,1241,COURSE142,Midterm,72.0,2023-01-27
12112,2935,COURSE113,Final Exam,83.0,2021-10-06
12113,1893,COURSE129,Assignment,56.0,2024-09-24
12114,1777,COURSE147,Final Exam,87.0,2021-04-10
12115,2867,COURSE70,Final Exam,82.0,2023-05-18
12116,2685,COURSE95,Assignment,92.0,2024-07-01
12117,1815,COURSE101,Midterm,79.0,2023-10-10
12118,1741,COURSE115,Quiz,96.0,2024-08-03
12119,2380,COURSE148,Quiz,72.0,2022-12-20
12120,1837,COURSE78,Assignment,60.0,2024-08-18
12121,1372,COURSE64,Assignment,69.0,2021-12-18
12122,1400,COURSE77,Assignment,63.0,2024-02-11
12123,2797,COURSE130,Midterm,89.0,2024-06-28
12124,1656,COURSE76,Assignment,88.0,2021-12-07
12125,2088,COURSE73,Midterm,84.0,2024-04-15
12126,1948,COURSE105,Quiz,84.0,2023-10-27
12127,2049,COURSE109,Assignment,81.0,2023-02-18
12128,2491,COURSE69,Final Exam,64.0,2021-11-01
12129,1128,COURSE89,Assignment,72.0,2021-12-29
12130,2086,COURSE110,Midterm,89.0,2021-03-25
12131,2954,COURSE120,Final Exam,83.0,2020-11-15
12132,1831,COURSE131,Final Exam,92.0,2022-12-20
12133,2856,COURSE82,Quiz,80.0,2024-03-10
12134,2895,COURSE105,Quiz,81.0,2020-11-02
12135,1552,COURSE85,Quiz,87.0,2021-11-09
12136,2378,COURSE66,Final Exam,60.0,2022-02-13
12137,2974,COURSE129,Midterm,98.0,2024-02-14
12138,1569,COURSE75,Midterm,74.0,2021-06-29
12139,2328,COURSE63,Assignment,86.0,2020-03-20
12140,1758,COURSE114,Final Exam,81.0,2023-10-19
12141,1860,COURSE59,Midterm,67.0,2023-03-01
12142,1358,COURSE75,Assignment,61.0,2021-02-06
12143,1256,COURSE110,Assignment,86.0,2023-06-27
12144,1147,COURSE71,Assignment,86.0,2021-07-18
12145,2962,COURSE53,Midterm,87.0,2024-01-27
12146,2569,COURSE75,Assignment,79.0,2022-10-20
12147,2374,COURSE80,Quiz,76.0,2023-07-27
12148,2306,COURSE129,Assignment,74.0,2020-02-12
12149,2671,COURSE95,Assignment,100.0,2022-01-21
12150,1505,COURSE55,Quiz,73.0,2021-04-28
12151,1979,COURSE70,Midterm,86.0,2022-03-25
12152,1174,COURSE117,Quiz,80.0,2020-02-12
12153,1620,COURSE105,Assignment,90.0,2021-09-16
12154,1042,COURSE66,Quiz,93.0,2021-01-20
12155,2678,COURSE118,Assignment,70.0,2024-06-20
12156,1187,COURSE116,Quiz,78.0,2024-02-21
12157,2017,COURSE138,Final Exam,97.0,2024-09-18
12158,1968,COURSE112,Final Exam,53.0,2020-03-10
12159,2329,COURSE88,Assignment,89.0,2023-12-01
12160,2156,COURSE65,Final Exam,93.0,2024-07-17
12161,1681,COURSE88,Midterm,75.0,2024-06-26
12162,1512,COURSE67,Final Exam,93.0,2021-11-11
12163,1546,COURSE133,Quiz,76.0,2023-03-15
12164,1887,COURSE109,Assignment,96.0,2021-08-03
12165,1296,COURSE71,Final Exam,83.0,2024-11-21
12166,2361,COURSE119,Assignment,79.0,2023-09-05
12167,1881,COURSE60,Quiz,100.0,2021-11-28
12168,2668,COURSE109,Quiz,73.0,2020-08-14
12169,2189,COURSE72,Midterm,66.0,2022-09-18
12170,1133,COURSE128,Final Exam,89.0,2020-10-02
12171,2091,COURSE134,Midterm,57.0,2021-04-05
12172,1187,COURSE89,Midterm,70.0,2022-01-21
12173,2818,COURSE141,Final Exam,91.0,2021-02-05
12174,2767,COURSE78,Assignment,87.0,2020-07-02
12175,2796,COURSE126,Assignment,79.0,2021-05-12
12176,2188,COURSE72,Final Exam,85.0,2020-10-10
12177,1600,COURSE59,Assignment,69.0,2020-12-11
12178,1286,COURSE87,Quiz,86.0,2020-10-05
12179,2180,COURSE100,Assignment,96.0,2024-04-26
12180,1036,COURSE90,Midterm,78.0,2022-10-28
12181,1607,COURSE116,Quiz,76.0,2021-07-21
12182,2379,COURSE141,Assignment,78.0,2023-07-01
12183,1191,COURSE147,Assignment,76.0,2022-07-13
12184,2264,COURSE121,Assignment,77.0,2021-03-15
12185,1720,COURSE122,Assignment,81.0,2020-02-03
12186,2510,COURSE93,Assignment,63.0,2024-08-04
12187,1660,COURSE145,Midterm,85.0,2023-03-26
12188,1948,COURSE85,Assignment,85.0,2020-08-19
12189,2945,COURSE92,Assignment,53.0,2023-04-01
12190,2878,COURSE59,Final Exam,72.0,2021-03-01
12191,2379,COURSE77,Final Exam,77.0,2022-09-16
12192,1220,COURSE131,Quiz,98.0,2020-05-27
12193,1200,COURSE86,Midterm,82.0,2020-04-22
12194,1724,COURSE100,Assignment,82.0,2021-06-09
12195,2910,COURSE143,Midterm,81.0,2024-10-03
12196,2972,COURSE61,Midterm,82.0,2021-08-05
12197,1491,COURSE86,Final Exam,78.0,2024-08-12
12198,2396,COURSE89,Final Exam,78.0,2023-09-27
12199,2213,COURSE121,Quiz,53.0,2020-07-17
12200,1403,COURSE124,Midterm,66.0,2021-12-11
12201,2594,COURSE79,Final Exam,97.0,2024-11-23
12202,1201,COURSE124,Final Exam,79.0,2024-09-02
12203,1167,COURSE139,Midterm,59.0,2020-09-18
12204,2008,COURSE119,Final Exam,77.0,2024-09-03
12205,2565,COURSE107,Midterm,75.0,2024-06-02
12206,2240,COURSE148,Final Exam,80.0,2021-02-22
12207,1665,COURSE149,Assignment,84.0,2024-11-11
12208,2492,COURSE54,Quiz,71.0,2021-03-02
12209,2969,COURSE79,Midterm,92.0,2023-11-04
12210,2901,COURSE148,Midterm,79.0,2020-10-07
12211,1771,COURSE104,Midterm,68.0,2021-12-31
12212,1508,COURSE84,Midterm,82.0,2023-01-18
12213,2820,COURSE87,Quiz,100.0,2024-07-03
12214,1078,COURSE80,Midterm,83.0,2021-04-05
12215,2998,COURSE70,Midterm,78.0,2022-05-23
12216,1148,COURSE73,Final Exam,59.0,2024-05-25
12217,2006,COURSE142,Final Exam,83.0,2024-08-15
12218,1004,COURSE72,Assignment,81.0,2023-05-24
12219,1047,COURSE68,Final Exam,79.0,2024-02-28
12220,2719,COURSE66,Midterm,73.0,2024-11-18
12221,2906,COURSE81,Midterm,77.0,2024-02-07
12222,2843,COURSE111,Assignment,95.0,2023-07-24
12223,1367,COURSE129,Final Exam,69.0,2022-07-26
12224,2196,COURSE122,Quiz,65.0,2020-08-30
12225,1582,COURSE58,Final Exam,77.0,2023-12-25
12226,1792,COURSE81,Assignment,84.0,2020-03-08
12227,2701,COURSE63,Midterm,75.0,2024-09-20
12228,1732,COURSE102,Midterm,79.0,2020-04-16
12229,2528,COURSE133,Assignment,90.0,2023-11-04
12230,1572,COURSE131,Assignment,70.0,2024-10-30
12231,1289,COURSE104,Quiz,75.0,2021-03-18
12232,2341,COURSE87,Midterm,70.0,2023-01-03
12233,1574,COURSE82,Midterm,81.0,2022-11-02
12234,2868,COURSE121,Quiz,70.0,2024-05-21
12235,1174,COURSE107,Assignment,83.0,2020-09-24
12236,1243,COURSE149,Quiz,94.0,2023-06-21
12237,1502,COURSE57,Assignment,86.0,2021-04-21
12238,2447,COURSE127,Midterm,94.0,2020-04-17
12239,2758,COURSE51,Assignment,91.0,2024-08-14
12240,2642,COURSE111,Midterm,60.0,2024-10-17
12241,1900,COURSE124,Midterm,56.0,2020-01-28
12242,1599,COURSE138,Quiz,99.0,2024-09-28
12243,2822,COURSE99,Final Exam,100.0,2024-02-02
12244,2720,COURSE147,Final Exam,89.0,2024-08-11
12245,2946,COURSE137,Midterm,96.0,2024-02-16
12246,2064,COURSE108,Final Exam,63.0,2024-10-22
12247,1084,COURSE63,Midterm,93.0,2020-08-11
12248,2746,COURSE61,Midterm,63.0,2020-12-18
12249,2131,COURSE53,Quiz,71.0,2022-02-28
12250,1313,COURSE140,Midterm,73.0,2020-10-17
12251,2983,COURSE101,Final Exam,100.0,2024-09-05
12252,2072,COURSE83,Quiz,73.0,2022-02-08
12253,1924,COURSE87,Quiz,67.0,2020-05-29
12254,2425,COURSE72,Midterm,79.0,2023-09-13
12255,2938,COURSE129,Quiz,62.0,2024-07-09
12256,2250,COURSE83,Quiz,81.0,2020-04-21
12257,2729,COURSE63,Assignment,80.0,2023-11-20
12258,2974,COURSE112,Assignment,80.0,2023-11-27
12259,1422,COURSE73,Final Exam,79.0,2024-06-16
12260,1401,COURSE62,Assignment,76.0,2021-10-14
12261,2968,COURSE68,Assignment,71.0,2024-09-16
12262,1164,COURSE133,Midterm,84.0,2024-02-01
12263,2206,COURSE92,Quiz,92.0,2021-07-14
12264,2289,COURSE106,Final Exam,72.0,2020-05-31
12265,2182,COURSE73,Final Exam,72.0,2024-03-17
12266,2154,COURSE111,Midterm,80.0,2023-11-01
12267,1820,COURSE75,Quiz,69.0,2021-02-27
12268,2027,COURSE149,Quiz,74.0,2023-07-29
12269,1932,COURSE99,Assignment,74.0,2024-10-16
12270,1999,COURSE57,Quiz,85.0,2020-09-14
12271,1147,COURSE138,Quiz,78.0,2020-02-04
12272,1808,COURSE101,Quiz,84.0,2022-04-25
12273,2976,COURSE140,Midterm,59.0,2024-09-09
12274,1701,COURSE61,Midterm,69.0,2021-06-15
12275,1329,COURSE129,Midterm,86.0,2023-11-01
12276,2852,COURSE123,Quiz,69.0,2020-05-19
12277,2673,COURSE76,Assignment,83.0,2022-12-04
12278,1476,COURSE81,Assignment,90.0,2020-09-03
12279,2350,COURSE61,Midterm,74.0,2021-07-17
12280,1735,COURSE98,Assignment,70.0,2021-08-05
12281,2401,COURSE100,Final Exam,74.0,2022-07-14
12282,2392,COURSE92,Quiz,85.0,2024-01-27
12283,1320,COURSE106,Assignment,80.0,2024-02-15
12284,2343,COURSE70,Assignment,67.0,2021-07-24
12285,1734,COURSE95,Midterm,67.0,2024-01-27
12286,1754,COURSE90,Assignment,77.0,2023-11-17
12287,1948,COURSE57,Final Exam,77.0,2024-03-11
12288,1645,COURSE130,Final Exam,61.0,2023-01-12
12289,1322,COURSE98,Assignment,49.0,2023-06-21
12290,1432,COURSE150,Quiz,80.0,2024-11-10
12291,1376,COURSE146,Assignment,70.0,2021-12-27
12292,1371,COURSE126,Midterm,69.0,2024-08-06
12293,2214,COURSE73,Final Exam,79.0,2024-12-04
12294,2682,COURSE106,Quiz,53.0,2021-11-13
12295,1930,COURSE123,Quiz,83.0,2021-03-16
12296,2813,COURSE110,Quiz,79.0,2023-03-21
12297,1320,COURSE54,Final Exam,74.0,2020-05-30
12298,2870,COURSE57,Assignment,66.0,2024-10-23
12299,1626,COURSE102,Assignment,85.0,2024-08-11
12300,1843,COURSE56,Assignment,81.0,2024-09-17
12301,2787,COURSE95,Final Exam,71.0,2021-02-15
12302,2781,COURSE80,Midterm,70.0,2020-06-14
12303,2117,COURSE97,Final Exam,78.0,2024-04-14
12304,1552,COURSE136,Quiz,70.0,2023-02-15
12305,2744,COURSE58,Assignment,76.0,2023-05-26
12306,1611,COURSE142,Midterm,78.0,2022-08-09
12307,1812,COURSE150,Final Exam,71.0,2023-03-23
12308,2947,COURSE86,Quiz,76.0,2024-05-27
12309,2633,COURSE118,Quiz,95.0,2023-12-19
12310,1653,COURSE131,Midterm,84.0,2021-06-24
12311,2194,COURSE98,Final Exam,77.0,2020-06-11
12312,2179,COURSE79,Midterm,63.0,2022-09-09
12313,1754,COURSE108,Final Exam,66.0,2024-11-06
12314,1432,COURSE136,Quiz,73.0,2023-11-27
12315,2889,COURSE127,Midterm,73.0,2024-09-25
12316,2247,COURSE57,Assignment,73.0,2021-03-06
12317,2803,COURSE149,Final Exam,95.0,2020-08-28
12318,1983,COURSE113,Final Exam,93.0,2020-04-02
12319,1565,COURSE114,Final Exam,76.0,2022-04-16
12320,2504,COURSE90,Final Exam,87.0,2024-11-17
12321,1822,COURSE62,Assignment,85.0,2023-09-26
12322,1278,COURSE106,Quiz,71.0,2024-07-02
12323,1158,COURSE143,Final Exam,79.0,2020-02-14
12324,1818,COURSE70,Assignment,70.0,2024-07-20
12325,2688,COURSE106,Midterm,87.0,2023-02-01
12326,2640,COURSE81,Midterm,85.0,2022-07-02
12327,1649,COURSE133,Quiz,72.0,2024-01-14
12328,1593,COURSE70,Final Exam,77.0,2022-09-03
12329,2046,COURSE73,Assignment,61.0,2021-01-19
12330,1721,COURSE110,Midterm,68.0,2023-12-16
12331,1353,COURSE118,Quiz,92.0,2020-06-25
12332,2419,COURSE74,Assignment,73.0,2023-11-01
12333,2433,COURSE69,Quiz,93.0,2021-11-14
12334,2637,COURSE134,Assignment,78.0,2021-02-04
12335,2232,COURSE117,Final Exam,92.0,2023-09-02
12336,2613,COURSE107,Final Exam,85.0,2023-05-03
12337,2193,COURSE74,Assignment,82.0,2021-02-14
12338,1218,COURSE129,Assignment,75.0,2024-08-19
12339,1581,COURSE109,Quiz,93.0,2021-08-17
12340,1950,COURSE122,Assignment,63.0,2024-10-27
12341,1919,COURSE116,Midterm,87.0,2024-03-29
12342,2876,COURSE93,Midterm,69.0,2021-10-01
12343,1328,COURSE105,Quiz,84.0,2024-07-01
12344,2700,COURSE67,Assignment,70.0,2022-06-30
12345,2475,COURSE123,Assignment,93.0,2023-08-08
12346,1343,COURSE73,Quiz,77.0,2024-04-12
12347,1123,COURSE82,Final Exam,91.0,2021-02-17
12348,1614,COURSE105,Final Exam,64.0,2022-08-28
12349,1123,COURSE95,Quiz,75.0,2024-08-07
12350,2273,COURSE99,Assignment,75.0,2020-08-10
12351,2947,COURSE106,Midterm,94.0,2022-02-17
12352,2496,COURSE63,Assignment,89.0,2020-08-17
12353,2550,COURSE89,Quiz,81.0,2020-01-03
12354,1401,COURSE111,Final Exam,78.0,2024-01-04
12355,1153,COURSE83,Final Exam,79.0,2020-06-07
12356,2027,COURSE72,Quiz,83.0,2024-08-31
12357,1912,COURSE72,Midterm,62.0,2023-01-04
12358,2865,COURSE142,Final Exam,88.0,2020-09-02
12359,2248,COURSE83,Final Exam,99.0,2020-09-24
12360,2993,COURSE110,Assignment,67.0,2023-05-12
12361,2239,COURSE54,Quiz,99.0,2024-10-31
12362,2489,COURSE90,Quiz,89.0,2022-02-26
12363,1102,COURSE53,Quiz,79.0,2022-11-17
12364,2891,COURSE149,Final Exam,77.0,2022-06-08
12365,2732,COURSE108,Quiz,89.0,2024-03-25
12366,2814,COURSE106,Assignment,61.0,2024-11-29
12367,1978,COURSE64,Final Exam,75.0,2022-11-23
12368,1861,COURSE138,Final Exam,81.0,2024-09-10
12369,1629,COURSE146,Final Exam,78.0,2024-05-09
12370,1492,COURSE116,Assignment,82.0,2024-11-14
12371,1177,COURSE144,Assignment,90.0,2023-07-13
12372,2317,COURSE116,Quiz,74.0,2024-07-13
12373,1475,COURSE102,Quiz,67.0,2024-07-13
12374,2510,COURSE122,Midterm,88.0,2024-08-29
12375,1793,COURSE102,Final Exam,63.0,2022-12-24
12376,1896,COURSE79,Quiz,55.0,2021-04-06
12377,1444,COURSE104,Midterm,91.0,2024-04-01
12378,2624,COURSE119,Quiz,91.0,2024-04-19
12379,1388,COURSE80,Midterm,82.0,2020-01-05
12380,1017,COURSE122,Assignment,79.0,2020-12-07
12381,2877,COURSE87,Quiz,54.0,2023-12-11
12382,1057,COURSE133,Assignment,88.0,2022-11-14
12383,2581,COURSE117,Midterm,87.0,2022-05-02
12384,1763,COURSE66,Final Exam,100.0,2020-01-18
12385,2153,COURSE121,Midterm,86.0,2021-09-06
12386,1296,COURSE118,Quiz,100.0,2020-08-10
12387,2749,COURSE106,Assignment,76.0,2021-01-26
12388,2908,COURSE77,Assignment,66.0,2022-11-15
12389,1862,COURSE90,Final Exam,60.0,2024-10-27
12390,2304,COURSE105,Assignment,76.0,2023-03-27
12391,2930,COURSE95,Midterm,88.0,2020-03-16
12392,2968,COURSE121,Quiz,73.0,2021-05-21
12393,1948,COURSE82,Final Exam,48.0,2020-06-16
12394,2664,COURSE97,Assignment,81.0,2024-11-05
12395,1511,COURSE118,Quiz,60.0,2020-03-09
12396,1781,COURSE142,Quiz,100.0,2024-04-07
12397,1287,COURSE73,Final Exam,61.0,2021-09-23
12398,1823,COURSE58,Assignment,62.0,2023-02-01
12399,1825,COURSE56,Quiz,93.0,2022-02-02
12400,1903,COURSE88,Midterm,77.0,2020-11-25
12401,1282,COURSE63,Final Exam,76.0,2021-09-17
12402,1788,COURSE51,Final Exam,83.0,2022-01-15
12403,2174,COURSE143,Quiz,69.0,2022-09-16
12404,2018,COURSE98,Final Exam,74.0,2024-06-12
12405,1709,COURSE72,Final Exam,84.0,2022-12-12
12406,1685,COURSE80,Midterm,63.0,2024-07-01
12407,2403,COURSE57,Midterm,76.0,2020-09-25
12408,1709,COURSE129,Quiz,66.0,2022-12-22
12409,1362,COURSE75,Midterm,83.0,2021-08-12
12410,1152,COURSE111,Midterm,60.0,2020-07-20
12411,2721,COURSE144,Assignment,87.0,2024-02-01
12412,1446,COURSE103,Quiz,73.0,2023-12-31
12413,1581,COURSE59,Midterm,79.0,2023-11-18
12414,2238,COURSE65,Quiz,89.0,2020-03-20
12415,2388,COURSE103,Midterm,63.0,2024-05-02
12416,2249,COURSE93,Final Exam,96.0,2022-01-27
12417,2415,COURSE91,Final Exam,91.0,2022-02-23
12418,1489,COURSE63,Midterm,100.0,2021-12-05
12419,2089,COURSE132,Midterm,81.0,2022-02-27
12420,2228,COURSE106,Assignment,68.0,2023-05-27
12421,2850,COURSE88,Assignment,70.0,2024-12-15
12422,2440,COURSE51,Final Exam,80.0,2022-01-09
12423,2139,COURSE144,Assignment,75.0,2020-01-12
12424,2371,COURSE63,Midterm,92.0,2020-11-03
12425,2285,COURSE82,Final Exam,90.0,2023-10-17
12426,1856,COURSE96,Final Exam,61.0,2024-12-17
12427,1125,COURSE143,Midterm,76.0,2023-03-27
12428,1203,COURSE119,Midterm,70.0,2023-05-10
12429,1632,COURSE131,Assignment,83.0,2020-06-25
12430,1486,COURSE54,Quiz,89.0,2022-04-07
12431,1684,COURSE116,Midterm,80.0,2023-11-05
12432,1809,COURSE56,Quiz,87.0,2023-07-03
12433,2779,COURSE65,Final Exam,78.0,2021-08-23
12434,2188,COURSE66,Quiz,84.0,2024-06-20
12435,2262,COURSE120,Final Exam,71.0,2024-03-25
12436,1928,COURSE110,Final Exam,69.0,2022-02-26
12437,2411,COURSE128,Midterm,79.0,2023-06-04
12438,1453,COURSE86,Assignment,70.0,2024-01-16
12439,1759,COURSE77,Midterm,88.0,2024-12-08
12440,1768,COURSE138,Quiz,91.0,2020-09-10
12441,1097,COURSE112,Midterm,79.0,2023-10-25
12442,2369,COURSE101,Final Exam,82.0,2024-03-25
12443,2822,COURSE133,Final Exam,84.0,2022-03-12
12444,2485,COURSE92,Midterm,73.0,2024-05-21
12445,1437,COURSE131,Midterm,89.0,2022-05-18
12446,2364,COURSE121,Quiz,75.0,2023-10-13
12447,1399,COURSE114,Final Exam,63.0,2020-08-29
12448,1097,COURSE92,Assignment,86.0,2021-06-06
12449,2832,COURSE126,Quiz,62.0,2023-04-18
12450,1475,COURSE90,Final Exam,78.0,2020-09-17
12451,1553,COURSE83,Assignment,76.0,2021-11-02
12452,2005,COURSE132,Final Exam,86.0,2020-09-21
12453,1301,COURSE95,Assignment,68.0,2020-09-15
12454,1788,COURSE96,Quiz,82.0,2024-09-14
12455,1644,COURSE138,Quiz,57.0,2022-01-21
12456,1584,COURSE89,Midterm,81.0,2022-01-29
12457,2195,COURSE100,Midterm,91.0,2020-11-18
12458,2714,COURSE113,Final Exam,75.0,2024-08-29
12459,1849,COURSE56,Quiz,83.0,2024-06-26
12460,2727,COURSE55,Midterm,77.0,2024-06-03
12461,2684,COURSE113,Midterm,82.0,2023-03-25
12462,1394,COURSE92,Final Exam,67.0,2022-05-18
12463,1754,COURSE100,Assignment,66.0,2020-09-17
12464,1216,COURSE128,Final Exam,100.0,2020-03-13
12465,1754,COURSE105,Quiz,100.0,2020-07-15
12466,2943,COURSE147,Quiz,65.0,2023-12-27
12467,1642,COURSE132,Quiz,75.0,2023-07-04
12468,2729,COURSE76,Quiz,76.0,2024-08-27
12469,2717,COURSE145,Midterm,88.0,2020-09-12
12470,1706,COURSE80,Final Exam,98.0,2022-02-28
12471,1684,COURSE84,Final Exam,94.0,2020-05-23
12472,2989,COURSE82,Quiz,70.0,2020-01-18
12473,1021,COURSE147,Final Exam,93.0,2024-06-01
12474,2391,COURSE143,Quiz,60.0,2021-04-18
12475,1122,COURSE108,Final Exam,91.0,2021-08-18
12476,2529,COURSE125,Final Exam,67.0,2023-02-01
12477,1438,COURSE120,Final Exam,79.0,2024-01-06
12478,1937,COURSE139,Assignment,62.0,2021-07-01
12479,1358,COURSE133,Quiz,85.0,2021-09-21
12480,1689,COURSE108,Midterm,83.0,2020-03-10
12481,1925,COURSE81,Quiz,78.0,2021-08-14
12482,2667,COURSE85,Assignment,90.0,2022-07-29
12483,1247,COURSE120,Assignment,83.0,2021-03-08
12484,2462,COURSE103,Quiz,85.0,2024-07-25
12485,2847,COURSE112,Assignment,96.0,2024-08-28
12486,2218,COURSE131,Quiz,93.0,2023-01-03
12487,1303,COURSE57,Final Exam,92.0,2020-10-23
12488,2808,COURSE116,Assignment,87.0,2022-09-06
12489,1811,COURSE78,Quiz,79.0,2021-07-17
12490,2025,COURSE115,Midterm,70.0,2020-05-27
12491,1274,COURSE146,Midterm,78.0,2022-02-14
12492,2172,COURSE96,Assignment,87.0,2024-06-21
12493,1880,COURSE84,Quiz,65.0,2024-12-07
12494,1451,COURSE122,Midterm,94.0,2020-11-18
12495,1905,COURSE69,Midterm,100.0,2021-03-13
12496,2109,COURSE115,Final Exam,83.0,2021-06-11
12497,2219,COURSE148,Assignment,100.0,2024-02-05
12498,1641,COURSE62,Quiz,74.0,2024-01-13
12499,2934,COURSE116,Final Exam,82.0,2024-10-08
12500,1928,COURSE93,Quiz,84.0,2023-08-15
12501,1884,COURSE66,Assignment,91.0,2021-05-20
12502,1038,COURSE149,Midterm,85.0,2022-07-01
12503,2377,COURSE60,Midterm,70.0,2023-09-02
12504,1273,COURSE115,Assignment,88.0,2024-09-24
12505,1328,COURSE75,Final Exam,87.0,2020-01-24
12506,1710,COURSE150,Assignment,100.0,2024-09-21
12507,2408,COURSE100,Final Exam,57.0,2020-06-09
12508,1582,COURSE121,Assignment,94.0,2022-02-19
12509,1069,COURSE53,Midterm,91.0,2023-09-17
12510,2888,COURSE107,Midterm,72.0,2022-09-27
12511,2588,COURSE108,Midterm,92.0,2022-04-04
12512,1261,COURSE92,Assignment,77.0,2023-07-08
12513,2186,COURSE141,Quiz,67.0,2024-05-25
12514,2364,COURSE51,Quiz,66.0,2023-01-12
12515,1231,COURSE63,Quiz,77.0,2024-07-25
12516,2234,COURSE91,Final Exam,91.0,2023-12-19
12517,2677,COURSE74,Final Exam,96.0,2022-07-06
12518,1373,COURSE55,Assignment,70.0,2022-02-21
12519,1864,COURSE105,Midterm,71.0,2024-04-28
12520,1760,COURSE94,Final Exam,71.0,2023-08-19
12521,1848,COURSE105,Quiz,64.0,2024-06-12
12522,1046,COURSE108,Final Exam,77.0,2022-02-03
12523,1363,COURSE111,Quiz,99.0,2021-01-20
12524,2557,COURSE70,Midterm,71.0,2024-06-23
12525,1088,COURSE111,Final Exam,96.0,2020-03-01
12526,1441,COURSE86,Final Exam,84.0,2022-12-02
12527,2426,COURSE119,Final Exam,74.0,2023-05-15
12528,2472,COURSE107,Final Exam,52.0,2022-07-28
12529,1880,COURSE78,Final Exam,83.0,2022-06-06
12530,1888,COURSE125,Quiz,96.0,2020-01-21
12531,1954,COURSE59,Assignment,68.0,2023-04-08
12532,2990,COURSE134,Final Exam,80.0,2021-12-18
12533,1611,COURSE57,Assignment,86.0,2024-10-18
12534,1581,COURSE119,Final Exam,53.0,2021-07-15
12535,1031,COURSE83,Midterm,74.0,2024-10-15
12536,2882,COURSE103,Quiz,67.0,2024-01-03
12537,1904,COURSE55,Midterm,69.0,2024-02-24
12538,1782,COURSE104,Assignment,65.0,2021-01-26
12539,1531,COURSE130,Quiz,74.0,2023-01-31
12540,2235,COURSE59,Midterm,80.0,2021-12-01
12541,2710,COURSE150,Final Exam,76.0,2024-10-28
12542,1331,COURSE119,Assignment,68.0,2020-06-16
12543,1810,COURSE74,Assignment,89.0,2024-12-13
12544,1991,COURSE57,Midterm,89.0,2020-12-19
12545,1166,COURSE58,Assignment,83.0,2021-04-02
12546,1301,COURSE142,Assignment,97.0,2023-07-28
12547,2589,COURSE108,Midterm,84.0,2024-07-15
12548,1853,COURSE59,Final Exam,87.0,2023-11-21
12549,1318,COURSE119,Quiz,65.0,2020-03-14
12550,2614,COURSE103,Final Exam,100.0,2024-02-16
12551,2414,COURSE103,Assignment,56.0,2022-12-07
12552,1386,COURSE83,Final Exam,92.0,2024-09-11
12553,2245,COURSE69,Quiz,70.0,2024-06-25
12554,2875,COURSE52,Final Exam,80.0,2024-03-18
12555,2831,COURSE136,Assignment,86.0,2020-03-31
12556,2805,COURSE71,Quiz,72.0,2022-04-06
12557,2731,COURSE90,Assignment,75.0,2023-01-06
12558,1744,COURSE148,Quiz,61.0,2021-03-26
12559,2992,COURSE77,Assignment,79.0,2023-11-10
12560,2014,COURSE122,Final Exam,81.0,2024-01-20
12561,2943,COURSE86,Midterm,56.0,2021-01-20
12562,2976,COURSE68,Quiz,84.0,2020-08-11
12563,2928,COURSE108,Assignment,65.0,2022-07-12
12564,2463,COURSE108,Final Exam,93.0,2020-01-01
12565,1524,COURSE80,Midterm,82.0,2022-10-19
12566,1936,COURSE60,Quiz,80.0,2024-06-03
12567,1122,COURSE124,Final Exam,88.0,2022-09-22
12568,2086,COURSE70,Quiz,73.0,2021-07-17
12569,1413,COURSE124,Assignment,99.0,2021-07-09
12570,1913,COURSE150,Quiz,87.0,2024-08-16
12571,1393,COURSE72,Final Exam,97.0,2024-06-26
12572,1906,COURSE100,Assignment,97.0,2023-12-29
12573,2177,COURSE115,Midterm,69.0,2022-11-13
12574,1854,COURSE78,Quiz,53.0,2024-05-30
12575,2053,COURSE60,Midterm,75.0,2023-05-11
12576,1119,COURSE80,Quiz,79.0,2024-08-18
12577,2225,COURSE84,Final Exam,91.0,2023-06-15
12578,1734,COURSE61,Assignment,68.0,2022-03-24
12579,1588,COURSE95,Quiz,90.0,2022-02-25
12580,1056,COURSE69,Midterm,75.0,2024-04-20
12581,2726,COURSE128,Quiz,73.0,2022-09-12
12582,1021,COURSE135,Final Exam,95.0,2023-04-08
12583,1146,COURSE62,Midterm,81.0,2022-03-25
12584,2812,COURSE143,Final Exam,81.0,2024-12-31
12585,1380,COURSE78,Midterm,76.0,2024-12-19
12586,1944,COURSE124,Assignment,85.0,2024-10-22
12587,2905,COURSE96,Final Exam,73.0,2021-09-02
12588,2134,COURSE75,Assignment,81.0,2023-02-27
12589,2414,COURSE145,Quiz,78.0,2023-02-28
12590,2106,COURSE99,Assignment,84.0,2022-06-22
12591,2409,COURSE131,Midterm,80.0,2024-06-27
12592,1860,COURSE145,Final Exam,82.0,2024-08-21
12593,2246,COURSE101,Quiz,78.0,2024-06-18
12594,2307,COURSE150,Final Exam,85.0,2022-06-16
12595,2812,COURSE132,Midterm,75.0,2023-08-06
12596,1275,COURSE113,Assignment,79.0,2022-10-25
12597,1722,COURSE80,Midterm,82.0,2021-10-13
12598,1440,COURSE66,Quiz,81.0,2021-07-15
12599,1465,COURSE108,Quiz,77.0,2022-09-19
12600,1126,COURSE140,Final Exam,72.0,2022-02-09
12601,2110,COURSE113,Assignment,81.0,2022-04-05
12602,1955,COURSE129,Midterm,60.0,2024-09-20
12603,2209,COURSE70,Midterm,72.0,2023-05-22
12604,1557,COURSE119,Final Exam,80.0,2020-05-05
12605,1930,COURSE137,Quiz,87.0,2023-05-10
12606,2513,COURSE125,Assignment,69.0,2020-10-25
12607,1792,COURSE133,Final Exam,75.0,2024-02-14
12608,2005,COURSE68,Quiz,58.0,2022-09-10
12609,1321,COURSE141,Final Exam,88.0,2022-08-14
12610,2007,COURSE54,Midterm,71.0,2024-07-22
12611,1123,COURSE103,Final Exam,70.0,2023-08-06
12612,1314,COURSE118,Final Exam,68.0,2021-02-06
12613,2825,COURSE62,Quiz,96.0,2022-01-11
12614,2129,COURSE60,Quiz,61.0,2024-02-03
12615,2376,COURSE134,Final Exam,76.0,2022-04-01
12616,2794,COURSE62,Assignment,80.0,2020-01-02
12617,2100,COURSE132,Assignment,86.0,2024-07-05
12618,2216,COURSE113,Quiz,92.0,2023-07-10
12619,2390,COURSE101,Midterm,83.0,2021-05-12
12620,2744,COURSE109,Assignment,76.0,2020-05-08
12621,1360,COURSE138,Midterm,82.0,2021-03-02
12622,1955,COURSE111,Midterm,78.0,2021-10-12
12623,2535,COURSE58,Quiz,82.0,2022-06-22
12624,1848,COURSE82,Midterm,82.0,2021-08-22
12625,2652,COURSE111,Final Exam,81.0,2023-09-29
12626,1516,COURSE65,Midterm,80.0,2020-09-15
12627,1709,COURSE77,Assignment,85.0,2022-09-03
12628,1713,COURSE83,Assignment,84.0,2023-02-20
12629,1066,COURSE119,Assignment,77.0,2021-04-09
12630,2060,COURSE61,Quiz,90.0,2021-09-06
12631,1768,COURSE92,Quiz,73.0,2022-01-18
12632,2259,COURSE72,Final Exam,80.0,2022-08-08
12633,1569,COURSE62,Midterm,94.0,2022-09-01
12634,2999,COURSE137,Quiz,77.0,2024-10-22
12635,2671,COURSE53,Assignment,45.0,2024-05-05
12636,2858,COURSE143,Assignment,72.0,2023-01-21
12637,1468,COURSE63,Quiz,71.0,2024-07-25
12638,1284,COURSE137,Midterm,69.0,2023-09-11
12639,1427,COURSE80,Assignment,69.0,2023-02-20
12640,1903,COURSE71,Final Exam,60.0,2021-02-27
12641,1168,COURSE51,Final Exam,81.0,2023-04-16
12642,2507,COURSE127,Midterm,75.0,2023-04-10
12643,2473,COURSE83,Quiz,94.0,2022-03-18
12644,1165,COURSE79,Assignment,79.0,2024-10-17
12645,2290,COURSE115,Final Exam,90.0,2022-09-01
12646,1901,COURSE63,Final Exam,94.0,2022-09-03
12647,1154,COURSE75,Assignment,79.0,2020-03-04
12648,1780,COURSE124,Quiz,76.0,2020-04-14
12649,1096,COURSE149,Assignment,74.0,2023-01-03
12650,1708,COURSE77,Assignment,93.0,2022-05-26
12651,1658,COURSE87,Final Exam,69.0,2021-07-23
12652,1507,COURSE57,Final Exam,72.0,2020-10-12
12653,2483,COURSE72,Midterm,74.0,2023-03-23
12654,2450,COURSE93,Assignment,80.0,2024-11-29
12655,2424,COURSE141,Midterm,73.0,2020-11-14
12656,1911,COURSE125,Quiz,92.0,2021-06-28
12657,2689,COURSE137,Assignment,77.0,2020-01-26
12658,1610,COURSE98,Quiz,85.0,2024-03-20
12659,2229,COURSE108,Quiz,89.0,2023-01-20
12660,1933,COURSE112,Quiz,82.0,2024-09-22
12661,2810,COURSE82,Quiz,85.0,2022-01-26
12662,2280,COURSE116,Quiz,83.0,2022-10-10
12663,1923,COURSE131,Midterm,100.0,2023-10-09
12664,1979,COURSE96,Quiz,71.0,2022-10-17
12665,1250,COURSE132,Midterm,86.0,2023-08-24
12666,2653,COURSE103,Final Exam,66.0,2023-05-04
12667,1069,COURSE150,Midterm,63.0,2021-08-26
12668,1182,COURSE95,Assignment,68.0,2021-01-14
12669,2238,COURSE129,Assignment,91.0,2022-06-21
12670,1960,COURSE136,Midterm,86.0,2023-05-24
12671,2444,COURSE147,Midterm,83.0,2022-10-26
12672,1399,COURSE78,Final Exam,90.0,2024-03-02
12673,2242,COURSE65,Final Exam,65.0,2022-03-24
12674,1200,COURSE74,Quiz,70.0,2023-04-17
12675,1587,COURSE70,Final Exam,94.0,2022-02-20
12676,2211,COURSE59,Quiz,74.0,2020-04-28
12677,1517,COURSE144,Final Exam,72.0,2021-01-25
12678,1955,COURSE113,Quiz,82.0,2022-01-23
12679,2724,COURSE51,Midterm,78.0,2022-08-15
12680,1514,COURSE53,Assignment,72.0,2021-06-20
12681,1089,COURSE59,Midterm,74.0,2021-02-05
12682,1716,COURSE77,Midterm,92.0,2022-06-06
12683,1204,COURSE102,Quiz,65.0,2023-06-20
12684,2452,COURSE122,Final Exam,87.0,2020-06-17
12685,1805,COURSE148,Quiz,79.0,2023-09-20
12686,2157,COURSE122,Assignment,71.0,2024-02-10
12687,1647,COURSE117,Assignment,93.0,2024-12-29
12688,2784,COURSE102,Assignment,83.0,2022-01-27
12689,2844,COURSE130,Assignment,91.0,2020-06-06
12690,2444,COURSE126,Midterm,89.0,2024-01-18
12691,1966,COURSE144,Assignment,55.0,2023-04-27
12692,1921,COURSE142,Quiz,80.0,2024-12-01
12693,1228,COURSE77,Assignment,73.0,2023-07-16
12694,2852,COURSE64,Final Exam,87.0,2020-11-06
12695,1898,COURSE68,Final Exam,82.0,2023-10-21
12696,2042,COURSE139,Final Exam,77.0,2022-07-12
12697,1092,COURSE147,Assignment,69.0,2024-08-18
12698,2997,COURSE147,Assignment,97.0,2022-06-01
12699,1552,COURSE123,Assignment,81.0,2022-05-05
12700,1620,COURSE88,Assignment,99.0,2023-09-01
12701,2928,COURSE147,Final Exam,68.0,2021-07-23
12702,1479,COURSE73,Quiz,74.0,2022-07-06
12703,1077,COURSE73,Midterm,99.0,2020-02-23
12704,2835,COURSE66,Quiz,97.0,2022-05-02
12705,2910,COURSE79,Assignment,72.0,2023-08-31
12706,2266,COURSE63,Assignment,53.0,2020-08-03
12707,1868,COURSE133,Quiz,47.0,2023-11-27
12708,1112,COURSE130,Midterm,75.0,2020-06-04
12709,2733,COURSE72,Midterm,79.0,2020-02-27
12710,1423,COURSE86,Quiz,88.0,2021-08-27
12711,2599,COURSE72,Final Exam,71.0,2021-01-18
12712,1959,COURSE65,Final Exam,86.0,2024-08-11
12713,1211,COURSE120,Midterm,87.0,2021-10-08
12714,2119,COURSE76,Assignment,76.0,2021-08-25
12715,2532,COURSE105,Quiz,78.0,2022-12-06
12716,1862,COURSE82,Midterm,77.0,2023-05-20
12717,2094,COURSE136,Quiz,57.0,2021-11-26
12718,2641,COURSE89,Final Exam,79.0,2023-02-24
12719,2962,COURSE147,Midterm,73.0,2020-12-25
12720,2308,COURSE86,Assignment,57.0,2023-05-04
12721,1796,COURSE145,Midterm,59.0,2024-03-16
12722,2990,COURSE57,Assignment,84.0,2020-09-12
12723,1571,COURSE110,Final Exam,84.0,2023-09-14
12724,1737,COURSE72,Final Exam,70.0,2022-08-20
12725,1728,COURSE106,Quiz,69.0,2021-01-26
12726,1251,COURSE118,Midterm,69.0,2024-04-30
12727,1027,COURSE91,Assignment,65.0,2021-09-20
12728,1821,COURSE78,Quiz,72.0,2020-10-02
12729,2096,COURSE129,Final Exam,69.0,2020-07-29
12730,2605,COURSE81,Midterm,65.0,2022-10-02
12731,2101,COURSE97,Final Exam,62.0,2021-01-15
12732,1400,COURSE118,Final Exam,77.0,2024-07-21
12733,2457,COURSE150,Assignment,84.0,2020-09-29
12734,1623,COURSE128,Final Exam,84.0,2024-03-17
12735,1533,COURSE59,Assignment,91.0,2022-09-22
12736,2322,COURSE58,Quiz,85.0,2024-07-25
12737,2857,COURSE110,Midterm,84.0,2024-10-17
12738,1746,COURSE126,Midterm,67.0,2023-08-27
12739,2049,COURSE114,Midterm,84.0,2022-02-20
12740,2672,COURSE52,Assignment,78.0,2021-02-02
12741,2552,COURSE99,Final Exam,73.0,2022-01-02
12742,2894,COURSE101,Quiz,79.0,2022-03-17
12743,1779,COURSE103,Quiz,71.0,2020-07-14
12744,2795,COURSE119,Quiz,66.0,2022-05-26
12745,1128,COURSE92,Midterm,66.0,2021-03-18
12746,2479,COURSE130,Assignment,67.0,2022-03-05
12747,2374,COURSE68,Quiz,69.0,2021-11-21
12748,2635,COURSE125,Midterm,85.0,2020-01-21
12749,1928,COURSE109,Quiz,85.0,2022-07-08
12750,1227,COURSE73,Midterm,83.0,2020-10-30
12751,1222,COURSE65,Midterm,66.0,2024-10-04
12752,2238,COURSE119,Quiz,78.0,2020-01-07
12753,2833,COURSE80,Midterm,89.0,2021-03-09
12754,2808,COURSE104,Assignment,60.0,2023-03-31
12755,2230,COURSE81,Final Exam,80.0,2023-06-19
12756,1586,COURSE116,Assignment,100.0,2024-04-04
12757,2949,COURSE53,Quiz,68.0,2021-04-19
12758,1372,COURSE129,Quiz,84.0,2022-01-12
12759,2862,COURSE93,Quiz,98.0,2024-02-26
12760,2727,COURSE87,Final Exam,59.0,2021-09-17
12761,1155,COURSE140,Final Exam,84.0,2022-08-06
12762,2085,COURSE129,Midterm,97.0,2021-07-19
12763,2712,COURSE87,Final Exam,68.0,2020-04-13
12764,2416,COURSE132,Final Exam,77.0,2023-07-26
12765,2376,COURSE132,Assignment,78.0,2021-11-13
12766,2845,COURSE150,Midterm,100.0,2021-11-02
12767,2156,COURSE88,Assignment,84.0,2020-12-01
12768,1484,COURSE93,Final Exam,78.0,2024-12-25
12769,2856,COURSE85,Final Exam,75.0,2023-05-27
12770,2725,COURSE92,Assignment,72.0,2024-01-12
12771,1928,COURSE66,Midterm,52.0,2022-11-12
12772,2119,COURSE99,Final Exam,84.0,2021-09-10
12773,2067,COURSE94,Assignment,87.0,2024-11-15
12774,1874,COURSE60,Midterm,56.0,2024-03-01
12775,2362,COURSE133,Final Exam,97.0,2023-01-20
12776,1039,COURSE121,Assignment,64.0,2022-05-21
12777,1394,COURSE91,Assignment,77.0,2023-02-25
12778,2231,COURSE97,Quiz,81.0,2023-11-26
12779,1910,COURSE138,Final Exam,87.0,2023-04-14
12780,1915,COURSE118,Midterm,91.0,2020-01-18
12781,2286,COURSE79,Midterm,86.0,2022-12-19
12782,1509,COURSE112,Quiz,85.0,2020-02-02
12783,1808,COURSE67,Quiz,73.0,2023-05-30
12784,1518,COURSE63,Assignment,88.0,2023-07-06
12785,2174,COURSE97,Assignment,78.0,2022-03-04
12786,1184,COURSE73,Quiz,80.0,2024-06-09
12787,1419,COURSE107,Assignment,81.0,2023-05-25
12788,1145,COURSE83,Assignment,79.0,2022-02-23
12789,1093,COURSE56,Assignment,99.0,2023-01-20
12790,2397,COURSE107,Final Exam,80.0,2023-01-14
12791,2556,COURSE70,Quiz,73.0,2024-02-27
12792,2542,COURSE68,Assignment,80.0,2022-06-23
12793,2659,COURSE121,Assignment,90.0,2024-09-24
12794,2358,COURSE70,Quiz,58.0,2021-12-12
12795,2354,COURSE115,Assignment,86.0,2021-09-02
12796,1680,COURSE91,Quiz,82.0,2023-03-24
12797,2471,COURSE108,Final Exam,78.0,2020-10-12
12798,1879,COURSE146,Quiz,76.0,2020-05-06
12799,1267,COURSE131,Final Exam,60.0,2022-04-26
12800,2683,COURSE111,Assignment,85.0,2020-03-06
12801,1278,COURSE67,Midterm,90.0,2021-04-12
12802,1105,COURSE83,Assignment,72.0,2021-12-08
12803,1412,COURSE84,Midterm,62.0,2023-09-03
12804,1194,COURSE58,Assignment,72.0,2021-05-30
12805,1514,COURSE140,Final Exam,85.0,2022-10-29
12806,1426,COURSE123,Assignment,69.0,2024-02-14
12807,1143,COURSE113,Quiz,77.0,2020-10-25
12808,1747,COURSE115,Midterm,90.0,2020-07-21
12809,2876,COURSE64,Midterm,88.0,2020-02-18
12810,1498,COURSE67,Midterm,73.0,2024-06-14
12811,2141,COURSE128,Quiz,67.0,2020-02-20
12812,2314,COURSE117,Assignment,80.0,2021-04-23
12813,2502,COURSE68,Final Exam,74.0,2020-01-03
12814,1197,COURSE107,Quiz,75.0,2024-05-27
12815,1065,COURSE134,Final Exam,84.0,2024-02-08
12816,1076,COURSE98,Final Exam,87.0,2023-12-09
12817,2834,COURSE133,Final Exam,72.0,2024-07-14
12818,2094,COURSE64,Quiz,78.0,2021-10-26
12819,1344,COURSE134,Quiz,81.0,2021-11-17
12820,1192,COURSE114,Quiz,79.0,2022-10-01
12821,2099,COURSE110,Quiz,100.0,2022-05-09
12822,2400,COURSE107,Midterm,88.0,2023-08-02
12823,2652,COURSE105,Final Exam,95.0,2022-02-02
12824,1436,COURSE122,Midterm,81.0,2022-11-20
12825,2474,COURSE105,Midterm,70.0,2020-03-03
12826,2158,COURSE140,Final Exam,63.0,2022-05-12
12827,1947,COURSE137,Final Exam,60.0,2023-10-12
12828,2464,COURSE51,Final Exam,82.0,2022-06-19
12829,1192,COURSE150,Final Exam,83.0,2024-07-10
12830,1213,COURSE107,Midterm,79.0,2023-01-25
12831,2798,COURSE128,Assignment,90.0,2022-08-20
12832,1390,COURSE144,Assignment,85.0,2023-07-27
12833,1461,COURSE99,Final Exam,74.0,2022-11-06
12834,2975,COURSE68,Assignment,72.0,2021-10-29
12835,2214,COURSE58,Assignment,78.0,2020-11-01
12836,2422,COURSE143,Final Exam,91.0,2020-05-08
12837,2564,COURSE54,Assignment,71.0,2022-01-25
12838,1327,COURSE120,Final Exam,75.0,2020-04-10
12839,1557,COURSE103,Final Exam,82.0,2022-04-07
12840,1034,COURSE133,Assignment,79.0,2024-07-27
12841,2199,COURSE143,Midterm,81.0,2023-06-23
12842,1241,COURSE59,Assignment,87.0,2021-07-22
12843,2623,COURSE128,Midterm,82.0,2022-06-28
12844,1559,COURSE75,Final Exam,61.0,2022-04-30
12845,2074,COURSE103,Final Exam,86.0,2020-04-15
12846,1305,COURSE55,Quiz,88.0,2020-12-23
12847,1437,COURSE137,Final Exam,77.0,2022-02-06
12848,2891,COURSE65,Midterm,97.0,2020-02-01
12849,1411,COURSE91,Assignment,64.0,2020-07-05
12850,1158,COURSE74,Midterm,73.0,2023-10-04
12851,1805,COURSE149,Final Exam,87.0,2021-08-28
12852,2197,COURSE56,Quiz,66.0,2020-07-01
12853,1184,COURSE115,Quiz,65.0,2024-07-22
12854,2212,COURSE106,Quiz,59.0,2024-01-14
12855,2180,COURSE86,Quiz,77.0,2020-04-01
12856,2164,COURSE90,Assignment,65.0,2020-02-25
12857,2339,COURSE133,Midterm,86.0,2021-09-17
12858,2207,COURSE91,Final Exam,74.0,2020-07-31
12859,2754,COURSE146,Midterm,65.0,2022-11-21
12860,2338,COURSE80,Assignment,73.0,2024-02-12
12861,2655,COURSE108,Final Exam,59.0,2023-07-04
12862,2570,COURSE129,Midterm,88.0,2023-02-14
12863,2864,COURSE63,Midterm,90.0,2020-07-02
12864,1341,COURSE84,Quiz,98.0,2023-02-03
12865,1684,COURSE115,Midterm,92.0,2021-02-16
12866,1212,COURSE67,Final Exam,76.0,2020-04-26
12867,1261,COURSE92,Assignment,86.0,2022-07-02
12868,1410,COURSE134,Final Exam,69.0,2023-05-17
12869,1188,COURSE93,Midterm,100.0,2024-08-24
12870,2397,COURSE57,Midterm,88.0,2024-02-27
12871,1583,COURSE53,Quiz,86.0,2023-11-08
12872,1204,COURSE62,Midterm,96.0,2024-08-03
12873,1158,COURSE67,Quiz,89.0,2023-06-25
12874,2578,COURSE55,Midterm,84.0,2022-11-15
12875,2140,COURSE81,Final Exam,76.0,2024-02-21
12876,2222,COURSE79,Quiz,61.0,2024-11-24
12877,2680,COURSE133,Quiz,89.0,2021-07-23
12878,1882,COURSE77,Quiz,68.0,2023-12-02
12879,1126,COURSE131,Midterm,79.0,2021-03-14
12880,1377,COURSE103,Midterm,77.0,2021-11-30
12881,2940,COURSE149,Final Exam,74.0,2022-06-11
12882,1538,COURSE147,Final Exam,90.0,2023-10-12
12883,1903,COURSE117,Midterm,76.0,2022-09-12
12884,2057,COURSE147,Quiz,84.0,2024-10-17
12885,1379,COURSE99,Quiz,90.0,2021-08-24
12886,2013,COURSE63,Final Exam,78.0,2020-02-06
12887,1003,COURSE93,Assignment,100.0,2021-09-23
12888,1592,COURSE134,Assignment,86.0,2022-08-12
12889,2668,COURSE96,Quiz,78.0,2022-05-26
12890,1654,COURSE58,Assignment,77.0,2022-06-17
12891,2845,COURSE53,Assignment,76.0,2020-05-10
12892,2733,COURSE123,Midterm,62.0,2022-04-06
12893,2050,COURSE71,Quiz,71.0,2021-06-26
12894,1673,COURSE87,Quiz,76.0,2024-02-12
12895,1627,COURSE94,Assignment,80.0,2024-11-20
12896,2376,COURSE58,Midterm,74.0,2022-03-16
12897,2572,COURSE145,Final Exam,88.0,2022-04-29
12898,1447,COURSE57,Quiz,82.0,2022-05-21
12899,2839,COURSE61,Quiz,56.0,2024-02-04
12900,2265,COURSE86,Quiz,70.0,2021-03-22
12901,2680,COURSE93,Final Exam,85.0,2023-10-17
12902,1899,COURSE103,Assignment,76.0,2024-10-09
12903,1653,COURSE103,Final Exam,73.0,2020-05-05
12904,1653,COURSE78,Quiz,71.0,2022-02-23
12905,1329,COURSE128,Midterm,78.0,2020-06-14
12906,2065,COURSE77,Quiz,64.0,2023-03-10
12907,2433,COURSE105,Final Exam,87.0,2024-11-19
12908,2525,COURSE138,Final Exam,80.0,2020-08-29
12909,2221,COURSE116,Final Exam,90.0,2023-01-25
12910,2530,COURSE69,Final Exam,82.0,2022-02-04
12911,1274,COURSE137,Final Exam,69.0,2020-08-12
12912,2313,COURSE59,Midterm,86.0,2023-10-02
12913,2044,COURSE117,Assignment,76.0,2024-02-10
12914,1177,COURSE135,Final Exam,73.0,2022-12-27
12915,2979,COURSE79,Quiz,79.0,2020-08-05
12916,1392,COURSE63,Final Exam,77.0,2024-01-09
12917,1811,COURSE111,Midterm,85.0,2023-06-29
12918,2297,COURSE58,Final Exam,73.0,2021-07-04
12919,1183,COURSE78,Final Exam,85.0,2020-10-27
12920,2903,COURSE89,Final Exam,69.0,2024-08-02
12921,2476,COURSE131,Quiz,69.0,2020-03-13
12922,1908,COURSE145,Quiz,71.0,2023-11-05
12923,1711,COURSE137,Midterm,55.0,2024-09-01
12924,2054,COURSE103,Final Exam,70.0,2021-01-21
12925,2121,COURSE136,Midterm,84.0,2024-04-29
12926,1441,COURSE145,Assignment,86.0,2024-06-08
12927,2367,COURSE129,Quiz,72.0,2024-07-13
12928,2356,COURSE82,Quiz,80.0,2021-01-15
12929,1453,COURSE133,Quiz,100.0,2021-11-29
12930,2348,COURSE65,Midterm,75.0,2020-11-25
12931,2324,COURSE88,Final Exam,69.0,2024-07-04
12932,1360,COURSE83,Quiz,69.0,2022-08-03
12933,2708,COURSE90,Midterm,69.0,2021-09-08
12934,2076,COURSE51,Quiz,87.0,2024-01-14
12935,1631,COURSE112,Quiz,76.0,2023-03-14
12936,2095,COURSE71,Assignment,91.0,2021-04-18
12937,1664,COURSE140,Assignment,50.0,2020-07-06
12938,1575,COURSE58,Midterm,90.0,2022-10-26
12939,2520,COURSE76,Midterm,55.0,2023-09-19
12940,1818,COURSE84,Quiz,73.0,2023-12-27
12941,2935,COURSE149,Assignment,98.0,2023-07-27
12942,2655,COURSE55,Final Exam,81.0,2023-09-01
12943,2660,COURSE140,Midterm,77.0,2024-01-09
12944,2722,COURSE93,Final Exam,100.0,2020-01-12
12945,2542,COURSE131,Assignment,73.0,2023-05-29
12946,2386,COURSE84,Midterm,71.0,2024-01-06
12947,1776,COURSE108,Assignment,74.0,2024-09-09
12948,1419,COURSE58,Quiz,83.0,2020-03-19
12949,2087,COURSE60,Assignment,83.0,2021-02-25
12950,1552,COURSE95,Final Exam,71.0,2021-03-02
12951,2615,COURSE94,Quiz,92.0,2024-05-21
12952,2173,COURSE70,Final Exam,77.0,2020-10-05
12953,1543,COURSE137,Assignment,85.0,2022-04-04
12954,1938,COURSE124,Assignment,87.0,2023-01-07
12955,1513,COURSE70,Final Exam,84.0,2023-09-17
12956,1549,COURSE88,Quiz,75.0,2023-07-27
12957,2502,COURSE145,Assignment,84.0,2022-04-26
12958,1144,COURSE116,Midterm,93.0,2020-07-29
12959,1783,COURSE119,Quiz,95.0,2020-07-23
12960,2786,COURSE122,Quiz,78.0,2020-06-27
12961,2724,COURSE51,Midterm,79.0,2021-03-10
12962,1142,COURSE77,Quiz,74.0,2024-09-17
12963,2212,COURSE131,Assignment,96.0,2024-06-22
12964,2509,COURSE133,Assignment,92.0,2021-06-15
12965,2904,COURSE144,Quiz,76.0,2023-11-07
12966,2483,COURSE70,Quiz,90.0,2022-11-22
12967,1959,COURSE78,Midterm,90.0,2022-11-17
12968,1912,COURSE77,Final Exam,76.0,2023-09-25
12969,2217,COURSE147,Final Exam,83.0,2022-08-04
12970,1110,COURSE89,Quiz,91.0,2020-11-17
12971,2806,COURSE130,Quiz,93.0,2024-01-16
12972,2768,COURSE83,Assignment,82.0,2020-08-27
12973,2380,COURSE56,Quiz,64.0,2022-03-04
12974,1684,COURSE68,Quiz,63.0,2022-03-30
12975,1334,COURSE146,Quiz,100.0,2022-03-17
12976,2228,COURSE136,Midterm,81.0,2024-10-03
12977,1095,COURSE143,Final Exam,58.0,2020-07-25
12978,1822,COURSE135,Final Exam,70.0,2020-05-12
12979,1457,COURSE80,Quiz,82.0,2022-03-02
12980,2889,COURSE51,Midterm,84.0,2022-03-18
12981,1131,COURSE132,Assignment,90.0,2022-12-11
12982,2924,COURSE80,Quiz,93.0,2023-11-26
12983,2231,COURSE121,Quiz,91.0,2023-12-09
12984,1303,COURSE104,Assignment,80.0,2022-12-27
12985,2854,COURSE71,Midterm,69.0,2020-08-27
12986,2907,COURSE101,Assignment,68.0,2021-09-06
12987,2353,COURSE81,Assignment,75.0,2024-10-20
12988,2221,COURSE90,Assignment,71.0,2024-06-02
12989,2369,COURSE76,Assignment,85.0,2020-07-28
12990,1921,COURSE79,Assignment,80.0,2023-06-09
12991,1740,COURSE85,Quiz,81.0,2022-07-31
12992,2146,COURSE110,Final Exam,82.0,2024-03-22
12993,2406,COURSE143,Final Exam,93.0,2022-03-04
12994,2790,COURSE112,Assignment,77.0,2020-08-01
12995,1895,COURSE121,Quiz,86.0,2021-07-13
12996,2668,COURSE64,Final Exam,97.0,2024-11-11
12997,1729,COURSE68,Midterm,72.0,2022-12-05
12998,2133,COURSE149,Quiz,98.0,2020-11-24
12999,1946,COURSE111,Midterm,76.0,2022-06-24
13000,2813,COURSE97,Midterm,93.0,2020-01-28
13001,2103,COURSE78,Final Exam,87.0,2024-10-02
13002,2759,COURSE91,Quiz,75.0,2020-09-24
13003,1285,COURSE121,Quiz,62.0,2023-05-14
13004,1986,COURSE150,Final Exam,81.0,2022-04-28
13005,2951,COURSE112,Midterm,84.0,2023-05-09
13006,1460,COURSE89,Midterm,77.0,2021-08-15
13007,1042,COURSE137,Final Exam,70.0,2020-06-11
13008,2299,COURSE98,Midterm,68.0,2020-12-28
13009,1524,COURSE129,Final Exam,78.0,2020-05-11
13010,1383,COURSE74,Assignment,75.0,2021-08-25
13011,1998,COURSE93,Quiz,65.0,2021-02-24
13012,2384,COURSE107,Quiz,80.0,2020-05-02
13013,2979,COURSE122,Assignment,63.0,2020-08-08
13014,2188,COURSE143,Assignment,63.0,2023-07-02
13015,1640,COURSE76,Midterm,93.0,2021-07-19
13016,1561,COURSE75,Final Exam,43.0,2021-01-10
13017,1105,COURSE88,Final Exam,79.0,2022-01-04
13018,2614,COURSE113,Midterm,75.0,2021-07-17
13019,2395,COURSE108,Quiz,63.0,2023-10-21
13020,1398,COURSE148,Assignment,86.0,2021-06-27
13021,1219,COURSE71,Midterm,79.0,2020-03-27
13022,1457,COURSE107,Midterm,63.0,2022-03-21
13023,1378,COURSE68,Midterm,90.0,2024-09-27
13024,2758,COURSE144,Assignment,74.0,2021-09-20
13025,2398,COURSE109,Final Exam,74.0,2023-03-14
13026,2365,COURSE90,Final Exam,77.0,2024-06-28
13027,1721,COURSE77,Quiz,70.0,2024-11-25
13028,1448,COURSE102,Final Exam,91.0,2024-01-31
13029,1558,COURSE145,Quiz,73.0,2023-10-22
13030,1654,COURSE89,Quiz,58.0,2022-09-26
13031,2195,COURSE91,Assignment,61.0,2023-10-07
13032,2192,COURSE72,Final Exam,72.0,2021-12-15
13033,1629,COURSE100,Midterm,93.0,2023-09-20
13034,1952,COURSE137,Assignment,85.0,2024-07-30
13035,2843,COURSE94,Assignment,79.0,2020-11-04
13036,1511,COURSE79,Midterm,74.0,2020-11-24
13037,2998,COURSE140,Assignment,83.0,2021-01-17
13038,2157,COURSE124,Midterm,62.0,2023-03-28
13039,2814,COURSE59,Final Exam,90.0,2020-02-22
13040,1175,COURSE79,Midterm,59.0,2023-12-05
13041,1862,COURSE82,Midterm,89.0,2021-09-09
13042,2041,COURSE91,Final Exam,95.0,2023-07-23
13043,1575,COURSE66,Quiz,76.0,2020-03-29
13044,2863,COURSE67,Final Exam,75.0,2021-09-30
13045,2204,COURSE102,Midterm,83.0,2020-07-27
13046,1674,COURSE105,Midterm,64.0,2021-04-04
13047,1530,COURSE94,Midterm,96.0,2022-05-27
13048,2558,COURSE123,Quiz,65.0,2020-12-11
13049,1157,COURSE129,Assignment,87.0,2023-10-06
13050,1756,COURSE125,Midterm,80.0,2020-06-17
13051,1849,COURSE140,Quiz,82.0,2023-04-21
13052,1990,COURSE135,Assignment,81.0,2021-03-23
13053,2565,COURSE55,Assignment,68.0,2022-08-27
13054,1102,COURSE95,Midterm,71.0,2020-11-12
13055,1095,COURSE139,Final Exam,100.0,2023-02-06
13056,1309,COURSE122,Quiz,97.0,2024-08-04
13057,1553,COURSE83,Midterm,81.0,2021-08-23
13058,1428,COURSE83,Assignment,60.0,2023-12-16
13059,1303,COURSE62,Assignment,55.0,2020-08-06
13060,2804,COURSE116,Quiz,98.0,2024-10-14
13061,2959,COURSE108,Midterm,86.0,2024-09-03
13062,1401,COURSE116,Assignment,82.0,2023-08-25
13063,1778,COURSE147,Assignment,81.0,2023-09-22
13064,1229,COURSE95,Quiz,95.0,2021-07-22
13065,1454,COURSE113,Midterm,74.0,2020-09-01
13066,1560,COURSE59,Midterm,85.0,2021-06-22
13067,1084,COURSE132,Final Exam,82.0,2024-03-19
13068,1179,COURSE138,Midterm,90.0,2024-10-24
13069,1539,COURSE148,Midterm,87.0,2023-11-28
13070,2246,COURSE72,Final Exam,88.0,2022-10-17
13071,1831,COURSE66,Midterm,95.0,2021-02-10
13072,1454,COURSE69,Assignment,76.0,2024-12-08
13073,1260,COURSE113,Assignment,73.0,2020-09-21
13074,1532,COURSE106,Final Exam,81.0,2020-11-08
13075,1779,COURSE69,Assignment,82.0,2020-08-31
13076,1580,COURSE103,Quiz,86.0,2021-11-07
13077,2079,COURSE139,Quiz,77.0,2021-07-23
13078,2485,COURSE128,Midterm,80.0,2024-11-14
13079,2183,COURSE109,Midterm,80.0,2024-02-20
13080,2339,COURSE133,Midterm,98.0,2020-03-29
13081,2135,COURSE88,Final Exam,71.0,2021-08-16
13082,1892,COURSE90,Midterm,80.0,2020-10-14
13083,2596,COURSE77,Midterm,78.0,2023-01-10
13084,2608,COURSE117,Final Exam,89.0,2021-10-02
13085,2541,COURSE124,Quiz,88.0,2023-08-29
13086,1018,COURSE91,Final Exam,77.0,2024-11-21
13087,2441,COURSE113,Quiz,70.0,2022-02-17
13088,1304,COURSE58,Midterm,72.0,2024-07-05
13089,2241,COURSE55,Midterm,73.0,2024-12-22
13090,2103,COURSE69,Midterm,97.0,2020-08-17
13091,2957,COURSE106,Assignment,73.0,2023-04-14
13092,2870,COURSE61,Final Exam,76.0,2023-01-15
13093,1957,COURSE111,Quiz,80.0,2020-01-28
13094,2684,COURSE106,Midterm,85.0,2022-03-04
13095,1533,COURSE113,Assignment,96.0,2022-09-03
13096,2076,COURSE148,Quiz,69.0,2020-08-08
13097,2331,COURSE146,Midterm,95.0,2022-01-15
13098,1749,COURSE101,Midterm,61.0,2022-02-05
13099,1967,COURSE91,Quiz,81.0,2023-03-24
13100,2701,COURSE114,Midterm,85.0,2022-02-12
13101,1148,COURSE57,Final Exam,83.0,2021-05-24
13102,2789,COURSE147,Assignment,73.0,2024-08-01
13103,2003,COURSE78,Assignment,81.0,2023-04-16
13104,2537,COURSE107,Assignment,91.0,2023-09-13
13105,2435,COURSE53,Final Exam,77.0,2024-12-15
13106,1007,COURSE98,Midterm,65.0,2024-03-25
13107,2889,COURSE135,Quiz,67.0,2021-10-27
13108,1665,COURSE140,Final Exam,78.0,2024-09-24
13109,2521,COURSE113,Quiz,88.0,2020-03-16
13110,2975,COURSE137,Midterm,59.0,2022-09-13
13111,1356,COURSE84,Final Exam,97.0,2023-02-07
13112,2896,COURSE130,Final Exam,84.0,2022-01-21
13113,2216,COURSE94,Assignment,86.0,2024-06-10
13114,2634,COURSE91,Midterm,62.0,2020-11-04
13115,1619,COURSE90,Assignment,89.0,2024-06-14
13116,2419,COURSE143,Quiz,68.0,2021-09-17
13117,2129,COURSE99,Assignment,90.0,2022-01-12
13118,1292,COURSE146,Assignment,56.0,2020-02-03
13119,1611,COURSE104,Final Exam,90.0,2024-04-16
13120,2600,COURSE62,Final Exam,62.0,2021-06-07
13121,2571,COURSE146,Quiz,73.0,2024-06-13
13122,1045,COURSE100,Midterm,63.0,2022-11-23
13123,2260,COURSE125,Quiz,79.0,2023-11-26
13124,2950,COURSE146,Quiz,87.0,2020-09-18
13125,1272,COURSE91,Midterm,70.0,2024-08-01
13126,1983,COURSE110,Final Exam,90.0,2021-06-26
13127,1889,COURSE97,Midterm,64.0,2024-09-29
13128,2452,COURSE69,Quiz,90.0,2024-05-24
13129,2928,COURSE145,Final Exam,95.0,2024-03-29
13130,2225,COURSE80,Midterm,69.0,2021-12-24
13131,1172,COURSE108,Midterm,79.0,2023-11-06
13132,1866,COURSE123,Quiz,95.0,2024-10-21
13133,1291,COURSE105,Midterm,75.0,2024-01-02
13134,2547,COURSE70,Assignment,79.0,2022-09-29
13135,1383,COURSE81,Assignment,72.0,2024-01-03
13136,1857,COURSE125,Quiz,84.0,2021-10-21
13137,2355,COURSE106,Assignment,67.0,2021-10-08
13138,1415,COURSE128,Quiz,79.0,2020-12-28
13139,1301,COURSE62,Quiz,80.0,2024-10-14
13140,1942,COURSE118,Midterm,80.0,2022-04-20
13141,1638,COURSE116,Quiz,53.0,2023-12-29
13142,1707,COURSE136,Final Exam,100.0,2020-01-22
13143,1751,COURSE59,Final Exam,87.0,2023-06-18
13144,1264,COURSE95,Assignment,95.0,2023-12-18
13145,2594,COURSE89,Midterm,86.0,2022-12-16
13146,2648,COURSE148,Quiz,83.0,2024-04-23
13147,1555,COURSE52,Midterm,82.0,2020-08-02
13148,1347,COURSE54,Midterm,89.0,2021-02-27
13149,2177,COURSE79,Final Exam,82.0,2022-09-04
13150,1943,COURSE65,Assignment,65.0,2022-06-11
13151,1770,COURSE60,Assignment,70.0,2024-12-08
13152,1922,COURSE52,Midterm,91.0,2022-04-18
13153,1175,COURSE107,Midterm,100.0,2021-08-20
13154,2294,COURSE143,Quiz,70.0,2020-02-10
13155,2236,COURSE94,Assignment,72.0,2024-09-15
13156,1098,COURSE83,Midterm,85.0,2024-01-18
13157,2702,COURSE98,Assignment,59.0,2022-09-06
13158,1083,COURSE141,Final Exam,78.0,2021-05-27
13159,1676,COURSE57,Final Exam,97.0,2024-09-13
13160,1105,COURSE136,Midterm,96.0,2021-03-09
13161,1535,COURSE110,Quiz,77.0,2023-09-16
13162,2763,COURSE62,Midterm,69.0,2022-08-22
13163,2484,COURSE121,Quiz,65.0,2024-09-24
13164,1612,COURSE112,Quiz,76.0,2020-04-18
13165,1057,COURSE136,Assignment,78.0,2022-01-17
13166,2675,COURSE122,Quiz,81.0,2024-07-22
13167,2863,COURSE109,Quiz,76.0,2024-02-10
13168,2454,COURSE99,Assignment,92.0,2022-07-23
13169,2124,COURSE110,Final Exam,85.0,2020-02-21
13170,2112,COURSE67,Midterm,52.0,2021-04-20
13171,2354,COURSE90,Quiz,95.0,2024-02-19
13172,1583,COURSE140,Midterm,65.0,2023-08-22
13173,2422,COURSE94,Midterm,97.0,2023-08-13
13174,1154,COURSE130,Assignment,84.0,2023-02-01
13175,1552,COURSE117,Final Exam,86.0,2024-01-21
13176,2257,COURSE94,Final Exam,66.0,2020-10-07
13177,2138,COURSE114,Quiz,72.0,2023-07-19
13178,2008,COURSE63,Midterm,88.0,2020-01-06
13179,2390,COURSE99,Midterm,68.0,2020-08-27
13180,2070,COURSE81,Midterm,59.0,2024-08-20
13181,1524,COURSE130,Final Exam,71.0,2021-07-10
13182,2829,COURSE84,Assignment,92.0,2024-11-28
13183,2615,COURSE85,Assignment,64.0,2022-09-11
13184,1927,COURSE150,Quiz,93.0,2024-12-05
13185,1640,COURSE142,Quiz,86.0,2022-09-26
13186,1415,COURSE144,Final Exam,80.0,2021-12-02
13187,1438,COURSE81,Quiz,100.0,2022-02-26
13188,1811,COURSE65,Assignment,81.0,2022-04-29
13189,1130,COURSE103,Final Exam,84.0,2020-05-04
13190,1368,COURSE65,Quiz,80.0,2021-03-25
13191,2424,COURSE84,Quiz,67.0,2024-01-07
13192,1491,COURSE51,Assignment,95.0,2023-04-16
13193,2771,COURSE144,Midterm,81.0,2022-03-22
13194,2914,COURSE105,Assignment,94.0,2021-01-07
13195,1171,COURSE86,Quiz,81.0,2024-03-06
13196,2982,COURSE72,Quiz,100.0,2023-10-15
13197,1024,COURSE115,Quiz,87.0,2024-09-21
13198,1413,COURSE112,Assignment,72.0,2021-02-20
13199,1200,COURSE77,Midterm,80.0,2024-05-12
13200,1836,COURSE67,Assignment,78.0,2023-09-11
13201,1221,COURSE61,Assignment,96.0,2024-11-06
13202,2873,COURSE61,Quiz,100.0,2021-03-10
13203,1274,COURSE105,Assignment,77.0,2022-02-24
13204,1722,COURSE63,Assignment,86.0,2023-10-25
13205,1959,COURSE102,Quiz,82.0,2024-07-31
13206,1637,COURSE148,Midterm,78.0,2020-12-10
13207,2794,COURSE73,Assignment,74.0,2022-12-06
13208,2442,COURSE53,Final Exam,77.0,2021-05-09
13209,1893,COURSE99,Final Exam,85.0,2021-01-06
13210,1112,COURSE68,Final Exam,91.0,2024-03-07
13211,2541,COURSE122,Quiz,69.0,2024-06-23
13212,1294,COURSE53,Assignment,88.0,2020-05-29
13213,1185,COURSE86,Assignment,87.0,2020-04-28
13214,2717,COURSE129,Midterm,79.0,2022-01-05
13215,1350,COURSE83,Final Exam,86.0,2024-10-25
13216,1815,COURSE88,Final Exam,74.0,2024-10-29
13217,1690,COURSE148,Midterm,95.0,2024-08-11
13218,2174,COURSE54,Quiz,85.0,2021-09-25
13219,2618,COURSE131,Final Exam,77.0,2023-01-19
13220,2331,COURSE103,Final Exam,70.0,2021-02-14
13221,2103,COURSE140,Midterm,74.0,2023-11-28
13222,1318,COURSE93,Midterm,91.0,2021-12-26
13223,1119,COURSE52,Quiz,81.0,2020-04-26
13224,2441,COURSE141,Assignment,74.0,2024-11-23
13225,1411,COURSE80,Assignment,80.0,2024-09-03
13226,2243,COURSE51,Midterm,85.0,2021-04-06
13227,2176,COURSE87,Final Exam,77.0,2022-08-21
13228,1726,COURSE89,Quiz,81.0,2020-02-13
13229,1725,COURSE136,Midterm,84.0,2020-04-15
13230,2247,COURSE69,Quiz,74.0,2024-11-15
13231,2689,COURSE86,Quiz,77.0,2024-08-19
13232,2580,COURSE114,Final Exam,77.0,2024-02-27
13233,1402,COURSE122,Assignment,51.0,2020-08-22
13234,1614,COURSE125,Midterm,80.0,2020-01-14
13235,2691,COURSE114,Final Exam,82.0,2023-01-29
13236,2661,COURSE132,Midterm,91.0,2022-01-19
13237,2252,COURSE123,Midterm,81.0,2022-04-13
13238,1177,COURSE114,Midterm,66.0,2024-09-17
13239,1053,COURSE82,Quiz,76.0,2023-01-13
13240,2699,COURSE55,Midterm,80.0,2021-05-31
13241,1416,COURSE140,Assignment,81.0,2021-07-27
13242,1076,COURSE145,Final Exam,84.0,2024-07-02
13243,2420,COURSE145,Midterm,76.0,2021-12-14
13244,2158,COURSE60,Assignment,89.0,2020-11-29
13245,1044,COURSE76,Final Exam,89.0,2024-10-22
13246,2074,COURSE143,Midterm,79.0,2020-01-18
13247,2372,COURSE70,Quiz,71.0,2021-11-01
13248,1996,COURSE120,Final Exam,64.0,2023-11-21
13249,2705,COURSE51,Assignment,94.0,2023-06-29
13250,2892,COURSE90,Assignment,78.0,2024-03-14
13251,2854,COURSE107,Quiz,74.0,2021-07-24
13252,2988,COURSE123,Midterm,100.0,2020-10-09
13253,1771,COURSE120,Assignment,71.0,2021-05-20
13254,2146,COURSE65,Final Exam,84.0,2022-08-24
13255,1113,COURSE70,Final Exam,64.0,2023-12-20
13256,2581,COURSE114,Assignment,72.0,2024-07-24
13257,1496,COURSE70,Quiz,81.0,2020-11-15
13258,1234,COURSE141,Quiz,86.0,2020-08-04
13259,2475,COURSE72,Quiz,73.0,2021-05-16
13260,2351,COURSE54,Midterm,77.0,2024-11-06
13261,2512,COURSE147,Assignment,77.0,2024-06-02
13262,1007,COURSE83,Final Exam,72.0,2024-01-02
13263,1654,COURSE137,Quiz,76.0,2022-06-17
13264,1401,COURSE78,Assignment,63.0,2021-10-12
13265,1981,COURSE73,Final Exam,80.0,2022-06-24
13266,2106,COURSE111,Quiz,84.0,2022-09-29
13267,2424,COURSE128,Final Exam,63.0,2020-01-13
13268,2583,COURSE122,Assignment,77.0,2024-09-02
13269,2325,COURSE55,Midterm,100.0,2021-01-27
13270,1867,COURSE86,Final Exam,86.0,2021-11-05
13271,2737,COURSE101,Quiz,69.0,2023-11-29
13272,2569,COURSE81,Final Exam,84.0,2022-04-09
13273,1169,COURSE134,Assignment,75.0,2020-02-25
13274,2723,COURSE57,Midterm,84.0,2024-02-06
13275,2527,COURSE66,Midterm,87.0,2021-03-13
13276,2038,COURSE94,Midterm,87.0,2023-01-14
13277,1031,COURSE53,Midterm,82.0,2020-02-17
13278,1525,COURSE78,Final Exam,63.0,2021-11-27
13279,1297,COURSE133,Quiz,63.0,2022-07-11
13280,1843,COURSE119,Midterm,60.0,2024-09-04
13281,1593,COURSE71,Midterm,78.0,2022-12-22
13282,2336,COURSE82,Midterm,84.0,2024-07-23
13283,2637,COURSE68,Final Exam,77.0,2021-08-11
13284,2215,COURSE91,Quiz,77.0,2023-12-04
13285,1640,COURSE54,Midterm,94.0,2021-07-24
13286,2940,COURSE88,Quiz,75.0,2020-01-15
13287,2761,COURSE133,Final Exam,78.0,2024-07-16
13288,2742,COURSE124,Final Exam,84.0,2023-05-16
13289,1116,COURSE137,Assignment,69.0,2023-06-26
13290,1351,COURSE100,Midterm,82.0,2024-10-14
13291,1660,COURSE137,Final Exam,83.0,2022-01-28
13292,2058,COURSE87,Assignment,82.0,2020-06-04
13293,2779,COURSE87,Midterm,74.0,2024-02-20
13294,1815,COURSE61,Quiz,84.0,2024-08-22
13295,1453,COURSE112,Quiz,87.0,2024-02-01
13296,2627,COURSE102,Final Exam,85.0,2020-01-18
13297,2829,COURSE120,Quiz,91.0,2022-11-30
13298,1526,COURSE92,Quiz,83.0,2020-09-21
13299,1367,COURSE73,Midterm,60.0,2020-12-27
13300,1911,COURSE78,Quiz,75.0,2020-02-27
13301,2789,COURSE120,Midterm,65.0,2024-05-06
13302,2326,COURSE150,Midterm,84.0,2021-05-15
13303,2300,COURSE57,Final Exam,84.0,2021-04-06
13304,1237,COURSE133,Assignment,68.0,2022-07-14
13305,2543,COURSE110,Quiz,73.0,2021-05-25
13306,1222,COURSE126,Quiz,73.0,2023-01-15
13307,2218,COURSE123,Final Exam,89.0,2023-12-18
13308,2195,COURSE110,Quiz,60.0,2023-09-02
13309,1993,COURSE61,Assignment,70.0,2023-06-04
13310,1400,COURSE93,Midterm,83.0,2022-04-25
13311,1820,COURSE55,Quiz,90.0,2024-03-12
13312,2857,COURSE140,Final Exam,53.0,2021-01-18
13313,2301,COURSE81,Assignment,86.0,2023-03-21
13314,1254,COURSE118,Midterm,94.0,2021-05-11
13315,2863,COURSE91,Quiz,82.0,2024-08-08
13316,1205,COURSE77,Assignment,100.0,2024-12-04
13317,1884,COURSE77,Quiz,87.0,2020-02-25
13318,1270,COURSE138,Midterm,84.0,2020-02-14
13319,2280,COURSE121,Quiz,65.0,2021-10-31
13320,1632,COURSE121,Midterm,84.0,2024-05-19
13321,2083,COURSE121,Assignment,89.0,2023-06-02
13322,2541,COURSE128,Midterm,84.0,2021-08-05
13323,1352,COURSE55,Quiz,69.0,2022-03-27
13324,1453,COURSE110,Quiz,72.0,2023-11-11
13325,1307,COURSE55,Assignment,94.0,2022-08-29
13326,1559,COURSE121,Quiz,76.0,2021-02-23
13327,1924,COURSE124,Final Exam,73.0,2020-05-08
13328,1206,COURSE129,Quiz,85.0,2020-04-01
13329,1908,COURSE145,Quiz,100.0,2020-03-16
13330,1882,COURSE111,Final Exam,72.0,2022-10-06
13331,2345,COURSE100,Assignment,87.0,2023-05-10
13332,1539,COURSE148,Final Exam,66.0,2022-02-03
13333,2482,COURSE129,Midterm,81.0,2024-12-12
13334,1313,COURSE148,Midterm,77.0,2024-05-15
13335,1805,COURSE69,Final Exam,61.0,2020-09-01
13336,2957,COURSE131,Assignment,69.0,2021-03-11
13337,2189,COURSE83,Final Exam,100.0,2022-07-20
13338,2858,COURSE55,Midterm,94.0,2024-07-09
13339,2492,COURSE122,Midterm,91.0,2024-07-15
13340,1448,COURSE59,Final Exam,100.0,2022-12-16
13341,1334,COURSE70,Quiz,82.0,2024-10-08
13342,1048,COURSE94,Midterm,85.0,2023-01-06
13343,1238,COURSE107,Quiz,62.0,2020-10-02
13344,1120,COURSE140,Midterm,72.0,2023-07-28
13345,1701,COURSE113,Assignment,71.0,2021-04-14
13346,2254,COURSE51,Assignment,87.0,2024-04-06
13347,1444,COURSE101,Quiz,78.0,2024-07-06
13348,2872,COURSE150,Assignment,94.0,2023-03-08
13349,1226,COURSE51,Quiz,84.0,2022-06-28
13350,2472,COURSE96,Final Exam,91.0,2021-02-02
13351,2095,COURSE116,Midterm,55.0,2024-06-16
13352,1484,COURSE136,Assignment,85.0,2022-08-02
13353,1081,COURSE95,Midterm,100.0,2023-01-17
13354,2398,COURSE75,Assignment,87.0,2023-09-18
13355,2053,COURSE121,Quiz,78.0,2023-08-24
13356,1121,COURSE56,Quiz,74.0,2024-12-08
13357,2738,COURSE77,Quiz,73.0,2021-09-23
13358,1312,COURSE81,Assignment,67.0,2024-07-04
13359,2388,COURSE132,Final Exam,79.0,2024-08-23
13360,1618,COURSE84,Final Exam,97.0,2022-11-04
13361,1228,COURSE120,Midterm,44.0,2024-03-16
13362,2263,COURSE129,Assignment,78.0,2020-07-01
13363,2045,COURSE51,Final Exam,81.0,2023-08-14
13364,1150,COURSE72,Midterm,71.0,2023-09-01
13365,1872,COURSE106,Assignment,80.0,2020-03-20
13366,2410,COURSE131,Quiz,78.0,2020-05-19
13367,1903,COURSE133,Quiz,65.0,2023-12-12
13368,2676,COURSE128,Final Exam,82.0,2023-08-03
13369,1079,COURSE136,Quiz,62.0,2022-09-29
13370,1555,COURSE149,Quiz,71.0,2023-06-07
13371,2586,COURSE117,Assignment,78.0,2022-07-27
13372,2507,COURSE131,Final Exam,65.0,2021-11-04
13373,1220,COURSE123,Assignment,68.0,2021-04-01
13374,2847,COURSE119,Quiz,100.0,2020-12-03
13375,1224,COURSE111,Midterm,68.0,2021-06-27
13376,1311,COURSE150,Final Exam,77.0,2021-07-25
13377,2458,COURSE113,Quiz,84.0,2024-10-02
13378,1999,COURSE52,Assignment,87.0,2024-07-10
13379,1307,COURSE93,Final Exam,90.0,2021-03-22
13380,1439,COURSE110,Midterm,67.0,2023-02-10
13381,1067,COURSE54,Quiz,86.0,2024-11-16
13382,2124,COURSE60,Quiz,69.0,2024-10-10
13383,1557,COURSE82,Quiz,76.0,2024-10-23
13384,1336,COURSE148,Quiz,91.0,2022-12-11
13385,2164,COURSE59,Quiz,78.0,2021-04-20
13386,2132,COURSE102,Assignment,70.0,2020-06-27
13387,1166,COURSE71,Midterm,89.0,2020-08-16
13388,2853,COURSE113,Assignment,70.0,2023-06-09
13389,1874,COURSE85,Quiz,100.0,2022-02-10
13390,2562,COURSE62,Final Exam,96.0,2024-06-21
13391,1670,COURSE108,Assignment,87.0,2024-04-17
13392,2535,COURSE115,Quiz,84.0,2023-03-20
13393,1535,COURSE57,Quiz,76.0,2021-06-20
13394,1846,COURSE116,Midterm,87.0,2023-10-09
13395,2592,COURSE111,Assignment,80.0,2024-09-08
13396,1019,COURSE75,Assignment,75.0,2024-10-06
13397,1959,COURSE124,Final Exam,77.0,2020-03-27
13398,2129,COURSE74,Assignment,56.0,2022-04-29
13399,2043,COURSE123,Midterm,66.0,2021-10-06
13400,1591,COURSE89,Final Exam,67.0,2022-07-09
13401,1293,COURSE143,Quiz,89.0,2022-06-06
13402,1260,COURSE51,Midterm,86.0,2023-11-17
13403,1964,COURSE108,Assignment,70.0,2021-08-29
13404,2205,COURSE67,Quiz,81.0,2023-10-07
13405,2405,COURSE104,Midterm,83.0,2023-10-26
13406,2926,COURSE66,Quiz,70.0,2023-02-11
13407,2316,COURSE88,Final Exam,86.0,2022-06-12
13408,2879,COURSE140,Quiz,96.0,2024-08-21
13409,2667,COURSE132,Quiz,55.0,2022-11-11
13410,2196,COURSE121,Midterm,74.0,2021-09-03
13411,1896,COURSE132,Final Exam,75.0,2022-12-16
13412,1946,COURSE68,Quiz,73.0,2024-09-18
13413,2307,COURSE139,Quiz,82.0,2022-05-21
13414,2639,COURSE97,Assignment,67.0,2021-05-22
13415,2053,COURSE111,Midterm,85.0,2024-10-16
13416,2718,COURSE109,Final Exam,89.0,2023-05-04
13417,1562,COURSE121,Quiz,87.0,2022-11-08
13418,1743,COURSE53,Quiz,78.0,2023-07-20
13419,1772,COURSE144,Assignment,70.0,2024-12-06
13420,2866,COURSE106,Assignment,87.0,2022-09-07
13421,2926,COURSE92,Midterm,82.0,2020-09-26
13422,2820,COURSE137,Midterm,76.0,2024-04-10
13423,1683,COURSE111,Final Exam,91.0,2024-05-23
13424,1348,COURSE128,Final Exam,75.0,2021-02-12
13425,1523,COURSE62,Assignment,80.0,2023-04-29
13426,1428,COURSE109,Final Exam,81.0,2021-08-08
13427,2912,COURSE75,Final Exam,67.0,2022-10-03
13428,1425,COURSE85,Final Exam,73.0,2023-08-26
13429,1287,COURSE61,Quiz,63.0,2024-07-25
13430,2107,COURSE123,Assignment,77.0,2023-06-02
13431,1194,COURSE120,Midterm,85.0,2024-10-23
13432,1798,COURSE117,Quiz,91.0,2024-02-28
13433,2239,COURSE145,Midterm,66.0,2024-02-15
13434,1687,COURSE79,Quiz,100.0,2023-08-07
13435,2624,COURSE95,Final Exam,96.0,2022-09-19
13436,2254,COURSE149,Final Exam,78.0,2020-02-27
13437,1488,COURSE66,Midterm,80.0,2020-01-13
13438,2995,COURSE67,Quiz,85.0,2023-10-02
13439,1613,COURSE106,Assignment,73.0,2024-12-22
13440,1140,COURSE130,Quiz,82.0,2023-10-26
13441,1563,COURSE99,Midterm,96.0,2021-12-02
13442,2679,COURSE128,Assignment,67.0,2024-09-11
13443,1766,COURSE60,Assignment,51.0,2022-11-14
13444,2838,COURSE132,Assignment,63.0,2022-11-11
13445,1328,COURSE149,Midterm,77.0,2021-06-26
13446,1784,COURSE134,Quiz,76.0,2023-10-03
13447,1570,COURSE120,Assignment,80.0,2023-02-15
13448,1394,COURSE104,Quiz,78.0,2024-08-01
13449,1807,COURSE135,Final Exam,69.0,2021-09-27
13450,1637,COURSE140,Assignment,92.0,2024-04-18
13451,1530,COURSE119,Quiz,58.0,2023-07-28
13452,2322,COURSE76,Final Exam,89.0,2020-11-20
13453,1352,COURSE71,Assignment,53.0,2024-07-22
13454,2665,COURSE96,Midterm,83.0,2024-03-14
13455,2745,COURSE91,Quiz,75.0,2020-06-04
13456,1753,COURSE99,Assignment,95.0,2021-01-08
13457,1217,COURSE142,Assignment,89.0,2021-08-13
13458,2297,COURSE142,Final Exam,79.0,2024-06-02
13459,1944,COURSE136,Midterm,65.0,2021-09-23
13460,2334,COURSE70,Assignment,99.0,2021-12-28
13461,1479,COURSE128,Quiz,68.0,2021-01-27
13462,2579,COURSE120,Final Exam,79.0,2024-12-17
13463,2494,COURSE56,Assignment,93.0,2021-01-30
13464,1350,COURSE126,Assignment,85.0,2023-11-04
13465,1341,COURSE105,Midterm,73.0,2024-05-16
13466,1127,COURSE144,Final Exam,84.0,2020-08-02
13467,1428,COURSE148,Quiz,60.0,2024-12-25
13468,2314,COURSE80,Midterm,83.0,2021-06-28
13469,1053,COURSE81,Midterm,73.0,2020-11-04
13470,2914,COURSE96,Midterm,98.0,2021-04-02
13471,1049,COURSE72,Final Exam,53.0,2023-02-01
13472,1576,COURSE62,Midterm,100.0,2021-08-14
13473,2297,COURSE106,Final Exam,66.0,2022-03-22
13474,1939,COURSE73,Assignment,61.0,2022-04-27
13475,1453,COURSE61,Final Exam,86.0,2020-08-20
13476,2809,COURSE119,Final Exam,65.0,2020-05-17
13477,1066,COURSE61,Midterm,73.0,2023-06-16
13478,1943,COURSE94,Quiz,84.0,2022-05-15
13479,2432,COURSE117,Midterm,77.0,2023-02-02
13480,1250,COURSE133,Midterm,77.0,2020-08-17
13481,1998,COURSE147,Midterm,59.0,2020-10-26
13482,1750,COURSE88,Quiz,88.0,2020-09-07
13483,1369,COURSE65,Assignment,70.0,2023-10-17
13484,1204,COURSE75,Midterm,77.0,2024-06-03
13485,1014,COURSE74,Quiz,80.0,2021-08-13
13486,2968,COURSE77,Quiz,86.0,2022-04-26
13487,2021,COURSE127,Final Exam,59.0,2022-12-04
13488,2379,COURSE111,Assignment,71.0,2020-03-20
13489,2859,COURSE61,Midterm,85.0,2022-12-27
13490,1066,COURSE139,Final Exam,71.0,2024-08-31
13491,2496,COURSE122,Assignment,92.0,2023-06-28
13492,2809,COURSE133,Quiz,72.0,2020-10-25
13493,1282,COURSE93,Midterm,60.0,2024-03-23
13494,2141,COURSE77,Final Exam,100.0,2020-06-26
13495,1700,COURSE86,Assignment,92.0,2022-09-14
13496,1264,COURSE140,Assignment,82.0,2024-01-17
13497,2180,COURSE71,Quiz,77.0,2022-01-03
13498,1514,COURSE132,Assignment,78.0,2023-02-06
13499,2626,COURSE142,Midterm,78.0,2024-06-17
13500,1671,COURSE60,Midterm,70.0,2024-09-22
13501,1473,COURSE100,Quiz,90.0,2021-10-25
13502,2639,COURSE98,Midterm,84.0,2021-09-01
13503,2057,COURSE107,Final Exam,89.0,2020-08-14
13504,2567,COURSE105,Final Exam,90.0,2022-04-11
13505,1914,COURSE84,Final Exam,71.0,2024-09-02
13506,1650,COURSE64,Final Exam,61.0,2022-09-23
13507,1075,COURSE54,Midterm,84.0,2020-11-08
13508,1740,COURSE85,Quiz,87.0,2023-01-10
13509,1636,COURSE108,Midterm,85.0,2021-04-10
13510,2932,COURSE134,Midterm,94.0,2021-11-20
13511,2672,COURSE54,Quiz,100.0,2020-01-10
13512,2364,COURSE127,Midterm,71.0,2022-12-13
13513,1132,COURSE119,Midterm,84.0,2020-06-03
13514,1383,COURSE76,Quiz,70.0,2024-07-18
13515,2131,COURSE59,Assignment,66.0,2022-10-04
13516,1583,COURSE84,Quiz,74.0,2022-05-15
13517,1959,COURSE119,Final Exam,56.0,2021-07-21
13518,1569,COURSE117,Quiz,87.0,2024-10-16
13519,2761,COURSE59,Final Exam,90.0,2024-09-27
13520,2049,COURSE69,Assignment,75.0,2021-06-20
13521,1127,COURSE134,Midterm,91.0,2023-04-02
13522,1279,COURSE59,Assignment,72.0,2024-04-06
13523,1528,COURSE94,Midterm,78.0,2022-12-13
13524,1756,COURSE104,Final Exam,81.0,2023-04-18
13525,2343,COURSE84,Quiz,83.0,2021-08-20
13526,1650,COURSE95,Final Exam,87.0,2022-07-09
13527,2229,COURSE120,Final Exam,75.0,2021-07-01
13528,1345,COURSE113,Midterm,95.0,2023-08-03
13529,1401,COURSE98,Quiz,61.0,2020-09-29
13530,1964,COURSE64,Assignment,79.0,2020-07-02
13531,1789,COURSE147,Final Exam,81.0,2021-02-10
13532,1062,COURSE59,Quiz,100.0,2022-03-03
13533,1826,COURSE85,Assignment,66.0,2024-03-22
13534,2001,COURSE120,Quiz,72.0,2021-01-21
13535,2960,COURSE93,Final Exam,76.0,2022-12-24
13536,2148,COURSE99,Final Exam,79.0,2022-11-14
13537,2108,COURSE105,Assignment,71.0,2022-04-26
13538,2931,COURSE112,Final Exam,68.0,2024-01-19
13539,1516,COURSE149,Midterm,93.0,2022-06-06
13540,2024,COURSE122,Quiz,70.0,2022-11-21
13541,2632,COURSE116,Midterm,98.0,2023-09-11
13542,1629,COURSE138,Quiz,71.0,2024-07-25
13543,2146,COURSE144,Midterm,67.0,2023-04-05
13544,2798,COURSE149,Quiz,84.0,2020-01-09
13545,2799,COURSE52,Midterm,71.0,2021-07-29
13546,1030,COURSE80,Midterm,95.0,2020-05-10
13547,2215,COURSE125,Midterm,83.0,2022-08-24
13548,1772,COURSE132,Final Exam,92.0,2021-12-26
13549,1154,COURSE68,Assignment,76.0,2021-06-24
13550,1496,COURSE97,Final Exam,62.0,2021-09-01
13551,2942,COURSE69,Midterm,92.0,2024-04-03
13552,2865,COURSE96,Assignment,83.0,2021-01-09
13553,1935,COURSE97,Quiz,83.0,2023-07-28
13554,1603,COURSE61,Quiz,72.0,2024-04-19
13555,1618,COURSE62,Assignment,79.0,2024-05-25
13556,2772,COURSE84,Quiz,74.0,2023-08-14
13557,2436,COURSE124,Final Exam,78.0,2022-09-08
13558,1910,COURSE139,Midterm,86.0,2020-10-06
13559,1706,COURSE123,Quiz,78.0,2023-06-25
13560,1521,COURSE113,Final Exam,84.0,2022-01-22
13561,1863,COURSE119,Final Exam,81.0,2021-10-31
13562,2806,COURSE53,Assignment,81.0,2022-06-08
13563,1107,COURSE136,Final Exam,92.0,2021-05-22
13564,2885,COURSE102,Quiz,82.0,2020-07-27
13565,2292,COURSE90,Quiz,100.0,2022-02-03
13566,2474,COURSE140,Final Exam,84.0,2023-07-20
13567,2452,COURSE113,Quiz,80.0,2020-09-15
13568,2052,COURSE59,Final Exam,78.0,2024-04-13
13569,1017,COURSE114,Assignment,84.0,2020-10-18
13570,1512,COURSE83,Quiz,59.0,2020-11-04
13571,2352,COURSE146,Final Exam,81.0,2024-05-24
13572,2595,COURSE148,Quiz,61.0,2020-09-16
13573,1842,COURSE68,Assignment,81.0,2023-05-01
13574,2819,COURSE87,Quiz,94.0,2021-08-03
13575,1561,COURSE132,Assignment,85.0,2020-09-03
13576,1444,COURSE56,Assignment,68.0,2020-09-12
13577,1972,COURSE55,Assignment,87.0,2021-05-25
13578,2858,COURSE150,Midterm,65.0,2020-06-21
13579,2585,COURSE108,Final Exam,74.0,2024-07-29
13580,2090,COURSE72,Midterm,83.0,2020-03-18
13581,1116,COURSE145,Assignment,77.0,2020-05-24
13582,2256,COURSE58,Assignment,82.0,2023-12-01
13583,1039,COURSE58,Quiz,82.0,2023-06-28
13584,2240,COURSE150,Midterm,52.0,2021-12-10
13585,2101,COURSE91,Assignment,93.0,2021-01-30
13586,1742,COURSE142,Quiz,83.0,2023-06-26
13587,2689,COURSE124,Final Exam,74.0,2024-09-03
13588,2629,COURSE142,Midterm,71.0,2021-01-19
13589,1252,COURSE144,Quiz,60.0,2020-03-04
13590,1292,COURSE141,Midterm,56.0,2022-02-28
13591,2043,COURSE117,Quiz,99.0,2023-01-11
13592,2786,COURSE95,Assignment,77.0,2020-07-14
13593,2279,COURSE110,Final Exam,79.0,2023-09-02
13594,2217,COURSE85,Assignment,82.0,2021-01-30
13595,1017,COURSE122,Midterm,72.0,2021-08-11
13596,1848,COURSE108,Assignment,74.0,2020-01-13
13597,2939,COURSE148,Assignment,94.0,2020-08-21
13598,2355,COURSE53,Midterm,81.0,2020-02-03
13599,2337,COURSE71,Quiz,61.0,2020-09-03
13600,2419,COURSE107,Midterm,90.0,2023-08-23
13601,2703,COURSE75,Midterm,85.0,2024-09-04
13602,2083,COURSE70,Quiz,75.0,2024-11-09
13603,2939,COURSE133,Final Exam,68.0,2024-02-27
13604,1440,COURSE123,Quiz,78.0,2021-11-15
13605,2835,COURSE101,Final Exam,83.0,2022-12-04
13606,1226,COURSE138,Final Exam,96.0,2021-06-01
13607,2023,COURSE71,Midterm,100.0,2024-11-04
13608,1373,COURSE53,Midterm,83.0,2023-11-20
13609,2943,COURSE64,Midterm,57.0,2020-02-05
13610,2345,COURSE64,Quiz,93.0,2022-07-17
13611,2617,COURSE71,Midterm,91.0,2022-08-23
13612,2594,COURSE65,Final Exam,100.0,2020-04-15
13613,2816,COURSE89,Midterm,80.0,2022-02-27
13614,1030,COURSE139,Assignment,88.0,2021-11-22
13615,1366,COURSE65,Final Exam,88.0,2021-03-03
13616,1293,COURSE116,Final Exam,59.0,2023-04-08
13617,1376,COURSE146,Assignment,91.0,2023-10-25
13618,1978,COURSE72,Midterm,89.0,2021-06-17
13619,2494,COURSE91,Final Exam,82.0,2020-01-26
13620,2766,COURSE59,Final Exam,80.0,2023-01-26
13621,1008,COURSE73,Assignment,84.0,2024-07-24
13622,2899,COURSE148,Midterm,72.0,2020-02-17
13623,1281,COURSE52,Final Exam,91.0,2020-11-07
13624,1332,COURSE76,Final Exam,78.0,2024-09-10
13625,1519,COURSE59,Midterm,73.0,2024-11-15
13626,2324,COURSE71,Quiz,67.0,2023-06-16
13627,2624,COURSE65,Midterm,74.0,2020-03-14
13628,2384,COURSE66,Quiz,63.0,2020-01-04
13629,2880,COURSE81,Midterm,81.0,2020-03-24
13630,2709,COURSE103,Midterm,77.0,2023-05-28
13631,1424,COURSE146,Final Exam,74.0,2023-05-16
13632,2618,COURSE118,Midterm,86.0,2022-06-09
13633,2442,COURSE54,Final Exam,84.0,2020-01-21
13634,1942,COURSE81,Quiz,71.0,2020-11-18
13635,1514,COURSE101,Midterm,64.0,2024-02-10
13636,1089,COURSE94,Quiz,70.0,2024-06-12
13637,1740,COURSE110,Assignment,95.0,2024-02-21
13638,2165,COURSE135,Quiz,84.0,2020-06-04
13639,1840,COURSE91,Midterm,68.0,2020-08-28
13640,2815,COURSE148,Midterm,71.0,2020-02-02
13641,2663,COURSE117,Quiz,86.0,2024-07-22
13642,1278,COURSE148,Assignment,69.0,2021-02-01
13643,1323,COURSE138,Final Exam,83.0,2023-06-27
13644,2924,COURSE64,Final Exam,57.0,2021-04-15
13645,1197,COURSE123,Midterm,76.0,2024-08-25
13646,2192,COURSE114,Quiz,79.0,2024-02-17
13647,1710,COURSE53,Assignment,63.0,2020-02-03
13648,2628,COURSE52,Final Exam,96.0,2022-08-17
13649,2589,COURSE82,Final Exam,87.0,2023-01-12
13650,1370,COURSE136,Final Exam,73.0,2023-09-06
13651,1911,COURSE144,Quiz,86.0,2023-03-12
13652,2122,COURSE64,Quiz,74.0,2023-06-16
13653,2845,COURSE142,Quiz,60.0,2023-03-30
13654,1769,COURSE78,Midterm,86.0,2020-11-23
13655,2454,COURSE84,Quiz,92.0,2023-07-15
13656,2688,COURSE78,Quiz,67.0,2021-03-28
13657,1602,COURSE83,Quiz,75.0,2021-09-20
13658,1291,COURSE114,Quiz,77.0,2020-12-12
13659,1268,COURSE112,Assignment,74.0,2023-04-12
13660,1163,COURSE67,Assignment,75.0,2023-02-04
13661,2782,COURSE64,Quiz,89.0,2021-07-15
13662,1029,COURSE85,Midterm,74.0,2024-05-24
13663,2605,COURSE67,Midterm,64.0,2020-07-16
13664,1911,COURSE148,Final Exam,59.0,2021-12-02
13665,2541,COURSE106,Quiz,72.0,2020-10-03
13666,2606,COURSE146,Assignment,81.0,2024-11-23
13667,1709,COURSE121,Final Exam,83.0,2020-09-08
13668,1668,COURSE79,Midterm,71.0,2021-03-07
13669,2811,COURSE107,Midterm,70.0,2023-08-15
13670,2547,COURSE65,Midterm,84.0,2021-08-14
13671,2608,COURSE127,Assignment,70.0,2022-02-01
13672,1219,COURSE65,Final Exam,83.0,2022-04-03
13673,2197,COURSE124,Assignment,61.0,2020-05-02
13674,2357,COURSE133,Assignment,83.0,2022-11-14
13675,2429,COURSE94,Final Exam,86.0,2021-06-16
13676,1515,COURSE137,Final Exam,72.0,2023-12-22
13677,1831,COURSE137,Midterm,64.0,2020-02-19
13678,2332,COURSE93,Final Exam,72.0,2020-03-15
13679,1977,COURSE107,Assignment,73.0,2023-06-27
13680,1730,COURSE99,Final Exam,84.0,2021-02-17
13681,1487,COURSE71,Midterm,67.0,2020-04-04
13682,2607,COURSE94,Assignment,60.0,2023-12-16
13683,1210,COURSE140,Midterm,98.0,2023-06-06
13684,1314,COURSE120,Midterm,65.0,2020-10-10
13685,1187,COURSE150,Quiz,78.0,2024-06-26
13686,2226,COURSE134,Assignment,63.0,2020-04-19
13687,1101,COURSE62,Quiz,60.0,2021-08-06
13688,1520,COURSE101,Final Exam,89.0,2021-07-06
13689,2819,COURSE57,Final Exam,53.0,2022-02-04
13690,2858,COURSE146,Final Exam,65.0,2024-11-17
13691,2842,COURSE138,Assignment,86.0,2024-11-29
13692,2179,COURSE92,Midterm,71.0,2022-05-17
13693,1247,COURSE80,Midterm,79.0,2024-08-10
13694,2181,COURSE52,Assignment,65.0,2022-03-30
13695,1031,COURSE104,Final Exam,60.0,2022-03-20
13696,2597,COURSE117,Assignment,60.0,2022-02-14
13697,1202,COURSE109,Midterm,91.0,2021-05-07
13698,2661,COURSE145,Midterm,75.0,2021-02-27
13699,1043,COURSE143,Assignment,81.0,2021-11-20
13700,2609,COURSE65,Final Exam,87.0,2023-11-24
13701,1244,COURSE112,Final Exam,94.0,2024-09-10
13702,1952,COURSE69,Quiz,77.0,2023-11-18
13703,1944,COURSE66,Midterm,73.0,2023-09-21
13704,1055,COURSE107,Midterm,54.0,2024-01-25
13705,1829,COURSE86,Midterm,90.0,2023-11-05
13706,1858,COURSE94,Assignment,91.0,2023-09-19
13707,1631,COURSE60,Assignment,74.0,2024-05-01
13708,2180,COURSE72,Midterm,74.0,2021-12-26
13709,2388,COURSE55,Midterm,70.0,2023-08-13
13710,2508,COURSE84,Midterm,77.0,2022-01-25
13711,1737,COURSE102,Assignment,62.0,2024-11-23
13712,2187,COURSE121,Quiz,98.0,2024-01-25
13713,2618,COURSE53,Final Exam,98.0,2024-03-09
13714,1010,COURSE100,Assignment,89.0,2020-12-01
13715,2057,COURSE58,Final Exam,74.0,2023-12-15
13716,2667,COURSE78,Quiz,74.0,2020-12-13
13717,1946,COURSE128,Final Exam,70.0,2024-10-15
13718,2610,COURSE68,Final Exam,79.0,2022-09-03
13719,2084,COURSE55,Final Exam,84.0,2024-02-22
13720,1703,COURSE119,Assignment,97.0,2021-02-01
13721,1135,COURSE131,Assignment,85.0,2020-03-11
13722,2328,COURSE82,Midterm,89.0,2024-11-04
13723,2690,COURSE131,Assignment,75.0,2021-09-18
13724,1085,COURSE92,Midterm,92.0,2022-12-15
13725,1797,COURSE58,Quiz,77.0,2024-07-20
13726,2739,COURSE81,Final Exam,47.0,2022-08-03
13727,1706,COURSE150,Final Exam,89.0,2023-10-31
13728,2027,COURSE78,Assignment,56.0,2023-03-24
13729,2579,COURSE143,Assignment,96.0,2022-12-18
13730,1670,COURSE103,Assignment,80.0,2020-10-01
13731,2273,COURSE116,Assignment,79.0,2023-09-29
13732,1354,COURSE86,Final Exam,87.0,2024-09-27
13733,1461,COURSE78,Assignment,100.0,2024-03-07
13734,1677,COURSE125,Midterm,71.0,2021-07-24
13735,2352,COURSE63,Assignment,65.0,2024-03-20
13736,2627,COURSE67,Midterm,88.0,2021-04-08
13737,2182,COURSE69,Quiz,73.0,2021-04-21
13738,1207,COURSE132,Assignment,73.0,2024-09-01
13739,2090,COURSE69,Quiz,79.0,2021-06-05
13740,2407,COURSE131,Quiz,68.0,2021-04-11
13741,2707,COURSE132,Final Exam,78.0,2020-03-02
13742,1474,COURSE72,Midterm,70.0,2024-01-17
13743,2805,COURSE148,Quiz,73.0,2021-03-10
13744,1953,COURSE139,Final Exam,91.0,2022-11-12
13745,2672,COURSE108,Final Exam,81.0,2021-05-15
13746,2976,COURSE69,Quiz,61.0,2022-08-25
13747,1653,COURSE131,Final Exam,64.0,2021-01-28
13748,2827,COURSE108,Final Exam,98.0,2021-12-19
13749,3000,COURSE110,Midterm,89.0,2022-06-24
13750,1750,COURSE100,Quiz,75.0,2024-11-27
13751,1403,COURSE58,Assignment,83.0,2021-12-03
13752,1749,COURSE109,Final Exam,83.0,2020-09-10
13753,1841,COURSE64,Midterm,99.0,2022-10-08
13754,2681,COURSE75,Midterm,75.0,2021-05-10
13755,1253,COURSE66,Assignment,63.0,2020-01-29
13756,1352,COURSE58,Midterm,68.0,2021-04-21
13757,2232,COURSE85,Quiz,62.0,2024-02-04
13758,2931,COURSE96,Assignment,68.0,2023-04-07
13759,2180,COURSE88,Assignment,100.0,2020-04-21
13760,2053,COURSE122,Final Exam,80.0,2024-02-18
13761,1027,COURSE100,Final Exam,86.0,2021-09-23
13762,2563,COURSE147,Assignment,68.0,2021-08-25
13763,1379,COURSE70,Final Exam,74.0,2022-01-24
13764,1697,COURSE68,Assignment,88.0,2023-09-17
13765,1625,COURSE63,Quiz,61.0,2020-01-15
13766,2521,COURSE131,Final Exam,75.0,2024-01-15
13767,2092,COURSE138,Final Exam,86.0,2022-09-14
13768,2603,COURSE117,Quiz,70.0,2024-06-01
13769,2087,COURSE83,Quiz,44.0,2021-12-27
13770,1004,COURSE127,Midterm,100.0,2021-07-23
13771,1375,COURSE77,Midterm,66.0,2021-06-06
13772,2585,COURSE136,Assignment,68.0,2023-10-28
13773,1421,COURSE61,Assignment,82.0,2022-11-21
13774,2826,COURSE150,Assignment,64.0,2020-12-15
13775,1524,COURSE109,Midterm,81.0,2022-05-18
13776,1165,COURSE74,Assignment,92.0,2021-06-14
13777,1917,COURSE107,Final Exam,79.0,2020-01-12
13778,2536,COURSE66,Final Exam,75.0,2023-04-23
13779,2678,COURSE134,Final Exam,87.0,2022-06-02
13780,1024,COURSE57,Quiz,71.0,2020-11-06
13781,2872,COURSE103,Final Exam,83.0,2021-03-07
13782,2783,COURSE127,Midterm,74.0,2023-05-06
13783,2131,COURSE106,Assignment,60.0,2024-03-13
13784,2969,COURSE58,Midterm,84.0,2021-11-30
13785,2136,COURSE73,Quiz,68.0,2023-08-03
13786,2028,COURSE67,Midterm,81.0,2022-07-11
13787,1096,COURSE84,Quiz,84.0,2023-06-20
13788,2826,COURSE134,Midterm,83.0,2024-09-04
13789,2782,COURSE71,Quiz,64.0,2021-11-15
13790,2333,COURSE134,Midterm,74.0,2022-02-06
13791,1534,COURSE87,Final Exam,87.0,2020-08-29
13792,1862,COURSE53,Assignment,68.0,2024-01-02
13793,1926,COURSE147,Final Exam,85.0,2024-10-02
13794,1766,COURSE135,Final Exam,70.0,2022-04-18
13795,1750,COURSE123,Quiz,83.0,2022-10-26
13796,2270,COURSE128,Quiz,85.0,2024-09-02
13797,2464,COURSE106,Quiz,92.0,2023-05-25
13798,2200,COURSE95,Midterm,80.0,2022-12-31
13799,1979,COURSE98,Midterm,90.0,2022-09-27
13800,2196,COURSE141,Quiz,68.0,2021-11-23
13801,1504,COURSE54,Midterm,97.0,2023-11-12
13802,1933,COURSE67,Quiz,100.0,2022-08-24
13803,1958,COURSE134,Quiz,63.0,2024-07-04
13804,2989,COURSE129,Quiz,86.0,2024-05-05
13805,1142,COURSE141,Quiz,71.0,2021-02-01
13806,2364,COURSE96,Quiz,97.0,2024-06-21
13807,1911,COURSE146,Final Exam,83.0,2024-06-21
13808,1119,COURSE113,Assignment,72.0,2020-05-30
13809,1557,COURSE124,Midterm,79.0,2021-03-24
13810,1027,COURSE125,Assignment,75.0,2022-09-01
13811,2608,COURSE129,Assignment,72.0,2023-04-03
13812,2583,COURSE138,Quiz,75.0,2021-09-11
13813,1845,COURSE111,Assignment,79.0,2024-02-10
13814,2281,COURSE85,Final Exam,98.0,2024-10-27
13815,2498,COURSE124,Quiz,75.0,2024-02-12
13816,1156,COURSE83,Midterm,87.0,2022-03-31
13817,1789,COURSE51,Final Exam,78.0,2022-08-22
13818,2196,COURSE62,Quiz,71.0,2022-08-19
13819,2482,COURSE116,Final Exam,70.0,2024-05-22
13820,2489,COURSE58,Assignment,87.0,2021-03-02
13821,2484,COURSE134,Final Exam,77.0,2021-02-28
13822,2255,COURSE117,Quiz,86.0,2023-03-06
13823,1707,COURSE144,Final Exam,85.0,2024-06-28
13824,2991,COURSE57,Quiz,100.0,2021-12-17
13825,2590,COURSE120,Assignment,75.0,2021-03-28
13826,2676,COURSE148,Quiz,96.0,2021-01-02
13827,1839,COURSE122,Assignment,70.0,2020-07-29
13828,1426,COURSE74,Quiz,71.0,2022-07-21
13829,1387,COURSE115,Final Exam,78.0,2020-04-27
13830,2327,COURSE98,Final Exam,89.0,2023-05-28
13831,1110,COURSE88,Midterm,77.0,2021-12-08
13832,1988,COURSE145,Final Exam,65.0,2021-12-15
13833,1106,COURSE131,Quiz,52.0,2022-06-25
13834,1578,COURSE52,Final Exam,81.0,2023-11-11
13835,1287,COURSE67,Midterm,93.0,2023-02-03
13836,1318,COURSE138,Assignment,61.0,2023-04-28
13837,1284,COURSE59,Midterm,83.0,2023-11-09
13838,1940,COURSE117,Final Exam,99.0,2020-11-18
13839,1263,COURSE120,Quiz,73.0,2024-01-06
13840,2369,COURSE142,Midterm,80.0,2024-03-22
13841,1350,COURSE138,Final Exam,87.0,2023-01-24
13842,1712,COURSE97,Midterm,77.0,2021-06-08
13843,1646,COURSE75,Quiz,79.0,2022-11-22
13844,2105,COURSE108,Final Exam,100.0,2023-01-16
13845,1006,COURSE102,Final Exam,68.0,2020-08-05
13846,2367,COURSE133,Final Exam,80.0,2022-04-18
13847,2137,COURSE117,Final Exam,65.0,2024-09-05
13848,2823,COURSE62,Midterm,55.0,2020-02-14
13849,2478,COURSE52,Quiz,66.0,2021-07-12
13850,2348,COURSE145,Assignment,88.0,2022-04-21
13851,1918,COURSE78,Assignment,69.0,2023-09-22
13852,2074,COURSE114,Final Exam,76.0,2023-06-27
13853,1564,COURSE51,Quiz,88.0,2021-03-25
13854,2327,COURSE108,Final Exam,68.0,2021-03-10
13855,2357,COURSE65,Final Exam,63.0,2022-10-06
13856,2495,COURSE105,Quiz,72.0,2022-11-01
13857,2284,COURSE136,Midterm,73.0,2024-01-28
13858,2607,COURSE143,Midterm,73.0,2023-08-04
13859,2519,COURSE84,Assignment,78.0,2022-10-29
13860,1947,COURSE70,Midterm,82.0,2021-01-21
13861,1455,COURSE115,Quiz,81.0,2024-06-12
13862,2962,COURSE88,Assignment,70.0,2021-05-06
13863,1303,COURSE138,Midterm,65.0,2024-11-21
13864,2319,COURSE117,Final Exam,79.0,2024-05-23
13865,2870,COURSE136,Assignment,66.0,2022-07-21
13866,2487,COURSE136,Final Exam,96.0,2023-10-21
13867,2083,COURSE85,Midterm,83.0,2024-07-10
13868,2071,COURSE89,Assignment,65.0,2021-08-23
13869,1800,COURSE122,Midterm,86.0,2023-08-25
13870,2996,COURSE77,Quiz,76.0,2024-06-17
13871,1351,COURSE143,Assignment,88.0,2020-06-06
13872,2982,COURSE54,Assignment,72.0,2024-04-27
13873,2465,COURSE123,Midterm,61.0,2023-02-19
13874,2602,COURSE111,Quiz,71.0,2020-10-16
13875,2806,COURSE133,Midterm,68.0,2024-11-22
13876,1555,COURSE85,Assignment,76.0,2020-03-01
13877,2842,COURSE91,Final Exam,82.0,2020-01-14
13878,2926,COURSE94,Quiz,100.0,2022-11-27
13879,2620,COURSE53,Quiz,70.0,2020-07-20
13880,1675,COURSE137,Midterm,74.0,2022-04-27
13881,2317,COURSE59,Final Exam,87.0,2024-06-10
13882,2265,COURSE129,Quiz,92.0,2021-03-12
13883,2408,COURSE133,Quiz,76.0,2023-11-05
13884,2798,COURSE119,Assignment,67.0,2020-06-13
13885,2672,COURSE70,Quiz,73.0,2021-10-21
13886,2356,COURSE142,Quiz,80.0,2022-03-18
13887,2756,COURSE99,Midterm,86.0,2021-08-28
13888,2272,COURSE59,Midterm,78.0,2021-10-01
13889,1106,COURSE108,Midterm,81.0,2021-02-09
13890,1909,COURSE96,Midterm,63.0,2021-07-19
13891,2990,COURSE120,Assignment,89.0,2023-09-02
13892,1548,COURSE121,Midterm,85.0,2020-06-06
13893,1797,COURSE80,Final Exam,64.0,2022-07-20
13894,2569,COURSE125,Midterm,93.0,2020-09-23
13895,2565,COURSE149,Quiz,78.0,2020-11-04
13896,2804,COURSE57,Midterm,94.0,2024-12-29
13897,1266,COURSE53,Final Exam,70.0,2021-12-04
13898,1525,COURSE148,Assignment,73.0,2023-08-06
13899,1599,COURSE141,Quiz,66.0,2020-09-26
13900,2746,COURSE92,Assignment,86.0,2023-03-15
13901,1832,COURSE124,Assignment,81.0,2020-09-25
13902,1199,COURSE96,Quiz,65.0,2022-11-16
13903,2738,COURSE69,Midterm,91.0,2023-02-21
13904,2384,COURSE69,Final Exam,70.0,2023-03-16
13905,1212,COURSE107,Final Exam,89.0,2021-11-29
13906,2115,COURSE103,Assignment,69.0,2023-09-03
13907,1117,COURSE150,Midterm,90.0,2023-06-11
13908,2323,COURSE120,Final Exam,81.0,2020-08-29
13909,1112,COURSE84,Assignment,86.0,2024-10-22
13910,2072,COURSE91,Midterm,72.0,2021-02-28
13911,1314,COURSE112,Final Exam,72.0,2021-09-13
13912,2067,COURSE122,Assignment,68.0,2020-08-13
13913,2588,COURSE98,Final Exam,86.0,2023-02-15
13914,2497,COURSE95,Assignment,76.0,2023-04-18
13915,1181,COURSE114,Final Exam,80.0,2022-11-25
13916,1703,COURSE61,Assignment,81.0,2024-04-15
13917,1474,COURSE55,Final Exam,83.0,2024-09-01
13918,1344,COURSE131,Assignment,75.0,2024-11-03
13919,2473,COURSE125,Midterm,85.0,2022-10-05
13920,1461,COURSE113,Final Exam,70.0,2021-10-04
13921,1473,COURSE54,Assignment,54.0,2022-03-13
13922,2137,COURSE72,Assignment,87.0,2021-11-27
13923,1444,COURSE132,Quiz,85.0,2021-02-25
13924,2600,COURSE96,Assignment,52.0,2022-01-31
13925,1529,COURSE126,Assignment,64.0,2024-09-10
13926,2255,COURSE140,Quiz,100.0,2022-09-03
13927,1275,COURSE68,Midterm,76.0,2023-11-27
13928,2584,COURSE111,Midterm,79.0,2020-09-18
13929,2315,COURSE116,Midterm,89.0,2023-12-27
13930,2638,COURSE143,Midterm,48.0,2022-03-14
13931,2033,COURSE131,Midterm,70.0,2022-05-20
13932,1179,COURSE102,Final Exam,89.0,2021-04-06
13933,1675,COURSE96,Quiz,80.0,2023-12-14
13934,2643,COURSE100,Midterm,80.0,2021-01-14
13935,2164,COURSE141,Midterm,76.0,2023-11-10
13936,1939,COURSE63,Final Exam,96.0,2023-10-17
13937,1457,COURSE113,Quiz,91.0,2021-02-17
13938,2162,COURSE110,Quiz,56.0,2022-02-17
13939,1875,COURSE67,Assignment,100.0,2024-04-05
13940,2260,COURSE127,Quiz,88.0,2023-09-08
13941,2540,COURSE120,Quiz,81.0,2021-08-25
13942,2582,COURSE91,Final Exam,100.0,2023-05-24
13943,2648,COURSE59,Midterm,85.0,2020-04-15
13944,2891,COURSE77,Midterm,98.0,2024-08-15
13945,1074,COURSE131,Assignment,79.0,2023-08-24
13946,1493,COURSE138,Final Exam,59.0,2020-11-16
13947,2086,COURSE51,Midterm,84.0,2024-10-03
13948,2520,COURSE140,Midterm,90.0,2021-09-06
13949,1695,COURSE89,Quiz,79.0,2023-06-02
13950,2689,COURSE99,Final Exam,98.0,2020-07-07
13951,2228,COURSE147,Assignment,97.0,2023-07-02
13952,2403,COURSE124,Quiz,77.0,2020-10-16
13953,1430,COURSE71,Midterm,71.0,2020-03-29
13954,1959,COURSE141,Quiz,87.0,2024-10-21
13955,1483,COURSE126,Quiz,80.0,2021-02-10
13956,2298,COURSE130,Midterm,100.0,2022-01-03
13957,1510,COURSE120,Midterm,69.0,2023-02-11
13958,2993,COURSE83,Quiz,86.0,2023-12-03
13959,1742,COURSE143,Midterm,82.0,2023-12-17
13960,1763,COURSE90,Assignment,93.0,2021-11-23
13961,1837,COURSE74,Quiz,84.0,2023-11-12
13962,2661,COURSE92,Final Exam,93.0,2024-09-23
13963,1498,COURSE115,Quiz,54.0,2022-08-28
13964,2760,COURSE84,Midterm,64.0,2021-11-02
13965,1381,COURSE97,Assignment,68.0,2022-01-15
13966,2947,COURSE67,Final Exam,69.0,2024-12-20
13967,2336,COURSE68,Midterm,80.0,2020-12-27
13968,2400,COURSE81,Quiz,87.0,2020-07-26
13969,1920,COURSE122,Assignment,71.0,2022-02-26
13970,2244,COURSE109,Quiz,64.0,2023-08-18
13971,2786,COURSE134,Quiz,68.0,2024-01-10
13972,2319,COURSE99,Assignment,62.0,2022-11-15
13973,2857,COURSE123,Quiz,86.0,2023-10-20
13974,1769,COURSE62,Assignment,98.0,2021-08-18
13975,1117,COURSE101,Final Exam,74.0,2020-12-14
13976,2920,COURSE143,Midterm,59.0,2020-04-08
13977,1938,COURSE138,Quiz,83.0,2022-09-25
13978,1361,COURSE83,Final Exam,68.0,2023-03-01
13979,2587,COURSE88,Assignment,80.0,2020-12-27
13980,1381,COURSE114,Final Exam,76.0,2024-03-16
13981,2484,COURSE56,Midterm,100.0,2023-07-31
13982,1484,COURSE85,Midterm,66.0,2023-02-13
13983,2199,COURSE130,Midterm,100.0,2021-08-09
13984,1783,COURSE92,Quiz,70.0,2021-09-22
13985,2254,COURSE95,Midterm,81.0,2023-09-23
13986,1288,COURSE132,Assignment,87.0,2021-01-05
13987,1145,COURSE115,Final Exam,76.0,2023-03-22
13988,1222,COURSE120,Final Exam,84.0,2024-06-26
13989,2515,COURSE82,Final Exam,86.0,2022-02-27
13990,1702,COURSE128,Midterm,89.0,2023-06-21
13991,1393,COURSE83,Quiz,94.0,2022-08-19
13992,2041,COURSE144,Midterm,92.0,2023-11-13
13993,1284,COURSE132,Assignment,84.0,2023-02-23
13994,2326,COURSE115,Final Exam,77.0,2023-01-23
13995,2693,COURSE89,Midterm,83.0,2020-07-05
13996,1076,COURSE53,Midterm,86.0,2020-06-21
13997,1899,COURSE82,Assignment,82.0,2021-07-26
13998,2833,COURSE91,Assignment,89.0,2023-08-30
13999,1566,COURSE67,Final Exam,69.0,2022-09-18
14000,1488,COURSE125,Assignment,99.0,2020-11-09
14001,2108,COURSE107,Quiz,65.0,2021-11-24
14002,2317,COURSE118,Quiz,72.0,2021-02-01
14003,1314,COURSE103,Assignment,77.0,2022-01-03
14004,1289,COURSE110,Quiz,75.0,2024-06-26
14005,2527,COURSE111,Quiz,93.0,2023-09-06
14006,2883,COURSE69,Quiz,95.0,2020-08-23
14007,1966,COURSE102,Assignment,82.0,2020-12-24
14008,2469,COURSE83,Midterm,84.0,2023-08-21
14009,2568,COURSE59,Midterm,82.0,2020-02-02
14010,1522,COURSE74,Quiz,100.0,2024-01-19
14011,1336,COURSE145,Assignment,92.0,2020-02-06
14012,2209,COURSE83,Final Exam,72.0,2021-11-20
14013,2031,COURSE81,Midterm,81.0,2020-07-12
14014,1023,COURSE65,Assignment,73.0,2024-01-16
14015,2495,COURSE62,Assignment,89.0,2021-02-03
14016,2396,COURSE77,Assignment,80.0,2021-11-07
14017,1534,COURSE56,Assignment,86.0,2023-06-19
14018,2052,COURSE109,Assignment,79.0,2023-05-05
14019,1351,COURSE55,Assignment,81.0,2021-10-14
14020,2682,COURSE65,Quiz,85.0,2022-05-06
14021,1325,COURSE115,Assignment,94.0,2022-07-30
14022,1535,COURSE100,Final Exam,72.0,2020-06-24
14023,2670,COURSE147,Assignment,58.0,2020-11-27
14024,2940,COURSE106,Assignment,96.0,2023-01-12
14025,1508,COURSE85,Assignment,70.0,2022-07-15
14026,2380,COURSE69,Final Exam,89.0,2024-08-31
14027,1528,COURSE142,Midterm,81.0,2020-05-23
14028,2055,COURSE62,Quiz,75.0,2021-05-21
14029,2318,COURSE148,Midterm,89.0,2024-04-13
14030,2515,COURSE79,Assignment,71.0,2023-01-16
14031,1168,COURSE130,Quiz,84.0,2023-02-01
14032,1315,COURSE124,Midterm,71.0,2021-09-28
14033,2130,COURSE63,Assignment,93.0,2024-02-22
14034,1761,COURSE87,Quiz,77.0,2023-09-19
14035,1667,COURSE96,Assignment,76.0,2023-08-25
14036,2501,COURSE99,Quiz,70.0,2022-01-16
14037,1670,COURSE116,Final Exam,67.0,2023-06-20
14038,2290,COURSE117,Final Exam,83.0,2021-04-10
14039,2352,COURSE76,Final Exam,66.0,2023-07-26
14040,1141,COURSE63,Midterm,57.0,2022-05-22
14041,2339,COURSE80,Quiz,81.0,2024-08-29
14042,2287,COURSE73,Assignment,79.0,2020-07-02
14043,1182,COURSE92,Quiz,73.0,2024-08-19
14044,1573,COURSE112,Final Exam,69.0,2024-02-05
14045,1192,COURSE133,Quiz,76.0,2024-12-22
14046,2875,COURSE97,Quiz,87.0,2021-02-19
14047,2922,COURSE85,Quiz,58.0,2024-07-26
14048,2795,COURSE73,Assignment,89.0,2021-10-03
14049,2652,COURSE74,Final Exam,88.0,2021-03-16
14050,2926,COURSE58,Quiz,65.0,2023-05-30
14051,1175,COURSE141,Midterm,69.0,2020-09-12
14052,1830,COURSE136,Midterm,70.0,2024-07-16
14053,2762,COURSE121,Quiz,73.0,2021-09-14
14054,1878,COURSE51,Quiz,97.0,2022-07-05
14055,1649,COURSE59,Assignment,93.0,2022-05-28
14056,2039,COURSE120,Quiz,66.0,2024-06-23
14057,2701,COURSE150,Midterm,70.0,2022-01-05
14058,2988,COURSE112,Assignment,61.0,2022-07-11
14059,1288,COURSE61,Midterm,70.0,2023-11-15
14060,2893,COURSE140,Final Exam,62.0,2023-07-09
14061,2498,COURSE82,Final Exam,78.0,2021-04-05
14062,2728,COURSE84,Quiz,100.0,2024-03-28
14063,1020,COURSE148,Quiz,73.0,2021-06-12
14064,2361,COURSE68,Quiz,64.0,2020-08-21
14065,1304,COURSE82,Final Exam,88.0,2021-04-28
14066,1783,COURSE140,Midterm,73.0,2024-09-01
14067,1622,COURSE51,Midterm,75.0,2020-11-20
14068,2590,COURSE93,Assignment,79.0,2024-07-18
14069,1072,COURSE62,Midterm,76.0,2020-09-25
14070,1883,COURSE110,Assignment,67.0,2022-12-22
14071,2857,COURSE64,Final Exam,77.0,2023-05-23
14072,2019,COURSE107,Assignment,68.0,2023-01-06
14073,1228,COURSE64,Quiz,99.0,2020-05-02
14074,2716,COURSE76,Quiz,76.0,2023-09-19
14075,1768,COURSE81,Final Exam,72.0,2022-06-04
14076,1432,COURSE118,Final Exam,70.0,2022-02-18
14077,1793,COURSE54,Final Exam,65.0,2020-03-03
14078,2242,COURSE95,Assignment,100.0,2023-08-13
14079,2931,COURSE71,Final Exam,73.0,2024-11-17
14080,1572,COURSE51,Quiz,72.0,2022-06-18
14081,2773,COURSE102,Assignment,83.0,2024-09-12
14082,2916,COURSE119,Final Exam,97.0,2021-09-22
14083,1274,COURSE112,Midterm,82.0,2023-01-21
14084,1268,COURSE70,Final Exam,84.0,2021-08-03
14085,2953,COURSE75,Assignment,67.0,2024-10-07
14086,2370,COURSE71,Quiz,75.0,2021-07-06
14087,2538,COURSE146,Midterm,91.0,2023-04-05
14088,1398,COURSE78,Assignment,83.0,2021-12-05
14089,2747,COURSE68,Final Exam,88.0,2020-07-17
14090,1971,COURSE99,Assignment,81.0,2024-02-22
14091,1148,COURSE88,Final Exam,91.0,2024-12-16
14092,2919,COURSE94,Midterm,67.0,2024-12-12
14093,1028,COURSE96,Quiz,82.0,2024-08-20
14094,2820,COURSE78,Final Exam,84.0,2020-07-15
14095,2195,COURSE122,Midterm,85.0,2023-05-01
14096,2583,COURSE120,Assignment,97.0,2023-06-13
14097,1164,COURSE148,Final Exam,100.0,2024-08-22
14098,2640,COURSE84,Midterm,80.0,2022-03-18
14099,2923,COURSE112,Final Exam,84.0,2024-12-22
14100,1012,COURSE126,Final Exam,81.0,2024-07-04
14101,2893,COURSE63,Assignment,73.0,2020-06-23
14102,1832,COURSE130,Assignment,74.0,2020-04-23
14103,1285,COURSE70,Midterm,71.0,2022-05-24
14104,1122,COURSE109,Quiz,81.0,2024-08-10
14105,2589,COURSE84,Quiz,80.0,2020-11-08
14106,2084,COURSE55,Midterm,72.0,2022-08-29
14107,1739,COURSE137,Midterm,65.0,2024-01-04
14108,1113,COURSE120,Midterm,92.0,2021-05-18
14109,2210,COURSE105,Final Exam,95.0,2024-02-15
14110,1135,COURSE93,Assignment,75.0,2023-06-14
14111,2472,COURSE132,Assignment,71.0,2024-03-25
14112,1909,COURSE100,Assignment,75.0,2024-01-11
14113,1720,COURSE143,Midterm,88.0,2022-10-27
14114,1561,COURSE106,Quiz,80.0,2023-09-15
14115,1941,COURSE68,Quiz,79.0,2022-03-11
14116,1756,COURSE134,Assignment,83.0,2022-09-14
14117,1248,COURSE108,Final Exam,83.0,2022-07-04
14118,1177,COURSE96,Quiz,66.0,2020-05-15
14119,1933,COURSE80,Final Exam,57.0,2024-02-27
14120,1692,COURSE117,Quiz,90.0,2021-09-20
14121,1223,COURSE67,Assignment,58.0,2022-07-21
14122,1611,COURSE74,Assignment,56.0,2023-01-08
14123,1028,COURSE66,Final Exam,85.0,2023-07-08
14124,1834,COURSE90,Final Exam,88.0,2021-09-22
14125,1537,COURSE58,Quiz,89.0,2021-09-21
14126,2867,COURSE59,Assignment,68.0,2022-08-23
14127,2883,COURSE86,Final Exam,69.0,2021-09-21
14128,2803,COURSE99,Assignment,94.0,2023-03-15
14129,2799,COURSE141,Final Exam,69.0,2024-09-01
14130,2013,COURSE74,Final Exam,61.0,2023-05-31
14131,2447,COURSE122,Final Exam,79.0,2021-06-17
14132,1274,COURSE125,Final Exam,82.0,2021-09-14
14133,1162,COURSE65,Quiz,45.0,2022-02-27
14134,1612,COURSE102,Quiz,72.0,2024-10-16
14135,1243,COURSE52,Final Exam,94.0,2021-04-14
14136,2634,COURSE123,Final Exam,75.0,2024-02-01
14137,2169,COURSE127,Midterm,88.0,2022-12-21
14138,2560,COURSE106,Midterm,95.0,2024-09-27
14139,2612,COURSE116,Quiz,76.0,2024-07-25
14140,1380,COURSE87,Quiz,84.0,2020-04-27
14141,2666,COURSE98,Assignment,92.0,2023-02-25
14142,1258,COURSE112,Assignment,58.0,2024-01-14
14143,1027,COURSE51,Midterm,62.0,2021-05-22
14144,2424,COURSE94,Final Exam,86.0,2024-01-13
14145,1929,COURSE99,Quiz,68.0,2022-12-02
14146,2002,COURSE79,Quiz,77.0,2022-10-05
14147,1482,COURSE105,Quiz,85.0,2023-09-09
14148,1458,COURSE114,Midterm,75.0,2022-01-18
14149,1060,COURSE68,Assignment,61.0,2020-06-04
14150,1765,COURSE98,Final Exam,70.0,2024-01-25
14151,2021,COURSE120,Final Exam,63.0,2022-01-06
14152,1441,COURSE134,Quiz,64.0,2023-08-31
14153,1085,COURSE92,Midterm,60.0,2023-08-14
14154,2188,COURSE94,Midterm,68.0,2024-11-20
14155,2634,COURSE99,Assignment,70.0,2021-01-15
14156,1365,COURSE111,Midterm,90.0,2022-07-05
14157,2591,COURSE107,Final Exam,91.0,2024-09-25
14158,1664,COURSE131,Final Exam,74.0,2020-07-23
14159,2735,COURSE71,Midterm,74.0,2021-04-24
14160,2554,COURSE150,Final Exam,66.0,2022-07-25
14161,1611,COURSE136,Midterm,81.0,2023-09-16
14162,2786,COURSE78,Midterm,78.0,2024-06-26
14163,1424,COURSE59,Assignment,80.0,2021-08-31
14164,1512,COURSE96,Quiz,82.0,2024-05-05
14165,2647,COURSE82,Assignment,68.0,2023-03-18
14166,1746,COURSE144,Assignment,81.0,2022-11-13
14167,2497,COURSE150,Midterm,87.0,2021-10-21
14168,1890,COURSE96,Midterm,88.0,2021-02-03
14169,1826,COURSE137,Midterm,74.0,2024-02-15
14170,1494,COURSE64,Midterm,69.0,2022-12-02
14171,1531,COURSE141,Midterm,92.0,2023-02-15
14172,1128,COURSE72,Final Exam,83.0,2022-08-04
14173,1021,COURSE138,Final Exam,68.0,2020-02-09
14174,1575,COURSE60,Assignment,78.0,2023-10-26
14175,1976,COURSE91,Quiz,84.0,2023-04-17
14176,1178,COURSE117,Final Exam,88.0,2024-05-04
14177,2154,COURSE148,Midterm,74.0,2021-08-25
14178,2188,COURSE69,Quiz,78.0,2020-10-08
14179,1999,COURSE125,Midterm,88.0,2023-04-13
14180,1487,COURSE69,Midterm,73.0,2021-07-06
14181,2170,COURSE86,Midterm,81.0,2021-01-25
14182,2560,COURSE107,Midterm,74.0,2022-06-29
14183,2891,COURSE98,Final Exam,99.0,2020-08-06
14184,2440,COURSE112,Quiz,73.0,2023-11-11
14185,1911,COURSE136,Final Exam,63.0,2020-05-25
14186,2798,COURSE64,Final Exam,82.0,2020-02-19
14187,2768,COURSE124,Midterm,75.0,2024-02-23
14188,1190,COURSE92,Midterm,64.0,2024-05-14
14189,1826,COURSE110,Quiz,88.0,2022-11-25
14190,1213,COURSE112,Assignment,82.0,2020-03-28
14191,1175,COURSE100,Midterm,64.0,2020-02-06
14192,1162,COURSE150,Midterm,82.0,2020-01-22
14193,1862,COURSE89,Final Exam,65.0,2022-08-16
14194,1861,COURSE147,Final Exam,85.0,2023-01-05
14195,2548,COURSE100,Final Exam,77.0,2021-08-26
14196,2985,COURSE133,Midterm,62.0,2024-05-15
14197,2823,COURSE113,Midterm,75.0,2024-08-10
14198,1266,COURSE136,Midterm,90.0,2023-02-17
14199,1940,COURSE78,Assignment,76.0,2021-11-08
14200,1278,COURSE53,Assignment,76.0,2024-10-02
14201,1066,COURSE71,Quiz,95.0,2022-10-20
14202,1462,COURSE79,Quiz,83.0,2020-03-25
14203,2257,COURSE89,Final Exam,79.0,2021-03-29
14204,2636,COURSE82,Assignment,95.0,2024-03-26
14205,1264,COURSE128,Final Exam,96.0,2020-11-17
14206,2016,COURSE114,Assignment,73.0,2023-04-16
14207,1098,COURSE74,Midterm,77.0,2020-08-22
14208,1489,COURSE124,Assignment,70.0,2020-08-29
14209,1911,COURSE149,Assignment,80.0,2020-02-02
14210,2740,COURSE91,Assignment,81.0,2021-03-03
14211,2168,COURSE107,Quiz,68.0,2020-09-24
14212,2554,COURSE124,Quiz,76.0,2023-01-18
14213,1552,COURSE147,Assignment,100.0,2021-11-07
14214,1346,COURSE72,Final Exam,100.0,2020-01-30
14215,1263,COURSE85,Midterm,63.0,2023-03-28
14216,1791,COURSE148,Quiz,97.0,2020-09-13
14217,2314,COURSE74,Final Exam,74.0,2023-01-10
14218,2599,COURSE62,Assignment,89.0,2021-09-13
14219,1319,COURSE64,Assignment,64.0,2024-05-08
14220,2694,COURSE133,Final Exam,72.0,2020-03-03
14221,1229,COURSE150,Final Exam,60.0,2023-08-05
14222,1709,COURSE128,Assignment,86.0,2023-03-11
14223,2296,COURSE76,Final Exam,49.0,2024-07-17
14224,1077,COURSE68,Midterm,83.0,2021-02-24
14225,1679,COURSE51,Final Exam,81.0,2020-02-13
14226,1007,COURSE104,Assignment,75.0,2021-07-27
14227,2372,COURSE141,Midterm,70.0,2023-02-09
14228,2246,COURSE113,Final Exam,68.0,2024-03-06
14229,2236,COURSE128,Quiz,90.0,2021-08-02
14230,2298,COURSE137,Final Exam,85.0,2022-03-09
14231,2065,COURSE66,Final Exam,85.0,2021-03-14
14232,2185,COURSE134,Assignment,82.0,2024-09-07
14233,1438,COURSE142,Assignment,77.0,2020-03-23
14234,2134,COURSE140,Quiz,61.0,2021-01-05
14235,1334,COURSE87,Assignment,57.0,2020-01-19
14236,1253,COURSE94,Midterm,67.0,2024-11-28
14237,2467,COURSE68,Final Exam,82.0,2023-09-05
14238,2209,COURSE51,Assignment,82.0,2020-02-02
14239,2725,COURSE103,Midterm,89.0,2024-02-06
14240,1486,COURSE74,Quiz,94.0,2020-09-24
14241,1565,COURSE134,Midterm,71.0,2022-01-26
14242,1915,COURSE103,Assignment,73.0,2022-09-14
14243,1603,COURSE80,Quiz,95.0,2021-02-20
14244,1305,COURSE120,Assignment,79.0,2022-02-21
14245,1196,COURSE87,Final Exam,82.0,2022-12-14
14246,2744,COURSE140,Final Exam,77.0,2023-02-02
14247,1703,COURSE115,Midterm,68.0,2024-11-14
14248,1745,COURSE103,Midterm,73.0,2024-09-27
14249,2360,COURSE58,Midterm,84.0,2021-08-30
14250,1539,COURSE52,Final Exam,75.0,2020-07-03
14251,1318,COURSE89,Midterm,72.0,2020-09-22
14252,2185,COURSE86,Quiz,70.0,2024-11-24
14253,1010,COURSE68,Midterm,67.0,2021-11-30
14254,1765,COURSE74,Midterm,62.0,2022-03-17
14255,1551,COURSE116,Midterm,100.0,2021-12-28
14256,2153,COURSE139,Assignment,66.0,2024-12-21
14257,2251,COURSE84,Quiz,75.0,2023-09-10
14258,2822,COURSE126,Assignment,90.0,2021-08-21
14259,2159,COURSE110,Midterm,64.0,2022-04-13
14260,1329,COURSE91,Midterm,96.0,2021-01-19
14261,2456,COURSE96,Midterm,81.0,2022-11-25
14262,2698,COURSE91,Quiz,86.0,2024-03-22
14263,1506,COURSE126,Quiz,86.0,2022-02-04
14264,2858,COURSE113,Final Exam,84.0,2020-05-30
14265,2079,COURSE135,Quiz,91.0,2024-12-27
14266,1409,COURSE104,Quiz,48.0,2022-03-03
14267,1046,COURSE54,Assignment,86.0,2022-11-17
14268,2446,COURSE83,Midterm,87.0,2023-09-11
14269,2232,COURSE133,Midterm,83.0,2021-03-15
14270,2006,COURSE68,Midterm,93.0,2020-08-03
14271,2257,COURSE72,Assignment,70.0,2024-02-17
14272,2824,COURSE109,Assignment,63.0,2020-06-16
14273,2439,COURSE66,Final Exam,83.0,2021-05-08
14274,2129,COURSE75,Final Exam,88.0,2020-01-16
14275,2809,COURSE95,Quiz,81.0,2022-02-21
14276,2049,COURSE54,Quiz,59.0,2020-07-06
14277,2791,COURSE122,Midterm,100.0,2022-12-07
14278,2968,COURSE119,Quiz,87.0,2023-11-01
14279,1582,COURSE144,Final Exam,82.0,2023-07-01
14280,1662,COURSE120,Final Exam,88.0,2020-05-15
14281,1106,COURSE59,Quiz,77.0,2020-03-07
14282,1909,COURSE66,Assignment,87.0,2024-10-14
14283,1501,COURSE138,Midterm,84.0,2023-04-08
14284,1226,COURSE80,Assignment,89.0,2023-10-10
14285,1144,COURSE73,Assignment,81.0,2024-11-21
14286,2718,COURSE94,Final Exam,61.0,2023-03-29
14287,2920,COURSE127,Quiz,83.0,2024-10-23
14288,2093,COURSE89,Midterm,80.0,2024-09-15
14289,1453,COURSE139,Midterm,100.0,2021-10-21
14290,1530,COURSE87,Assignment,78.0,2024-05-14
14291,2618,COURSE144,Assignment,74.0,2022-07-19
14292,1351,COURSE140,Assignment,78.0,2021-11-10
14293,2140,COURSE113,Quiz,83.0,2021-07-26
14294,1314,COURSE124,Quiz,87.0,2023-04-21
14295,1506,COURSE147,Assignment,88.0,2023-03-02
14296,2119,COURSE113,Quiz,68.0,2024-11-21
14297,2992,COURSE72,Final Exam,74.0,2021-12-27
14298,1525,COURSE86,Assignment,58.0,2020-01-15
14299,1067,COURSE81,Quiz,85.0,2022-04-17
14300,1923,COURSE96,Quiz,55.0,2022-09-25
14301,2702,COURSE100,Final Exam,80.0,2022-10-25
14302,1025,COURSE61,Quiz,62.0,2020-09-04
14303,2176,COURSE56,Quiz,90.0,2021-08-19
14304,2381,COURSE67,Quiz,73.0,2020-04-08
14305,2096,COURSE140,Midterm,85.0,2020-10-12
14306,2195,COURSE72,Assignment,68.0,2021-10-27
14307,1890,COURSE72,Quiz,72.0,2023-10-09
14308,2528,COURSE81,Quiz,84.0,2022-02-12
14309,1636,COURSE138,Quiz,97.0,2020-10-02
14310,1580,COURSE119,Midterm,97.0,2024-07-17
14311,2923,COURSE69,Quiz,79.0,2023-06-21
14312,1173,COURSE117,Quiz,78.0,2021-10-07
14313,2458,COURSE81,Midterm,72.0,2021-04-09
14314,2597,COURSE54,Midterm,81.0,2022-11-18
14315,1540,COURSE101,Final Exam,87.0,2021-09-27
14316,2318,COURSE132,Midterm,91.0,2024-12-10
14317,1968,COURSE117,Assignment,72.0,2022-10-08
14318,2721,COURSE90,Quiz,99.0,2021-01-10
14319,1822,COURSE106,Final Exam,83.0,2022-12-05
14320,2537,COURSE86,Assignment,80.0,2022-10-08
14321,1958,COURSE89,Assignment,72.0,2021-08-11
14322,1014,COURSE127,Midterm,78.0,2020-02-26
14323,2183,COURSE58,Assignment,76.0,2020-02-27
14324,1477,COURSE124,Final Exam,85.0,2020-02-15
14325,1646,COURSE137,Quiz,91.0,2022-03-09
14326,1396,COURSE57,Midterm,79.0,2024-11-10
14327,1950,COURSE95,Assignment,74.0,2020-08-19
14328,2781,COURSE113,Assignment,100.0,2020-01-02
14329,1368,COURSE141,Quiz,88.0,2024-08-21
14330,2753,COURSE66,Assignment,76.0,2023-08-26
14331,2862,COURSE129,Assignment,93.0,2023-06-19
14332,1249,COURSE67,Quiz,81.0,2024-04-13
14333,1446,COURSE135,Quiz,95.0,2024-01-20
14334,1494,COURSE88,Midterm,87.0,2024-12-21
14335,2541,COURSE84,Quiz,61.0,2020-08-09
14336,2260,COURSE134,Final Exam,76.0,2023-01-30
14337,2036,COURSE68,Midterm,56.0,2021-11-21
14338,2526,COURSE64,Midterm,92.0,2023-04-01
14339,1477,COURSE65,Assignment,79.0,2023-05-04
14340,2837,COURSE81,Assignment,72.0,2021-08-12
14341,1437,COURSE90,Midterm,96.0,2023-01-15
14342,1237,COURSE94,Assignment,95.0,2021-08-18
14343,1276,COURSE110,Midterm,56.0,2023-12-03
14344,2152,COURSE83,Assignment,57.0,2022-02-23
14345,1801,COURSE125,Quiz,92.0,2023-04-20
14346,1961,COURSE77,Quiz,77.0,2021-10-18
14347,1463,COURSE95,Midterm,64.0,2021-01-29
14348,1330,COURSE93,Quiz,83.0,2021-08-19
14349,1795,COURSE121,Assignment,83.0,2024-08-10
14350,1667,COURSE108,Quiz,61.0,2020-09-22
14351,1566,COURSE52,Assignment,75.0,2022-06-20
14352,1782,COURSE95,Quiz,66.0,2023-09-27
14353,2795,COURSE131,Assignment,70.0,2024-02-14
14354,2062,COURSE134,Quiz,80.0,2022-08-05
14355,2902,COURSE52,Assignment,84.0,2020-10-27
14356,1937,COURSE132,Midterm,100.0,2021-07-20
14357,2738,COURSE78,Quiz,86.0,2024-08-22
14358,1506,COURSE85,Final Exam,99.0,2020-07-12
14359,2395,COURSE87,Assignment,87.0,2020-12-30
14360,2234,COURSE140,Assignment,77.0,2022-12-14
14361,2196,COURSE64,Midterm,80.0,2022-02-15
14362,2929,COURSE61,Midterm,85.0,2022-02-23
14363,2598,COURSE99,Quiz,79.0,2020-03-23
14364,2002,COURSE119,Assignment,71.0,2021-01-26
14365,1720,COURSE66,Final Exam,77.0,2023-12-06
14366,2356,COURSE111,Assignment,89.0,2022-11-10
14367,1267,COURSE51,Assignment,67.0,2021-05-12
14368,2782,COURSE144,Quiz,62.0,2021-11-01
14369,2111,COURSE119,Final Exam,49.0,2024-01-25
14370,1072,COURSE136,Midterm,77.0,2021-02-12
14371,2527,COURSE127,Assignment,84.0,2020-01-01
14372,1415,COURSE148,Final Exam,79.0,2023-05-05
14373,1901,COURSE61,Quiz,91.0,2023-09-06
14374,1139,COURSE134,Midterm,67.0,2023-03-28
14375,1665,COURSE113,Assignment,89.0,2022-10-10
14376,1203,COURSE67,Final Exam,62.0,2022-05-06
14377,2599,COURSE56,Final Exam,59.0,2022-10-23
14378,2774,COURSE62,Midterm,99.0,2023-09-02
14379,1765,COURSE75,Midterm,75.0,2023-07-27
14380,1339,COURSE114,Quiz,85.0,2024-04-21
14381,1532,COURSE140,Final Exam,73.0,2022-10-19
14382,1321,COURSE109,Final Exam,61.0,2020-08-18
14383,2866,COURSE75,Midterm,71.0,2022-07-25
14384,1746,COURSE76,Quiz,76.0,2021-02-19
14385,1632,COURSE52,Quiz,56.0,2021-07-02
14386,1266,COURSE51,Midterm,73.0,2020-12-25
14387,1050,COURSE62,Assignment,81.0,2022-05-10
14388,1734,COURSE120,Final Exam,92.0,2021-06-06
14389,1398,COURSE80,Final Exam,70.0,2024-08-17
14390,2137,COURSE91,Final Exam,78.0,2021-09-02
14391,1702,COURSE146,Assignment,78.0,2021-05-05
14392,2978,COURSE80,Quiz,84.0,2021-11-22
14393,2886,COURSE134,Assignment,62.0,2022-11-22
14394,1382,COURSE138,Quiz,81.0,2021-04-13
14395,2911,COURSE79,Quiz,93.0,2020-08-19
14396,1769,COURSE132,Quiz,93.0,2023-08-26
14397,1608,COURSE79,Final Exam,76.0,2021-05-31
14398,2488,COURSE106,Assignment,75.0,2022-09-25
14399,1018,COURSE136,Quiz,67.0,2020-09-03
14400,1223,COURSE69,Final Exam,90.0,2024-06-13
14401,1858,COURSE88,Assignment,100.0,2022-07-07
14402,1806,COURSE86,Midterm,88.0,2021-01-04
14403,2597,COURSE89,Final Exam,72.0,2022-11-16
14404,2107,COURSE80,Midterm,58.0,2023-01-29
14405,2005,COURSE85,Midterm,71.0,2021-05-07
14406,1126,COURSE107,Assignment,58.0,2022-07-01
14407,2979,COURSE82,Quiz,79.0,2023-12-22
14408,2417,COURSE74,Final Exam,90.0,2023-09-08
14409,1202,COURSE108,Assignment,76.0,2021-01-19
14410,1221,COURSE147,Quiz,76.0,2023-02-08
14411,1887,COURSE100,Quiz,71.0,2020-04-13
14412,2520,COURSE87,Assignment,75.0,2021-11-28
14413,2849,COURSE69,Assignment,74.0,2022-09-22
14414,1040,COURSE82,Assignment,82.0,2023-07-26
14415,1955,COURSE51,Final Exam,80.0,2022-09-18
14416,1876,COURSE117,Final Exam,47.0,2023-01-29
14417,1131,COURSE136,Midterm,84.0,2024-06-15
14418,1230,COURSE105,Quiz,56.0,2024-05-04
14419,2069,COURSE92,Assignment,69.0,2024-12-03
14420,2131,COURSE88,Quiz,80.0,2024-05-05
14421,1630,COURSE111,Assignment,67.0,2020-07-16
14422,1245,COURSE99,Quiz,81.0,2020-02-15
14423,1276,COURSE137,Quiz,81.0,2023-09-04
14424,2579,COURSE126,Final Exam,67.0,2023-11-20
14425,1430,COURSE77,Assignment,64.0,2020-01-08
14426,2113,COURSE54,Quiz,83.0,2020-04-16
14427,2278,COURSE77,Midterm,79.0,2024-01-02
14428,1397,COURSE137,Quiz,73.0,2023-02-22
14429,2710,COURSE145,Final Exam,83.0,2022-11-08
14430,2517,COURSE137,Quiz,72.0,2022-02-09
14431,1489,COURSE97,Quiz,71.0,2020-03-15
14432,1724,COURSE149,Quiz,76.0,2023-03-07
14433,1704,COURSE148,Midterm,78.0,2020-02-29
14434,2713,COURSE137,Midterm,71.0,2024-10-12
14435,2376,COURSE56,Quiz,69.0,2021-10-03
14436,1571,COURSE65,Assignment,85.0,2020-12-24
14437,1722,COURSE105,Quiz,80.0,2021-06-15
14438,1574,COURSE63,Quiz,46.0,2023-09-04
14439,1613,COURSE68,Final Exam,92.0,2022-04-07
14440,1654,COURSE104,Assignment,84.0,2021-05-15
14441,2924,COURSE140,Final Exam,86.0,2024-02-26
14442,1037,COURSE139,Final Exam,70.0,2024-10-15
14443,2169,COURSE67,Assignment,80.0,2023-09-28
14444,1560,COURSE105,Quiz,92.0,2023-11-29
14445,2272,COURSE146,Midterm,69.0,2020-11-15
14446,1865,COURSE64,Final Exam,68.0,2022-09-19
14447,1164,COURSE128,Assignment,83.0,2023-11-15
14448,2524,COURSE129,Quiz,87.0,2023-01-16
14449,2487,COURSE109,Midterm,83.0,2022-09-04
14450,1261,COURSE135,Quiz,83.0,2020-08-22
14451,2379,COURSE58,Final Exam,69.0,2021-09-04
14452,2002,COURSE67,Quiz,68.0,2020-04-14
14453,1138,COURSE91,Midterm,92.0,2022-08-23
14454,2998,COURSE133,Assignment,52.0,2024-10-09
14455,1439,COURSE71,Midterm,92.0,2023-12-10
14456,1963,COURSE115,Quiz,81.0,2024-07-28
14457,1763,COURSE113,Quiz,71.0,2024-11-18
14458,1286,COURSE133,Midterm,80.0,2024-09-19
14459,1627,COURSE136,Assignment,68.0,2021-12-23
14460,2174,COURSE59,Midterm,60.0,2024-02-17
14461,1749,COURSE55,Quiz,87.0,2022-10-15
14462,2883,COURSE116,Midterm,82.0,2021-06-23
14463,1531,COURSE93,Midterm,89.0,2022-02-10
14464,1022,COURSE115,Final Exam,73.0,2024-01-03
14465,2691,COURSE57,Assignment,78.0,2022-05-25
14466,2100,COURSE94,Assignment,74.0,2020-09-22
14467,1749,COURSE55,Midterm,76.0,2022-05-26
14468,2174,COURSE105,Quiz,94.0,2021-10-11
14469,1629,COURSE103,Assignment,93.0,2023-11-17
14470,1191,COURSE110,Quiz,72.0,2022-08-30
14471,1647,COURSE84,Final Exam,83.0,2020-12-21
14472,2464,COURSE143,Quiz,65.0,2022-12-03
14473,2484,COURSE67,Quiz,69.0,2022-05-02
14474,2329,COURSE139,Midterm,54.0,2022-07-15
14475,2136,COURSE93,Midterm,69.0,2020-12-30
14476,1844,COURSE99,Final Exam,95.0,2024-02-17
14477,2968,COURSE130,Assignment,72.0,2024-02-21
14478,2445,COURSE119,Assignment,79.0,2020-09-17
14479,1611,COURSE74,Midterm,68.0,2024-01-01
14480,1071,COURSE115,Final Exam,76.0,2020-02-16
14481,1436,COURSE111,Assignment,77.0,2020-11-24
14482,2646,COURSE76,Assignment,83.0,2022-01-12
14483,2779,COURSE145,Quiz,67.0,2024-02-21
14484,2313,COURSE148,Midterm,85.0,2023-04-27
14485,2804,COURSE79,Midterm,76.0,2020-05-29
14486,2898,COURSE52,Final Exam,64.0,2021-07-17
14487,1727,COURSE86,Assignment,95.0,2020-05-17
14488,2831,COURSE68,Midterm,71.0,2021-01-15
14489,2355,COURSE130,Midterm,88.0,2024-07-21
14490,1405,COURSE81,Quiz,75.0,2021-09-08
14491,2665,COURSE116,Final Exam,84.0,2021-10-08
14492,1513,COURSE105,Midterm,71.0,2023-12-05
14493,2282,COURSE110,Final Exam,83.0,2024-01-18
14494,2366,COURSE57,Midterm,76.0,2021-08-21
14495,2473,COURSE85,Final Exam,66.0,2020-03-21
14496,1799,COURSE92,Final Exam,95.0,2024-05-20
14497,2706,COURSE71,Final Exam,85.0,2020-07-02
14498,2407,COURSE142,Midterm,63.0,2021-10-11
14499,2747,COURSE128,Assignment,100.0,2024-10-21
14500,1736,COURSE53,Assignment,100.0,2023-02-09
14501,2658,COURSE112,Quiz,59.0,2020-02-18
14502,1025,COURSE124,Final Exam,88.0,2021-07-03
14503,2696,COURSE66,Final Exam,71.0,2023-02-17
14504,2756,COURSE150,Quiz,70.0,2022-02-15
14505,1892,COURSE139,Quiz,71.0,2024-06-01
14506,1157,COURSE109,Final Exam,75.0,2020-09-17
14507,2433,COURSE117,Assignment,90.0,2021-01-26
14508,1288,COURSE102,Assignment,92.0,2024-04-02
14509,1496,COURSE87,Assignment,82.0,2024-02-23
14510,2595,COURSE52,Midterm,76.0,2022-03-17
14511,2895,COURSE109,Midterm,84.0,2021-08-12
14512,2539,COURSE62,Assignment,60.0,2023-12-24
14513,1123,COURSE80,Quiz,62.0,2021-12-04
14514,2041,COURSE104,Midterm,93.0,2021-02-01
14515,1871,COURSE139,Final Exam,97.0,2020-04-22
14516,2218,COURSE87,Final Exam,92.0,2023-04-15
14517,2126,COURSE135,Midterm,82.0,2023-09-09
14518,2272,COURSE110,Quiz,98.0,2022-01-28
14519,1678,COURSE137,Quiz,78.0,2023-01-12
14520,2233,COURSE121,Final Exam,76.0,2022-06-06
14521,1450,COURSE128,Assignment,70.0,2021-02-04
14522,2282,COURSE113,Midterm,81.0,2021-05-02
14523,1123,COURSE64,Midterm,68.0,2020-12-18
14524,1507,COURSE137,Assignment,73.0,2021-07-08
14525,2914,COURSE58,Quiz,81.0,2021-08-09
14526,1670,COURSE109,Assignment,81.0,2024-08-10
14527,2766,COURSE103,Quiz,56.0,2023-08-08
14528,2243,COURSE66,Final Exam,78.0,2023-04-07
14529,2973,COURSE111,Quiz,81.0,2024-12-21
14530,1733,COURSE81,Quiz,73.0,2021-10-08
14531,1677,COURSE55,Assignment,89.0,2020-04-29
14532,1610,COURSE134,Midterm,86.0,2024-12-02
14533,2370,COURSE129,Midterm,67.0,2024-09-17
14534,2528,COURSE135,Assignment,65.0,2022-04-03
14535,1992,COURSE124,Final Exam,82.0,2022-02-16
14536,2188,COURSE119,Final Exam,62.0,2021-03-15
14537,2375,COURSE95,Quiz,49.0,2022-07-03
14538,1233,COURSE140,Assignment,98.0,2021-08-12
14539,1508,COURSE100,Midterm,92.0,2021-09-12
14540,2556,COURSE93,Midterm,82.0,2024-08-29
14541,2421,COURSE114,Assignment,53.0,2022-03-21
14542,1327,COURSE82,Quiz,73.0,2021-06-26
14543,2950,COURSE88,Midterm,82.0,2023-10-25
14544,1509,COURSE136,Midterm,72.0,2021-10-15
14545,1026,COURSE89,Midterm,61.0,2023-08-20
14546,1489,COURSE123,Final Exam,91.0,2024-12-12
14547,1778,COURSE110,Assignment,85.0,2020-07-07
14548,1697,COURSE148,Assignment,90.0,2021-05-05
14549,1217,COURSE59,Midterm,75.0,2024-09-24
14550,1563,COURSE69,Final Exam,61.0,2023-08-25
14551,1774,COURSE101,Final Exam,62.0,2024-01-29
14552,1337,COURSE65,Assignment,75.0,2024-04-05
14553,1969,COURSE97,Final Exam,94.0,2022-05-01
14554,1737,COURSE139,Final Exam,62.0,2022-01-26
14555,1537,COURSE68,Midterm,81.0,2024-05-16
14556,1369,COURSE114,Midterm,78.0,2024-08-07
14557,2996,COURSE59,Midterm,87.0,2024-11-20
14558,2292,COURSE146,Assignment,81.0,2022-07-04
14559,1144,COURSE65,Assignment,74.0,2020-01-05
14560,2945,COURSE105,Final Exam,79.0,2020-11-16
14561,1125,COURSE108,Final Exam,75.0,2024-02-18
14562,2395,COURSE80,Final Exam,71.0,2022-02-01
14563,2788,COURSE59,Assignment,80.0,2024-03-07
14564,2767,COURSE124,Assignment,89.0,2023-11-10
14565,2765,COURSE119,Final Exam,94.0,2021-06-26
14566,2314,COURSE123,Quiz,64.0,2023-10-20
14567,1412,COURSE140,Quiz,89.0,2020-07-27
14568,2321,COURSE75,Quiz,60.0,2023-03-29
14569,1792,COURSE72,Midterm,80.0,2024-09-14
14570,1196,COURSE107,Midterm,79.0,2023-06-09
14571,2113,COURSE100,Midterm,84.0,2022-12-01
14572,2865,COURSE75,Quiz,99.0,2020-05-09
14573,1114,COURSE84,Assignment,70.0,2024-01-01
14574,1822,COURSE126,Assignment,62.0,2024-11-03
14575,1506,COURSE148,Final Exam,76.0,2021-08-05
14576,2667,COURSE110,Final Exam,94.0,2023-12-18
14577,2329,COURSE61,Quiz,90.0,2020-04-21
14578,1110,COURSE132,Quiz,77.0,2020-04-15
14579,2210,COURSE56,Assignment,73.0,2023-05-29
14580,1493,COURSE76,Quiz,85.0,2021-05-15
14581,1344,COURSE93,Midterm,82.0,2021-03-03
14582,1174,COURSE136,Assignment,65.0,2022-05-21
14583,1179,COURSE141,Assignment,86.0,2024-01-15
14584,2100,COURSE65,Assignment,70.0,2020-08-17
14585,1053,COURSE52,Midterm,87.0,2023-09-26
14586,1654,COURSE114,Assignment,79.0,2021-08-20
14587,1541,COURSE126,Quiz,73.0,2023-01-19
14588,2602,COURSE79,Quiz,80.0,2024-11-14
14589,2821,COURSE60,Quiz,86.0,2020-12-27
14590,1682,COURSE83,Assignment,66.0,2020-10-02
14591,1472,COURSE144,Midterm,77.0,2020-05-22
14592,2402,COURSE119,Quiz,91.0,2024-12-14
14593,2300,COURSE142,Final Exam,86.0,2020-04-09
14594,1395,COURSE56,Midterm,100.0,2022-09-01
14595,1627,COURSE108,Midterm,70.0,2023-05-29
14596,1375,COURSE84,Quiz,83.0,2020-04-29
14597,2808,COURSE55,Quiz,72.0,2023-06-11
14598,1857,COURSE118,Final Exam,73.0,2021-10-26
14599,2185,COURSE145,Quiz,85.0,2020-05-02
14600,1129,COURSE60,Final Exam,92.0,2020-10-17
14601,1694,COURSE131,Midterm,96.0,2024-11-16
14602,2587,COURSE92,Quiz,70.0,2021-01-06
14603,1168,COURSE85,Midterm,65.0,2024-01-03
14604,1122,COURSE124,Assignment,91.0,2023-04-14
14605,1700,COURSE111,Quiz,89.0,2023-08-09
14606,2656,COURSE54,Quiz,79.0,2021-10-26
14607,2780,COURSE75,Final Exam,71.0,2024-02-29
14608,1754,COURSE97,Final Exam,78.0,2022-08-18
14609,1149,COURSE103,Final Exam,72.0,2022-11-22
14610,2839,COURSE103,Quiz,66.0,2022-12-30
14611,2307,COURSE88,Final Exam,72.0,2020-09-07
14612,1320,COURSE89,Final Exam,68.0,2024-11-03
14613,1714,COURSE143,Midterm,77.0,2021-07-09
14614,2054,COURSE130,Assignment,71.0,2020-04-16
14615,2373,COURSE115,Assignment,70.0,2024-04-18
14616,1311,COURSE64,Quiz,86.0,2024-03-25
14617,2395,COURSE144,Midterm,79.0,2021-01-08
14618,2310,COURSE96,Midterm,70.0,2022-04-18
14619,1616,COURSE107,Quiz,97.0,2021-08-05
14620,2907,COURSE105,Assignment,91.0,2022-05-25
14621,1556,COURSE124,Midterm,59.0,2022-10-30
14622,1542,COURSE97,Assignment,54.0,2021-04-14
14623,2967,COURSE61,Quiz,92.0,2024-04-23
14624,2327,COURSE136,Assignment,74.0,2020-11-11
14625,2384,COURSE126,Quiz,94.0,2020-01-23
14626,2080,COURSE142,Quiz,77.0,2020-07-18
14627,1277,COURSE66,Midterm,62.0,2020-01-28
14628,2758,COURSE76,Assignment,94.0,2024-10-04
14629,2451,COURSE124,Final Exam,70.0,2024-03-17
14630,2792,COURSE97,Assignment,48.0,2024-05-20
14631,2134,COURSE58,Assignment,87.0,2022-09-06
14632,1409,COURSE72,Assignment,80.0,2023-08-01
14633,2511,COURSE101,Assignment,84.0,2023-09-01
14634,1667,COURSE148,Final Exam,77.0,2024-04-14
14635,1655,COURSE75,Assignment,87.0,2020-07-13
14636,1291,COURSE137,Assignment,96.0,2022-07-23
14637,2362,COURSE137,Final Exam,67.0,2022-07-17
14638,1587,COURSE87,Midterm,81.0,2023-03-03
14639,2024,COURSE73,Quiz,78.0,2024-01-12
14640,1384,COURSE102,Final Exam,78.0,2020-02-26
14641,1929,COURSE76,Assignment,82.0,2023-09-29
14642,2474,COURSE132,Assignment,65.0,2024-08-28
14643,2106,COURSE78,Midterm,58.0,2021-02-10
14644,2144,COURSE113,Quiz,73.0,2022-12-17
14645,2239,COURSE51,Midterm,80.0,2022-06-07
14646,2080,COURSE102,Assignment,84.0,2020-02-09
14647,2848,COURSE91,Midterm,81.0,2023-10-17
14648,2519,COURSE75,Assignment,83.0,2020-01-15
14649,1016,COURSE83,Final Exam,80.0,2024-04-18
14650,2581,COURSE103,Midterm,84.0,2020-07-09
14651,2683,COURSE68,Midterm,61.0,2023-02-20
14652,2758,COURSE110,Final Exam,79.0,2022-03-20
14653,1180,COURSE113,Midterm,77.0,2022-05-10
14654,1591,COURSE69,Final Exam,67.0,2023-01-31
14655,2966,COURSE54,Quiz,77.0,2024-02-24
14656,2506,COURSE144,Midterm,67.0,2024-01-04
14657,2001,COURSE92,Midterm,80.0,2020-01-28
14658,1005,COURSE127,Quiz,64.0,2024-07-12
14659,2932,COURSE109,Assignment,98.0,2023-06-26
14660,2876,COURSE94,Quiz,75.0,2022-02-07
14661,1254,COURSE76,Final Exam,88.0,2024-10-27
14662,1609,COURSE133,Final Exam,73.0,2024-11-10
14663,1304,COURSE91,Midterm,74.0,2021-02-18
14664,2834,COURSE63,Final Exam,98.0,2024-05-30
14665,2003,COURSE87,Final Exam,93.0,2023-05-27
14666,2447,COURSE67,Assignment,80.0,2020-05-23
14667,2534,COURSE75,Assignment,66.0,2020-11-23
14668,1750,COURSE55,Midterm,72.0,2020-09-05
14669,2458,COURSE56,Assignment,56.0,2022-10-13
14670,1441,COURSE116,Midterm,86.0,2021-05-09
14671,2895,COURSE89,Quiz,62.0,2023-10-20
14672,2391,COURSE147,Quiz,72.0,2023-10-01
14673,1870,COURSE85,Quiz,96.0,2023-09-13
14674,2127,COURSE61,Quiz,100.0,2023-01-24
14675,2831,COURSE96,Quiz,89.0,2023-09-25
14676,2210,COURSE149,Final Exam,69.0,2023-06-21
14677,2176,COURSE57,Midterm,66.0,2024-08-02
14678,1949,COURSE59,Quiz,85.0,2022-03-08
14679,2662,COURSE128,Midterm,99.0,2020-12-04
14680,2229,COURSE103,Assignment,78.0,2022-11-22
14681,1639,COURSE119,Quiz,64.0,2022-08-25
14682,2331,COURSE74,Midterm,90.0,2023-01-21
14683,1032,COURSE89,Final Exam,75.0,2022-06-11
14684,2224,COURSE141,Assignment,77.0,2020-06-27
14685,1644,COURSE131,Final Exam,87.0,2022-02-01
14686,2647,COURSE116,Assignment,80.0,2024-04-27
14687,1531,COURSE81,Quiz,100.0,2021-05-18
14688,1794,COURSE59,Assignment,66.0,2023-02-13
14689,1848,COURSE55,Quiz,88.0,2022-10-21
14690,2021,COURSE134,Quiz,62.0,2024-03-06
14691,2097,COURSE128,Midterm,100.0,2023-10-17
14692,2114,COURSE86,Midterm,84.0,2021-09-08
14693,2541,COURSE143,Midterm,73.0,2022-08-29
14694,2762,COURSE57,Quiz,82.0,2021-11-23
14695,1581,COURSE75,Quiz,86.0,2022-11-10
14696,1088,COURSE80,Final Exam,71.0,2023-08-31
14697,1706,COURSE60,Midterm,91.0,2024-01-26
14698,1843,COURSE108,Midterm,65.0,2023-08-06
14699,2744,COURSE88,Midterm,76.0,2020-06-16
14700,1149,COURSE58,Midterm,97.0,2021-12-28
14701,1946,COURSE94,Quiz,79.0,2024-01-04
14702,2229,COURSE52,Quiz,77.0,2024-04-03
14703,1644,COURSE51,Assignment,67.0,2021-08-23
14704,2071,COURSE91,Quiz,81.0,2024-06-15
14705,2393,COURSE116,Quiz,92.0,2023-03-26
14706,2570,COURSE139,Quiz,73.0,2020-09-26
14707,2035,COURSE148,Final Exam,85.0,2022-01-19
14708,1132,COURSE69,Midterm,87.0,2021-09-11
14709,1952,COURSE99,Quiz,86.0,2023-06-22
14710,1649,COURSE106,Assignment,69.0,2023-02-06
14711,2336,COURSE118,Assignment,73.0,2023-07-18
14712,1378,COURSE66,Midterm,75.0,2020-01-06
14713,2944,COURSE105,Midterm,77.0,2021-09-07
14714,2417,COURSE141,Midterm,69.0,2024-02-14
14715,1334,COURSE125,Assignment,88.0,2023-09-02
14716,1328,COURSE71,Final Exam,83.0,2021-08-08
14717,2918,COURSE146,Midterm,98.0,2021-02-08
14718,1760,COURSE132,Quiz,77.0,2024-08-13
14719,2692,COURSE95,Midterm,83.0,2021-02-10
14720,1927,COURSE74,Midterm,73.0,2023-01-12
14721,2245,COURSE147,Final Exam,89.0,2021-02-10
14722,2009,COURSE94,Quiz,86.0,2022-03-24
14723,2174,COURSE55,Final Exam,63.0,2022-11-13
14724,1178,COURSE85,Final Exam,73.0,2020-04-08
14725,1235,COURSE93,Assignment,63.0,2022-11-16
14726,2648,COURSE77,Midterm,100.0,2023-05-09
14727,2929,COURSE95,Midterm,67.0,2023-09-02
14728,1837,COURSE55,Final Exam,74.0,2021-02-25
14729,2999,COURSE63,Quiz,79.0,2020-06-01
14730,2078,COURSE86,Midterm,87.0,2020-02-26
14731,1315,COURSE69,Quiz,74.0,2020-02-21
14732,2508,COURSE99,Final Exam,93.0,2022-07-02
14733,1739,COURSE127,Assignment,73.0,2021-08-28
14734,2823,COURSE114,Quiz,80.0,2022-03-27
14735,2451,COURSE137,Final Exam,64.0,2020-09-29
14736,2441,COURSE57,Final Exam,77.0,2024-10-16
14737,1650,COURSE86,Quiz,79.0,2020-09-10
14738,2132,COURSE69,Quiz,67.0,2022-10-15
14739,1638,COURSE57,Midterm,90.0,2021-03-07
14740,2789,COURSE110,Assignment,81.0,2020-10-13
14741,1303,COURSE81,Midterm,79.0,2021-05-22
14742,1789,COURSE95,Quiz,87.0,2021-11-20
14743,2449,COURSE53,Assignment,90.0,2024-10-03
14744,1246,COURSE62,Assignment,86.0,2023-04-04
14745,2428,COURSE147,Midterm,62.0,2023-10-29
14746,1395,COURSE93,Midterm,74.0,2024-11-28
14747,1413,COURSE135,Assignment,83.0,2022-01-13
14748,2546,COURSE68,Midterm,83.0,2024-03-05
14749,2724,COURSE83,Quiz,88.0,2022-12-05
14750,2161,COURSE87,Final Exam,63.0,2022-08-31
14751,2109,COURSE77,Midterm,79.0,2021-11-12
14752,1816,COURSE71,Quiz,63.0,2021-07-26
14753,2117,COURSE89,Quiz,69.0,2024-06-09
14754,2046,COURSE99,Quiz,91.0,2021-04-13
14755,1693,COURSE69,Midterm,79.0,2021-05-05
14756,2040,COURSE88,Midterm,63.0,2023-05-07
14757,2484,COURSE109,Midterm,71.0,2020-01-24
14758,1181,COURSE88,Quiz,66.0,2023-06-08
14759,1926,COURSE134,Assignment,92.0,2022-01-08
14760,2546,COURSE136,Assignment,88.0,2022-01-18
14761,1179,COURSE73,Quiz,80.0,2022-07-17
14762,1832,COURSE145,Assignment,79.0,2021-05-15
14763,1471,COURSE120,Final Exam,98.0,2021-02-14
14764,1883,COURSE135,Assignment,77.0,2020-06-30
14765,2993,COURSE143,Assignment,88.0,2022-08-20
14766,1323,COURSE73,Final Exam,65.0,2024-11-28
14767,1219,COURSE77,Final Exam,81.0,2021-09-15
14768,2833,COURSE57,Quiz,87.0,2022-12-17
14769,1771,COURSE60,Midterm,75.0,2022-05-25
14770,1676,COURSE53,Final Exam,71.0,2023-06-20
14771,2880,COURSE54,Final Exam,81.0,2023-01-27
14772,1880,COURSE128,Midterm,53.0,2022-01-14
14773,1797,COURSE53,Final Exam,90.0,2023-06-09
14774,1500,COURSE79,Final Exam,73.0,2020-04-04
14775,2695,COURSE137,Quiz,73.0,2024-01-18
14776,1777,COURSE98,Assignment,86.0,2020-05-17
14777,2335,COURSE74,Assignment,76.0,2022-09-15
14778,2546,COURSE51,Midterm,80.0,2023-05-03
14779,1512,COURSE57,Assignment,67.0,2020-08-21
14780,1443,COURSE121,Midterm,67.0,2020-05-23
14781,1615,COURSE125,Midterm,73.0,2021-06-16
14782,1348,COURSE132,Assignment,87.0,2021-02-27
14783,1107,COURSE108,Midterm,70.0,2021-01-26
14784,2295,COURSE88,Midterm,93.0,2022-03-25
14785,1397,COURSE86,Midterm,53.0,2023-02-01
14786,1931,COURSE70,Assignment,87.0,2022-01-25
14787,2020,COURSE95,Final Exam,68.0,2024-08-26
14788,2546,COURSE121,Quiz,79.0,2024-03-28
14789,2365,COURSE147,Final Exam,79.0,2020-11-08
14790,1154,COURSE56,Final Exam,86.0,2024-07-13
14791,1249,COURSE97,Midterm,85.0,2023-07-28
14792,1078,COURSE118,Assignment,65.0,2020-04-13
14793,1893,COURSE65,Assignment,57.0,2021-06-23
14794,2296,COURSE121,Midterm,88.0,2020-03-10
14795,1290,COURSE56,Midterm,65.0,2022-03-21
14796,2596,COURSE119,Midterm,95.0,2021-06-14
14797,2657,COURSE126,Quiz,90.0,2020-03-30
14798,2046,COURSE126,Assignment,65.0,2024-03-06
14799,1024,COURSE110,Assignment,77.0,2024-06-11
14800,1656,COURSE92,Midterm,84.0,2020-07-31
14801,1177,COURSE63,Midterm,81.0,2021-06-15
14802,1330,COURSE125,Quiz,86.0,2022-11-22
14803,2224,COURSE132,Midterm,87.0,2021-03-06
14804,2681,COURSE63,Quiz,73.0,2023-05-06
14805,1090,COURSE70,Final Exam,79.0,2023-04-19
14806,1928,COURSE78,Midterm,65.0,2020-09-19
14807,1309,COURSE114,Final Exam,85.0,2022-10-17
14808,1748,COURSE62,Midterm,86.0,2020-08-02
14809,2922,COURSE111,Assignment,83.0,2021-03-29
14810,1808,COURSE97,Assignment,81.0,2022-09-27
14811,2771,COURSE60,Midterm,48.0,2022-09-01
14812,1862,COURSE138,Quiz,75.0,2024-12-09
14813,1859,COURSE52,Midterm,69.0,2023-06-23
14814,1930,COURSE78,Final Exam,74.0,2021-08-06
14815,1544,COURSE74,Assignment,86.0,2023-12-18
14816,1094,COURSE62,Midterm,81.0,2023-04-12
14817,2710,COURSE148,Quiz,98.0,2023-04-08
14818,1355,COURSE113,Quiz,80.0,2023-02-25
14819,2499,COURSE60,Final Exam,66.0,2023-05-01
14820,1444,COURSE116,Quiz,76.0,2023-11-24
14821,1783,COURSE122,Midterm,73.0,2021-11-01
14822,1225,COURSE148,Final Exam,96.0,2024-03-07
14823,1026,COURSE93,Midterm,95.0,2022-11-22
14824,2276,COURSE88,Midterm,100.0,2024-04-18
14825,1395,COURSE85,Assignment,88.0,2021-09-11
14826,1637,COURSE99,Final Exam,75.0,2024-05-23
14827,1417,COURSE117,Quiz,72.0,2023-02-01
14828,1530,COURSE137,Quiz,97.0,2024-08-29
14829,1093,COURSE150,Quiz,81.0,2021-07-08
14830,1779,COURSE139,Quiz,73.0,2023-01-07
14831,1764,COURSE112,Quiz,81.0,2020-04-21
14832,2024,COURSE144,Quiz,84.0,2023-04-23
14833,1351,COURSE91,Assignment,94.0,2024-02-16
14834,1242,COURSE149,Final Exam,66.0,2022-11-17
14835,2379,COURSE133,Assignment,74.0,2022-10-18
14836,1695,COURSE148,Final Exam,69.0,2023-11-02
14837,2690,COURSE145,Quiz,83.0,2021-04-14
14838,1028,COURSE133,Midterm,79.0,2024-02-05
14839,2966,COURSE87,Final Exam,95.0,2022-11-02
14840,2556,COURSE133,Assignment,64.0,2024-08-30
14841,1988,COURSE123,Quiz,91.0,2021-10-18
14842,2148,COURSE72,Quiz,78.0,2024-03-03
14843,2194,COURSE139,Midterm,74.0,2022-03-10
14844,1779,COURSE64,Final Exam,81.0,2020-05-06
14845,1996,COURSE129,Final Exam,91.0,2020-04-15
14846,2940,COURSE135,Final Exam,88.0,2021-06-20
14847,2944,COURSE115,Quiz,69.0,2022-04-14
14848,1647,COURSE84,Final Exam,71.0,2020-08-10
14849,2334,COURSE109,Final Exam,86.0,2024-03-08
14850,1963,COURSE127,Final Exam,83.0,2021-09-05
14851,1818,COURSE120,Assignment,77.0,2020-10-26
14852,1146,COURSE95,Assignment,63.0,2021-01-07
14853,1917,COURSE103,Midterm,79.0,2024-09-30
14854,2579,COURSE132,Quiz,76.0,2020-06-05
14855,1826,COURSE140,Quiz,90.0,2022-05-25
14856,1595,COURSE97,Final Exam,66.0,2022-09-28
14857,1190,COURSE104,Final Exam,88.0,2023-11-21
14858,2655,COURSE101,Quiz,60.0,2021-09-16
14859,1465,COURSE147,Assignment,91.0,2020-04-02
14860,1249,COURSE103,Quiz,94.0,2020-08-08
14861,2525,COURSE142,Quiz,80.0,2021-09-25
14862,2528,COURSE107,Quiz,65.0,2020-02-23
14863,1222,COURSE109,Quiz,96.0,2023-02-28
14864,1126,COURSE105,Final Exam,83.0,2022-12-12
14865,1222,COURSE147,Assignment,93.0,2022-08-09
14866,2226,COURSE139,Quiz,94.0,2023-12-21
14867,2308,COURSE143,Midterm,79.0,2020-05-11
14868,1919,COURSE88,Quiz,100.0,2021-06-23
14869,1500,COURSE125,Assignment,70.0,2024-06-24
14870,2812,COURSE99,Final Exam,72.0,2023-11-12
14871,1649,COURSE54,Assignment,83.0,2021-02-04
14872,2121,COURSE56,Quiz,77.0,2023-08-26
14873,1204,COURSE123,Final Exam,67.0,2020-09-29
14874,2877,COURSE75,Midterm,70.0,2023-02-17
14875,2788,COURSE79,Midterm,83.0,2024-03-21
14876,1347,COURSE104,Assignment,91.0,2020-05-26
14877,1712,COURSE58,Assignment,89.0,2023-07-10
14878,2552,COURSE120,Assignment,67.0,2023-04-05
14879,2853,COURSE122,Midterm,75.0,2021-11-15
14880,2083,COURSE57,Midterm,81.0,2022-08-24
14881,2171,COURSE82,Midterm,80.0,2021-10-14
14882,2136,COURSE148,Final Exam,94.0,2020-02-07
14883,2593,COURSE82,Quiz,82.0,2021-04-28
14884,1574,COURSE120,Midterm,74.0,2022-07-15
14885,1086,COURSE104,Final Exam,84.0,2020-07-05
14886,1629,COURSE118,Quiz,74.0,2021-06-06
14887,1297,COURSE77,Quiz,69.0,2022-08-13
14888,1128,COURSE142,Midterm,83.0,2020-06-20
14889,2927,COURSE78,Midterm,67.0,2022-06-02
14890,1487,COURSE88,Quiz,70.0,2023-05-02
14891,1205,COURSE96,Midterm,75.0,2021-03-02
14892,2429,COURSE104,Assignment,90.0,2024-12-20
14893,2881,COURSE99,Assignment,98.0,2023-02-07
14894,2302,COURSE123,Final Exam,89.0,2023-05-20
14895,1450,COURSE135,Assignment,84.0,2022-07-04
14896,2316,COURSE129,Quiz,82.0,2023-06-16
14897,1069,COURSE52,Midterm,87.0,2022-09-20
14898,2362,COURSE83,Quiz,92.0,2024-11-15
14899,1279,COURSE53,Midterm,80.0,2020-12-26
14900,1165,COURSE85,Final Exam,74.0,2024-04-01
14901,1080,COURSE75,Midterm,98.0,2024-09-20
14902,1052,COURSE61,Assignment,74.0,2021-12-18
14903,2757,COURSE92,Quiz,82.0,2023-08-14
14904,1762,COURSE66,Quiz,66.0,2021-03-02
14905,1762,COURSE70,Assignment,74.0,2022-11-03
14906,2783,COURSE107,Final Exam,85.0,2021-01-22
14907,1202,COURSE80,Assignment,73.0,2024-08-11
14908,2463,COURSE63,Quiz,77.0,2022-11-11
14909,1657,COURSE93,Midterm,74.0,2023-09-25
14910,1094,COURSE51,Final Exam,100.0,2024-09-13
14911,2005,COURSE86,Assignment,80.0,2024-07-18
14912,1527,COURSE143,Assignment,90.0,2023-02-08
14913,2042,COURSE109,Final Exam,85.0,2024-03-24
14914,1297,COURSE96,Quiz,74.0,2021-10-19
14915,2002,COURSE149,Quiz,77.0,2021-02-18
14916,2679,COURSE66,Quiz,86.0,2022-11-04
14917,2860,COURSE53,Quiz,90.0,2024-07-05
14918,1876,COURSE117,Assignment,64.0,2021-09-05
14919,1430,COURSE55,Midterm,67.0,2022-02-04
14920,2854,COURSE63,Midterm,74.0,2023-01-14
14921,1672,COURSE101,Assignment,74.0,2020-02-27
14922,2749,COURSE85,Midterm,76.0,2024-10-24
14923,2468,COURSE70,Final Exam,78.0,2024-02-27
14924,1591,COURSE79,Midterm,88.0,2023-06-02
14925,1478,COURSE143,Quiz,87.0,2022-05-06
14926,2236,COURSE113,Final Exam,83.0,2020-11-02
14927,2662,COURSE109,Quiz,67.0,2022-08-23
14928,2659,COURSE54,Final Exam,76.0,2024-09-21
14929,2426,COURSE117,Quiz,59.0,2024-11-22
14930,2541,COURSE76,Final Exam,86.0,2020-12-21
14931,1281,COURSE58,Final Exam,86.0,2020-05-12
14932,2727,COURSE147,Assignment,75.0,2022-11-06
14933,1265,COURSE138,Assignment,72.0,2020-06-07
14934,1715,COURSE141,Midterm,80.0,2022-06-27
14935,2109,COURSE127,Midterm,66.0,2024-07-12
14936,2606,COURSE71,Assignment,93.0,2022-01-27
14937,2205,COURSE52,Assignment,56.0,2022-07-02
14938,1238,COURSE107,Final Exam,69.0,2022-09-28
14939,1978,COURSE68,Final Exam,87.0,2023-11-09
14940,2568,COURSE125,Assignment,78.0,2023-12-09
14941,1253,COURSE127,Final Exam,88.0,2022-11-28
14942,2136,COURSE71,Midterm,77.0,2021-11-11
14943,1842,COURSE145,Quiz,94.0,2024-08-09
14944,2633,COURSE149,Quiz,88.0,2022-03-18
14945,1647,COURSE117,Assignment,78.0,2022-11-22
14946,2383,COURSE110,Final Exam,77.0,2024-01-26
14947,2414,COURSE57,Quiz,62.0,2023-07-27
14948,1659,COURSE135,Final Exam,98.0,2024-01-18
14949,2992,COURSE68,Final Exam,75.0,2021-12-02
14950,2691,COURSE85,Final Exam,68.0,2023-08-24
14951,1727,COURSE58,Midterm,78.0,2022-08-25
14952,1498,COURSE129,Assignment,79.0,2021-02-10
14953,2444,COURSE90,Midterm,67.0,2024-01-13
14954,1823,COURSE59,Assignment,60.0,2024-04-08
14955,2006,COURSE137,Midterm,60.0,2020-10-03
14956,1875,COURSE52,Assignment,73.0,2020-09-15
14957,2246,COURSE71,Assignment,63.0,2022-07-01
14958,1832,COURSE134,Quiz,75.0,2024-10-20
14959,2418,COURSE73,Quiz,89.0,2024-12-06
14960,1561,COURSE127,Quiz,88.0,2023-01-05
14961,1400,COURSE111,Assignment,78.0,2024-10-15
14962,1479,COURSE81,Midterm,80.0,2023-10-06
14963,2390,COURSE130,Midterm,72.0,2023-07-16
14964,1879,COURSE148,Quiz,71.0,2021-03-18
14965,1756,COURSE121,Quiz,91.0,2023-12-05
14966,1002,COURSE139,Quiz,79.0,2024-06-16
14967,2070,COURSE145,Assignment,80.0,2024-12-06
14968,2945,COURSE149,Quiz,71.0,2020-07-14
14969,1833,COURSE132,Midterm,92.0,2023-05-16
14970,1040,COURSE94,Quiz,79.0,2020-01-10
14971,1842,COURSE107,Assignment,88.0,2021-07-16
14972,1067,COURSE58,Assignment,91.0,2024-04-24
14973,1190,COURSE137,Final Exam,79.0,2022-10-07
14974,2232,COURSE150,Quiz,80.0,2022-08-29
14975,1535,COURSE146,Quiz,67.0,2022-04-29
14976,2066,COURSE68,Assignment,70.0,2021-10-20
14977,1466,COURSE150,Assignment,98.0,2020-04-24
14978,2086,COURSE76,Midterm,80.0,2023-07-05
14979,1941,COURSE139,Assignment,79.0,2024-05-27
14980,2585,COURSE96,Quiz,76.0,2020-03-02
14981,1863,COURSE146,Midterm,76.0,2024-03-22
14982,1849,COURSE140,Midterm,81.0,2022-03-07
14983,1212,COURSE64,Assignment,80.0,2023-08-09
14984,1218,COURSE70,Midterm,91.0,2021-11-16
14985,1761,COURSE135,Final Exam,63.0,2023-02-20
14986,1440,COURSE93,Assignment,84.0,2023-06-15
14987,1381,COURSE117,Midterm,79.0,2021-02-18
14988,1987,COURSE61,Assignment,76.0,2020-02-06
14989,2803,COURSE115,Assignment,100.0,2023-03-08
14990,1105,COURSE130,Assignment,75.0,2023-09-27
14991,1127,COURSE123,Quiz,93.0,2021-12-16
14992,1684,COURSE105,Quiz,76.0,2024-07-05
14993,2225,COURSE58,Midterm,87.0,2022-10-06
14994,2303,COURSE120,Quiz,70.0,2020-04-30
14995,1634,COURSE70,Quiz,54.0,2024-06-18
14996,1862,COURSE107,Midterm,91.0,2020-11-07
14997,1930,COURSE144,Midterm,69.0,2024-11-29
14998,1300,COURSE115,Assignment,75.0,2022-06-20
14999,2981,COURSE99,Assignment,74.0,2021-01-03
15000,1983,COURSE119,Quiz,93.0,2021-04-06